Engine RPM,Coolant Temp C,Engine Oil Temp C,In-Cylinder Temp C,Boost Pressure mbar,EGT Turbo,DPF Differential Pressure mbar,EGR Duty Percent,Turbo Actuator Duty Percent,Engine Torque Nm,Intake Air Mass Flow,Injector Rail Pressure bar,Fuel Injection Quantity mg per stroke,Intake Air Temp C,Engine Oil Pressure bar,Soot Content Percent,Vibration Hz,Engine Health Percent
809,84.14,95.47,1486.5,1016.7,189.7,7.07,50.26,37.91,29.79,7.24,526.2,11.54,32.2,1.67,6.21,421.6,87.63
2835.5,91.28,113.92,2274.2,1390.5,479.9,20.72,28.66,86.55,125.67,39.34,1178.6,33.17,48.2,2.92,9.37,1170.7,74.16
1988.5,90.94,116.35,2101.7,1258.3,430.9,20.51,37.39,74.17,117.5,24.71,1000.9,30.84,43.8,2.28,10.29,981.5,64.71
2284.5,89.08,108.17,2112.4,1260.2,359.6,15.9,31.88,75.93,108.56,26.53,925.7,27.22,44,2.69,8.06,1017.9,79.48
1693,86.85,103.58,1493.6,1000,230.6,6.56,48.5,42.45,28.16,12.71,471.8,11.24,31.6,2.42,6.34,852,83.67
2388.5,89.58,110.69,2177.6,1290.3,406.8,14.93,29.59,68.48,117.47,26.56,993,28.78,42.7,2.84,7.25,995.7,84.76
2396.9,89.85,108.08,2346.2,1372.8,411.2,16.97,22.18,79.49,146.82,33.53,1194.1,34.75,43.2,2.72,7.68,1017.5,85.71
1736.5,89.85,102.8,1720.5,1141.2,267.9,8.34,39.98,54.26,58.18,13.11,563.8,18.39,39.7,2.37,5.63,873.4,89.09
2003.3,88.01,107.74,2090,1254.5,384.1,16.55,33.81,73.66,117.49,25.29,1005.4,29.96,41.9,2.4,8.95,950,77.73
1609.9,84.26,96.18,1750.8,1135.1,310.7,12.83,44.09,55.13,61.59,18.29,621.8,17.76,39.8,2.19,7.13,847.8,83.33
2657.9,90.39,111.54,2187.2,1335.6,442.3,20.42,27,78.89,120.27,34.42,1033.9,28.66,44.7,2.81,8.44,1134.8,73
2877.2,87.59,107,2072.3,1315.8,382.8,12.34,30.71,70,100.77,35.42,952.7,26.94,43.6,3.15,6.34,1182.4,90.27
819.8,83.49,97.39,1447.6,1000,189.4,5.15,54.74,32.48,27.68,7.44,509.4,12.25,34.2,1.75,6.36,420.3,92.33
1999.8,90.75,109.42,1636.1,1077.3,260.5,14.24,42.3,48.15,54.77,19.11,567.2,17.2,39.2,2.31,8.31,983.2,68.16
1773.3,86.07,108,1992.6,1202.7,349.4,16.48,32.03,69.06,101.86,21.84,884.3,26.98,36.5,2.11,8.66,920.1,72.36
1143.4,85.93,100.93,1442.3,1007.7,216.6,12.31,57.18,30.78,38.04,9.79,394.4,13.42,35.2,1.99,9.35,602.3,71.55
784.5,86.92,103.11,1403,1000,211.7,8,55.55,31.67,16.06,6.23,354.2,8.66,29.6,1.76,7.21,418.8,80.41
1566.7,88.38,105.62,1824.6,1155.8,285.5,8.06,37.23,53.11,75.76,15.96,762.2,22.68,41.8,2.46,6.14,823.1,90.67
1519.7,81.18,99.11,1603.7,1070.1,271.7,12.18,49.1,52.39,50.64,15.41,539,14.47,36.8,2.25,8.86,866.2,69.79
803,77.67,90.7,1388.5,1000,213.1,7.25,56.95,42.77,16.74,6.65,339.1,9.08,30,1.88,7.28,421.5,82.34
2562.4,89.45,112.09,2189.6,1323.7,381.3,15.47,29.33,74.97,125.24,35.28,998.2,31.42,45.2,2.84,7.59,1071.6,78.31
1148.1,87.55,102.41,1540.8,1000,274.7,13.85,47.06,46.04,43.32,9.55,445.6,15.34,32.1,2,8.36,613.2,66.47
2453.1,86.98,108.31,2116.3,1317.3,383.7,15.2,24.25,74.69,119.64,33.52,929.1,29.7,38.1,2.81,6.43,1052.3,83.45
786.6,88.66,104.57,1490.2,1030.3,229,7.01,52.36,38.25,35.69,7.06,433.9,12.78,33.9,1.6,6.31,410,88.26
1728.7,83.78,100.49,1653.7,1059.6,352.2,16.67,47.47,57.51,60.66,18.12,601.8,18.81,35.1,2.17,8.9,912.6,64.3
1647.6,86.58,101.01,1817.4,1138.2,276,10.43,41.17,57.89,87.1,17.49,791.1,21.87,39.7,2.31,6.49,843.3,95.41
3179.5,87.34,106.21,2236.3,1424.6,415.7,17.75,25.03,79.11,114.95,43.9,1072.9,27.8,43.6,3.4,8.05,1288.1,84.76
873.4,82.7,97.26,1433,1000,236.4,10.52,56.5,42.98,27.17,9.68,426.7,11.97,33.4,1.88,8.3,459.3,74.13
1675.2,89.01,108.89,1794.8,1049.9,337.8,19.82,43.59,66.65,77.3,18.06,622.6,21.55,35.5,1.79,10.7,919.7,59.88
2226,90.23,111.14,2000.7,1205.6,350.6,11.25,33.61,62.92,111.16,26.67,843.5,28.52,38.7,2.43,8.11,989.4,84.22
2592.3,88.07,110.32,2018.2,1288.6,319.5,11.49,34.6,66.34,95.57,31.79,929.1,25.54,49.7,2.98,6.48,1095.8,89.38
2303.2,88.36,114.6,2270.8,1288,457.4,24.67,27.93,83.82,140.33,34.02,1151.3,36.63,46,2.52,11.06,1043.8,57.43
2863.4,88.96,110.7,2110.9,1279.6,411.6,21.12,26.46,70.85,106.79,36.29,990,28.85,43.2,2.87,8.28,1205.5,67.79
752.3,87.99,101.71,1439.9,1000,217.3,14.09,53.76,39.51,21.9,5.83,377.9,9.64,29.3,1.63,8.78,407,71.45
1650.1,89.43,103.31,1795.9,1121.3,256.6,10.17,41.51,46.87,67.77,15.04,663.2,19.38,38.8,2.24,6.22,871.9,86.12
2593.5,89.28,111.46,2026.9,1208.4,382.7,16.82,34.6,67.24,101.87,26.85,929.7,26.83,47,2.7,9.3,1122.5,69.3
2479.1,55.42,57.13,2084.6,1248,413.4,20.05,34.41,73.37,109.13,29.67,832.7,29.32,44.7,3.23,9.66,1072.5,66.4
758,83.81,96.55,1438.1,1001.9,243.9,7.4,51.19,42,24.74,7.7,493.2,10.63,30.3,1.4,6.01,397.3,86.29
850.3,86.28,100.65,1484.2,1000,237.9,11.82,50.36,43.78,21.5,6.59,355.8,11.47,36,1.43,8.17,444.8,70.34
2145.4,49.41,47.93,2217.9,1330.6,410.1,14.74,30.43,70.66,135.11,29.34,1022.2,32.6,43.3,3.22,8.12,970.4,87.59
2770.3,85.83,101.85,2296.5,1408.6,408.3,18.23,26.91,76.28,130.39,38.03,1138.1,33.22,52,3.06,8.17,1167.4,77.82
2564.2,93.27,112.06,1724.9,1092.3,304.5,14.47,42.17,59.27,58.99,23.64,567,18.29,41,2.69,9.14,1111,65.3
1707.9,86.68,104.74,1752.8,1073.9,307.5,11.08,46.44,51.16,63.29,18.42,621.8,18.94,35.9,2.15,8.33,890.7,72.67
2727.6,53.72,54,2094,1278.3,460,27.09,28.57,84.84,112.72,41.48,999.6,29.61,43.6,3.17,11.46,1216.5,43.39
1574.6,86.99,101.91,1574.3,1000,292.1,12.97,47.79,45.17,44.6,14.22,534.6,14.92,32.4,1.92,9.01,880.8,65.17
1658.2,90.04,107.93,1932.2,1167.8,356.2,13.11,39.93,60.21,89.3,18.91,741.7,25.05,38.7,2.28,8.37,877.9,80.65
2255.5,93.62,116.61,2393.3,1359.7,480.5,21.33,23.24,88.24,156.45,29.55,1204.8,38.79,49.2,2.6,8.68,1019,75.31
2696.1,90.75,115.48,2474.2,1552.3,442.6,17.89,17.5,92.86,162.64,41.09,1356.8,35.46,52.5,3.07,6.47,1092.2,94.6
783.4,83.92,101.68,1514.8,1000,296.2,13.76,51.75,46.14,32.14,5.65,433.8,14.54,29.3,1.36,9.12,433.1,64.63
824.2,81.92,96.27,1362.9,1000,192,9.01,53.07,34.82,11,6.9,306.5,9.57,34.8,1.78,6.42,430.5,82.06
2688.2,92.02,112.65,1977.6,1187.7,401.8,17.98,31.03,68.65,88.97,28,764.9,23.97,44.9,2.84,8.65,1161.6,61.52
2050.2,87.36,103.79,1992.8,1137.9,369.1,14.86,39.17,58.98,95.75,20.84,821.3,25.97,39.3,2.51,8.58,976,74.17
3273.9,87.17,106.85,2249.9,1434.3,416.5,16.64,29.01,80.26,116.25,45.73,1100.2,29.72,54.1,3.4,7.74,1277.1,84.16
879.6,81.86,92.42,1392.1,1025.8,193.2,5.64,56.09,34.87,22.49,5.93,357,8.42,32.9,1.82,6.61,446.4,86.56
3251.7,92.05,115.13,2447.4,1562.2,527.1,24.89,20.85,87.79,143.56,56.93,1216.2,35.34,59,3.25,9.9,1331,67.96
2321.1,87.01,108.76,1985.9,1214.4,379.7,15.67,35.79,69.68,99.16,25.17,955.2,26.16,41.8,2.53,7.7,1011.2,74.5
2485.4,87.5,109.35,2147.4,1314.9,405.4,16.01,31.66,64.77,113.67,31.09,985.6,28.39,43.6,2.6,7.32,1039.4,82.41
1678.5,81.91,99.65,1465.3,1000,263.3,7.25,56.58,42.24,33.72,16.3,454.7,11.72,33,2.24,7.9,910.6,74.18
1714.5,84,104.17,1968.2,1210.5,389.5,18.45,42.11,69.34,102.34,17.84,919.1,27.18,40.4,2.26,10.82,907.2,62.09
1742,85.89,104.68,1671.9,1054.1,283.9,11.24,49.67,53.65,55.58,18.02,610.8,17.63,36.2,2.23,8.1,914,76.15
1845.7,63.59,60.76,1909.3,1136.7,311.5,11.92,38.49,50.72,91.98,19.29,753.2,24.22,37.1,2.93,6.86,873.1,90.67
2557.2,86.85,101.58,1741.6,1132.1,311,16.08,43.27,61.24,64.07,24.55,660.1,18.21,39.2,2.7,8.82,1084.4,70.07
2333.1,91.77,112.82,2272.7,1384.2,448.9,19.1,27.93,85.18,139.47,32.01,1136.1,35.57,43.6,2.49,8.28,1012.1,81.64
2433.8,86.15,104.94,1961.4,1287.5,339,12.81,31.35,61.99,93.65,28.1,832.2,23.7,43.1,2.91,7.71,1038.6,83
785.2,85.29,95.3,1444.7,1015.6,222.6,6.76,55.13,41.08,26.66,5.78,427.6,10.75,35.8,1.83,7.07,417.4,85.03
782.8,84.35,98.21,1448.7,1004.4,243,13.27,48.77,40.26,30.68,7.09,381.6,12.66,31.1,1.55,8.25,428,71.54
1590.7,84.44,95.98,1737.1,1070.3,284.2,9.02,40.15,58.93,64.05,15.24,655.2,18.32,33.4,2.17,7.31,852.2,81.58
1860.8,81.84,97.17,1760.6,1131,290.1,7.64,39.99,48.84,70.36,20.62,631.3,19.23,36.7,2.42,5.28,892.4,90.56
847.5,88.66,106.5,1437.6,1000,253.5,12.2,51.88,32.81,16.22,7.82,320.2,8.96,29.7,1.64,9.82,463.8,60.06
1416.5,85.71,101.09,1619.3,1015,301.4,12.37,53.3,47.33,44.8,12.08,522.7,15.1,33.4,1.85,9.84,811.1,67.49
2226.9,89.2,112.36,2196.5,1265.3,408.8,16.86,24.75,72.98,119.76,25.97,984.4,32.17,41.1,2.46,7.91,984.5,73.45
1936.2,89.3,106.85,1804.5,1123.6,301.7,10.06,36,60.1,77.29,20.24,822,20.95,41.1,2.52,7.47,905.2,86.23
2051.7,89.24,106.55,1977.6,1186,381.6,14.98,34.7,63.6,93.68,21.76,924.8,24.39,38.4,2.56,7.71,949,76.84
2264.3,91.78,108.81,2283.4,1330.1,417,17.77,27.76,75.52,139.82,33.42,1196.4,32.79,44.4,2.64,7.98,1001.1,82.59
2442.6,84.35,104.31,2011.5,1270.4,364,12.42,29.54,63.33,95.35,31.61,894.4,24.87,47.5,2.74,6.66,1025.9,87
2038.1,84.86,103.91,1860.9,1207.5,326.5,11.72,37.47,55.14,79.74,26.57,758.7,22.3,40.9,2.46,7.29,959.9,81.94
1372.6,87.43,101.7,1675.6,1044.9,315.2,14.27,47.7,52.7,59.47,14.5,565.7,17.53,37.4,1.8,9.23,781.4,67.65
2380.6,89.95,110.23,2149,1309,429.8,19.15,33.39,78.8,128.92,33.22,1088.8,31.78,44.3,2.61,9.11,1039.5,72.97
3256.2,84.62,106.32,2243.8,1445.8,405.4,13,26.22,79.04,111.93,45.83,1022.2,27.84,53.2,3.51,6.44,1286,94.78
2440.2,87.29,106.53,1933.4,1217,393.6,18.46,34.03,66.5,92.63,30.3,853.2,24.88,47.7,2.58,9.26,1072.3,59.86
1535.3,87.17,105.48,1665.2,1008,304,14.02,41.4,63.91,64.15,12.03,695.7,18.46,31.6,1.89,8.57,866.1,69.6
3292.6,93.09,112.73,2228.6,1355.5,506.4,27.12,25.05,91.78,115.43,40.57,1020.4,31.18,50.1,2.88,11.26,1380.8,51.09
2300.5,91.47,110.76,2300.6,1340.7,446.5,20.82,22.92,80.8,141.62,30.93,1134.5,35.41,42.8,2.69,8.11,1004.4,77.96
2647,47.89,47.27,2306.2,1395.4,440.4,20.37,22.37,79.23,134.59,42.49,1164.6,32.86,47.9,3.71,7.79,1104.4,75.4
824.5,85.24,97.07,1545.9,1027.9,290.3,7.94,51.66,40,38.97,9.23,493.3,12.07,30.6,1.44,5.95,420.9,83.97
1767.2,90.19,105.15,1886.8,1146.8,342.2,14.78,39.81,61.82,89.42,16.58,797.8,24.13,38.7,2.35,8.19,903.8,81.21
1811.2,91.82,108.37,1982.3,1143.8,370.9,15.47,36.09,67.91,101.55,20.21,896.4,25.43,35.6,2.2,8.46,916.5,71.33
1546.3,87.64,103.77,1885.7,1189.1,321.5,10.56,35.51,60.32,95.65,17.64,862.6,26,33.8,2.24,6.73,826.8,92.27
2973.9,91.12,108.68,2446.3,1531.2,410,14.63,19.97,81.67,154.87,48.44,1315.8,35.78,54.2,3.3,6.72,1193.1,98.07
3012.9,88.1,109.22,2474,1563.6,445,20.08,18.44,82.91,157.42,50.9,1342.3,36.92,54.1,3.17,6.91,1215.9,93.29
1876.8,90.14,110.7,2130.4,1229.9,416.5,16.51,32.19,65.94,121.62,24.49,981.9,30.39,44.2,2.34,8.75,926.8,81.55
1536.1,71,89.92,1733.4,1090.2,249.6,10.04,43.27,52.15,67.44,15.05,718.6,19.92,36.6,2.5,6.94,826.1,90.05
816.3,83.61,97.03,1410.7,1000,237.4,8.26,57.3,35.72,22.41,4.87,370.9,11.08,31.7,1.39,7.81,429.7,75.54
772.5,85.22,101.82,1482,1028.7,264.6,6.91,54.25,40.11,31.27,4.89,425.1,12.44,30,1.6,7.29,404.6,89.38
1758.6,82.73,99.64,1810.1,1186,257,8.37,38.78,51.97,69.64,18.22,734.8,19.58,36.1,2.55,6.63,850.2,94.65
1802.8,86.99,105.24,1847.5,1127.1,315.4,13.85,38.24,63.1,81.04,19.94,702.2,21.38,38.3,2.31,9.3,906.4,68.36
830.8,84.89,101.33,1437.1,1000,234,11.41,56.26,41.5,27.95,5.27,376.8,12.29,28.6,1.31,9.2,437.5,65.69
1802.4,91.33,116.7,2070.7,1123.8,406.3,24.58,38.73,76.73,112.44,18.5,822,30.11,41.2,1.88,12.64,954.1,44.2
1952.8,86.32,106.35,1927.3,1142,288.9,9.7,36.12,52.19,84.45,17.35,854.1,22.61,42.3,2.31,6.32,921.1,90.99
2123.7,84.86,104.95,1984.7,1248.5,328.9,11.11,34.8,64.41,104.23,25.87,928.1,27.26,43.6,2.8,7.31,947.1,85.82
1549,86.76,105.27,2064.5,1227.5,372.2,14.45,40.28,69.47,118.57,21.21,944,28.76,43,2.13,8.26,836.5,83.83
1633.6,86.59,104.06,1684.9,1051.4,296.5,10.22,43.28,46.89,44.34,14.54,577.2,14.21,35.1,2.26,6.36,886.9,80.16
2482.1,90.19,112.55,2073.1,1183.2,420.5,21.58,36.69,75.5,111.89,27.96,944.1,30.18,40.3,2.47,11.14,1088,57.1
782.1,82.51,97.11,1453.5,1038.3,222.4,9.32,57.89,34.14,22.5,8.92,334.6,9.96,38.3,1.39,8.12,424.7,74.85
1626.2,87.69,103.69,1612.2,1057.2,264.9,8.36,44.94,47.61,46.78,17.35,604.3,14.82,34.9,2.48,6.6,848.4,84.78
2998,90.73,117.29,2398.4,1467.5,510.4,24.54,22.64,87.06,144.84,46.59,1211.2,35.23,54.2,2.97,9.88,1255.3,69.76
2119,92.38,109.67,2035.1,1246.9,393.1,16.98,37.65,67.29,107.46,27.17,923.7,28.2,40.3,2.4,9.52,966.4,74.48
839,84.54,98.01,1444.6,1000,224.5,8.71,59.26,39.26,32.29,4.38,522.7,12.08,32.5,1.44,6.87,429.1,87.57
2852.9,90.14,110.3,2342.3,1419.4,446.8,21.74,22.11,82.26,133.73,40.33,1185.6,33.58,51.4,3.06,9.21,1225.5,67.99
1399.5,84.55,101.57,1465.2,1000,223.9,10.57,51.85,35.78,28.75,10.88,377.7,12.87,29.1,1.87,7.72,771.6,75.06
2347.6,71.04,93.24,2003.4,1210.8,388,15.82,36.02,69.9,104.62,24.59,872.4,27.61,38.2,2.78,9.05,1035.1,73.58
2493.5,90.62,113.01,1705.5,1063.3,336.5,16.7,43.95,60.77,64.47,23.2,561.5,19.89,36.5,2.61,9.99,1097.4,58.82
2442.6,91,108.28,1853.1,1171.6,297,11.94,34.37,64.24,76.52,26.91,726.3,21.12,40.2,2.93,7.24,1023.6,82.44
1722.5,89.3,106.76,1795.8,1150.4,303.4,14.31,35.24,57.08,71.19,14.05,674,19.95,38.5,2.18,7.63,875.2,77.45
1718.2,83.93,101.76,1631.6,1085.6,308.3,10.01,46.08,46.92,47.02,14.01,563.6,14.23,34.7,2.27,7.45,894.9,77.31
1014.8,61.44,59.56,1793.4,1138.4,272.7,9.33,45.01,49.9,74.95,8.45,748.6,20.18,34.1,2.28,6.22,496.9,96.38
3129.9,85.68,105.72,2148.2,1405.6,346.3,12.47,26.33,72.79,106.27,46.4,1038.1,27.53,47.2,3.49,6.01,1253.8,90.47
2358,91.73,112.59,2227.1,1322.7,374.5,15.93,28.6,77.47,132.73,31.29,1053.9,33.81,42.6,2.39,7.75,1014.2,82.18
1091,69.77,71.05,1565.7,1000,272.2,14.39,49.06,51.09,41.49,9.49,523.9,14.07,33.2,1.94,8.9,591.7,66.74
1687.8,60.5,59.12,1574.3,1049.1,231.9,5.6,45.58,41.21,40.31,16.3,595.9,13.79,34.1,2.74,5.1,857.6,93.01
2031.7,82.88,101.62,2005.4,1235.8,331.6,11.56,32.06,62.52,102.71,22.72,930.8,26.3,39,2.72,6.64,916.3,91.83
1976.3,85.55,100.34,1741.7,1098.3,344.9,10.87,48.21,52.59,69.54,16.79,687,20.25,34.8,2.3,8.25,950.7,75.61
2289.5,89.68,110.93,2429.8,1416.9,449.7,23.89,17.72,88.51,154.19,33.1,1212.4,36.88,45.6,2.52,9.51,1019.1,73.78
1104.6,89.7,102.89,1709.2,1098.9,352.8,10.5,43.77,52.15,66.64,11.5,670.9,17.28,31.1,1.82,7.99,580.6,83.37
3211.1,94.98,116.09,2326.3,1433.9,424.3,16.96,21.09,81.1,128,40.98,1118.9,31.03,51.2,3.24,7.63,1310,81.99
1591.9,87.41,103.22,1945.3,1184.4,333.8,8.01,39.54,60.29,100.12,17.75,799.1,24.89,39.9,2.13,6.37,846,90.94
3255.5,87.84,112.61,2245.5,1403.6,474.5,25.34,20.4,84.6,118.71,48.5,1097.8,31.01,46.8,2.8,10.46,1413.7,51.38
1368.9,46.37,44.28,1728.9,1100.9,316.9,12.34,47.05,53.98,69.28,14.28,756.9,19.76,34.6,2.5,8.75,756.1,77.25
1447.2,86.03,101.82,1693.9,1031.4,335,16.84,43.4,64.82,64.19,13.5,652.5,18.83,33.3,2.23,10.81,833.6,59.84
1754.8,85.06,100.04,1714.6,1084.6,271.7,11.39,42.43,50.76,60.75,17.41,587.8,18.23,38.6,2.33,7.19,881.8,81.53
1739.3,87.84,106.43,1700.5,1045.8,330.8,13.34,45.31,58.26,67,15.06,693.8,19.15,33.6,2.26,9.18,906.7,69.36
2399.1,91.68,116.84,2373.1,1370.8,473.7,23.1,24.58,86.84,148.15,32.04,1235.2,35.06,45.7,2.57,9.01,1024.2,70.66
1659.8,87.48,105.24,1585.2,1039.6,303.9,10.49,48.14,45.84,45.17,11.22,453,15.35,32.5,2.33,7.5,890.8,76.52
2317.3,84.59,103.19,1983.7,1300.6,331.3,8.86,28.42,60.12,100.26,29.67,910.3,25.15,41.9,2.67,4.94,975,96.09
1539.5,84.01,101.28,1841.5,1162.6,320.8,9.33,40.39,62.72,83.62,17.69,806.3,22.94,36.5,1.89,7.33,824.5,80.92
2260.6,84.66,101.1,1917.3,1279.9,336.4,10.51,36.79,57.68,86.11,28.57,830,23.45,51.7,2.84,5.55,959.4,92.32
3221.3,92.8,117.44,2436.9,1442.3,536,26.76,17.6,95.3,147.25,49.16,1298,35.32,53.8,2.91,10.17,1350,63.2
1076.4,50.35,47.82,1773.9,1148.1,317.3,6.34,43.45,52.97,62.35,13.35,691.9,17.83,37.2,2.23,5.06,547.1,92.67
2464,90.81,110.63,2026.3,1240.8,344,15.03,33.98,70.23,102.27,28.52,979.3,25.4,43.8,2.69,7.42,1076,79.16
2570.6,89.65,107.29,1746.4,1134,325.5,16.02,38.54,58.41,64.76,26.81,726.3,19.38,36.7,2.81,8.38,1143.7,69.37
2573.1,90.19,109.47,2211.1,1343.7,453.7,24.37,26.24,82.9,126.66,35.28,1189.6,31.42,43.9,2.85,10.27,1124.8,59.11
798.9,85.89,97.92,1456.7,1000,230.3,8.15,52.29,35.67,16.36,8.2,323.3,7.13,33.2,1.35,6.73,417.6,77.83
3262.9,91.92,114.15,2528.9,1606.7,509.7,26.65,19.55,95.77,152.56,54.06,1305.1,37.71,55.8,3.12,9.59,1280.7,76.09
1993.5,90.45,107.09,1983.3,1196.4,375.4,15.46,34.43,65.8,97.81,22.81,834.5,24.78,43.2,2.43,8.23,954.6,76.23
3279.6,93.06,117.71,2192.9,1332.1,524.2,30.99,28.67,87.09,105.18,44.11,1072.7,28.43,48.1,2.54,12.64,1398,41.51
2578.1,89.4,105.47,2052.6,1253.9,319.6,11.17,33.05,62.41,95.42,30.03,874.6,25.15,45.2,2.9,6.92,1062.7,83.34
2572.1,87.54,108.27,2460.7,1468.9,464.5,20.92,18.87,87.05,150.76,37.64,1205.7,36.45,50.1,2.83,7.61,1055.8,84.22
1823.6,89.74,109.91,1898.1,1110.6,363.2,16.32,37.18,70.31,88.44,15.93,776.9,24.4,38.9,2.03,9.49,936.2,64.03
3125,55.53,58.06,2042.1,1294.1,393.4,16.66,30.57,70.34,92.32,42.12,893.4,24.29,47.5,3.87,8.69,1306.4,75.03
2334.9,64.62,63.36,2026.5,1259.8,354.3,14.06,39.31,65.59,100.49,29.72,889,27.4,46,3.14,8.31,1009.3,83.23
2603.8,87.42,110.58,2075.2,1276.3,384.9,16.5,32.32,77.69,111.64,33.17,942.4,28.42,43.3,2.79,8.96,1099.1,72.08
871,83.03,94.41,1429.7,1058.7,210.2,4.56,50.93,35.46,20.05,10.47,429.7,9.13,32.7,1.99,5.06,432,93.61
1030.9,86.39,98.76,1500.5,1002.1,281.6,7.74,53.34,38.32,31.76,9.15,507.3,12.4,30.5,1.73,7.29,506.5,86.48
1455,68.9,67.9,1594.8,1064,273.3,12.36,46.05,49.76,46.45,11.03,532.9,14.9,35.1,2.34,9.39,820.3,72.09
1686.2,94.84,113.13,1917.7,1110.4,372.9,20.57,41.14,64.04,97,18.87,819.7,26.5,38.3,1.91,10.92,916.1,59.72
2453,89.73,107.28,1747.6,1132.5,332.2,13.95,41.66,59.46,58.93,24.98,613.5,17.12,40.3,2.62,7.44,1077.3,75.41
3216.5,81.29,96.59,2119.3,1377.6,361.1,12.34,33.14,72.03,97.89,43.6,988,25.15,44.4,3.79,6.04,1266.1,94.67
742.8,62.49,63.85,1514.9,1051.9,236.5,4.24,47.21,34.11,35.83,6.99,474.4,11.58,31,1.94,4.92,397.7,93.14
1907.9,59.45,58.95,1852.8,1137.2,336.6,15.1,42.78,63.92,85.41,19.81,669.1,23.53,37.2,2.71,8.43,936.3,70.48
1721.6,84.6,100.37,1710.2,1070.7,258.3,11.93,43.05,57,65.48,16.27,661.4,19.72,35.3,2.33,7.03,882.1,75.35
1718.7,82.03,94.59,1814.1,1111.8,253.6,6,36.53,53.19,78.29,16.74,765.2,21.18,35.7,2.33,4.92,851.2,95.03
2776.8,91.27,114.36,2313.8,1378.6,496.8,22.99,24.86,81.32,129.44,38.19,1078,32.83,47,2.69,10,1178,62.61
1940.4,90.83,111.89,1910.3,1084.1,417.1,21.34,37.35,65.76,90.04,21.97,793.4,26.82,39.4,2.1,11,1009.5,54.65
1842.5,88.8,109.9,1959,1175.3,376.8,13.19,34.72,68.55,98.95,20.38,837.6,25.87,40.9,2.03,8,907.1,77.41
2219.1,91.09,116.28,2271.2,1344.3,449.6,21.25,25,85.75,143.61,31.66,1120.6,34.36,48.8,2.67,8.85,1012.2,74.8
2397.5,55.86,56.49,2036.4,1231.3,443.7,22.99,31.31,84.12,102.62,33.18,903.8,28.21,38.7,2.76,11.39,1082.4,44.41
820.5,84.23,96.82,1431.2,1000,214.3,7.7,51.61,31.65,15.96,3.88,287,10.18,28.9,1.62,6.17,431.5,85.81
776.2,86.24,99.54,1471.9,1000,269.7,8.46,56.71,41.31,31.25,9.95,445.6,11.76,28.2,1.71,7.44,412.5,84.57
1743.8,87.21,103.2,1532.9,1011.8,241.4,12.26,44.77,48.67,38.79,15.81,501.3,12.55,37,2.3,8.19,909.9,69.88
1732.6,89.55,103.47,1645.8,1056.2,300.9,9.95,47.19,52.32,53.31,14.69,526.1,16.45,37.5,2.28,8.34,898.6,76.01
2475.7,88.59,107.07,2152.3,1335.9,384.7,15.52,30,76.08,119.36,32.92,1001.4,28.85,44.4,2.83,7.72,1038,78.86
1378.1,84.9,99.99,1642.3,1077.7,262.9,8.15,47.78,42.89,50.89,11.7,540.6,15.76,34,2.03,6.82,768.1,85.8
1769.4,86.3,99.62,1749.8,1121.1,284.1,9.24,41.33,54.41,70.46,17.32,695.1,18.56,38.4,2.21,6.24,884,85.57
1700.9,86.54,101.47,1869.5,1154.8,282.7,11.98,36.68,54.85,84.1,19.27,760.5,23.9,41.7,2.1,7.74,867.8,80.96
2211.2,90.03,111.85,1843.5,1127.5,360.2,14.28,45.76,67.47,92.67,23.05,858.6,24.74,43,2.44,8.92,983.5,72.32
2113.1,93.29,112.5,2040.2,1233.8,416.8,20.4,30.72,69.14,106.23,25.28,912.8,28.44,40.3,2.47,9.01,1000.5,64.41
1608.6,89.28,108.94,1967.4,1177.6,306.4,14.04,38.54,59.96,95.93,13.97,826.5,25.09,41,2.01,7,883.5,80.56
2612.7,87.63,109.32,2066.4,1305.7,395.3,17.22,27.9,74.29,110.04,31.05,928.8,28.28,44.9,3.05,7.86,1080.4,85.04
2849.3,92.2,114.91,2132.3,1291.8,500.4,25.69,28.86,81.39,104.6,37.19,926.5,28.1,49.7,2.46,10.95,1247.8,49.81
1743.2,87.94,106.09,1546.9,1013.1,234.8,11.41,54.61,48.15,41.3,13.75,510.2,14,41,2.19,9.06,911.4,72.44
1637.7,84.91,98.94,1448.8,1015.7,197.9,9.83,52.07,42.01,25.3,16.4,427.3,10.19,35.7,2.48,6.97,877.8,86.14
1275.6,90.46,105.37,1613.1,1013.4,284.5,14.13,43.53,46.28,51.5,13.4,586.1,16.01,34.7,1.78,9.04,717.2,69.09
807.1,80.76,92.59,1395.7,1000,181.3,6.36,51.08,42.25,15.8,7.02,396,9.66,25.1,1.5,5.61,409.2,96.44
1580.2,88.05,103.91,1730,1107.5,261.8,8.09,43.22,49.57,64.54,13.54,635.2,19.31,38.2,2.45,5.91,853.3,90.36
1876.8,88.12,105.97,1853.8,1156.2,325.7,12.06,39.83,62.79,84.42,19.02,769.6,22.23,34.8,2.28,6.99,920.4,83.32
2610.6,94.23,115.84,2228.1,1374.2,416.3,19.04,23.62,81.71,135.86,34.77,1135.4,32.08,45.8,2.97,7.37,1121.5,75.88
1896,86.96,102.67,1902.5,1178.6,293.8,7.91,38.9,53.41,92.11,19.1,806.9,24.18,41.8,2.8,5.17,891.7,99.6
1793.6,87.45,105.24,1716,1155.8,293.2,8.74,45.34,52.54,65.03,18.75,648.9,17.77,34.8,2.67,5.26,863.6,94.19
1756,88.04,107.51,2122.3,1215.8,401.3,17.92,28.78,71.82,122.86,20.24,975.7,30.14,46.2,2.24,8.66,885.9,75.73
1890.9,85.82,103.84,1981.2,1199.7,350,15.42,38.97,66.43,103.41,24.45,891,26.41,38.9,2.6,8.41,947.7,79.05
1579.8,86.76,107.4,1998.4,1155.6,349.3,15.55,35.71,64.22,104.06,19.31,817.4,27.67,40,2.06,8.44,884.7,76.27
2475.5,88.03,107.39,2304.4,1351.1,429.9,21.41,21.53,79.77,134.72,33.56,1039.4,33.46,44.9,2.88,7.92,1053.9,74.64
2789.4,89.41,107.94,2111.2,1349.9,376.2,9.44,28.62,62.29,108.93,35.41,1026.6,26.56,48.9,3.22,5.35,1112.3,97.43
1310.2,88.56,106.98,1741.9,1097.8,319.8,7.82,44.06,54,63.42,12.85,712.2,17.14,34.2,2.09,6.36,728.4,89.22
771.2,81.81,95.97,1410.8,1000,183.9,7.2,55.85,30.89,14.15,9.35,362.2,8.85,31.2,1.67,6.8,410.4,73.25
3275.2,92.94,115.46,2026.9,1334.6,376.6,16.24,30.7,67.98,82.62,41.88,902.8,23.42,42.4,3.2,7.54,1303,78.33
2426.9,92.87,112.42,2118.3,1249.8,416.1,18.63,29.14,72.26,105.37,28.14,990.4,27.42,45.7,2.46,8.45,1056.2,73.85
2307.2,91.17,111.24,1904.2,1136.5,390.4,20.33,41.42,69.79,88.33,29,780.1,25.3,41.5,2.36,11.46,1054.7,52.34
1399.2,88.13,105.54,1628.8,1000,327.8,15.08,47.35,45.04,52.76,11.19,535.2,17.07,32.3,1.87,9.62,814.8,59.84
1683.7,88.9,106.04,2047.2,1193,385.7,12.21,33.58,60.97,108.6,17.9,931.6,27.16,38.7,2.29,7.73,870.2,85.63
2761.5,89.17,109.05,2064.2,1297.2,391.7,15.69,31.29,69.44,109.82,40.35,998.1,28.29,42.9,3.02,8.36,1163.6,74.77
1228.4,83.82,97.02,1547.1,1039.7,224.8,6.47,50.71,43.74,40.3,13.94,497.3,13.79,32,1.98,6.74,662.9,91.95
1569.1,52.72,54.06,1757.9,1096.8,284.4,12.79,39.67,59.98,68.48,17.88,675.8,21.61,37,2.36,8.28,856.4,78.8
3017.4,82.71,103.26,2011.7,1289.3,359.4,15.06,31.44,70.58,93.34,37.69,923.5,24.81,46.9,3.07,8.32,1254.2,79.46
1576.2,87.38,106.7,1879.6,1122.4,373.2,20.41,38.77,68,94.68,18.98,820.9,25.68,39,1.89,10.71,859.4,60.91
1745.7,91.93,112.06,1958.7,1117,406.5,23.81,33.85,66.65,99.58,17.46,750.6,27.54,40.4,1.68,11.62,955.2,44.62
1542.5,89.62,114.29,1866.2,1107.1,315.3,14.18,38.89,60.36,88.09,15.91,668.9,24.02,39.1,1.97,8.75,844.3,74.1
856.8,63.17,64.49,1409.1,1000,172.1,4.86,53.84,24.05,13.68,10.03,390,8.88,32.6,1.96,6.31,428.1,90.19
2043.1,84.68,105.42,2013.7,1240.4,342.9,9.18,36.36,60.89,98.37,22.89,877,25.86,42.7,2.41,6.86,925.3,89.26
1341,83.38,95.42,1486.9,1000,235.2,6.51,51.97,41.27,30.39,12.57,485.4,12.64,32.5,2.16,6.07,736.4,84.99
1630.3,85.49,100.22,1850.5,1145.7,317.4,7.98,36.89,55.08,79.77,18.14,756.2,21.61,41,2.26,5.38,858.6,93.47
1541.5,88.82,108.18,1687.9,1054,299.6,8.35,44.58,52.9,67.83,13.3,658.3,17.99,33.3,1.85,8.01,830.5,78.7
2561.1,88.82,106.13,2044.1,1256,392.1,14.43,29.27,68.84,96.39,33.22,893,26.01,41.9,2.92,7.84,1076.5,77.45
2654.5,88.76,108.44,2306.9,1443.4,440.2,21.58,26.92,81.47,134.88,38.76,1127.8,33.63,50.2,2.78,9.48,1112,72.33
2119.3,88.05,104.8,1773.8,1155.1,276.2,8.39,45.02,51.42,67.56,23.77,654.7,20.41,36.2,2.69,6.36,953,86.63
1670.5,87.88,103.29,1606.7,1020.6,280.4,10.6,50.54,47.9,43.48,13.95,420.4,13.03,33.8,2.23,8.71,912,68.45
813,81.19,93.29,1488.7,1100,202.7,6.82,48.2,37.13,21.15,8.88,485.5,10.73,30.5,1.57,6,420.7,92.38
770.9,84.96,99.11,1362.3,1000,210.8,11.6,57.95,38.42,21.84,9.67,328.8,8.55,29.2,1.61,8.24,420.6,79.41
2595.3,84.63,104.21,1812.8,1184.7,312.2,11.27,39.59,61.91,69.09,26.89,761.7,19.73,50.7,3.22,7.19,1073.5,82.97
1894.5,54.01,51.32,1893.7,1186.5,342.3,13.34,40.49,65.54,97.53,19.76,866.7,25.17,35.8,3.1,8.93,913.2,80.51
1517.4,86,104.46,2054.9,1229.9,343.7,12.88,28.22,69.81,114.75,19.23,922.3,28.99,42.4,2.19,6.81,817.1,91.11
2025.6,90.31,113.44,2080.3,1181.6,411,18.72,37.37,67.69,117.07,24.32,942.3,28.25,38.7,2.37,9,972.5,70.1
2052.5,91.57,113.32,1868.5,1104.5,356,15.99,34.9,66.19,81.3,18.31,755.5,23.2,35.2,2.41,8.68,977.6,69.96
1710.2,88.92,107.15,1975.2,1171.6,393.9,15,33.09,69.89,109.08,18.81,970.1,26.49,35.2,2.32,8.17,875.1,78.9
1654.3,83.6,96.48,1834.8,1148.3,306.8,8.92,40.23,61.35,76,17.01,778.5,20.5,39.6,2.28,6.24,863.5,87.63
1656.6,86.08,99.81,1630.9,1022.8,259.3,8.87,46.04,47.47,47.97,15.96,480,14.97,33.7,2.31,6.89,873.7,83
846.4,81.32,96.87,1419.5,1000,229.2,8.25,54.89,38.29,19.96,5.69,360,10.37,31.6,1.5,6.92,453.3,84.41
1689.1,84.35,100.42,1721.1,1085.2,287.1,11.23,45.36,47.26,68.5,15.19,616.4,19.31,40.5,2.4,7.29,908.7,79.6
1928.2,87.32,104.86,2038.7,1224.2,360.4,14.71,36.24,73.43,115.19,25.72,972.2,28.8,37.7,2.43,8.17,910.3,84.62
2314.2,88.63,108.62,1954.9,1189.4,403.9,20.38,30.62,69.28,85.77,26.81,784.6,23.59,35.9,2.38,10.37,1055.4,53.64
830.4,84.45,101.19,1414,1000,240.3,7.82,58.09,30.22,15.89,7.9,325.8,8.75,31.8,1.81,7.59,424.2,80.56
1380.9,90.58,105.83,1700.9,1091.2,250.5,8.76,42.16,52.98,53.47,14.41,662.3,15.78,39.1,2.12,6.42,753.2,89.04
1280.4,83.6,97.65,1777.7,1122.4,241.6,8.72,39.9,48.9,67.51,15.37,641.9,19.18,36.7,2.05,5.29,682.1,98.37
1063.8,84.31,97.58,1590.8,1047,280.3,8.96,48.35,47.77,35.37,9.91,504.6,12.5,37,1.84,6.64,554.7,80.87
2547.9,86.6,102.81,2078,1304,352.5,9.8,32.68,63.9,100.91,32.67,1029.6,24.74,48,3.14,6.58,1030.7,91.92
1192.4,86.57,108.65,1586.8,1000.3,255.1,13.84,45.64,47.53,41.28,11.51,444.6,15.02,33.5,1.61,8.59,647.4,66.25
852.9,82.88,96.97,1446,1038.9,222.6,9.19,53.31,39.29,29.1,9.16,445.4,12.11,30.8,1.84,8.02,428.4,80.61
1613.6,84.06,102.85,1929.1,1143.2,362.9,12.4,38.46,63.47,94.92,15.97,766,26.38,38.2,2.27,8.35,870.4,75.63
1527.6,89.69,103.72,1565.7,1076.2,228.1,6.37,50.16,37.28,36.63,12.3,495.6,13.09,38.6,2.3,6.76,815.2,87.78
2199.2,87.42,107.5,2016.9,1265.4,327.5,11.2,34.39,63.71,104.06,26.72,956.9,26.66,44.3,2.66,6.78,951.2,94.22
1146.5,85.76,97.93,1533.7,1027.6,251.7,8.19,51.76,38.14,32.78,9.43,494.1,11.93,33.2,1.82,6.61,587.7,86.11
2694.7,86.81,103.04,2028.1,1280.7,387.6,17.22,37.3,66.58,100.56,36.26,958.4,27.07,45.9,3.12,8.63,1128.3,75.15
1391.7,47.32,47.02,1693,1136.1,233.8,4.08,39.53,48.95,57.39,17.84,673.4,18.22,37,2.67,4.74,738.4,94.38
784.9,89.39,105.58,1498.7,1000,263.6,16.04,53.89,44.1,22.02,8.04,298.4,11.73,33.5,1.4,9.58,422.6,61.17
3216.3,90.09,114.73,1978.9,1280.2,379.1,17.49,32.52,65.43,81.93,40.16,889.5,21.21,46,3.16,8.47,1360.7,72.65
831.2,83.98,97.96,1558.7,1043.4,207.5,6.96,45.5,37.84,38,7.53,528.3,12.52,36.8,1.72,6.09,421.9,85.18
2115.4,87.61,104.89,1961.9,1183.9,342.4,14.63,37.02,62.41,95.42,21.53,826.4,23.58,41.6,2.69,8.2,959.2,76.85
2198.7,85.23,101.48,1787.6,1140.4,299.5,8.39,46.31,53.24,67.56,19.37,635.9,19.99,40.1,2.77,7.09,994.2,89.59
1146.6,86.92,100.39,1564.5,1010.8,238.3,9.77,51.44,46.05,46.05,10.05,597.8,16.09,28.4,1.97,7.42,625,83.32
1435.5,83.9,96.73,1519.9,1089.5,257.9,6.69,51.41,37.59,44.06,11.16,542.7,14.2,30.5,2.11,6.69,770.2,93.24
2550.3,87.69,106.56,1804,1158.5,336.8,11.09,43.45,64.57,75.55,26.56,693.7,20.48,40.7,3.04,8.13,1068.9,76.29
1411.3,88.48,105.13,1630.5,1072.2,264.2,8.79,47.49,42.74,54.01,13.88,596.1,16.26,34.2,2.08,8.16,796.1,79.59
1669.5,84.69,100.38,1673.7,1095.9,288.7,11.82,48.97,55.17,61.22,13.96,592.7,17.57,41.6,2.24,8.76,908.5,75.98
1649,85.96,105.39,1967.9,1205,322.8,7.47,35.66,62.23,100.83,18.51,901.8,24.97,37.9,2.29,5.7,839.1,93.23
3278.1,89.92,112.73,2395.8,1473.1,481.3,24.68,20.9,91.47,136.7,51.55,1204.3,33.32,49.7,3.13,9.09,1340,69.09
2368.8,90.16,111.62,2068.3,1220.2,400.7,21.42,32.33,78.57,110.93,29.13,951.6,29.58,44.3,2.56,9.49,1065.6,63.28
2845.3,84.15,102.99,2085.5,1349.8,388.8,13.72,32.22,71.89,108.42,35.26,932.5,29.06,42.3,2.99,7.72,1179.7,83.47
1047.8,82.9,99.25,1504,1000,257.1,13.98,56.26,41.19,24.97,7.11,305.2,11.03,32.4,1.92,9.12,548.1,65.21
1847.2,86.74,106.78,2097.9,1249.9,403.5,16.94,35.49,69.94,122.13,21.55,988.3,30.75,38.3,2.38,7.77,905.2,84.35
1645.4,85.57,102.13,1461.8,1011.3,267,11.59,53.08,38.78,30.09,12.44,427.7,13.23,27.4,2.44,7.46,855.2,79.94
2351.5,91.04,110.9,2269.4,1314.5,476.4,21.97,26.36,82.93,135.17,30.09,1113.2,34.59,40.4,2.46,9.47,1028.2,72.24
1535.4,87.68,105.65,1507.1,1000,294,13.07,54.73,48.28,30.29,11.62,346.5,12.12,33.2,1.76,10.12,868.7,62.23
3002.3,90.91,109.87,2034.3,1357.4,380.4,13.48,32.02,71.71,91.87,40.23,939.1,24.96,48,2.95,7.85,1252.8,74.84
1701.3,86.28,101.66,1742.1,1152,259.4,6.94,40.93,49.99,56.35,14.34,705.5,17.92,37.7,2.43,5.38,854.1,94.4
1508.3,88.32,107.85,1832.6,1098.2,337.8,14.09,35.11,58.2,79.57,14.73,781,23.08,34,2.06,8.73,853.9,71.81
3172.6,89.65,114.28,2134.3,1365,412.9,18.84,28.62,80.02,108.43,39.37,1020.2,29.32,48.8,3.12,9.26,1335,68.96
725.7,83.89,96.02,1397.1,1000,200.7,8.63,57.95,41.53,18,8.14,339.1,9.01,31.8,1.86,7.59,392.6,86.15
2234.4,90.08,108.05,2233,1307.9,429.4,16.4,26.19,73.07,128.27,31.19,1089.3,31.49,44.4,2.59,8.33,994.6,81.72
731.4,86.72,101.96,1483.7,1000,240.9,10.32,50,46.61,28.9,4.25,417.4,12.61,35.2,1.3,8.83,406,70.24
2230.8,87.91,110.95,2121.3,1239.3,394.5,18.03,29.34,73.09,115.97,28.96,1013.2,29.46,44.7,2.42,8.67,1008.4,71.4
3003.2,87.77,109.04,2380.1,1455.5,435,20.09,20.05,81.2,143.72,42.57,1179.1,36.29,48.4,3.05,8.13,1222,80.48
2485.4,86.25,108.84,2047.2,1264.2,329.4,10.41,32.61,66.48,89.3,30.9,847.6,25.25,42.1,2.96,6.36,1026.4,93.4
2510.4,69.55,71.59,1931.5,1175.6,364.5,16.72,30.18,66.28,89.63,29.77,837.7,23.78,39,3.05,8.67,1081,66.57
3045.8,93.29,118.21,2357.1,1450.7,457.7,21.02,25.72,82.05,134.92,46.23,1127.3,32.61,51,2.97,9.01,1295.9,77.17
2766.9,88.01,111.52,2182.8,1313,430.8,18.69,26.16,72.51,118.02,38.7,1011.8,29.87,48.5,2.85,9.14,1191.1,73.07
1535.5,84.42,103.78,1744.5,1089.8,309.3,10.81,44.37,56.41,66.8,15.47,727.2,19.72,39.9,2.14,8.11,854.8,75.98
2487.9,89.95,109.25,2118.5,1247.5,445.3,20.43,30.27,71.36,107.5,26.85,959.9,29.05,43.7,2.51,9.41,1064.7,66.24
1417.6,86.71,105.15,1792.7,1103.3,258.8,7.75,41.15,56.26,73.71,13.89,713.6,21.74,34.5,2.28,5.85,761.3,93.6
2654.5,92.4,118.37,2255.7,1321.6,490.8,28.1,29.33,89.28,125.87,35.52,1076,32.41,43.2,2.28,12.1,1192,48.33
1624.2,82.74,101.82,1882.3,1177.1,318.2,9,38.03,62.71,85.67,19.76,808.9,22.51,34.7,2.4,6.1,849.8,92.85
719.3,88.39,102.88,1436.6,1000,213.9,12.54,51.99,39.13,21.6,7.04,280,11.1,35.4,1.2,8.45,407.2,66.77
2691.7,87.77,107.6,2177.1,1349.2,416,16.55,31.04,79.69,124.73,40.25,1118.7,30.15,45.9,3.05,8.06,1078.6,84.94
1785,92.01,113.07,2133.3,1266.3,371.3,12.49,26.05,72.06,116.6,22.81,887.1,29.17,40.5,2.38,6.59,898.7,89.48
1579.9,86.31,104.16,1980.4,1166.6,323.4,9.8,39.38,62.77,107.47,15.3,877.5,25.47,42.9,2.44,6.22,834.5,96.68
2306.4,86.52,104.67,2143,1275.6,344.9,12.12,25.85,71.52,114.29,25.06,964.2,28.52,42,2.7,6.24,970.4,90.54
812.2,87.68,101.36,1504.5,1000,254.6,10.86,52.35,41.09,31.73,5.52,418.8,12.41,31.1,1.49,8.55,433.5,68.49
829.8,85.15,98.72,1454.7,1000,197.3,5.51,54.89,38.69,22.3,8.5,425.2,10.71,32.5,1.62,6.65,427.6,89.72
1537.9,84.86,97.55,1662.8,1072.2,237.3,9.62,43.5,44.55,50.67,12.5,582.2,15.07,31,2.4,6.53,833.7,86.86
1144.2,87.28,102.51,1493.6,1038.5,259.4,8.58,53.59,36.76,29.36,8.53,468.8,11.14,30.1,1.85,6.82,591.4,86
1331.1,54.05,53.79,1750.5,1148.7,287.9,7.1,43.99,51.28,71.68,13.89,662.2,19.23,45.2,2.57,6.07,713.2,98.37
788.7,87.98,99.27,1424.6,1000,250.5,11.34,56.57,45.27,27.69,6.56,462,10.46,32.2,1.54,8.67,419.5,76.63
2641.3,84.38,105.26,1970.6,1239.3,399.5,15.2,35.47,69.35,101.3,32.19,936.9,24.85,38.7,2.81,8.77,1109,76.39
2289.3,89.61,115.5,2395.1,1358.2,506.6,26.77,24.45,77.26,147.89,32.45,1193.8,36.26,44.4,2.44,10.74,1072.9,56.16
845.3,82.05,95.78,1375.5,1000,178.4,8.08,52.51,33.48,14.48,6.6,326.5,9.29,31.3,1.68,6.73,420.1,83.86
758.1,81.2,92.92,1425.2,1000,204.7,11.95,58.28,35.6,17.28,5.86,295.1,9.32,32.8,1.5,8.75,412.8,71.15
1646.6,84.03,99.08,1708.9,1122.8,274.7,7.37,53.41,48.81,64.31,14.52,628.6,18.84,37.1,2.45,6.82,866.1,85.72
2530.2,83.59,103.38,1992.5,1225.9,321.7,8.51,33.51,60.12,91.83,27.46,911.1,23.78,40,2.97,5.58,1043.6,90.82
2528.1,88.13,103.75,1989.7,1244,306.1,10.83,33.19,69.27,90.86,31.16,867.8,25.12,43.4,3,7.19,1036.5,88.88
2493,88.32,111.35,2267.6,1274.3,515.5,29.2,29.01,82.54,136.81,32.11,1172.3,34.89,46.9,2.2,12.02,1082.5,49.73
1730.6,84.13,102.26,1781.5,1116.1,263.9,6.92,34.45,45.01,71.25,15.74,616.1,19.58,35.9,2.35,4.78,870.2,95.17
1901.8,88.46,105.1,1815.3,1156.9,325.4,11.07,47.27,62.97,79.15,20.74,719.7,22.21,36.2,2.6,7.96,938.1,86.06
1633.1,60.12,62.71,1704.7,1069,299.7,13.14,41.66,50.14,59.22,17.03,660.8,18.02,33.1,2.58,7.76,858.1,75.14
792.8,87.87,103.47,1390,1000,190.4,9.44,52.92,41.42,18.34,5.08,354.6,9.9,25.7,1.55,6.99,428,76.77
1579.3,52.67,49.88,1479.9,1009.5,224,9.32,50.48,39.12,25.1,15.95,468.9,11.41,37.1,2.54,6.99,851.5,80.24
1284.8,88.34,105.53,1572.3,1000,307.1,12.5,55.22,42.67,38.78,11.01,474.5,13.2,33.7,1.83,9.45,724.4,66.74
816.6,60.89,62.91,1364.1,1000,254,9.66,53.71,36.52,13.64,8.01,362.7,7.8,31.2,1.82,7.51,427.7,73.04
1441.1,89.11,102.17,1698,1062,309.3,11.11,46.96,54.23,61.99,11.3,629.9,17.81,35.5,2.12,7,801.2,81.34
2530.5,91.06,110.67,1924.7,1193.5,348.3,15.93,36.78,71.07,90.28,33.39,814.1,25.27,45.1,2.64,9.78,1107.7,67.59
816.3,79.96,89.61,1477.9,1000,255.1,7.11,51.36,37.01,23.39,6.61,433,12.61,30.5,1.68,6.67,426.5,87.25
732.1,83.88,97.42,1421.5,1000,208.8,11.02,53.9,34.51,17.6,3,319,8.65,27.9,1.68,7.23,410,78.53
2471.8,90.68,111.68,2252.7,1407,402.9,13.01,25.88,69.69,128.34,32.1,1028.2,30.89,50.5,2.91,6.8,1029.8,96.46
1302.6,83.6,93.29,1496.7,1019.3,231.5,8.59,55.03,47.61,34.53,9.9,398.9,11.21,27.7,2.05,7.65,725.2,79.78
1519.6,87.87,105.9,1979.1,1153.6,371.4,14.49,33.43,63.75,112.18,13.7,916.8,28.02,37,1.79,7.4,853.3,84.29
2669,90.35,112.64,2409.4,1445.1,455.2,20.06,27.51,90.65,150.26,33.56,1269.5,36.05,52.4,2.93,9.19,1111.2,82.56
1524.3,69.54,69.45,1894.5,1146.4,310.8,10.26,37.99,63.81,93.99,18.82,888.1,24.45,41.5,2.51,6.83,836.6,88.41
2389.1,87.84,107.65,1750.8,1081,341.4,13.91,41.79,57.72,61.65,23.75,605.7,17.74,38.3,2.5,9.14,1052.8,63.57
1583.7,88.35,105.88,1622,1031.9,284.3,11.7,45,54.03,47.39,14.23,516.9,15.29,34.4,2.25,8.74,869.1,73.43
3083.8,85.53,109.69,2230.4,1426.9,416.1,20.28,23.67,84.46,129.8,48.81,1110.3,33.6,49.9,3.11,8.53,1264.1,73.29
2651.2,91.29,117.97,2325.4,1394.6,446.2,19.62,22.55,82.4,144.98,36.49,1112.6,34.74,47.3,2.98,7.41,1110.1,84.1
2477.9,88.56,109.1,2016.4,1237.2,406.1,17.28,35.97,68.41,98.92,29.88,890.9,25.48,42.8,2.79,8.91,1040.5,73.75
3192.3,88.44,109.14,2383.7,1456.9,469.4,20.7,18.61,81.34,128.49,48.44,1131.6,32.44,54.8,3.23,8.34,1336.4,68.93
2297.4,89.36,107.96,1880.2,1127.7,359.9,16.39,40.82,67.56,85.16,22.86,757.1,23.31,40.7,2.32,10,1049.2,55.76
1523.9,90.97,106.42,1620.8,1006.1,298.6,15.02,51.05,52,51.52,15.09,480.6,16.42,38,1.99,9.89,889.1,58.97
2219.9,85.57,107.16,2264.4,1363.6,423.8,16.94,22.15,80.98,139.64,31.3,1109.5,33.09,47.3,2.86,7.2,986.1,87.72
1564.6,83.33,98.89,1628.7,1038.5,240.3,7.05,43.58,42.48,43.61,13.24,493.3,14.44,33.9,2.38,6,859.1,89.63
755.3,86.42,101.36,1473.9,1000,195,8.79,51.39,35.4,20.95,6.28,281.9,9.91,30.6,1.75,7.71,413.1,77.18
2446.5,90.88,109.82,1842.6,1153.5,361.8,12.84,39.47,62.04,70.86,28.04,662.4,20.75,46.1,2.6,8.1,1025.3,74.31
2014.1,85.89,105.33,1759.8,1150.6,276.7,9.6,40.72,58.7,68.23,21.36,658.7,18.05,37.8,2.45,6.37,923.9,92.92
1672.7,88.78,110.91,2003.5,1193,382.7,18.5,37.12,71.77,114.69,20.77,883.4,28.46,42,2.13,9.44,879.8,70.46
2202.4,85.59,108.46,1961.7,1176.3,382.4,20.01,37.07,72.37,90.05,24.09,781.5,25.74,38.2,2.41,10,1025.5,55.18
1706.1,86.05,100.7,1884.6,1172.9,282,6.09,37.5,51.09,72.7,19.97,719.3,19.66,40.3,2.4,5.73,883.7,93.31
1750.1,87.03,101.47,1513,1000,196.9,9.25,48.83,35.95,32.75,16.15,436.6,12.32,33.4,2.41,6.82,897.1,84.24
1649.7,92.27,109.22,1719.6,1003.8,333.3,17.95,46.31,56.44,63.7,17.24,598.6,19.25,33,1.79,11.29,917.3,48.51
2456.6,70.52,87.68,1779.9,1131.9,313.7,14.75,40.15,51.94,64.59,23.95,652.9,18.72,37.9,2.9,8.52,1041.2,71.98
2619.7,84.27,102.5,2011.6,1320.8,345.4,11.81,29.84,64.66,97.61,32.47,916.6,23.84,44,3.2,5.42,1059.2,95.38
1189.3,83.16,96.77,1675.7,1054,261,12.28,46.99,55.9,54.56,11.28,629.4,17.02,34.5,1.9,8.18,627.1,76.63
1499.8,83.24,95.81,1447.6,1068.3,207,7,55.47,33.42,25.13,14.47,486.5,10.82,38.9,2.46,6.45,806.5,90.79
2251.2,81.4,102.86,1730.5,1099,325.8,10.72,44.45,54.92,63.66,23.34,666.3,17.91,39.5,2.78,7.29,999,80.88
2567.1,90.32,109.71,2080.9,1299.5,387.5,16.88,27.73,72.33,101.08,32.08,899.6,26.31,42.9,2.76,8.04,1096.9,77.32
1080.4,83.5,95.93,1507.3,1000,268.9,9.18,51.54,44.45,25.26,8.79,287.1,12.03,33.4,1.62,8.4,575,67.48
3223.1,87.86,105.66,2167.3,1428.7,386.2,12.53,30.64,72.21,113.62,49.86,1023.9,26.77,44.4,3.63,7.11,1242.2,86.27
2170.5,91.42,110.5,2067.6,1249,404.5,16.24,36.78,69.38,108.84,24.41,981.6,28.37,42.3,2.36,8.19,981.7,81.59
1153.1,90.36,109.88,1648.3,1000.8,327.9,15.06,50.12,58.89,61.38,5.32,698.8,18.31,38.1,1.55,9.53,631.3,60.21
2596.5,90.85,110.72,1867.2,1161.6,369.8,14.73,36.55,68.29,86.09,27.66,707.7,23.36,35.3,2.71,8.82,1116.5,67.04
1782.5,86.26,104.26,1666.2,1100,277.6,9.37,46.05,50.18,52.34,18.2,639.9,16.6,36.3,2.18,7.37,921.4,81.56
2144.9,88.05,108.76,2013,1212.4,407,17.49,38.57,70.67,106.06,20.35,948.6,28.23,43.8,2.42,9.51,961.9,70.67
2180.7,69.18,72.6,2112.1,1284.3,372.5,14.31,28.89,77.91,119.55,29.88,988.1,29.79,48.2,3.18,7.63,967.9,83
1540.2,89.02,108.38,1698.5,1082.3,306.3,13.25,46.61,51.68,65.79,14.72,605,19.74,39.1,2.16,9.07,862.6,73.7
2910.2,93.05,113.74,2098,1283.4,422.3,20.42,25.92,73.79,106.43,34.02,894.6,26.96,44.6,2.79,9.14,1212.1,64.11
1923.2,84.14,106.13,2083.5,1311.3,356.6,11.78,32.61,69.96,121.33,23.64,1014.1,28.21,47.6,2.62,5.75,920,96.38
1257.4,86.03,100.15,1648.5,1106.6,300,8.13,46.74,49.61,54.75,13.96,642.6,15.9,39.7,2.06,7.27,682.1,86.2
2500.2,62.41,64.22,1878.9,1229.3,332.5,12.55,37.27,62.15,85.48,31.15,847.8,22.94,42.1,3.44,7.93,1076.3,74.94
2760.4,91.36,110.91,2349.4,1455.2,408.7,16.21,21.51,76.87,142,41.27,1191,32.78,50.3,3.04,6.77,1112.9,90.56
844.5,88.59,103.33,1496.8,1003.3,285.4,10.8,53.46,44.5,30.12,7.96,323.9,11.26,29.4,1.44,8.65,454.8,68.79
1608.8,87.69,104.89,1677.6,1037.7,287,9.46,47.49,50.87,50.4,15.63,607.6,16.66,34.1,2.18,7.86,881.2,78.02
1908,86.59,105.97,2055.6,1232.1,347.5,15.36,29.12,68.18,115.99,23.84,924.3,29.19,44.7,2.38,8.22,936.6,76.08
1474,86.82,106.97,1643.1,1001.7,315.4,14.2,43.53,53.55,58.92,13.18,547,17.12,30.6,1.62,9.26,850.6,63.99
2637.5,88.37,109.26,2009.9,1212.7,388.4,15.9,34.05,69.41,91.41,28.48,831.1,25.62,45.9,2.49,8.97,1121.9,70.54
2926.8,87.63,110.92,2112.3,1314.5,373.2,13.48,29.47,67.54,109.78,38.02,1008.8,28.72,47.5,2.99,6.56,1188.6,82.87
1922.6,84.13,102.89,1831.6,1122.6,340.5,15.8,35.63,60.83,73.68,16.66,774.4,22.03,39.2,2.11,8.2,948.9,67.85
1722,90.69,112.26,1765.5,1059.7,353.3,16.63,47.61,64.79,68.01,16.83,693.3,18.39,34.4,1.9,10.1,924.7,58.56
2249.4,84.82,105.29,1840.4,1163.2,328,13.11,37.33,59.4,76.55,26.09,766.4,20.23,42.3,2.69,7.69,1001.2,80.12
3288.3,88.31,109.5,2240.6,1449.7,427.7,17.72,20.86,80.36,120.88,45.16,1070.2,29.3,51.2,3.08,7.44,1345,77.98
2326.8,88.56,114.27,2277.1,1409,423.2,17.76,30.63,84.25,145.52,30.82,1101,34.63,47,2.6,7.91,981.4,87.32
1217.8,84.27,102.32,1530.6,1000,267.4,10.74,50.71,44.68,36.48,9.43,521.9,13.69,28.7,1.83,7.69,654.8,80.23
2217.1,92.42,113.6,2075.8,1221.5,390.8,16.33,35.61,70.79,114.18,27.03,925,29.37,42,2.31,9.23,1019.3,75.9
2360.1,87.05,104.77,1795.6,1119.2,329.5,12.4,35.4,61.92,75.38,23.1,723.5,20.47,38.5,2.85,7.5,1006.8,80.23
2259,86.38,105.15,1783.7,1082.7,331,15.4,37.12,61.41,71.8,19.25,639.7,21.56,40.3,2.52,8.48,1007.7,68.16
861.6,84.51,97.36,1449.8,1015.1,198.8,5.68,54.06,38.24,20.1,6.57,353.9,11.58,32.4,1.48,6.57,441.7,87.41
2544.5,85.75,107.12,2401,1460.5,445.7,17.79,25.36,78.96,151.28,38.08,1232.1,35.45,49.4,3.04,7.59,1056.1,91.02
3197.5,89.57,108.25,1956.1,1194.6,440.7,19.64,30.6,72.81,83.28,39.49,864.6,24.13,42.7,3.04,9.57,1335.3,63.85
1043.8,86.67,103.3,1704.9,1018.1,302,15.75,42.77,49.43,63.22,7.54,669.9,18.85,31.1,1.84,8.45,549.8,74.6
2074.2,90,109.06,2153.6,1239.8,412.4,19.3,25.46,72.9,122.3,21.39,1003,28.54,40.1,2.4,7.89,980.7,76.13
1981.8,88.54,109.31,1699.4,1117.2,285.8,14.21,46.01,59.56,68.09,18.52,682.2,19.06,40,2.51,8.05,954.1,79.55
2210.8,85.74,106.19,2070.7,1270.5,349,9.88,36.54,68.56,119.74,27.18,1006.8,28.9,39.6,2.93,6.94,973.4,91.93
2032.6,83.08,105,1976.1,1172.1,347.8,13.19,31.79,68.12,97.56,22.17,834.3,25.79,36.2,2.37,7.5,981.3,82.32
1594.1,85.48,107.4,1807.7,1146.6,282.1,10.68,42.89,61.43,80.47,16.81,720.9,22.55,38.5,2.16,7.28,851.1,83.92
861.5,88.92,104.73,1366.2,1000,252.4,11.06,60,33.78,20.19,5.17,344,9.64,35.2,1.51,8.76,442.2,69.32
2834.4,89.24,114.78,2472.8,1531.7,479.4,19.7,19.63,89.48,157.96,46.52,1347.4,35.85,53.2,3.04,7.93,1178.8,90.84
2175.6,90.58,112.12,2060.7,1239.6,363.6,16.93,33.69,76.97,107.51,27.16,950.5,27.49,41.8,2.37,9.56,1003.4,64.57
1672.8,85.32,102.93,1884.6,1151.8,303.1,7.42,37.66,62.44,77.89,16.79,698.9,20.93,43.6,2.44,6.06,859.8,92.44
797,83.49,94.54,1382.6,1000,235.9,8.39,53.56,35.76,21.06,8.26,489.3,9.83,32.2,1.71,6.91,421.5,89.98
2061.8,90.51,109.66,1958.6,1165.4,346.4,15.29,39,66.03,86.86,22.46,752.6,23.67,38.4,2.42,8.62,948.4,72.82
1642.9,88.94,109.44,1604.1,1004.1,313.4,15.68,42.52,49.61,46.87,16.12,508,16.52,34.4,1.97,9.63,885.1,62.42
1390.3,90.16,107.99,1518.1,1000,286.8,15.49,57.39,50.09,32.67,11.63,385.9,11.9,35.7,1.85,10.72,788.6,60.73
3159.4,88.77,108.02,2064.5,1287.8,355.5,12.62,26.4,76.38,90.7,35.65,919.2,25.68,45.5,3.3,7.03,1273.3,78.05
1759.4,88.37,106.31,1724.8,1032.5,267,12.76,43.4,53.85,65.42,14.24,611.6,19.04,37.2,2.2,7.81,921.4,69.81
1001.6,84.73,96.98,1417.3,1000,219.1,6.61,58.52,42.85,20.11,7.14,443.8,10.98,31.1,1.88,7.13,510.8,83.66
2269.5,88.62,107.03,2003.8,1216.5,397.6,15.97,33.87,70.21,104.44,25.89,837,27.05,42.2,2.71,8.25,1012,75.76
825.7,87.23,98.58,1535.3,1000,230.7,8.04,52.74,43.19,39.26,9.63,476.7,14.19,32.2,1.84,6.8,418.9,85.26
2309.8,88.75,109.79,2119.2,1312.4,373.1,12.28,31.83,76.02,124.65,31.74,1038.7,29.26,38.4,2.88,6.38,941,97.07
1571.1,91.05,109.96,1666.5,1105.1,263,9.44,46.4,57.04,66.55,14.19,673.3,19.92,39.7,2.05,7.33,852.1,81.49
2299.4,92.61,114.01,2544,1414.2,474.6,19.71,17.2,89.42,166.16,34.91,1290.1,38.59,48.9,2.55,7.74,986.4,86.38
2488.3,86.67,102.36,2169.5,1342,365.3,11.38,25.24,60.11,116.57,31.76,1032.2,26.99,47,3.11,4.66,1015.9,100
1870.4,87.82,105.77,2038.1,1184,366,14.14,33.25,65.8,101.97,25.85,872.3,25.89,40.1,2.42,7.46,921.6,84.03
2769.9,56.4,58.86,2017.2,1290.4,382.6,14.13,31.46,70.78,97.78,38.2,929.1,25.08,44.7,3.88,7.54,1166.5,73.46
1925.7,48.79,48.74,1938.8,1165.2,339.1,12.32,41.17,67.8,89.68,23.27,828.8,24.18,42.7,3.02,7.49,932.3,84.5
2405.2,85.82,102.6,1787.3,1095.2,289.3,9.51,43.03,57.4,68.51,20.8,696.7,19.15,38.7,2.61,7.79,1029.4,81.45
2664.3,46.79,50.02,2379.2,1422.9,440.2,20.02,24.01,80.42,140.27,40.86,1123.3,34.68,50.9,3.62,8.59,1118.1,79.2
1302.6,90.89,107.39,1455.3,1000,233.3,10.3,49.13,37.07,21.8,11.03,442.6,10.96,28.5,1.76,8.1,718.5,75.65
742.5,86.33,98.52,1368.9,1000,206.3,13.59,60,32.21,17.38,4.78,280,10.02,36,1.44,9.37,410.5,67.55
786.2,84.74,100.06,1464,1000,242,8.41,56.7,45.46,31.21,6.71,386.8,11.84,31.7,1.46,8.43,423,74.62
2612.7,84.44,102.79,1985.8,1236.2,377.6,16.48,29.29,80.19,99.65,30.28,848,26.99,44,2.9,7.66,1111.8,75.26
1279.5,64.26,63.66,1584.2,1088.2,275.7,11.43,50.86,49.45,51.26,12.11,624.3,16.16,32.6,2.39,8.24,701,78.5
1113.1,82.78,96.35,1681.5,1030.7,291.1,13.51,43.9,50.19,62.33,9.69,637.7,18.25,30.8,1.99,7.63,582.1,80.97
1741.1,86.93,109.25,2015.3,1140.3,428.1,22.48,36.14,75.3,111.88,19.57,909.5,30.43,39,2.01,10.81,931.9,55.81
1999.7,88.87,108.2,2048.4,1183.7,427.3,18.66,29.22,76.55,110.39,21.16,857,28.22,31.7,2.51,9.18,963.6,68.98
2621.1,93.71,116.21,2215.5,1256.9,458.4,26.35,28.49,92.1,128.48,33.39,1094.1,34.5,47,2.47,11.93,1171.2,48.85
1670.8,89.04,110.29,2173.3,1234.3,394.9,16.19,31.06,77.29,123.85,20.02,1048.9,31.04,38.5,2.29,7.16,843.6,85.55
2452.1,88.45,109.86,2326.3,1386.5,439,17.99,23.59,78.91,135.8,33.33,1167.2,33.37,44.9,2.36,7.43,1013.3,83.33
1908.1,88.09,111.75,2006.9,1214.9,365.4,13.66,34.15,74.32,102.8,22.17,924.5,26.44,40.6,2.2,8.04,906.4,79.68
2328.8,89.97,112.62,2314.5,1351.4,451,20.23,28.96,83.54,138.64,33.12,1139.6,33.78,50.3,2.47,9.17,993.2,71.09
2710.8,86.41,108.41,2270.4,1382.3,468.6,21.05,28.38,84.2,135.21,32.22,1047.7,33.69,48.1,2.82,8.67,1126.9,74.13
3219.7,89.64,112.22,2405.1,1537,462.2,21.84,17.29,90.51,138.1,55.76,1242,32.82,56.2,3.15,8.09,1323.7,76.88
1964,85.24,110.11,1931.6,1156.7,369,17.08,39.23,56.96,90.49,21.99,826.2,24.72,35.8,2.2,9,952.3,69.61
820.6,86.68,103.72,1368.1,1000,235.4,10.02,55.86,34.62,15.8,5.87,360.9,8.48,29.7,1.41,8,439.7,70.35
2680.8,87.8,108.47,1905.9,1163.5,380.5,17.42,39.23,64.1,84.36,26.93,798.6,24.77,43.5,2.69,10.15,1186.8,54.89
2491.7,88.02,109.49,2299.8,1404.9,398.3,16.67,20.79,81.92,145.23,35.09,1181.5,34.54,44.6,2.73,6.58,1055.9,87.43
871.9,87.89,101.15,1478.7,1000,244.9,8.87,51.38,45.69,29.26,8.02,395.5,12.64,24.7,1.55,7.37,450.2,80.4
2094.4,87.21,106.66,1956.3,1182.8,323.6,13.45,38.49,63.69,94.03,23.51,828.5,23.64,38.3,2.64,7.71,972.1,86.66
2042.5,89.24,107.76,1996.5,1184.9,372,15.95,31.05,70.61,104.27,22.38,894.3,27.01,39,2.65,8.5,964.3,75.37
788.6,83.99,97.44,1448.8,1000,216.3,9.64,55.33,32.02,26.7,8.66,326.6,10.86,30.5,1.7,8.2,417.1,74.97
2275.8,66.26,64.32,1872.9,1198.3,315.2,11.1,35.06,55.74,82.39,30.15,885.9,21.77,42.8,3.18,6.22,967,93.14
3065.9,88.36,111.42,2234.6,1468.6,393.7,13.6,23.91,75.89,123.71,43.48,1054,29.16,52.6,3.37,6.55,1204.6,89.86
1539.9,89.65,108.57,1633.9,1010.1,293.5,13.45,37.95,59.42,52.48,9.21,578.2,17.49,32.5,2.02,7.82,851.7,68.64
1956.4,93.15,116.51,2140.3,1152.3,450.7,22.76,29.39,78.44,119.09,20.32,943.9,30.45,40.2,2.24,10.58,974.3,55.84
1619,87.48,104.79,1810.2,1092.7,307.9,12.26,47.9,55.56,72.81,17.13,698.6,20.89,35.8,1.98,8.39,877.8,79.59
2225.2,93.06,108.7,1921.8,1138.6,385.9,17.51,38.62,69.36,87.76,20.89,772,24.82,39.5,2.41,9.69,1058,58.78
774.9,84.96,99.86,1406.4,1000,278.1,11.66,60,44.86,19.98,6.51,333,11.23,28.6,1.37,9.85,417.2,64.06
1543.6,86.65,104.91,2033,1151.6,378.7,16.34,32.56,68.76,107.84,17.48,855.8,28.01,39.2,1.85,8.21,851.1,79.86
1351.4,86.4,101.41,1491,1032.2,239,7.65,49.96,33.88,30.41,12.16,488.7,10.56,32.8,2.28,6.55,726.3,91.37
1801,85.87,108.51,2150,1234.2,378.3,13.82,31.13,72.28,126.02,22.82,996.5,30.04,43.8,2.46,7.24,899,87.63
2414.6,61.22,60.49,1894.2,1231.4,355.8,10.85,39.82,60.49,80.65,26.89,838.9,21.15,38.9,3.31,7.29,1031.9,78.49
2516.3,89.33,105.75,2164.6,1299.3,425.5,16.39,28.98,79.72,118.92,36.8,1033.5,28.44,47.5,2.78,7.78,1019.2,84.43
1088.6,87.14,105.48,1650.4,1011.8,325.2,18.87,51.54,52.02,58.68,10.22,624.4,17.59,29.4,1.7,11.41,598.8,53.44
775.9,82.45,95.29,1383.2,1000,175.7,8.17,54.66,28.7,16.42,8.52,431.7,9.81,32.1,1.69,6.77,407.2,83.44
1646.7,87.99,104.53,1542.8,1054.2,254.9,8.91,51.28,42.14,38.46,9.98,533.6,14.07,32.4,2.26,7.31,855.8,86.38
2249.5,86.68,105.96,1954.4,1216,337.6,11.97,38.7,67.81,107.13,25.48,921.1,27.57,39.2,2.62,8.01,978.3,80.75
812.6,84.13,94.04,1507.8,1000,280.9,8.3,45.62,39.33,29.61,6.13,518.1,10.94,33,1.64,6.89,418.6,85.55
778,87.34,99.01,1382.3,1000,237.6,9.31,53.31,38.24,18.64,5.13,345.1,9.26,27,1.71,7.29,415.1,82.57
1026,81.22,95.88,1524.5,1000,266.6,11.93,51.72,44.93,36.11,7.09,496.9,13.78,34.1,1.9,8.3,527.4,74.43
1700.6,89.21,104.41,2007.7,1219,380.4,16.12,39.7,66.4,109.1,20.08,889.1,28.22,45.3,2.1,9.4,898.2,75.22
1877,86.75,105.18,2057.4,1212.9,374.5,14.63,34.12,68.3,114.48,20.8,951.5,27.5,42.1,2.44,7.52,912.2,87.4
1451.8,81.7,95.61,1523.7,1059,235.5,6.92,53.41,40.37,33.31,9.76,501.4,12.62,30.9,2.08,6.87,816.3,87.67
2232.4,91.23,112.3,1866.8,1180.5,344.7,14.11,36.09,62.5,83.25,25.96,707.8,22.89,42.1,2.5,8.15,998.9,73.85
1742.1,83.87,100.1,1819.4,1156.6,284.9,9.41,37.91,55.8,78.54,19.22,754,22.45,38.1,2.35,5.91,854.2,92.08
2244.5,88.18,107.45,2374.1,1387.5,415.7,17.06,18.82,83.15,159.19,30.91,1212.2,36.46,46.8,2.93,6.8,983.4,94
1552.6,85.5,103.35,2029.8,1238.4,341.1,11.71,36.4,65.94,109.16,17.55,959.4,25.31,40.1,2.1,7.61,833.7,86.57
1614.8,87.51,107.48,1996.3,1172.8,400.1,19.52,42.24,64.82,96.64,16.69,819.9,26.43,41.2,2.05,10.69,912.4,60.85
2986.4,91.15,114.17,2277.4,1412.4,392,15.92,25.58,80.29,125.23,37.92,1071.4,31.82,53.6,3.09,7.67,1236.1,80.92
2469.6,90.93,108.67,2052.3,1252.9,379.8,15.14,31.47,71.53,108.22,27.32,886.3,26.25,44.1,2.72,8.12,1040.5,80.96
1938.6,85.29,97.11,1778.4,1083.7,311.1,8.77,39.02,53.71,60.18,14.65,631.4,18.54,40.6,2.45,6.41,925.7,86.48
1410.2,67.74,69.18,1565.1,1044.7,231.2,8.57,48.64,44.4,49.98,13.34,585.4,16.68,33.1,2.66,6.4,799,89.54
1297,84.38,102.32,1551.7,1000,276.2,12.5,54.6,52.43,32.75,9.7,388.6,12.96,38.7,1.69,9.11,761.5,63.67
1738.6,85.06,100.78,1467.2,1000,211.4,10.94,51.93,48.89,32.86,13.95,482.6,12.15,31.7,2.32,7.74,897.5,78.23
3206.6,93.27,118.72,2008.6,1395.2,382.3,15.9,31.47,73.04,94.84,43.89,900,25.24,46.8,2.93,8.54,1315.4,74.09
3290.5,86.94,104.02,2160.9,1347.8,380.8,13.01,27.35,68.27,100.67,43.84,971.5,25.32,47.6,3.54,5.98,1313.2,91.11
2607.2,89.68,106.01,1849.1,1153.5,316.9,11.25,38.58,67.1,68.16,28.31,767.1,19.78,43,2.68,7.5,1068.6,81.93
2644,84.24,103.96,2126.4,1316.7,430.1,17.02,30.01,76.99,112.55,36.06,1052.6,29.74,48.2,2.98,8.17,1116.3,74.84
2516.2,89.14,112.89,2357.3,1373,447.8,24.49,22.48,79.14,149.18,32.65,1188.7,36.84,43,2.68,9.92,1082,67.51
1971.4,88.14,104.56,1886.5,1163.5,320,9.77,32.26,56.58,83.13,20.62,793.1,21.93,40,2.53,5.54,930.4,87.28
2925.3,90.02,114.64,2399.1,1455.4,486.6,24.74,20.4,87.33,141.81,46.59,1211.5,35.82,51.4,2.98,10.23,1226.9,66.18
2913.2,86.57,105.45,2002.5,1277.2,348.6,13.5,29.4,72.05,96.23,34.01,894.1,24.91,51.8,3.34,6.88,1173.6,81.55
822.7,86.3,102.74,1381.3,1000,206.4,7.76,57.59,35.43,20.05,6.25,328.9,8.77,30.6,1.45,7.58,418,79.79
2244.8,94.78,117.39,2206.9,1265.8,448.8,24.46,25.33,78.53,125.89,25.7,1030.7,32.3,39.6,2.5,9.84,1007.5,64.35
2274.1,93.37,111.3,2186.7,1339,404.8,19.41,31.04,71.78,122.41,30.2,1050.1,32.71,41,2.41,9.34,1018.1,67.24
3109.1,90.04,112.27,2535.1,1513.5,495.4,20.19,15.36,90.22,159.49,48.38,1383.2,37.1,52.1,3.23,8.18,1249.6,85.62
824.9,84.55,94.67,1450.8,1057.2,195.3,3.46,47.69,32.49,14.44,8.27,414.4,8.99,34.3,1.76,4.82,434.1,92.27
2330.6,90.51,112.46,2427.3,1340.1,482.2,23.69,19.41,84.33,151.05,33.39,1200,35.62,46,2.59,9.01,1045.4,71.72
805.3,86.57,101.61,1406.2,1000,235.3,13.61,58.24,36.06,22.3,6.48,366,10.52,31.1,1.43,9.52,429,66.91
1054.9,87.67,108.63,1481.4,1000,264.6,13.69,60,47.89,34.12,8.92,379.6,12.88,30.1,1.48,10,563.1,60.8
3227.6,89.32,110.04,2084.2,1359.6,431.4,20.22,30.34,83.24,104.67,45.16,955.4,27.49,48.6,3.17,9.12,1315.5,71.93
1759.9,63.33,64.71,2103.4,1276.5,383.5,14.47,30.69,66.68,122.7,24.71,1028.7,29.68,42,2.78,6.27,869.2,94.45
2579.1,89.09,109.14,2059.5,1268.3,389.5,17.21,37.38,71.15,98.16,31.35,854.8,25.69,50.5,2.82,8.81,1089.8,75.1
2284.4,50.51,52.71,2232,1325.2,531.5,28.9,30.69,84.94,128.57,35.05,1072.3,34.11,44.7,2.77,12.06,1069,50.71
1786.1,86.3,107.97,2015.6,1208.7,347.6,11.54,33.97,62.16,106.15,21.51,883.5,26.22,37.4,2.47,6.34,882.4,89.24
1701.1,48.68,48.36,1959,1197.6,353.5,13.77,40.91,60.88,102.94,21,825.2,25.55,38.4,3.05,7.5,893.7,83.53
2715.6,86.74,109.09,2017,1249.9,361.4,12.38,37.05,65.09,108.86,33.27,974.1,28.13,43.5,3.01,7.16,1087.8,89.67
1162.7,84.94,98.11,1410.1,1000,206.7,9.25,58.01,40.76,24.58,10.21,418.3,11.35,27.1,1.78,7.24,609.5,84.4
2579.2,89.35,108.39,2380.9,1419.8,438.9,17.3,24.41,84,158.12,36.46,1267,36.06,48.3,2.89,7.32,1096.5,90.29
1270,87.92,104.66,1431.8,1000,216.9,13.78,56.94,38.98,27.52,10.96,368.3,10.76,33.1,1.71,9.46,720.9,63.22
2137.6,87.98,105.37,2116,1265.7,389.4,15.29,34.07,79.28,116.69,25.22,1017.7,28.69,43.1,2.66,8.33,1005.3,74.45
2567.8,88.94,108.11,2226.3,1335,401.3,19.23,22.53,75.55,120.7,31.52,1038.8,32.38,43.4,2.91,8.73,1091.5,71.7
1105.1,81.34,93.67,1411.6,1000,223.7,9.77,56.54,40.69,21.2,10.3,448,10.8,31.5,2.04,7.72,574.6,83.11
1554.6,88.62,105.13,1640.5,1012.6,304.9,10.95,41.59,45.95,54.21,14.78,630.3,17.24,34.6,2,8.08,860,72.91
1954.6,89.88,104.45,1764,1083,350.9,12.06,43.88,58.21,65.49,16.01,554.8,19.85,39.2,2.29,7.95,943.5,74.35
1346.6,84.51,96.03,1478.3,1003,258.2,13.36,53.73,40.87,27.22,12.09,340.9,12.07,33.8,1.82,8.51,758.2,68.82
2292.9,84.49,106.45,2091.3,1255.1,378.3,12.97,35.02,66.09,110.43,28.93,938.8,29.71,39.6,2.7,7.21,999.4,85.92
2238.9,87.69,109.44,2364.2,1293.9,496.4,25.11,25.92,81.85,140.22,25.91,1095.7,35.97,45.6,2.38,10.33,1022.8,57.81
1248.9,87,102.93,1700,1049.8,294.6,11.13,45.91,50.21,57.64,12.06,570,18.05,37.9,1.86,8,692,76.1
3188.5,92.89,117.18,2214.5,1348,470.1,25.21,19.02,83.6,111.19,38.75,1086,29.4,47.6,2.71,10.11,1380.3,53.48
1747.2,86.24,103.22,1719.4,1127,280.6,7.33,48.34,52.88,67.78,17.84,719.7,19.97,31.2,2.51,6.74,882.4,90.31
1510,89.69,104.52,1680.8,1101.2,298.9,7.65,49.09,52.95,61.15,15.54,613.6,18.46,38.4,2.35,7.37,827,82.98
3047.4,87.31,106.85,2243.1,1401.3,441.6,16.99,21.77,78.31,123.07,43.71,1084.9,30.35,52,3.31,7.13,1242.2,86.8
1873.3,86.96,109.74,2129.4,1238.6,409.5,15.89,28.36,70.39,129.28,21.6,997.2,29.37,41.3,2.36,7.57,906.9,84.84
1327.7,86.89,105.09,1699.8,1082.2,277.5,8.9,43.66,49.6,64.25,11.36,648,18.45,34.2,2.17,7.48,737,87.92
1641.2,83.53,101.28,1598.9,1026.7,260.5,9.72,43.63,44.95,45.83,13.36,531.3,14.54,37.5,2.22,7.14,854,76.39
1775.5,89.52,111.51,1893.4,1134.2,346.8,14.94,42.83,60.98,87.39,19.21,835.8,24.34,40.2,2.07,8.79,909.1,72.66
2585,86.99,101.58,1739.2,1075,317.2,15.15,39.22,61.18,66.05,24.49,610.6,17.76,38.9,2.81,8.35,1057.1,74.71
2358.1,91.21,113.88,2399.1,1388.7,485.1,25.29,22.13,88.26,156.09,36.67,1260.4,37.22,46.6,2.68,9.37,1009.4,72.65
818.4,86.1,99.98,1414.4,1000,209,10.07,54.29,38.28,26.5,7.63,325.5,10.47,32,1.7,7.48,441.9,75.74
779.6,86.19,95.79,1458.5,1000,216.4,7.71,57.18,33.13,19.96,8.61,310.1,10,34,1.59,7.43,418.7,82.33
1306,87.35,103.08,1688.6,1109.1,230.1,5.74,45.91,53.07,58.38,12.11,687.2,17.49,36.4,2.06,5.99,698.9,91.59
2954,89.46,112.28,2276.9,1406,441,18.89,30.68,79.2,124.63,43.9,1109,31.53,46.3,3.01,8.15,1204.7,74.87
853.9,90.62,105.65,1460.4,1000,228.9,10.26,53.39,44.94,23.23,6.67,373.8,10.26,30.1,1.63,7.91,428.7,74.07
2328.8,87.77,102.81,1884.5,1133.6,346.3,14.1,36.23,64.17,75.91,24.8,749.7,21.15,40.2,2.81,7.62,1016.7,73.21
3173.7,89.43,109.22,2002.2,1279.3,416.5,16.71,30.5,70.72,86.67,39.79,894.8,22.6,47.4,3.23,8.7,1352.6,73.04
1777.9,85.98,102.54,1742.7,1087.3,290.7,6.41,37.03,45.33,58.83,18.59,599.3,17.74,35.4,2.1,5.72,896.5,86.16
2697.4,90.49,111.42,2194.5,1284,439.8,21.79,31.35,74.03,112.19,33.01,993.8,28.61,47,2.82,9.37,1140.2,66.35
2273.3,87.23,107.59,1963.7,1179,388.3,18.01,37.71,69.8,103.15,26.63,882.7,27.84,39.3,2.69,8.72,1018.5,74.3
1746,86.23,105.04,1757.6,1050,354.5,13.19,43.81,50.23,60.09,18.04,679.4,20.06,38.1,2.1,8.64,894.4,67.92
1540.8,82.89,100.58,1580.8,1028.4,240.4,6.56,51.85,37.71,38.74,12.03,528.7,12.36,38.7,2.09,6.2,828.5,87.89
2609.3,86.19,106.45,2206.1,1371.2,402.7,14.85,28.51,76.21,120.54,32.27,986,29.57,49.3,2.83,6.79,1072.9,87.59
750.1,85.56,103.62,1409.6,1000,230.4,5.76,53.73,36.55,11.77,7.17,331.7,7.33,31.5,1.69,6.64,398.4,87.34
1696.7,69.1,70.26,1658.4,1000,329.2,15.76,53.34,55.06,56.27,15.14,554.6,17.01,35.6,2.24,11.28,941.8,52.95
2418.1,92.07,113.18,2228.3,1385.2,416.3,18.8,30.59,78.48,134.95,29.87,1126.5,32.81,41.7,2.86,8.27,1029,84.07
1318.9,85.2,103.81,1683.8,1000,285.4,13.93,46.07,55.94,62.48,8.74,647.9,19.1,36.6,2.08,8.97,750.2,72.22
2310.9,88.43,107.13,1793.7,1164,397.7,14.69,47.3,64.16,72.54,24.67,893.1,20.6,38.3,2.44,9.53,1016.7,70.11
1101.2,87.24,104.49,1734.8,1050.2,339.4,15.48,42.32,66.68,70.11,9.62,676.2,21.24,31.1,1.64,8.8,596.8,63.2
2562.5,86,108.37,1963.8,1200.4,388.6,15.87,34.79,64.67,95.28,30.69,854.1,25.34,41.1,2.66,8.31,1110.3,73.85
1016.7,88.31,98.93,1504.9,1000,274.5,9.78,48.46,38.23,31.26,12.06,410.1,11.88,29.4,1.62,7.57,515.3,75.32
1486.2,86.47,100.11,1790.5,1079.4,342.4,11.76,42.51,55.32,73.15,12.88,643.2,22.08,35.4,2.26,7.89,820.3,77.31
3037.9,89.96,115.6,2324.4,1424.7,419.5,18.64,25.63,85.59,138.44,43.72,1137.7,33.8,49,3.05,7.62,1261.1,84.53
1439.2,84.69,101.46,1406.9,1000,224.7,9.6,58.83,36.76,27.38,10.91,308.5,11.57,32.9,2.04,8.52,810.5,75.83
2279.9,93.36,115.37,2369.7,1348.5,444.5,20.09,28.76,84.41,148.28,31.09,1157.5,35.89,48.2,2.79,8.29,1013.2,84.92
1261.2,83.45,97.96,1520,1000,195.6,6.52,54.26,43.21,35.86,11.68,500.8,13.66,33.5,2.15,6.13,667.6,93.09
1680.5,89.71,108.8,1741.8,1037.8,322.4,14.57,42.82,56.24,66.41,17.74,663.4,19.7,33.3,1.98,9.38,930.6,62.59
1266.9,85.35,98.59,1543.8,1062.2,264.5,10.04,51.05,36.23,35.36,10.66,478.5,13.96,33.7,2.05,7.2,696.8,78.72
1400.9,87.54,101.69,1489,1002,243.8,6.57,48.52,38.88,30.24,12.81,434.9,10.74,30.8,2.14,6.52,784.2,82.83
762,89.19,100.94,1439.9,1000,210.4,9.49,50.23,48.69,17.51,8.42,480.8,8.55,33.4,1.82,7.58,420.1,77.79
1513.7,90.1,110,1779.5,1070.5,329.4,12.67,40.65,57.75,72.1,13.45,711.3,20.75,32.4,1.89,7.9,841.7,73.92
1110.1,82.26,98.5,1473.5,1011.7,279.6,11.41,50.93,44.64,34.01,9.77,452.8,11.79,31.2,1.87,7.34,570,78.56
801,88.28,102.49,1519.5,1000,218.9,8.05,55.25,39.79,35.61,6.87,498.7,14.23,35.1,1.73,7.73,413,88.74
1333,86.46,102.97,1844.3,1119.9,307.9,7.86,42.15,49.3,70.5,13.89,680,19.67,35.2,2.14,6.27,730.8,91.14
2667.3,91.82,112.71,2000.3,1214.1,434.2,20.83,30.18,73.27,99.23,31.28,872.5,27.42,43,2.65,9.57,1118.5,62.8
2662.1,91.95,112.73,2416.4,1396.2,507.7,23.59,22.93,90.59,148.5,37.85,1227.6,36.74,49,2.81,9.85,1148.4,65.53
1442.8,52.95,53.81,1674.2,1009,311.3,14.7,44.91,47.02,61.03,12.96,707.2,18.01,29.1,2.43,8.44,811.6,73.51
1416.5,87.79,105.29,1765.8,1115.5,289.3,8.11,42.71,56.15,72.18,15.76,700.7,19.96,36.6,2.14,6.9,795.5,88.1
798.1,85.04,98.42,1424.4,1000,179,7.79,57.01,26.86,15.41,7.73,280,9.81,33.5,1.83,7.62,407.8,78.6
1628.6,84.68,99.65,1494.5,1085.6,206.5,5.27,49.21,39.61,30.16,15.1,546,11.57,36.4,2.68,5.01,831.3,96.66
1583.7,45.44,43.19,1808.7,1146.9,294.5,11.17,39.8,49.46,75.45,20.77,780.3,19.18,39,2.9,6.24,822.2,88.41
1500.8,89.37,110.25,2008.2,1176.9,388.5,15.05,44.7,64.22,106.26,17.75,933.7,28.31,35.8,2.14,9.4,820.8,80.71
768.8,82.55,96.69,1478.8,1045.2,226.6,5.79,53.77,36.44,28.9,9.62,509.7,11.29,32.3,1.7,6.05,400.4,95.43
1750.4,84.49,102.56,1518.8,1019.6,234.9,11.86,48.85,47.99,35.59,16.44,506.2,13.04,33.7,2.06,8.74,907.3,71.98
1747.6,87.67,105.16,2000.9,1216.9,359.9,11.21,39.2,59.79,106.6,20.18,877.1,26.62,40,2.09,6.41,874.9,89.98
2544.5,87.37,109.3,1958.9,1255.9,324.9,14.61,32.97,64.64,93.45,29.49,878,23.85,40.1,2.98,6.71,1061.7,80.58
920.9,88.48,105.24,1485.2,1000,236.3,10.58,53.49,40.69,26.39,8.16,323.5,9.24,29.8,1.74,7.36,479.5,73.65
2805.9,89.35,112.51,2231.7,1353.1,465.5,19.84,25.05,84.99,128.31,39.71,1032.2,31.23,48.1,3.03,8.29,1149.3,78.75
791.2,83.89,95.23,1440,1000,205.9,10.93,54.74,34.29,21.51,8.59,429,9.78,29.4,1.55,7.43,424.7,78.75
2569.3,88.25,110.89,2036,1186.7,417,20.06,34.03,69.91,112.99,29.4,937.3,29.4,42.9,2.79,9.39,1111.8,66.69
1617.3,87.48,105.42,1810,1113.9,307.8,9.85,40.61,53.13,72.2,13.63,699.1,20.31,40.5,2.49,6.76,860.6,86.35
2636.3,89.72,111.28,1909,1219.3,379.9,17.7,36.63,65.12,78.91,30.69,783.7,21.91,43.4,2.77,8.65,1135.7,66.13
2421.4,86.03,98.37,1717.7,1154.2,319.5,9.51,44.08,54.85,69.55,24.71,732.8,19.12,40.5,2.76,6.93,1029.4,83.9
2414.3,89.01,104.66,1976.3,1231.8,313.3,13.46,39.33,68.88,99.27,25.81,847.1,27.22,43.9,2.57,8.92,1065.7,78.39
2297,85.41,105.09,2059.7,1280.8,385.1,13.64,34.36,72.82,113.65,29.65,976.3,28.6,41.2,2.75,7.31,988.8,87.85
2529.1,85.02,101.06,1855.1,1193.8,307.6,8.79,35.7,56.9,77.73,25.85,779.3,21.28,40.4,2.94,6.08,1044.4,85.66
1682.3,85.41,102.23,1718.4,1083,271.7,9.31,43.73,43.88,59.12,17.75,567.9,16.47,33.4,2.4,6.69,860.6,86.6
2357.5,54.12,57.34,1882.1,1185.5,318.7,12.39,34.13,62.66,87.89,31.07,783.9,22.97,38.8,3.07,7.61,998.6,81.93
2460.1,86.56,108.88,2068.8,1277.4,381.3,15.7,34.81,75.06,112.93,27.29,963,28.9,48.1,2.79,8.63,1035.6,73.37
2263.3,94.22,115.9,2391.7,1367,460.7,25.48,21.8,87.77,149.18,31.1,1190.8,36.03,43.8,2.33,9.99,1016,63.69
770.2,87.49,98.14,1393.3,1000,223.2,6.02,55.91,36.44,14.18,5.42,297.2,8.14,31,1.82,6.25,405.4,87.34
1580.8,85.91,104.69,1592,1000,276.4,15.92,49.6,47.99,41.15,12.87,409.3,13.82,32.6,1.94,10.33,898.3,57.38
1049.6,84.81,99.9,1499.6,1000,265.9,13.42,50.23,40.11,28.43,7.73,416.6,11.63,30.8,1.76,8.82,551.2,66.64
3063.8,91.6,111.8,2117.8,1316.6,449.1,23.49,28.54,78.43,107.57,40.6,955.3,28.94,46,2.79,10.34,1298.4,55.84
2815.9,60.99,64.39,2241.6,1341.9,383,17.41,22.35,79.93,131.91,41.35,1096.2,31.87,46.2,3.52,7.77,1173.5,84.58
3158,87.66,113.6,2157.9,1406.8,367.9,15.01,27.31,70.72,102.16,43.19,1037.9,25.72,50.4,3.56,7.11,1275.8,88.74
2273.9,88.86,106.83,1895.5,1166.6,343.1,14.16,39.41,63.67,81.55,27.55,721.8,22.72,39.4,2.53,8.38,1006.8,75.5
1306.1,89.94,106.46,1715.1,1057.1,316.3,13.78,45.68,64.1,64.35,11.85,685.7,19.71,35.2,1.71,9.12,725.5,72.76
3104.9,69.22,72.17,2119.9,1361.1,359.4,12.84,30.44,72.58,112.72,44.26,1046.7,25.68,47.7,3.88,6.47,1256.3,88.84
2868.7,94.39,113.4,2186.2,1360.2,432.2,17.98,24.62,76.27,115.14,38.5,1029.3,28.48,46.7,2.94,8.49,1207.1,73.6
2410.6,56.73,55.92,1766,1089.8,351.2,17.24,41.48,60.23,69.27,26.74,684,20.28,38,2.97,10.3,1050.2,58.06
807.6,89.01,103.68,1471.7,1000,233.9,6.58,56.27,39.33,17.77,7.32,289.1,9.81,35.3,1.49,7.44,428.1,76.21
2018.8,85.1,103.06,1744.1,1153.1,276.9,7.54,42.05,46.61,65.81,19.81,691.7,16.98,36.1,2.57,5.95,934.5,90.19
2524,90.26,108.45,1851.2,1134.5,372.9,15.84,35.47,59.91,80.8,26.85,702.6,22.25,39.7,2.72,8.36,1071.1,67
1027.5,67.88,66.73,1619.4,1047.1,279.8,11.07,46.36,48.03,49.31,11.43,630.8,16.72,34.8,2.17,7.27,521.7,83.92
763.4,85.49,100.82,1468.5,1004.4,198.9,6.17,50.8,27.07,23.65,7.08,444.4,10.54,32.5,1.67,5.46,392.6,90.05
2656.1,90.15,111.48,2249,1312.9,457.9,21.07,28.97,83.25,131.56,34.38,1096.8,33.29,43,2.72,10.1,1160,64.58
2388.7,89.21,111.46,2122,1231.5,440.1,22.51,34.92,88.37,121.05,26.43,983.1,32.26,39.7,2.5,10.51,1093,55.68
2501,85.1,99.68,1981.4,1247.7,351.9,11.35,31.74,68.23,94.94,33.5,840.1,25,43,2.9,6.53,1029,89.79
1643.7,90.19,105.77,1659.4,1000,276.6,12.72,46.18,51.44,61.36,11.68,632.6,17.85,36.5,2.15,8.6,889.4,72.95
2334.5,84.41,98.93,1731.3,1130.2,300.4,9.66,42.16,60.35,67.89,23.18,672.8,19.53,41.2,3.01,7.2,968.4,84.28
1245.3,87.07,104.54,1552.7,1000,264.9,10.98,48.45,44.71,49.35,9.75,590.1,15.35,32.3,1.79,8.44,672.6,74.54
1644.3,89.63,105.19,1798.4,1151.9,263.6,10.42,43.06,54.06,72.65,16.35,762.2,20.41,37.1,2.48,6.74,846.9,93.21
807.2,81.61,97.78,1528.5,1042.9,235.5,8.21,45.68,41.07,33.39,6.97,463.2,12.95,31.8,1.75,5.8,405.5,96.09
2515.5,84.6,106.17,2343.1,1404.6,423.7,20.66,21.08,78.88,140.67,35.09,1188.2,34.79,47.2,2.98,8.06,1066.9,80.58
1294.3,57.99,60.31,1764.2,1150.6,278.8,6.98,46.26,49.57,65.79,12.29,737.9,18.9,33.4,2.33,6.1,711.9,96.64
1506.2,47.22,45.64,1663.8,1122.9,236.1,4.74,45.3,38.97,53.85,18.05,634,14.31,33.3,2.65,5.59,798.5,93.24
1530.9,68.75,71.28,1811.6,1167.4,269.9,8.64,42.51,48.21,78.31,16.22,712.1,21.11,37.8,2.67,6.31,813.6,91.14
2607.8,86.97,103.91,2092,1268.7,371.3,14.12,29.72,67.71,97.15,29.32,969.6,24.57,48.7,2.91,7.49,1084.7,82.75
2047.1,90.28,111.98,2131.2,1286,329.5,11.05,29.51,64.92,118.81,27.2,1064.9,29.4,43.5,2.5,5.7,949.4,95.51
1420.3,84.8,102.34,1690.9,1045.3,338.4,13.42,47.76,53.89,63.91,13.33,557.7,20.05,30,1.93,10.16,802.8,66.05
783.3,87.9,97.85,1451,1000,176.6,8.89,50.42,37.2,22.75,7.05,323.9,10.75,28.4,1.2,6.36,416.9,81.26
1125.2,87.24,101.76,1633.9,1000,317.5,10.48,41.48,48.16,47.13,10.15,597.8,15.08,31.9,1.88,7.27,607.7,76.14
1805.9,90.24,104.5,1760.7,1137,278.4,9.75,41.7,51.55,73.22,16.81,701.7,20.65,35.6,2.6,6.99,868.8,89.14
1096.9,86.86,104.35,1449.3,1000,219.3,9.81,55.55,41.02,24.95,8.6,349.4,11.72,32.6,1.71,8.04,565.4,71.76
2361.7,85.87,106.15,1769,1138.1,304.2,14.64,41.46,60.54,65.92,21.79,672.5,20.22,37.9,2.39,8.15,1021.8,75.21
2237.8,84.11,103.62,1735.1,1189.6,266.6,9.37,41.01,57.11,67.22,25.01,683.8,19.79,38.8,2.51,5.79,959.4,93.85
2675.6,86.34,109.46,1825.5,1181.9,333.7,12.52,39.28,63.42,72.05,31.74,719.3,20.28,38.6,2.87,7.7,1132.1,76.93
1713.4,89.47,106.69,1722.5,1039.8,331.9,18.75,38.1,56.68,60.77,12.86,588.3,18.88,36,2.26,10.06,927.4,59.12
807.8,83.01,93.03,1373.7,1000,211.3,10.67,52.34,31.24,8.93,7.87,280,7.84,32,1.6,8.29,419.9,72.79
2153.6,54.09,57.71,1912.2,1231,340.7,8.24,36.47,57.35,90.76,26.16,817.5,24.79,42.6,3.19,6.99,972.4,86.38
2420.9,91.76,113.49,1961.9,1186.9,386.4,18.58,36.94,69.79,96.79,21.95,868.7,25.01,42.9,2.56,9.82,1061.4,60.73
2735.8,87.14,100.34,2162.4,1395.5,375.8,10.33,30.76,72.63,118.34,38.94,1084.2,27.3,47.7,3.25,6.4,1115.1,99.07
2533.7,92.69,112.74,2331.9,1352,432.9,19.19,26.07,81.92,147.89,34.02,1200.2,36.15,49.1,2.92,8.36,1045.6,83.21
2408.8,84.61,106.2,2094,1294,350.8,13.5,30.08,76.87,118.4,31.57,965,30.33,41.7,2.58,7.27,1014.1,82.91
770.2,84.63,96.04,1532.5,1023.1,233.9,4.47,50.64,39.16,33.39,7.06,468.1,13,33.5,1.65,6.28,404.8,92.77
1676.6,86.79,103.57,1683.4,1093.5,301.5,12.92,46.04,46.18,63.55,16.34,677,18.66,35.4,2.15,8.15,895.5,77
3186.6,87.4,107.36,2177.1,1372.7,451,20.68,33.79,84.05,116.65,44.53,1121.7,30.58,47.6,3.13,10.01,1324.7,70.27
2633,93.23,117.44,2112.7,1299.7,405.2,17.52,33.55,74.37,105.8,36.27,966.8,27.49,43.4,2.38,9.05,1086,71.25
1588.3,86.95,105.1,1465.9,1025.7,207.5,6.28,49.15,34.34,26.52,15.81,430.9,10.65,35.7,2.2,6.37,849.3,89.74
1138.8,83.4,94.3,1423.4,1032.4,210.8,4.98,52.18,40.35,16.74,7.89,442.2,9.77,33.6,2.09,6.74,575.2,91.14
1548.2,88.46,103.11,1608,1017,285.5,13.46,47.96,45.83,42.48,16.76,444.9,13.74,36.6,1.99,9.07,863.6,71.82
3279,83.64,104.85,2418.9,1578,447.8,17.67,17.37,80.4,140.7,52.65,1243.8,33.42,52.6,3.83,7.02,1255.6,93.63
1908.2,88.66,108.25,1870.1,1135,349.1,12.12,40.92,57.62,88.25,18.87,901.9,23.39,38.8,2.34,8.01,932.3,80.18
712,86.92,102.58,1471.6,1000,294.1,11.36,53.38,42.61,23.71,3.12,301.1,10.92,28.7,1.46,8.45,394.8,69.68
2045.5,83.93,106.17,2122.3,1228.3,336.1,19.13,24.41,72.67,111.09,22.67,906.1,30.47,42.7,2.08,8.69,966.6,63.44
1129.4,87.27,105.45,1667.7,1080.6,312.7,11.94,45.51,53.05,66.08,9.41,644.1,18.02,37.9,1.92,8.27,594.6,81.7
1515.5,85.45,104.55,1576.5,1005.3,285.1,10.74,46.19,45.19,46.94,14.73,495.1,15.79,31.3,2.08,7.92,852.3,72.48
2482.9,84.72,105.92,1879.9,1225.1,320.2,7.03,36.58,50.76,80.66,27.76,863.4,22.48,45.3,3.15,5.39,1009.1,94.61
2397.5,71.53,92.8,2128.1,1289.3,400.9,17.33,28.19,73.22,120.18,33.69,1046.3,31.04,41.7,2.71,8.83,1062.3,73.59
2675.1,89.06,110.16,2388.9,1447.8,425.3,17.74,17.43,86.25,149.03,40.21,1234.7,36.14,53.1,2.91,7.24,1106.9,78.83
3201.7,83.67,104.26,2162.8,1400.3,423,16.43,24.81,78.82,109.95,42.17,1062.8,27.15,50.1,3.56,7.68,1293.2,81.39
1594.3,87.05,108.02,1867,1149.5,270.3,8.82,35.5,56.06,82.7,16.11,809.8,22.98,39.2,2.27,5.49,838.3,95.29
1780.5,86.76,107.73,1714.4,1050.9,314.2,18.13,39.1,53.34,65.88,14.5,580.7,19.52,33,2.03,10.2,932.2,57.47
1379.7,85.92,102.09,1516.3,1021.1,267.9,9.62,50.44,40.55,26.16,10.72,403.4,12.75,37.6,1.87,7.29,773.8,82.87
1852.3,90.6,112.72,1948.1,1180.4,337,14.13,37.76,62.3,95.19,22.22,861.4,25.34,39.3,2.39,8.46,922,72.21
1684.8,86.36,106.16,1692.8,1026.4,296.6,12.82,45.75,55.54,69,14.13,660.3,20.57,33.6,2.36,8.18,876.4,80.17
2061.7,90.69,113.7,2006.4,1223.4,373.4,10.81,34.76,61.3,98.82,23.01,847.8,25.94,43.7,2.4,6.12,958.4,90.47
2414.9,91.81,110.11,2295.1,1351.1,389,11.99,22.02,72.5,134.65,30.13,1098.3,31.67,44.1,3,5.23,990.6,92.46
1605,88.06,105.25,1735.5,1061.4,272.5,9.53,42.2,48.58,68.91,14.56,692,19.55,34.8,2.39,6.74,824.9,84.32
2367.2,67,70.31,2230.3,1275.1,417,20.86,30.29,86.93,142.19,33.19,1106.7,36.18,42.8,3.08,10.25,1071.5,66.72
1392.6,86.63,104.7,1765.8,1115.3,294,8.41,43.22,54.01,73.32,12.33,725.1,20.01,34.4,2.09,7.61,797.6,88.19
2704.1,89.85,110.91,2153.2,1275.8,448.6,21.99,26.4,78.68,117.52,28.93,1070.1,30.85,47.4,2.77,8.92,1145,66.63
3192.1,88.98,106.15,2255.6,1418,408,16.84,26.25,74.9,124.3,48.12,1096.1,29.94,54.3,3.29,7,1228.8,91.15
2170.7,89.57,110.4,2095.9,1218.8,416.2,21.72,29.23,75.48,107.49,26.18,829.7,29,39.3,2.28,10.68,1013.8,59.65
3284.5,88.92,108.93,2034.3,1325.1,348.3,16.4,35.27,72.37,99.79,42.52,949.5,26.52,51.7,3.19,9,1338.5,70.05
2354,90.87,109.64,1920.1,1203.5,363.3,12.74,36.12,64.37,83.89,26.03,788.3,23.06,44.4,2.48,7.93,1020.4,76.92
815.4,80.05,95.7,1428.4,1000,212.4,8.82,60,33.92,19.11,5.28,387.7,10.8,30.5,1.79,7.02,416,86.51
2470.4,91.39,112.33,2007.4,1234.3,376.1,13.58,31.38,68.38,99.38,30.68,954.9,25.11,44.5,2.71,6.99,1052.4,80.68
2935.5,88.81,107.85,2171.8,1342.2,423.9,19.96,31.26,78.92,115.88,38.94,1052.7,28.71,52.2,3.13,9.66,1238.8,73.51
1852.2,88.39,107.06,2030.4,1212.8,395.8,17.78,36.32,70.9,116.28,23.94,920.6,28.14,39,2.19,9.12,908.3,72.38
2927.2,89.67,109.68,2158.2,1363.3,408.3,14.63,21.78,67.76,108.35,38.88,1025.2,29.55,46.6,3.03,6.93,1201,89.63
795.7,80.44,96.23,1437.3,1034.4,210.4,4.86,52.17,43.88,22.84,7.53,399.2,10.14,29.9,1.68,5.86,427.9,87.2
1411,89.13,105.55,1853.4,1088.3,275,9.27,40.56,50.04,77.69,15.28,739,22.12,40.7,2.06,5.96,781.2,87.93
2292.8,85.93,107.89,2005.9,1146.4,418.3,20.44,36.14,77.42,106.66,24.48,840.3,28.08,42.4,2.5,10.12,1039.4,59.15
1638.3,83.54,95.07,1526.7,1049.7,220,8.34,49.58,40.33,38.04,14.44,504.9,12.99,33.4,2.4,6.38,849.8,91.82
826.1,89.08,102.51,1386.3,1000,221.2,11.29,53.89,43.75,14.6,6.69,280,8.33,31.1,1.72,7.82,443.5,71.73
1291.1,88.55,103.8,1744.2,1061,313.8,11.34,39.01,60.45,63.96,15.26,686.3,20.57,36.2,1.84,8,699.5,75.33
2524.2,86.63,106.22,2175.8,1327.2,379,13.1,26.51,73.09,119.58,31.34,1015.2,28.41,45.1,3.26,6.23,1033,94.17
2845.6,90.6,110.22,2002,1272.4,382.1,16.74,33.86,70.38,90.15,30.63,833.3,23.51,48,2.99,9.09,1190.3,72.38
2797.9,86.48,105.28,2358.1,1415.5,432,15.6,23.47,81.89,135.32,36.31,1126.8,32.72,49.2,3.32,7.23,1171.6,89.35
3171.8,83.91,100.51,2162.3,1428,378.2,10.34,27.46,66.7,104.87,41.19,1047.5,26.48,53.6,3.52,5.08,1238.2,98.59
1142.7,83.77,99.79,1709.6,1090.6,279.3,7.72,46.73,50.27,55.98,11.09,597.5,17.38,35.8,1.99,6.8,610.9,83.37
1529.5,91.27,108.63,1969,1178.9,353.8,15.81,38.12,69.36,101.52,17.05,952.9,25.62,39.2,2.07,8.64,833.4,76.38
2330.7,89.24,111.43,2120.8,1276.4,397.3,16.17,26.17,75.81,108.74,28.02,1085.6,27.86,42.4,2.78,7.44,1024.8,78.16
768.9,81.39,94.93,1363,1000,213.7,7.76,55.71,36.61,14.37,5.15,398.5,9.52,32.2,1.56,7.25,410.4,83.52
802.5,86.81,99.83,1412.9,1000,223,8.85,52.26,31.92,15.49,9.1,335.5,8.52,33.5,1.62,7.05,417.6,80.47
1913.7,88.12,109.45,2007.5,1218.8,396.7,17.49,37.26,73.09,102.32,21.07,881.5,28.01,37.2,2.09,8.36,941.7,73.44
1950.5,53.97,51.86,2138.1,1303.9,366.1,16.37,33.97,68.12,125.31,28.98,986.9,30.38,44.8,3.1,8.57,945.5,83.47
2497.7,87.44,107.95,2096.7,1346.4,370.1,12.08,33.41,65.32,119.86,36.03,1075.4,29.2,49.4,3.17,6.94,1008.2,99.14
2294.3,86.93,103.86,2094.1,1293.6,339.2,10.02,28.36,66.39,104.88,26.67,971.9,26.54,46.5,2.95,5.92,958.6,90.95
2214.2,82,102.37,2172.3,1286.5,341.2,10.14,19.52,73.85,125.04,24.28,1042.2,29.8,44.8,2.83,5.58,959.7,95.13
1996.5,88.62,104.9,1849.4,1175.7,369.6,13.47,45.41,53.44,81.09,22.22,809.7,22.89,39.6,2.61,8.1,926.3,83.09
1650.6,88.89,106.05,1722.8,1057.4,317.3,15.73,43.71,57.01,68.46,19.16,602.4,19.32,33.1,2.02,9.43,909.7,56.19
1216.2,87.12,99.94,1580.3,1034.8,315.7,14.63,54.63,51.17,46.94,10.63,588.1,15.6,31.6,1.7,9.26,670.5,67.14
1773.6,85.03,100.38,1496,1007.4,202.5,5.39,53.87,41.19,35.15,15.25,484.9,11.99,33.8,2.4,7.21,870.8,84.01
2167.6,89.77,108.95,1740,1153.2,334.7,16.14,41.77,63.18,62.74,22.41,652,19.15,37.4,2.45,9,973.1,70.64
1544.8,92.14,107.37,1804.6,1117.2,291.1,15.03,40.37,61.75,84.45,16.96,735.2,21.65,37.4,2.14,8.83,862.8,73.64
742.4,91.27,110.02,1490.1,1000,271.5,12.86,53.26,41.8,28.08,5.77,344.2,12.28,30.2,1.51,8.49,407.4,68.78
2107,87.97,106.12,2029.5,1285.9,374.5,9.58,37.1,68.12,102.59,28.54,914.2,25.5,42.8,2.73,6.72,913.3,89.58
1863.4,88.56,104.71,1985.7,1185.3,366,13.28,32.25,68.95,98.5,19.06,897.5,26.35,42.9,2.54,8.05,927.3,80.74
2535.6,56.91,60.71,2072.2,1316.3,344,12.97,34.05,65.03,112.21,32,992.7,27.42,46.1,3.39,7.25,1041.7,92.33
1030.8,84.24,98.38,1670.3,1084.8,269.2,9.48,47.54,49.4,60.99,11.38,670.8,19.16,36.4,2.07,7.36,510.6,89.8
2847.8,88.96,113.57,1898.6,1166.7,387,20.53,36.96,71.06,82.22,28.4,821.9,23.34,38.3,2.85,10.9,1221.2,51.4
1196.8,86.22,95.98,1804.4,1137.5,297,8.56,44.4,50.38,72.16,16.1,744.5,19.76,38,2.13,6.04,635,90.73
1121.8,88.63,108.16,1397.6,1000,262.8,9.92,58.51,38.35,21.11,7.22,354,9.84,30.6,1.84,8.71,598.9,70.24
1083.4,89.03,106.89,1643,1028.3,281.1,16.78,49.56,60.98,47.55,11.59,505.9,15.68,37.1,1.74,10.89,604.8,56.23
811,49.8,51.67,1512.9,1042.6,262,9.86,52.81,38.16,29.65,8.54,522.5,10.71,29.3,1.94,7.81,427,82.92
2524.9,84.67,103.51,1730.6,1123.2,302.7,11.94,44.91,58.23,64.24,25.1,656.5,19.06,38.4,2.83,7.79,1074.2,75.84
1593.3,87.52,102.87,1810.9,1088,347.6,12.85,40.24,61.46,73.15,15.09,667.1,19.45,38.4,2.2,8.67,870.1,72.56
3176.8,88.43,110.94,2205.4,1438.7,412.3,15.29,25.21,74.14,117.86,45.88,1094.9,29.17,56,3.49,7.3,1293.6,84.41
2308.9,85.2,104.41,1910.1,1259,333.8,9.48,40.6,65.03,95.68,27.58,803.2,24.33,39.9,2.74,6.47,1003,87.25
851.6,87.57,103.04,1433.9,1000,287.7,13.44,52.74,47.84,23,7.95,360.5,10.39,31.3,1.51,8.6,459.5,70.24
1760.7,92.13,111.14,1930.1,1125.1,392.6,21.96,35.88,74.27,96.24,17.23,860.7,25.46,36.2,2,10.11,926.8,59.13
2581,90.69,106.47,1887.6,1239.7,309.2,12.7,41.42,63.25,82.55,29.97,843.8,21.99,47.6,3.13,8.02,1059.1,85.42
1916,92.26,110.96,1788.7,1123.6,284.3,13.48,37.98,59.8,71.17,20.78,646.2,20.29,43.4,2.27,7.66,932.9,73.47
1356.8,82.75,99.48,1703,1124.5,271.7,6.55,47.54,47.75,60.43,14.09,694.8,17.8,37.6,2.1,6.35,747.5,93.15
848.3,70.37,83.38,1385.6,1000,240.7,6.15,56.31,37.5,20.76,6.67,420.4,11.16,34.1,1.86,6.52,440.7,92.14
1251,84.7,99.17,1497,1000.5,254.2,9.92,53.36,40.13,30.69,12.55,445.3,11.86,31.6,1.87,8.34,679,78.43
3228,88.92,107.83,2193.6,1464.7,412.3,14.45,28.92,74.57,118.7,46.18,1170.4,29.57,49.3,3.44,6.92,1265,92.12
1577.2,83.59,102.21,1486,1000,296.2,12.44,56.24,44.18,30.66,12.37,397.9,13.12,35.3,2.05,9.73,896.4,57.72
828.5,86.42,104.16,1369.2,1000,238.4,11.94,60,35.89,12.31,7.96,280,9.17,30.8,1.58,9.06,444.1,65.23
1283,86.14,100.09,1480.1,1034.4,229.3,9.87,46.65,40.38,26.8,12.01,409.5,11.12,36,1.92,6.04,710.6,83.8
2055.2,85.9,100.57,1848.9,1212.2,268.2,6.5,37.24,49.47,82.92,21.83,846.9,23.42,40.8,2.78,5.24,892.7,98.05
3050.9,90.29,117.17,2260.3,1417.8,448.1,19.88,24.78,79.5,128.79,42.06,1134.4,30.85,53.3,3.11,8.3,1248.2,74.75
2908.7,86.79,102.59,2175.2,1404.3,378.5,13.87,28.38,67.71,116,38.55,1024.8,27.72,49,3.23,5.9,1150.6,97.25
2965.9,89.5,112.82,2215.3,1331.2,444.1,27.28,28.92,82.94,120.54,38.93,1063.7,31.53,47.5,2.58,11.29,1231.1,58.34
2639.6,89.13,110.66,2372.5,1402.2,470.1,19.44,20.95,84.36,142.62,35.23,1117.6,34.13,50.8,2.89,7.69,1089.3,76.68
1767.4,86.65,107.86,1907.9,1179.3,361.4,14,37.47,57.27,91.49,21.03,800.1,24.55,40.1,2.05,7.95,894.8,75.45
1610.3,88.92,105.95,1774,1070,295.3,11.22,38.91,51.39,75.64,13.9,756.8,21.64,39.4,2.2,7.7,864,78.66
1709.8,88.53,104.39,2095,1242.6,371.7,17.03,34.92,73.21,127.26,19.89,1023,31.11,39.8,2.36,8.27,895.9,83.77
1716.3,82.94,98.66,2170.9,1309.3,385.9,13.22,31.16,70.94,127.02,21.53,1060.7,30.03,40.9,2.48,6.22,856,97.43
784.5,85.02,99.51,1338.3,1000,237.1,9.92,60,35.57,13.72,4.64,280,9.17,33.8,1.45,8.95,417.8,70.55
2642.8,86.79,106.42,2223.2,1332,388.8,12.76,24.57,68.92,122.18,33.7,990.8,29.53,47.7,3.17,5.85,1078.7,89.35
1970.5,83.05,97.41,1791.8,1163.7,280.3,4.67,38.4,51,72.79,17.9,819.4,19.38,38.4,2.91,4.76,917.8,99.62
2263.7,91.23,113.49,2359,1368.2,500.9,27.05,25.57,90.29,155.25,33.22,1184.5,37.1,43.7,2.2,10.41,1023,59.35
1568.9,86.54,99.8,1858.7,1157.9,310.6,10.3,41.92,66.19,84.29,19.7,715.5,22.85,36.8,2.35,7.56,822.8,91.63
1524.5,85.48,97.14,1500.1,1000,234.5,8.32,54.48,43,27.74,13.93,440.8,12.84,33.7,2.34,7.06,843.2,82.36
3063.3,66.86,68.14,2306.4,1439.7,452.9,19.87,24.23,85.87,130.12,45.46,1174.5,31.21,50.1,3.83,8.5,1253.5,78.89
2625.8,84.26,99.91,1886.9,1192,320.4,8.64,34.54,54.86,75.73,26.18,837.6,20.06,39.9,3.12,5.93,1072.2,94.85
1321.2,86.45,101.75,1592.5,1059.8,242,12.12,50.03,45.16,45.35,12.31,545,16.09,32.8,1.9,8.19,735,78.81
2364.9,92.24,112.37,2408.8,1341.9,467.3,22.47,26.03,83.02,160.02,34.45,1266.5,37.48,47.2,2.36,9.55,1045,72.61
1584,86.79,108.33,1777.6,1072.2,354.7,15.68,47.4,51.57,68.85,14.19,586.8,19.46,38.6,1.99,9.29,870.4,63.81
2253.9,85.49,102.97,2122.7,1264.1,423.5,21.06,32.58,80.06,114.82,32,936.8,30.11,47,2.39,9.45,1025.5,64.82
2551.7,87.61,109.76,2125.1,1295.9,404.6,18.36,32.04,77.72,107.24,32.41,896,27.74,43.3,2.81,9.2,1078,73.32
1635.4,85.41,104.56,2112.5,1240.5,325.1,11.16,27.08,66.11,122.48,19.61,1024,30.07,38.2,2.4,5.34,830.5,94.77
1655.8,86.87,109.03,2022.1,1222.5,361.1,16.54,40.93,68.09,112.8,20.52,934,27.32,41.7,2.17,9.16,854.2,80.52
2565.3,89.21,111.57,2133.9,1280.7,407,14.83,27.94,73.33,120.88,30.43,1005.3,30.13,44,2.97,6.98,1062.4,89.95
2567.7,85.43,100.41,1973.9,1260.5,317.9,7.79,29.32,65.72,90.49,31.82,885.2,22.86,45.9,3.29,5.24,1036.7,94.85
797.4,82.01,96.81,1522,1000,255.7,8.23,50.26,42.15,29.29,7.66,475.5,12.72,33.7,1.6,6.84,414.3,81.03
1078.2,85.47,102.1,1487.5,1017.3,267.8,10.53,50.14,45.03,31.87,11.94,534.9,13.06,31.9,2,7.99,559.4,75.12
2010.5,91.48,112.55,1895.9,1118.9,384.9,16.89,38.4,65.11,84.87,19.42,716.4,22.94,38.1,2.36,9.07,984.2,68.91
2895,87.6,110.78,2183.6,1338.8,445.6,23.56,27.73,75.6,113.85,39.93,1011.6,30.55,43.5,2.71,9.8,1198.2,62
1603.9,87.49,102.4,1732.6,1121.4,258.6,7.43,44.17,52.35,66.79,18.79,742.4,18.87,33.6,2.15,6.37,829.8,88.38
1158.8,81.83,98.6,1514.2,1036.8,242.5,6.19,47.39,38.47,42.07,11.26,571.5,13.33,35.3,2.1,5.51,589.2,92.1
794.6,84.65,98.99,1373.7,1000,232.6,9.02,57.05,33.14,8,4.03,280,7.3,36.4,1.55,8.94,442.2,64.99
1788.2,89.86,108.89,2065.4,1177.8,413.6,17.93,32.18,73,113.47,21.23,1045.8,28.05,35.4,1.96,9.18,924.1,70.36
1377.2,91.39,107.44,1638.6,1091.7,259.5,9.3,48.06,46.99,57.54,11.51,601.5,17.12,32.3,2.07,7.14,771.6,85.54
2556.5,88.88,106.61,1820.9,1184.7,312.4,13.11,34.14,62.26,65.63,27.66,656,18.54,40.7,2.99,8.07,1066.7,72.22
843.6,86.4,98.69,1328.5,1000,197.1,10.15,55.64,39.16,12.19,7.56,292.5,9.35,33.2,1.67,8.01,433.7,78.04
2978.5,47.84,50.48,2399.9,1459.4,445.9,20.99,16.55,82.48,144.03,50.94,1227.3,33.68,46.4,3.86,7.85,1229.5,83.13
1537.9,87.69,111.62,2022,1174.6,363.1,11.9,33.64,61.8,113.44,15.43,862.2,29.39,38.5,2.2,7.83,838.3,84.02
2512.9,86.63,107.19,2074,1243.2,364.4,13.94,35.8,68.73,108.51,26.88,897.6,28.26,46.5,2.94,7.83,1066.2,79.27
1980.7,87.13,105.24,1823.9,1148.4,341,11.66,38.41,70.24,87.64,17.79,863.1,22.02,33.7,2.4,8.01,932.3,83.43
2975.5,88.1,108.47,2450.3,1495.5,483.9,19.96,15.46,82.32,146.6,45.61,1248.9,34.5,49,3.34,7.79,1211.4,89.02
834.2,88.53,102.09,1389.4,1000,195.5,7.21,53.76,31.54,14.04,6.46,297.5,8.52,33.1,1.49,6.3,429.9,88.11
1769.5,86.69,100.47,1805.5,1154.2,277.2,8.81,41.54,50.08,70.8,17.43,764.4,19.24,41.2,2.69,5.87,890,91.57
1301.2,91.46,109.47,1607.1,1045.5,290.2,14.24,45.93,50.86,50.1,12.41,590.6,16.16,32.2,1.83,9.9,747.3,66.08
2661.3,87.82,107.79,2084.9,1284.4,364.9,12.42,24.34,67.86,103.75,31.55,943.5,28.08,47,2.77,6.27,1070.6,84.3
809.9,85.95,100.78,1560,1000,232.4,12.52,48.42,43.63,31.24,6.25,357.2,12.14,33.6,1.51,8.02,414.8,76.39
1276.9,89.94,106.22,1482.1,1007.6,243.5,10.83,51.29,38.8,35.13,9.9,409.3,12.08,29.7,1.82,7.4,715.5,77.22
1512.3,85.92,100.82,1690.8,1142.7,254.9,7,48.35,45.41,64.29,17.16,698.4,17.63,37.2,2.14,6.17,826.6,94.9
1480.9,88.47,106.63,1718.2,1078.1,286.1,12.97,42.13,50.91,66.18,16.86,580.3,18.81,34.2,2.21,7.82,814.1,78.93
2406.4,90.78,112.53,2153.4,1292.3,376.1,18.35,28.33,70.3,125.47,29.56,1021.5,32.93,43.6,2.75,7.53,1003.9,78.17
817.9,88.53,105.15,1516.2,1000,252.5,12.86,50.25,41.11,28.15,8.11,347.9,11.39,31.9,1.53,8.72,441.8,65.77
809.2,84.74,100.31,1464,1000,212.9,11.44,57.75,37.66,22.27,8.34,280,11.77,28.7,1.6,9.3,447.2,61.73
3057.6,93.14,117.53,2426.3,1523.2,502,22.04,19.02,83.32,149.09,48.03,1246.4,34.77,48.3,2.96,8.76,1294,77.18
796.1,82.39,96.23,1404.6,1000,256.5,11.16,51.92,34.09,22.24,4.68,324.4,10.07,28,1.53,8.21,427.2,76.48
1898.2,87.2,107.91,1824.1,1115.8,325.9,11.98,44.14,60.31,77.24,21.96,744.4,21.22,34.7,2.44,8.15,926.5,75.92
1055.8,70.78,85.92,1712,1080.1,248.9,6.35,44.4,49.04,61.97,11.07,656.9,17.79,33.8,2.04,5.75,526.4,86.96
2342.8,87.77,110.45,2212.5,1296.6,403.4,15.67,32.81,78.28,131.87,28.65,1060.9,32.07,46.4,2.78,7.46,1001.5,86.96
3295,47.83,47.76,2378.2,1517.5,435.6,14.56,19.45,80.04,130.94,60.94,1206.2,31.38,52,4.55,6.1,1273,96.93
805.7,86.44,100.37,1460.2,1000,250.4,11.03,49.82,35.24,27.85,5.67,468.7,11.38,29.6,1.65,6.78,416.7,81.9
1267.3,83.75,97.34,1593.5,1077.8,295,13.12,52.34,47.53,46.04,13.31,641.3,14.12,33.7,1.88,8.64,717.1,78.69
1728.7,85.83,103.13,1686.2,1077.4,256.5,6.76,41.39,46.63,64.82,18.68,598.4,18.74,38.1,2.24,5.55,897.1,90.39
2486.6,83.79,106.57,2300.5,1407.7,426.8,22.28,26.28,86.82,146.04,38.59,1123.1,35.5,47.5,2.54,9.63,1079.1,73.98
1322.4,84.17,97.11,1473.2,1052.5,187.9,2.49,55.98,34.49,23.06,12.53,467.7,10.89,34.4,2.26,5.4,697.3,99.28
2086.8,87.84,107.69,1861.8,1156,349.5,16.27,37.53,60.36,83.9,19.63,740.5,22.34,37.9,2.58,8.47,992.3,71.28
1616.6,88.69,104.54,1631.1,1037.9,254.8,6.71,46.7,45.82,38.79,14.1,482.8,14.72,34.7,2.15,6.74,873.2,80.68
1630.3,82.95,98.04,1820,1119.3,319.9,11.63,40.62,56.71,78.59,14.06,758.1,21.71,36.2,2.42,7.44,866.4,85.25
2984.1,90.2,111.8,2331.9,1394.6,499.2,26.69,21.29,91.88,136.95,44.7,1214,34,51.6,2.78,10.72,1315.8,54.19
795.1,87.23,103.11,1525.7,1000,273,8.86,52.06,39.27,31.73,4.86,411.7,13,31.4,1.47,8.21,427.1,77.16
825.2,58.57,56.09,1438.1,1000,209.6,9.34,56.08,39.83,14.7,7.71,397.1,8.13,34.3,2.01,7.82,438.9,77.71
2253.1,85.97,108.66,1919.4,1165.8,352.2,16.41,38.72,73.23,88.68,24.45,781.3,23.54,41.4,2.46,8.98,1025.8,69.73
2338.1,89.63,114.3,1971.2,1188.6,426.4,19.17,37.62,76.72,100.75,24.83,890.6,26.51,41.8,2.41,10.08,1046.3,66.08
2420.9,87.04,108.96,2047.2,1255.5,375.2,16.38,35.07,68.69,105.93,27.91,931,27.67,39.2,2.66,9.02,1017.5,73.42
2332.3,87.23,106.26,1982.8,1198.8,302.7,8.82,32.83,63.34,92.05,25.91,901.4,25.61,41,2.81,5.5,988.3,93.12
2769.7,92.19,115.85,2423.2,1467.3,490.1,24.36,17.67,85.99,150.62,42.3,1220.5,36.2,48.1,2.68,9.35,1150.8,75.04
1747.4,87.33,103.45,1679.6,1112.7,261,9.17,40.01,47.22,53.17,18.31,567.8,16.86,39.7,2.26,6.28,868.1,85.94
2030.8,85.99,104.96,2171,1275.6,428.6,16.59,33.46,79.2,121.51,27.02,1023.2,30.86,43.5,2.34,8.33,984.9,75.3
791.9,66.76,64.12,1472.3,1000,247.1,10.22,52.67,38.19,26.42,6.87,399.6,11.14,32.2,1.79,8.44,436.8,72.26
1338.9,82.45,98.33,1478.5,1019.1,240.3,10.51,49.63,36.76,32.46,11.92,481.6,11.12,33.1,2.18,6.98,749.4,87.92
1453.6,58.94,57.88,1697.2,1021.6,324.5,16.08,45.5,55.68,64.31,11.99,566,19.48,37.1,2.42,9.85,849.2,59.12
1027.4,86.72,101.86,1520,1042.9,257.1,8.56,44.64,45.25,34.43,9.1,434.6,11.28,28.4,1.79,7.53,538.5,76.31
1856.3,89.25,109.64,2011.5,1155,384.6,19.43,35.39,76.62,105.78,21.96,899.6,28.04,40.5,2.01,8.99,939.8,66.86
2520.4,89.34,112.68,2153.2,1260.7,450.7,21.06,24.08,75.18,115.17,31.13,1041.3,28.52,42.8,2.46,8.92,1088.2,66.87
1086.8,88.83,105.83,1532.1,1000,257.2,9.88,52.59,43,34.33,8.56,438.9,13.13,29.7,1.74,7.56,555.2,76.53
2548.5,86.64,106.73,1927.9,1180.3,344.9,15.98,34.65,65.18,83.52,28.29,747.3,23.88,39.8,2.9,8.29,1094.1,69.8
1790.7,85.65,101.44,1561.3,1062.7,274.1,11.57,54.16,43.74,49.89,19.75,572.7,15.34,35.9,2.28,8.18,903.8,80.55
2436.9,86.33,107.3,2228.9,1367.4,397.3,14.54,27.94,71.46,126.81,33.47,982.2,31.19,47.2,2.9,6.79,997.6,89.42
2332.7,86.85,107.64,2116.4,1286.3,375,14.15,31.55,70.95,109.43,29.81,934.8,28.43,46.5,2.69,7.58,1000.4,85.92
2580.1,89.71,117.59,2321.5,1355.2,502.5,27.25,28.75,88.2,141.9,36.13,1177.8,34.86,44.9,2.54,11.86,1119.5,58.82
820.2,59.42,60.81,1429,1000,245.2,5.76,55.11,31.38,16.92,5,351.6,7.6,29.5,1.91,6.36,434,89.18
1018.5,91.91,107.85,1614.4,1040.6,279.2,9.11,45.65,51.03,50.33,8.59,655,15.38,35.5,1.84,6.85,520.3,85.8
1132.8,90.41,103.62,1639.5,1076.7,248.5,9.08,42.74,44.94,53.34,11.08,572.9,16.65,37.1,1.89,6.9,583.9,87.74
1564.4,86.11,103.61,2075.4,1178.4,358.5,12.92,29.89,62.93,117.16,19.55,990.4,28.12,36.1,2.33,7.22,842.8,87.48
799.8,81.97,99.49,1386.1,1000,209.8,7.23,45.85,34.18,10.82,5.9,407.4,8.09,29.6,1.57,5.93,416.5,87.76
1410.8,84.95,100.83,1634,1032.2,298.5,11.55,48.8,52.72,65.94,11.09,641.3,19.35,34.7,2.13,8.38,790.6,78.77
1168.5,82.98,98.77,1541.7,1000,253.2,14.19,56.07,43.79,39.44,10.53,477.9,14.61,31.6,1.84,9.36,620.8,69.86
1806.1,86.12,102.74,1880.1,1168.2,325.3,10.66,35.86,62.3,84.75,19.9,759.4,23.76,40.6,2.42,6.91,902.3,81.47
1650,86.65,105.55,1934.5,1190.8,340.7,11.01,34.35,57.56,93.42,18.05,766.6,24.44,37.3,2.28,7.08,845.8,91.19
1085.2,83.7,99.98,1588.7,1001.3,310,13.84,51.17,58.32,57.54,14.39,648.2,17.19,30.5,1.79,9.6,564.3,65.58
2319,60.18,58.06,2078.2,1288.7,347.6,14.17,33.81,73.12,116.93,29.65,997.7,28.96,51.2,3.32,8.35,1013.7,81.96
2835.6,90.51,113.01,2243,1347.3,475.7,23.51,21.35,86.07,127.98,38.54,1059.9,30.97,49.8,2.83,9.11,1210.7,67.81
1705.9,86.23,103.4,1707.6,1135.6,276.2,8.48,43.95,46.93,56.86,17.34,623.5,17.53,41.6,2.49,6.33,842.9,92.09
1513.1,82.95,100.06,1705,1049.6,264.9,11.75,42.23,58.21,59.78,15.89,633.1,19.78,35.8,2.01,7.5,847.3,72.19
1712.8,82.78,99.66,1742.2,1139.7,317,8.78,41.79,55.98,75.58,13.85,755.4,19.65,36.4,2.6,6.53,885.2,89.4
1054.4,83.27,95.73,1514,1000,201.9,7.88,48.18,40.4,30.32,6.5,455.8,12.34,34.9,1.7,6.66,540.4,87.66
816.1,88.66,100.36,1491.6,1049.5,218.2,5.7,51.27,39.21,32.4,8.52,395.1,12.9,36.5,1.69,7.06,428.3,88.33
1982.6,88.37,107.44,2044.5,1269.6,382.6,14.68,31.98,64.32,104.96,21.82,857.8,29.33,42,2.53,8.06,942.4,79.83
2203.5,89.12,107.76,2289,1370.2,399.4,19.71,27.62,81.44,137.01,31.99,1046.5,35.12,45.2,2.55,8.03,978.7,77.57
1255.9,84.77,98.48,1522.3,1020.2,210.2,9.78,47.39,41.34,34.95,12.1,525.3,12.58,34.6,2.08,6.59,668.5,84.44
2375.6,84.42,101.2,2063.3,1297.5,356.6,12.96,31.68,58.26,113.66,32.87,985.4,28.83,44.1,2.9,6.74,1003.5,92.07
1863.4,94.59,114.88,2075.8,1142.5,411.4,21.76,29.62,78.91,107.05,22.03,952.5,28.99,34.8,2.17,10.07,958.4,60.06
2029.8,84.53,103.72,1817.1,1132,322.1,9.54,40.86,57.98,82.69,20.73,666.6,20.86,40.4,2.68,6.97,959.3,85.84
2152.8,91.22,111.17,1756,1079.3,350.5,16.78,46.41,61.09,66.13,21.01,609.9,20.2,39.5,2.05,10.46,1046.6,51.85
2642.6,91.22,113.53,2168.4,1341,383.1,11.09,28,75.52,120.43,35.74,1047.5,29.48,42.1,2.72,6.61,1084.7,85.92
1957.9,83.97,101.94,1827,1090,302.3,9.86,38.46,61.37,70.18,21.25,705.5,21.26,41.6,2.5,6.71,914.8,82.33
2355.6,88.87,106.35,1813.4,1164.5,312.6,9.83,41.19,63.12,76.83,24.1,747.4,20.96,37.8,2.64,6.28,1002.9,85.08
2667.1,90.23,110,2276.9,1363.5,453.3,20.12,21.21,73.02,123.89,34.06,1030.5,31.72,44,2.8,8.5,1134.7,69.53
825.8,84.16,97.65,1475.5,1000.9,220,5.41,49.57,39.25,31.49,8.46,510.1,13.3,29.1,1.79,5.99,421.6,91.51
2793.3,89.82,107.7,2319.3,1431.5,400.6,15.64,24.24,74.62,132.88,36.13,1105.5,32.65,49.2,2.99,7.45,1125.3,90.74
1549.7,89.24,108.41,2018.8,1260.5,335.1,12.72,35.64,68.43,111.83,15.9,1037.5,26.62,40.6,2.25,7.22,829.3,93.17
1093.5,84.26,95.94,1485,1000,254,8.81,47.46,43.42,28.74,6.83,378.5,11.71,28,1.82,6.88,560.1,80.69
858.2,84.92,94.89,1407.8,1000,169,9.77,60,34.38,13.84,5.85,355.1,9.01,31.6,1.79,7.38,434.4,88.02
2478.8,89.67,110.08,2084.1,1249.1,448.3,23.8,36.96,74.54,107.09,32.14,965.1,29.19,44.3,2.33,11.13,1107.4,52.46
769.3,85.28,96.18,1418.4,1000,265,11.96,56.65,31.42,17.38,3.01,395.5,9.34,29.4,1.59,8.8,415.3,71.77
2236.3,91.72,113.06,2329,1326.5,454.8,19.35,27.03,79.33,140.36,30.01,1123.1,34.95,39,2.51,8.69,1001.7,77.42
2205.2,88.3,106.84,1990.1,1200.1,380.2,17.44,34.02,62.91,97.43,25.05,756.6,25.48,38.2,2.23,8.72,1016.7,66.54
2337.3,86.52,104.23,1904.7,1204.5,368.6,12.4,35.5,68.18,85.75,25.4,781,22.82,39.8,2.62,7.44,998.6,78.84
1505,83.83,100.34,1746.5,1101.5,287,6.7,44.27,53.34,63.25,15.72,699.3,19.36,37.9,2.4,5.85,804.6,94.48
2372.4,91.96,110.05,2384,1433.4,517.4,24.95,23.71,85.55,152.04,36.5,1268.6,36.96,46.8,2.59,9.78,1066.9,68.26
1007.3,84.44,99.41,1658.1,1016,289,9.81,53.79,52.87,61.9,12.16,647.8,17.11,33.3,1.86,8.08,500,84.48
2259.8,90.77,112.26,2247,1275.2,403,16.87,27.5,75.6,130.78,26.05,1116.3,33.42,50.2,2.62,7.99,971.7,76.99
1894.2,89.83,111.33,2047.7,1235.8,379,14.19,39.51,70.84,118.89,23.76,872,28.62,41.1,2.31,8.35,895.8,81.2
2677.4,90.83,111.09,2062.4,1261.9,385.4,15.14,28.23,74.25,106.91,30.61,933.4,26.82,43.6,2.74,7.75,1115.1,79.1
2240.6,88.59,109.76,2368,1327.4,461.2,23.1,22.14,88.92,152.7,31.15,1216.3,37.56,46.9,2.52,9.48,1017.7,67.8
2502.3,64.4,67.99,2081.3,1264.4,359.2,16.41,35.94,66.66,113.41,31.74,977.5,29.52,46.7,3.1,8.78,1060.2,75.55
885,91.25,108.49,1482.1,1000,283.8,12.22,53.28,46.35,30.44,4.21,415.9,12.86,34.7,1.31,8.85,475,68.64
1309.1,88.56,109.07,1745.9,1071.9,280.9,8.88,43.39,50.91,68.24,12.37,679.1,20.22,34.8,1.99,7.35,687.3,86.33
1062.3,89.36,109.94,1564.3,1035.2,280.6,12.49,48.12,50.96,50.58,10.65,568,16.92,29.9,1.78,8.71,556.5,72.02
2904.5,87.18,106.64,2090.2,1319.4,347.4,13.43,30.33,69.5,111.93,37.04,1030.4,28.51,41.8,3.21,7.52,1217,85.85
2011.9,89.32,112.91,2027,1168.2,446,21.73,34.04,73.26,107.36,23.6,935.8,28.41,37.4,2.09,10.43,964.6,61.75
2516.2,85.05,101.86,1747.3,1234,274.3,7.57,45.19,51.4,58.7,31.6,686,17.12,42,2.82,6.44,1024.6,93.04
1948.4,88.27,104.66,1739.1,1071.4,322.9,15.64,42.55,57.96,65.32,19.3,581,19.06,33.6,2.33,8.89,949.8,65.42
840.4,83.17,97.86,1461.9,1066.7,208,8.72,52.71,36.23,27.69,7.2,426.4,13.24,29.5,1.86,5.96,424,90.04
1849.8,85.53,105.51,1970.6,1215.6,330.2,9.71,35.65,59.58,94.85,17.96,841.3,25.11,39.5,2.4,6.29,889.6,92.08
1691.8,90.86,104.53,1693.7,1040.5,336.7,14.98,44.3,53.08,59.61,18.08,543.2,18.73,33.8,2.07,9.86,939.2,58.93
2612.1,89.87,110.93,1681.9,1098.3,291.8,11.21,46.8,54.9,57.79,27.21,642.2,18.71,37.9,2.6,8.26,1134.9,72.19
3127.8,92.39,113.32,2428.6,1547.8,495.7,22.55,16.81,90.3,142.42,51.8,1219.4,35.3,57.9,3.01,8.77,1283.8,73.55
2131.8,84.54,104.6,1763.1,1195.9,266.9,10.4,45.66,57.6,71.05,22.4,699.8,20.35,42.9,2.74,7.05,981.4,89.88
2363.6,87.2,106.27,2008.2,1208.6,393.1,12.47,34.24,66.52,100.21,29.12,902.6,25.87,38.4,2.84,7.19,1005.7,87.25
3281.2,89.88,112.2,2434.8,1583.8,474.5,20.12,19.04,84.95,143.19,53.95,1289,34.87,57.1,3.27,7.19,1345.3,82.88
1160.9,56.29,55.37,1785.2,1128.6,310.6,8.95,40.57,53.72,71,13.26,712.4,19.9,35.4,2.24,6.14,597.1,93.01
1681.7,84.71,100.91,1810.3,1087.6,306.3,11.33,39.71,60.66,76.39,14.5,810.6,20.05,34.2,2.33,7.9,874.6,85.09
3212.2,91.17,115.48,2024,1310.7,388.9,16.93,31.94,66.94,84.16,38.96,947.6,23.23,45.6,3.16,8.28,1319.5,74.68
1256.9,87.99,101.01,1648.2,1041.9,249.8,9.3,45.6,44.88,44.29,11.21,610.3,15.27,40.2,1.94,7.1,712.8,84.35
1240.6,83.2,96.31,1680.9,1118,259.1,7.72,41.32,50.43,54.47,10.17,635.8,16.5,35.4,2.1,6.06,660.8,96.45
2486.8,90.63,107.11,2013,1262.1,346.6,12.65,30.59,72.32,104.68,29.83,913.3,26.24,41.2,3.05,7.26,1018.5,89.68
2081.5,81.08,99.55,1987,1208.6,325.1,9.72,36.97,63.35,99.24,22.64,895.6,25.22,40.3,2.72,6.39,945.5,96.51
1762.5,87.12,103.05,1732.1,1075.5,306.4,8.17,41.9,49.17,62.36,16.25,620,18.19,37.9,2.55,6.82,879.7,88.05
1627.5,90.9,112.31,2105.5,1218.5,408.5,18.55,35.07,80.74,117.12,19.45,937.2,28.91,40,2.09,8.75,874.6,72.62
1381,89.26,108.72,1715.1,1074.8,314.5,14.02,44.41,54.53,62.86,14.28,613.5,18.8,34.3,1.96,8.49,798.2,70.59
1137.7,84.58,101.37,1718.5,1079.8,265.6,10.05,39.48,48.97,58.09,8.39,670.5,16.81,32,1.73,6.98,587.7,87.67
2669.5,91.3,112.08,2043.9,1266.4,342.4,9.96,29.65,67.99,100.27,27.6,962.6,24.48,42.4,2.93,6.35,1089.8,91.4
2645.5,87.32,112.42,2309.3,1367.7,471.2,25.13,30.34,82.04,139.77,41.61,1155.3,35.36,43.4,2.63,10.16,1136.6,63.04
2958.6,51.79,52.44,1990.1,1269.7,372.3,15.06,39.74,67.82,92.61,41.37,901.8,24.62,45.1,3.81,8.53,1223.2,82.12
1674.2,93.26,112.74,1950.8,1096.6,424.3,22.39,37.26,74.95,94.38,14.66,827.2,26.98,37.6,1.96,11.22,940,47.95
2419.8,54.75,54.5,2164.9,1300.2,402.3,14.1,32.79,79.14,125.01,37.81,1064.7,30.17,45.4,3.62,7.94,983.7,89.61
2309.4,90.55,114.12,2030.3,1155.7,444.4,22.48,37.54,78.28,106.68,25.11,900,29.14,39.8,2.39,10.76,1074.6,51.02
2107.6,57.72,58.06,1876.2,1197.1,285.6,8.81,42.78,58.08,81.08,23.82,776.9,21.74,43.8,3.2,6.5,926.6,94.67
1516.2,86.81,102.49,1589.1,1000,286.5,15.09,48.86,50.67,48.73,13.39,435.9,16.67,34.2,1.77,9.51,851.1,59.75
2295.1,91.59,112.16,2148.3,1235.7,417.6,22.58,31.21,79.84,113.9,29.47,868.4,29.65,43.6,1.99,10.79,1059.3,51.38
1130,81.34,96.03,1556.1,1054,243.2,10.34,49.74,47.62,39.54,10.21,526.2,14.68,30.9,1.94,7.89,593.5,78.13
1156.2,80.49,94.94,1502.3,1035,198.5,7.17,54.15,40.34,31.39,11.89,448.2,11.62,32.2,1.89,6.51,595.1,87.18
2946.4,89.02,109.97,2080.5,1272.7,415.3,18.25,32.03,72.22,108.4,33.45,978.5,26.75,44.1,2.71,8.83,1265.5,66.31
2678.1,50.01,53.3,2283.7,1410.6,427.8,18.92,31.71,79.8,138.75,40.89,1124.4,33.7,50.9,3.55,9.34,1092.3,79.14
2866.6,88.13,111.94,2422.4,1449.9,478.2,22.7,20.04,87.47,140.26,39.87,1166.8,33.65,49.6,3.04,9.03,1209.6,67.38
1269.5,88.14,99.6,1759.7,1079.8,278.8,12.99,44.52,56.45,77.65,11.5,751.5,21.96,34.4,2.02,8,677.9,88.77
1403.5,81.02,95.59,1423.4,1000,257.9,11.49,51.99,45.66,22.65,13.41,333,9.63,32.4,1.98,8.07,798.7,71.9
1797.1,86.82,106.34,1820.4,1158,316.5,12.22,40.56,53.3,76.91,17.74,617.6,21.41,42.4,2.39,7.44,908.6,80.19
1079.5,85.72,102.89,1503.9,1000,275.2,15.16,54.34,44.14,37.83,9.58,434.6,12.61,30.6,1.64,10.62,569,59.48
2687.9,86.8,108.02,2121.9,1297.4,341.2,11.48,31.38,65.92,107.69,31.93,973.2,27.2,43.2,3.05,6.16,1103,91.93
1187.9,81.25,95.89,1628.2,1067.1,249.7,8.7,47.95,48.54,49.35,10.36,603.3,16.74,34.8,2.09,6.63,620.7,91.07
2204.5,90.77,111.49,1929.2,1171.5,347.8,15.68,37.26,62.17,86.8,23.95,798.6,23.61,40,2.22,8.29,983.6,66.57
1114.9,89.01,104.54,1586.1,1017.4,276,10.43,44.68,51.51,45.18,7.9,560.7,16.05,36,1.5,7.75,566.5,76.66
2258,90.73,110.76,2113,1223.6,424.1,20.04,28.75,80.06,111.76,26.66,978.4,29.02,44.7,2.29,8.77,1027.3,64.3
2389.3,88.19,108.92,1877.7,1172.6,357.3,18.17,40.32,59.93,77.95,25.92,753.7,21.42,41.6,2.65,10.27,1061.4,59.79
3037.7,86.33,107.82,2105.8,1340.8,373.7,14.67,29.41,65.2,95.39,36.36,958.2,24.73,47.1,3.35,7.44,1240.2,82.1
1260.5,59.85,57.18,1622.2,1084.6,229.8,7.79,47.01,47.37,54.82,9.82,495,16.04,35.1,2.16,6.48,675,90.25
1664.2,89.18,105.57,1837.3,1095.2,321.4,13.13,38.8,52.26,77.06,14.86,686.6,22.22,39.9,2.22,8.47,896.6,70.49
2323.1,88.9,103.41,1712.4,1056.5,324.9,16.55,41.22,48.34,55.29,19.44,646.2,18,38.5,2.29,9.85,1064.4,60.03
2105.6,88.59,104.45,1909.1,1202.9,348.5,10.97,37,61.49,87.92,21.9,693.4,24.7,42.5,2.62,6.85,942.4,84.83
2544.2,85.22,99.68,1769.1,1176.6,281.5,11.94,42.66,53.53,68.36,29.88,714.1,18.74,35.5,3.12,7.64,1029.8,88.33
3172,88.32,106.86,2156.9,1405.5,366,12.22,25.48,69.12,111.22,43.15,1101.9,27.52,46.9,3.37,6.15,1239.5,91.02
1357.5,87.54,102.63,1543.1,1049.3,271.4,9.41,47.03,51.14,45.41,11.32,636,14.68,33.9,2.01,7.83,767.1,76.3
850.6,80.11,94.92,1392.3,1000,213.5,8.43,56.64,34.71,11.57,6.33,286,7.66,33,1.5,6.9,446.8,84.31
1627.4,86.5,105.07,1648.2,1058.9,261.6,10.38,46.22,46.17,50.82,14.72,568.6,15.91,37,2.36,7.08,865.2,78.73
3123.2,87.65,107.71,2450.1,1560.1,496.2,21.96,16.12,85.84,142.68,49.15,1281.6,34.81,54.2,3.54,8.15,1221.6,81.6
871.8,86.88,100.65,1451.5,1000,260.5,12.3,53.01,41.97,30.8,5.67,478.7,12.79,27.1,1.69,8.82,445.8,72.52
785.5,84.69,97.87,1464.6,1022.3,189.1,4.2,52.65,36.15,18.15,6.69,423.7,10.33,32.1,1.58,4.81,398.5,96.95
2674.2,93.39,110.12,1760.3,1120,284,13.3,43.84,58.72,68.63,24.1,754.8,19.47,38.2,2.84,8.18,1104,79.1
1384.8,85.93,100.24,1630.6,1103.7,252.9,9.79,50.21,51.16,47.08,12.89,584.1,15.21,30.5,2,7.73,766,83.4
1285.1,85.63,96.34,1695.7,1099.6,278,8.54,46.2,50.34,54.13,11.11,633.9,16.14,33.2,2.1,6.02,690.4,92.7
1209.2,86.97,103.92,1735.3,1108.2,298.9,10.42,37.46,52.28,66.89,14.1,695,16.38,34.4,2,6.52,637.6,87.38
1174.1,83.45,99.26,1689.9,1099,272.9,13.04,47.9,56.63,56.47,14.27,641.9,17.19,35.5,1.89,8.37,628.3,83.81
2931.1,92.13,113.44,2111.2,1256.4,454.7,23.76,36.17,87.23,113.77,36.5,1081.2,30.53,46.6,2.72,11.15,1276.6,46.87
2290.8,90.4,107.95,2024.5,1201.8,401,17.9,35.07,79.38,105.37,25.18,884.8,27.21,41.7,2.84,9.41,1014.4,67.75
2338.4,85.38,100.84,2002.9,1250.6,321.6,9.31,29.7,62.38,97.65,28.2,879.5,25,42.8,3.15,5.57,994.6,93.55
1856.2,88.79,108.21,1742.4,1090.1,335.4,15.18,47.34,55.08,66.69,18.59,622.6,20.76,35.6,2.25,9.89,926.6,61.82
2150.8,87.61,103.97,2043.3,1303.7,340.9,9.16,35.67,64.58,100.51,27.4,945.8,24.32,43.7,2.67,6.46,952.5,95.66
1874.4,85.09,100.86,1982.8,1164.2,370,10.96,38.19,65.12,106.24,23.35,864.8,27.27,36.2,2.53,7.18,913,84.68
1495.3,85.65,99.9,1485.8,1000,248.3,8.55,51.63,41.22,29.47,17.17,443.4,11.39,35,1.92,6.9,831,78.49
923.7,49.89,47.79,1451.5,1000,279.4,10.77,55.31,43.37,23.82,9.06,311.4,10.79,31.6,1.86,8.92,497.9,65.89
1464.2,91.17,111.54,1645.4,1016.1,311.4,17.45,48.11,59.43,52.56,11.77,482.4,16.89,36.2,2.12,9.69,845.4,57.6
1521.7,82.3,102.68,1833.5,1101.7,338.3,14.34,37.9,59.95,84.58,11.95,785.5,22.82,37.6,2.24,8.51,871.1,76.32
2641.6,89.69,109.58,2267.4,1399.4,400.9,13.69,26.27,80.78,136.06,34.27,1097.5,33.38,47,3.26,7.12,1063.7,95
1364.3,67.66,70.32,1461.8,1000,221.1,5.88,54.14,39.19,28.55,12.7,496.5,11.46,32.7,2.26,6.3,732.4,91.02
1506.4,83.03,99.84,1589,1029.4,287.3,11.84,48.45,55.76,47.24,10.24,611.4,15.37,34.1,2.02,8.96,845.1,73.7
1239.7,84.81,101.67,1735.7,1107,301.2,11.47,46.65,59.22,70.11,12.35,748.7,18.8,35.7,1.94,7.15,650,89.62
1035.3,85.04,100.15,1603.7,1065.2,233,4.27,46.87,47.08,52.43,8.84,670.2,17.37,27.4,1.98,5.74,506.8,95.78
1721,89.01,106.01,1712,1027.8,329.1,18.91,45.93,55.28,54.53,16.72,553.1,18.04,32.5,1.96,11.05,947.4,49.7
2995.4,89.42,110.17,2538.7,1580.6,466.5,21.85,17.15,89.41,152.93,50.22,1389.4,36.58,58.9,3.11,8.61,1245.6,79.5
2561.9,89.14,107.44,1726.2,1070.9,361.4,17.1,37.92,58.48,51.58,22.16,578.1,16.16,38.8,2.5,9.52,1105.5,58.16
2470.8,62.56,65.61,1719.8,1103.7,301.6,13.23,42.27,52.89,57.26,25.98,666.4,17.25,42.7,3.12,7.81,1066.9,76.74
1063.6,88.14,102.89,1631.1,1000,266.1,12.84,50.95,49.6,47.15,11.18,575.2,16.9,30.8,1.81,8.84,563,72.58
1261.8,88.44,104.33,1745.4,1064.7,322.8,15.82,40.83,61.44,67.55,11.78,699.3,19.21,30.7,1.67,9.18,722.4,66.9
3273.6,94.62,118.02,2038.2,1299.2,395.9,17.82,29.23,70.74,92.51,40.43,851.8,24.4,46.3,2.93,8.81,1368.9,63.4
2531.1,86.23,108.21,2082.5,1236.5,343,10.97,28.23,72.06,111.09,32.03,907.9,28.83,42.2,3.05,6.2,1065.2,88.57
3205.9,88.35,108.37,2169.7,1350.2,447.5,22.56,26.25,79.01,109.37,42.01,1067.2,27.82,46.4,3.19,9.57,1297.5,64.8
1372,82.7,96.93,1565,1027.5,227,8.59,48.14,48.57,32.58,12.37,517.4,13.01,36.8,2.11,7.7,758.7,83.69
1557.2,85.83,103.63,1725.6,1075.9,310,8.09,41.94,49.86,59.61,14.37,711.5,19.18,39.3,2.37,6.09,823.7,89.39
1799.4,85.91,104.11,2228.8,1281.8,373.7,14.72,24.9,77.7,129.03,19.26,1061.7,30.3,40.5,2.23,7.07,893.9,87.61
1127.1,85.54,103.09,1686.1,1059.1,287.1,11,43.31,56.91,63.48,9.21,664.6,17.78,38.8,1.93,7.9,580.2,82.97
2136.7,87.23,104.11,1943.6,1152.8,378.7,18.42,35.23,63.24,85.95,24.93,759.8,24.9,41.9,2.43,9.55,1004.3,62.23
1832.5,87.48,105.87,1700.3,1016.8,327.1,17.86,43.34,57.75,67.8,19.8,603.3,21.26,32,2.31,9.59,974.7,59.47
2455.1,88.93,112.78,2325.2,1335.9,443.5,24.42,27.91,79.33,135.72,33.57,1070.7,35.93,48.3,2.48,10.69,1076.3,60.88
817.7,88.3,106.25,1413.5,1000,256.4,11.29,60,38.79,20.69,9.34,280,10.48,32.3,1.34,8.75,442.8,66.94
1823.7,90.28,112.26,2082.5,1195.3,361.9,17.73,34.63,71.69,122.98,22.49,1040.6,31.08,39.9,2.24,8.34,918.4,73.5
1227.7,85.5,97.69,1585.5,1000,233.8,10.1,45.6,49.41,45.79,7.86,540.3,14.28,28.7,1.75,7.28,667.9,77.48
1547.4,86.43,98.7,1553.1,1000,207.7,8.87,50.34,50.15,38.97,13.82,503.8,13.59,34.7,2.11,7.16,848.1,79.38
824.6,87.25,101.19,1421.4,1000,256.6,15.83,58.15,45.2,26.94,5.28,392.5,11.61,29.5,1.36,10.35,451.3,60.28
1586.6,91.57,111.05,1848.3,1127.6,355.7,15.84,35.86,53.19,76.18,19.15,716.4,21.74,41.7,2.16,8.2,886.7,71.91
1664,87.19,105.24,1453.2,1000,283.7,14.49,55.26,47.51,31.3,14.07,427.7,11.8,31.3,2.15,9.36,926.5,64.18
1847.2,85.16,104.75,1902.3,1170.5,323.1,12.49,34.41,57.29,87.74,21.5,770.4,23.09,35.5,2.29,6.11,908.8,85.75
858.4,86.25,101.86,1492.9,1000,244.5,10.55,48.71,43.19,27.62,6.31,389.3,12.35,32.6,1.63,7.2,451.3,77.84
704.8,88.29,101.69,1434.9,1009.3,248.2,13.2,60,43.2,26.04,6.47,366.9,12.6,28.4,1.42,9.64,389.6,70.83
1582.8,89.09,107.21,2156,1263.1,371.4,10.8,31.88,75.42,132.83,18.45,1062.5,32.5,44.7,2.08,6.68,842.8,87.99
3164,90.29,112.04,2319.9,1415.9,485,28.12,21.44,89.93,131.58,46.2,1183.9,34.4,47.8,3.02,10.87,1362.5,56.39
1541.4,86.59,106.19,1903.6,1127.3,342.2,12.2,37.98,65.98,95.21,16.49,765.7,26.26,38.9,2.12,7.33,856.9,79.57
837.8,83.58,95.42,1384.5,1000,211.6,11.15,60,35.76,16.59,8.53,317.5,7.83,29,1.78,9.13,447.3,69.58
2404.8,84.04,101.95,1824.7,1177.7,291,12.2,42.96,62.15,66.2,21.67,740.9,20.83,39.8,2.81,7.21,1046.7,77.85
1355.3,85.93,102.29,1608.5,1057,280.7,11.24,44.03,53.38,53.18,12.77,598.9,16.64,35,1.98,7.89,764.3,78.78
700,82.43,98.67,1403.5,1000,222.1,9.11,57.12,39.22,20.93,5.06,309.9,8.88,29.3,1.46,8.05,396.9,77.55
2562.2,90.2,109.83,2392.9,1463.1,468.7,20.11,20.47,81.75,146.32,38.05,1109.1,35.32,51.3,2.72,8.08,1071.3,82.11
2473.8,91.86,116.47,2401,1316.4,484,29,14.98,89.13,150.7,37.66,1192.9,38.51,43.5,2.29,11.21,1091.6,54.2
2165.3,87.62,102.36,1715.1,1132.5,289.9,11.27,38.44,52.84,56.5,21.91,650.8,16.8,42.7,2.55,6.7,982.3,80.94
2923.3,86.28,107.48,2074.3,1293.5,390.9,13.43,31.84,70.27,103.12,34.69,972.7,27.14,48.2,3.26,7.09,1137.4,88.54
2142.5,83.6,99.46,1841.5,1204.2,299,8.46,38.75,54.63,81.62,24.2,761.1,22.43,37.1,2.88,5.67,951.6,95.25
2402.6,87.03,105.86,2041.7,1215.9,393.3,17.63,32.96,72.79,96.85,23.63,985.5,27.45,47.2,2.76,8.16,982,74.57
839.1,86.83,98.98,1488.2,1000,241.2,8.13,52.86,46.08,30.9,7.85,481.5,12.15,32.3,1.54,6.98,426.1,80.35
2637.7,91.4,111.49,2275.6,1389.3,418,18.59,27.47,83.22,137.31,36.85,1176.6,33.61,45.7,2.88,8.97,1111,77.15
2559.8,89.61,110.07,2495.5,1469.2,482.4,21.09,23.16,80.14,168.77,41.4,1292.8,38.76,50.5,2.99,7.74,1063.9,86.79
1530,85.62,99.15,1614.7,1115.1,242.3,4.99,44.75,41.41,43.42,11.68,520.5,13.67,37.1,2.57,5.47,814,88.2
1830.2,91.86,115.59,1967.1,1151.3,433.2,25.19,36.22,71.49,101.88,20.26,812.2,28.19,40.7,2.02,11.89,957,48.15
2314.4,91.42,112.03,2315.2,1268.5,456.5,24.08,21.6,79.63,140.9,27.37,1119.6,37.19,45.6,2.27,10.26,1068.7,60.26
2853,91.5,113.23,2284.2,1435.2,440.1,17.27,32.27,87.14,132.57,42.73,1101.5,32.06,52.7,2.9,8.94,1177.5,78.61
1865.9,85.85,104.94,1894.9,1155,322.1,9.64,39.3,65.44,94.71,21.91,793.7,23.83,35.8,2.37,7.06,932.2,89.32
2378.7,84.39,100.77,1905.6,1132.5,351.9,15.32,33.38,69.14,80.23,28.37,830.2,22.35,40.5,2.87,8.32,1033.6,74.46
801.6,86.82,95.14,1439.6,1016.1,193.7,7.5,50.52,27.59,14.65,8.48,390.6,8.33,30.3,1.61,6.26,419.8,87.21
743.1,80.85,95.47,1440.1,1013.5,205.7,3.77,52.43,40.13,29.43,6.24,507.7,12.25,27.7,1.77,6.56,409.5,83.11
2676.4,87.17,101.69,1789,1146.5,337.1,12.16,40.4,54.51,71.14,29.35,726.9,19.91,39.1,2.93,7.69,1108.3,82.88
3021,87.42,104.73,2183.7,1377.8,348.7,10.8,28.15,70.9,114.91,39.57,1000.6,27.54,46,3.51,5.79,1180.6,98.15
1859.7,86.2,103.63,1864.7,1124.2,320.2,12.82,40.59,58.38,79.95,18.2,774.1,21.58,39,2.46,8.1,917,79.2
2318.7,92.65,114.81,2462.9,1470.2,451.2,23.06,21.54,90.66,168.84,37.66,1251.7,39.29,48.4,2.69,9.08,998.3,85.64
1976.1,86.71,104.22,1817.7,1091.3,327,14.57,37.94,70.03,82.21,21.5,707.5,23.68,38.4,2.6,7.79,926,77.16
1737.7,71.52,87.01,1851.6,1167.4,296.1,9.41,39.92,59.68,88.76,19.45,823.2,21.74,38.7,2.56,6.97,873.1,89.86
2231.1,87.46,108.87,2147.6,1300.4,381.9,12.92,33.82,72.86,125.74,26.18,1024.5,32.17,44.4,2.76,7.6,966.9,87.47
1719.8,84.96,103.15,1777.3,1111.8,320.2,13.65,38.54,67.73,75.19,16.97,760.9,21.54,38.5,2.31,7.72,912.7,73.83
748.5,84.95,101.33,1467.1,1022.8,266.7,5.65,49.76,47.12,18.63,5.84,463.1,10.79,29.9,1.82,6.55,395.6,91.08
1016.6,83.13,95.7,1429.3,1000,239.2,10.81,53.62,39.66,25.18,7.54,487.4,11.81,31.6,1.68,7.96,519.5,76.42
2542.9,84.73,101.24,1794.1,1201,279.9,7.42,36.56,59.5,69.04,24.97,727.1,19.84,41.8,2.92,5.61,1036.2,93.22
3040.5,88.56,108.17,2169.8,1397.6,388.4,14.55,31.86,79.44,112.37,43.74,1063.7,27.32,47.9,3.36,7.18,1232.6,88.13
1771.7,46.55,45.54,1859.9,1161.3,356.1,14.46,40.18,69.4,85.92,24.14,805.3,22.61,36.3,2.79,8.41,914.4,76.62
2225.6,88.62,109.33,2057.7,1214.6,393.8,18.57,38.53,70.82,114.41,26.94,893.3,29.9,42.4,2.49,9.19,990.5,72.31
765,81.96,95.38,1455,1000,210.7,7.97,55.57,37.9,24.11,6.11,380.7,11.23,32.8,1.66,7.38,400.2,84.08
2164.9,64.48,63.75,2048.4,1149.3,399.4,17.76,31.33,70.05,103.23,27.03,966.7,28.85,44.3,2.9,8.93,1017.8,68.26
1822.2,83.47,100.12,1706.5,1070.9,298.2,11.95,40.51,53.54,63.63,15.41,608.6,16.18,36.9,2.26,7.52,908.1,77.83
1583.4,71.37,90.75,2025.1,1169.2,385.5,14.99,36.46,60.83,113.01,16.96,931.1,27.92,39.1,2.34,7.87,834.8,82.65
1302.2,88.02,103.65,1523.1,1048.2,263.8,9.59,50.21,48.11,39.02,14.64,498.2,11.74,31.5,1.99,7.67,727.6,77.83
2556.1,87.82,104.37,2025.2,1272.5,348,11.29,32.98,66.97,87.94,29.67,870.1,24.69,44.1,3.08,6.45,1054.2,90.8
1592.3,90.62,109.32,1996.4,1204.1,325.4,12.73,33.56,63.45,100.47,19.61,869.9,24.96,42.6,2,7.08,822.4,90.89
757.7,85.36,95.71,1336.4,1000,206.3,12.61,57.72,42.47,9.2,6.2,280,6.7,36.2,1.55,8.53,418.1,67.98
1389.6,84.11,101.67,1552.2,1000,251.4,10.12,48.06,44.78,39.5,12.68,500.4,14.42,34.4,1.85,7.46,788.2,79.43
758.1,86.36,95.95,1508.1,1020.7,199.3,4.77,53.69,37.13,31.99,7.43,483.7,12.75,36,1.76,5.61,397.9,94.93
1950.8,88.85,108.34,1965.6,1147.8,378.6,17.52,35.78,70.58,95.55,23.88,896.5,24.92,43.2,2.07,9.9,979,60.59
2100.8,88.06,107.97,2015.9,1189.3,358.5,16.45,34.1,69.98,94.08,23.54,836.3,24.8,45.9,2.29,9.18,970.7,66.47
1541.3,63.07,64.59,2006.7,1201,319.5,10.68,36.94,59.49,102.95,19.24,900.4,25.7,41.2,2.81,5.91,827.2,93.55
3000.6,89.81,109.84,2208.2,1422.1,452.4,17.36,29.88,84.54,116.65,38.49,1080.4,30.8,48.4,3.14,8.79,1243.3,74.42
1179.9,84.63,102.42,1482.5,1000,240.7,11.88,50.95,40.3,29.2,7.6,404.3,11.33,33.1,1.85,8.75,634.9,70.07
2224.3,87.96,113.31,2262.9,1325,399.4,18.07,23.32,76.26,144.46,29,1164.7,34.45,47.9,2.65,6.67,994.7,84.66
1611.9,84.88,102.59,1767.6,1080.9,303.6,7.47,37.47,48.35,67.21,15.21,671.3,19.81,34.8,2.29,5.82,863.2,92.24
805.4,86.73,101.41,1452.5,1000,205.7,10.05,51.03,34.86,23.49,6.37,341.7,10.85,31.4,1.7,6.97,441.5,73.51
1134.7,58.54,61.46,1587.3,1049,236.9,8.37,51.95,38.85,34.61,15.59,438.6,12.51,31.8,2.17,7.07,600.2,84.77
2179.1,89.22,108.28,2152.4,1194.8,419.5,17.68,27.64,82.06,127.54,25.9,942.3,31.87,39.7,2.48,8.27,991.3,74.13
2335.9,91.35,114.24,1837.7,1150,407.4,21.19,40.74,75.82,82.56,24.05,762.8,24.47,36.7,2.47,10.47,1066.1,55.84
2160.6,87.3,108.93,1846.5,1131,349.8,16.42,40.61,68.96,81.87,23.24,709.5,23.1,42.1,2.27,9.68,1027.5,60.05
1110.4,89.89,106.31,1531.6,1040.3,239.1,5.94,47.45,44.75,31.59,10.18,500,12.98,31.8,1.9,6.01,568.6,88.33
1787.3,88.16,105.11,1624.4,1064.1,283.2,6.96,43.17,50.59,52.24,18.68,604,15.25,36.5,2.56,5.35,879.6,94.62
1646.5,89.49,107.84,1768.3,1139.3,295.5,9.4,37.03,53.15,68.14,16.14,722.9,18.94,39.2,2.22,5.31,862.9,92.52
1970.4,93.36,111.5,1744.4,1080.4,321.2,19.07,46.61,63.19,72.07,21,611.9,20.62,36.5,2.36,10.74,978.4,57.69
3254.2,88.84,110.08,2323.6,1424.8,487.1,25.71,24.49,88.39,130.51,51.73,1090.6,33.76,48,3.25,10.41,1333,65.34
1144.4,86.05,99.46,1629.2,1053.9,283.4,9.95,47.63,46.63,53.64,10.63,533.9,15.78,32.5,1.9,7.49,596.6,80.62
1007.8,85.95,99.41,1512.7,1034.9,221.2,8.85,47.76,42.74,39.3,7.87,533.4,12.23,30.4,1.99,5.95,505.2,93.28
2135.3,84.88,102.28,1881.7,1130.3,336.2,11.69,36.9,50.73,81.27,24,750.6,22.49,39.3,2.59,6.95,969.8,81.87
1465.3,88.8,105.2,1617,1061.2,281.7,12.89,50.23,48.18,51.63,11.56,544.7,17.29,33.6,1.77,8.98,829.1,76.02
3141.7,92.16,109.69,2051.6,1304.8,403.9,16.15,30.24,74.38,93.55,36.78,954.3,26.5,49.8,3.27,7.82,1298.5,77.15
1230.6,87.68,103.02,1442.7,1019.2,260.7,9.23,57.85,37.53,31.98,8.64,380.1,11.11,32.3,1.95,7.76,667.2,76.19
1941.7,88.72,107.91,1818.1,1149.6,324.4,11.93,38.4,58.2,77.46,19.6,768,20.41,40.3,2.51,8.26,943.7,79.96
2660.7,91.22,114.81,2437.3,1463.6,498.3,27.55,25.1,87.98,150.95,40.31,1210.9,38.51,47.6,2.64,10.87,1153.3,60.93
2549.2,88.52,103.49,2025.9,1258.9,400,18.22,33.73,76.52,108.35,26.55,1009.4,28.56,39.4,2.81,9.2,1064.2,71.52
800.9,87.44,101.51,1439.1,1002.2,220.2,11.18,51.47,45.84,21.7,8.64,466.5,10,30.6,1.63,8.37,436.2,75.01
2645.4,86.41,105.38,2113,1251.2,387.6,15.45,33.5,75.9,114.81,37.1,998.8,28.89,46.3,3,7.6,1083.3,84.22
782.4,84.81,100.42,1380.3,1000,205.1,9.71,56.75,35.42,12.68,8.22,358.3,9.46,33.8,1.49,8.15,410.2,74.32
804.4,86.55,100.26,1498.5,1000,260.3,9.78,50.45,40.42,26.9,6.54,415.1,11.86,34.4,1.7,7.81,418.7,78.57
1681.2,89.43,108.04,1674,1042.8,328.5,13.04,45.34,55.23,64.73,15.02,614.2,17.69,34.2,2.21,8.33,880.2,72.63
2947.8,86.61,104.88,2052.3,1321.4,395.3,14.32,35.77,74.93,92.12,33.94,923.2,24.18,45.9,3.35,7.8,1209.9,83.98
1508.9,90.41,110.42,2047.9,1139.1,387.3,18.63,34.52,74.66,111.92,18.34,987.2,28.93,37.7,2,8.85,845.3,71.39
1370.7,84.34,100.12,1474.7,1039.6,186.1,8.79,55.37,39.76,28.48,11.7,514.1,12.46,33.3,2.22,7,749.3,89.41
2025.7,89.16,108.01,1977.2,1201.5,390,15.03,36.28,72.64,104.57,23.07,891.9,28.15,42,2.38,9.03,970.6,74.16
2557.2,85.93,106.45,2085.4,1268.4,397.2,17.05,30.62,71.97,113.44,32.48,899.8,28.73,46.2,2.6,7.79,1074.8,80.06
2594.6,88.83,108.3,2182.9,1346.5,349.2,8.43,31.22,67.98,121.1,32.91,1023.2,29.86,48.8,2.96,6.26,1060.4,92.77
1254.4,88.67,105.47,1701.5,1052.5,292.9,11.79,44.72,54.82,55.57,8.27,606.9,16.73,32.2,2.01,7.41,685.9,81.94
1572.8,83.16,98.81,1545,1012.7,260.2,10.16,50.71,47.69,36.66,15.66,446,12.73,37.7,2.26,8.14,873.7,73.09
1740.7,92.15,111.58,2041.4,1241.7,332,15.33,34.82,68.03,106.04,22.1,870.7,27.27,36.2,2.11,8.05,863.4,81.38
2858.3,86.41,102.39,2188.5,1393.3,372.4,13.47,24.11,73.52,121.31,34.01,983.3,28.44,47.7,3.36,6.42,1154.7,90.53
1612,92.96,112.99,2013.5,1110.3,404.6,23.27,32.61,71.69,113.73,14.88,964,28.04,35.5,1.81,10.73,867.3,60.91
1574.4,83.63,100.98,1598.6,1068.2,263.2,9.96,47.53,44.21,44.46,18.1,510.8,13.77,35.4,2.23,7.01,856.3,79.39
2644.5,87.14,107.1,2018.6,1277.4,387.8,11.95,35.65,62.75,94.47,33.08,900.4,25.04,43.9,3.25,7.11,1087.1,86.09
2431.4,86.27,103.11,1842.4,1176,334.5,13.66,37.03,64.94,79.38,24.33,793.2,22.14,43.9,2.81,8.4,1063.8,73.75
830.2,87.32,99.21,1501,1012.3,250,6.35,51.82,34.98,27.45,6.98,474.4,11.32,29.8,1.73,6.49,437.5,85.12
2297.9,47.2,45.26,2193.6,1296.2,391.4,14.97,30.42,73.31,121.33,32.35,1027,31.41,45.9,3.51,7.81,1007.5,80.51
2215.3,88.17,107.17,1992.7,1264.4,337.2,10.61,36.94,58.59,106.77,25.91,905.9,27.07,40.1,2.78,6.5,962.4,90.15
2652.2,84.41,102.96,1736.9,1151.3,296.1,11.11,44.93,59.49,68.69,28.7,679,19.29,41,3.04,7.43,1101.7,84.33
829.7,87.83,101.49,1477.5,1000,253,9.45,52.23,42.49,23.93,8.72,362.2,11.71,32.3,1.6,7.73,428,83.01
1516.9,82.93,98.3,1531.6,1002.4,254.8,9.43,53.1,45.31,43,11.3,450.7,14.49,35.9,2.12,7.19,831.7,83.65
2606.2,86.34,110.48,2222.4,1362.4,430.2,19.25,19.63,87.82,133.74,34.21,1122.3,32.19,43.9,2.58,8.76,1129.8,66.95
2214.9,90.39,107.37,1856.3,1161.3,365.1,15.91,39.74,58.4,75.19,21.32,727.4,20.91,34.6,2.44,9.54,1003.3,67.95
785.6,46,44.51,1500.8,1022.1,214.4,9.08,54.31,38.58,33.97,7.08,462.2,12.27,36.1,1.94,7.44,419.6,83.24
782,87.79,102.79,1363.2,1000,190.8,7.76,57.21,33.93,14.26,9.05,394,9.02,28.9,1.82,7.05,417.1,83.79
750.8,85.69,98.78,1401.5,1000,217.2,10.91,60,30.79,8,4.83,280,7.56,30.4,1.46,9.31,413.1,61.72
2652.4,83.59,104.51,2171.8,1319,384.6,12.45,30.19,71.02,123.67,30.72,1010.9,30.46,45.3,3.07,7.03,1096.6,90.46
2344.3,83.55,99.07,1823.1,1169.5,302.1,8.02,38.52,53.91,75.81,26.1,736.5,20.69,44.2,3.19,5.61,1002.5,91.84
1906.7,88.84,105.93,2071.6,1243.5,358.5,13.69,36.57,74.22,116.46,20.13,927.7,29.03,43.2,2.37,8.64,928.6,79.4
1752.4,86.73,105.37,1492,1016.1,256.8,9.11,51.02,41.25,31.81,15.94,527.1,12.11,37.6,2.23,7.51,891.4,76.92
2437.7,88.67,106.52,1937.4,1227.5,313.8,9.85,36.95,61.99,94.55,28.71,882.8,24.25,45.9,2.94,7.03,1003.3,90.1
829.9,80.79,89.98,1372.7,1000.2,170.9,5.71,55.89,33.67,10.79,3.85,302,7.74,32.7,1.83,5.93,419.7,93.07
789.3,87.66,101.39,1339.5,1000,247.3,12.53,60,28.3,8.04,6.89,300.7,6.47,30.7,1.45,9.46,432.3,67.3
2397.2,88.23,106.99,1893.5,1215.2,324.9,16.15,39.46,66.4,84.7,28.31,712.7,22.54,45.5,2.59,9.06,1027.4,72.18
1712.7,86.37,100.58,1610.5,1034.6,269.1,7.75,50.12,41.88,39.64,16.24,481.7,14.14,37.5,2.52,5.88,876.5,90.22
1176.4,86.17,101.12,1577.2,1029.3,217,9.18,45.09,50.75,39.95,10.29,558.7,12.98,34.1,1.84,7.57,609.2,83.41
2187.9,91.07,107.7,2237.5,1358.3,412.5,14.74,27.01,71.29,127.56,25.78,1129.8,31.76,41,2.62,6.97,957,92.52
2637.2,60.4,59.24,1874.2,1232.4,303.7,10.63,39.22,58.78,75.54,32.99,828,20.95,41.9,3.67,7.05,1075.6,91.14
2891.8,88.49,109.93,2239.2,1391.4,412.2,17.04,27.52,72.9,123.95,38.35,956.3,30.43,49.7,3.07,7.66,1236,82.45
2614.3,90.12,111.09,2042.3,1254,357.9,13.6,33.72,68.66,99.21,31.88,972,24.73,42.7,2.78,7.7,1076.1,75.28
2926.3,90.24,113.95,2319.1,1397.6,515.8,26.74,21.75,84.96,127.88,39.7,1121.9,33.08,51.2,2.64,10.76,1305.3,51.47
777.8,87.9,101.15,1569,1000,273.2,9.63,47.52,44.59,29.45,6.81,448.8,11.73,37.9,1.51,8,423.3,70
1665.5,81.64,94.74,1657,1047.2,275.6,14.44,43.14,53.3,58.29,12.63,569.4,18.27,35.5,2.25,8.03,897.1,71.83
772.9,79.81,97.14,1515,1000,256.1,11.76,48.21,41.38,32.34,5.04,463,13.45,32.2,1.65,7.94,416.1,76.51
1535.5,87.12,101.57,1738.6,1094.6,317.6,12.36,43.63,57.46,71.15,16.86,641.9,20.98,38.4,1.94,7.2,848.1,80.56
1577.4,88.61,107.31,2066,1195,368.6,16.85,35.59,64.68,118.71,18.66,976.3,30.68,43.6,2.24,9.4,865.9,72.52
2631.1,71.11,89.97,1827.2,1158.4,336,14.05,40.18,66.32,70.87,27.54,691.3,21.15,36,3.21,8.27,1137.6,71.32
1469.1,79.96,95.52,1652,1077.3,210,7.15,47.96,38.5,49.83,12.81,577.9,17.09,34.3,2.19,5.36,796.5,91.58
3010.8,92.09,115.57,2328.2,1421.6,499.3,26.67,20.38,88.23,129.72,43.07,1187.7,34.07,53.4,2.78,10.49,1324,53.54
1712.6,87.54,104.15,1959.5,1174.3,357.3,13.77,37.7,73.82,99.11,19.38,884.1,26.29,38.9,2.15,8.06,880.1,79.68
2043.6,92.29,112.83,1847.4,1090.3,403.6,21.51,39.97,70.54,83.24,17.26,746.7,23.35,33.3,2.09,10.93,1009.2,49.83
1356.4,85.12,104.98,1519.9,1000,250,11.33,53.2,51.15,41.74,11.94,408.7,14.52,34.4,2.13,8.08,753.4,74.47
2123.7,83.36,105.08,1861.7,1189.3,331.4,10.06,35.35,59.8,83.06,20.32,826.8,22.48,37.3,2.89,5.58,950.7,94.32
2056.2,45.15,46.58,1996,1229.5,347.4,7.95,39.15,61.03,105.6,28.18,843.8,25.1,43.9,3.29,5.98,955.3,92.14
1291.8,88.25,106.22,1741.3,1104.4,343.2,11.63,42.56,50.29,68.61,13.36,709.2,21.37,38.2,2.19,8.33,716.5,76.28
2601.8,84.57,100.39,2210.2,1374,396,10.73,26.37,72.11,123.53,33.98,1078.6,29.84,46.3,3.21,5.91,1056.7,91.82
1544,87.56,103.54,1484.3,1000,277.3,14.53,47.36,46.06,21.98,11.34,381,11.05,30.7,1.72,8.4,849.7,68.83
828.2,87.16,102.32,1360.3,1000,241.1,11.76,58.66,33.66,12.71,5.18,344.5,6.79,32.8,1.57,8.47,436.1,74.92
1428.9,89.82,105.05,1646,1036.4,251.1,10.76,43.11,55.06,61,12.14,612.8,18.16,33.4,2.33,6.81,776.2,83.78
2557.2,85.4,107.44,1963.1,1230.8,333.2,10.92,29.63,69.14,98.16,26.13,921.4,24.25,42.4,3.03,5.93,1036.5,89.01
1366.3,85.46,104.24,1565.6,1000,279.3,13,52.08,45.83,34.76,12.75,336.2,13.23,31.6,2,9.83,801.2,56.6
1056.5,86.54,104.42,1608.7,1028.7,283.4,14.49,45.05,51.68,55.6,7.27,640.6,16.51,31.7,1.7,9.38,565.7,67.05
2571.6,53.31,56.4,1884.8,1176.4,389,15.81,37.74,59.14,70.41,31.08,674.2,19.67,39.2,3.36,8.67,1152,64.87
3177,88.24,106.39,2000.6,1286.3,352.2,13.59,31.24,66.08,87.09,37.51,897.5,21.97,48.6,3.62,7.36,1275.7,80.79
2479.2,85.69,104.84,1863.2,1195.8,327.7,12.7,38.97,60.27,76.73,28.56,728.7,22.14,44.8,2.9,6.94,1059.8,84.72
1195.9,88.63,104.62,1610.8,1024.4,287.2,13.71,49.26,56.08,58.9,11.71,700,17.51,31.1,1.77,9.56,658.1,66.98
2503.5,90.17,105.68,2090.6,1277.3,383.1,13.19,30.49,67.97,106.77,31.66,947.9,26.11,41,3.04,6.95,1040,85.48
1751.9,81.77,95.77,1733.3,1094.6,264.6,5.9,38.55,40.08,54.12,17.05,524.9,15.23,38.8,2.7,4.83,880.9,92.23
1434.9,80.9,99.06,1580.5,1073,260.7,8.53,48.38,47.81,43.47,14.97,557,14.47,38.6,2.39,6.47,799.9,83.27
1363.1,92.09,110.22,1690.8,1055.1,311,14.02,48.19,57.17,62.15,13.13,650.4,19.86,36,2,8.77,773.2,73.23
1671.7,85.94,104.76,1943.3,1159.9,333.3,11.75,41.25,56.43,96.16,16.02,789.6,24.6,41.4,2.52,7.08,855.7,90.81
2487,87.86,105.56,1839,1225.4,282.3,9.68,39.79,56.59,71.13,30.4,685.3,19.22,44.8,2.62,6.61,1013.9,86.65
1795.2,85.86,104.07,1640,1036.1,256.9,6.84,45.2,51.6,42.54,16.09,525.3,14.18,35.6,2.38,5.49,868.3,89.14
1688.4,88.05,99.33,1929.8,1184.4,315.4,8.01,33.23,59.4,96.33,15.44,822.9,24.03,38.6,2.4,6.33,868.9,93.27
739.8,81.55,91.39,1417.6,1029.6,166.9,6.6,54.11,31.8,17.51,5.94,399.4,9.17,30.1,1.85,5.31,389.4,93.06
821.6,47.38,48.68,1409.2,1000,265.6,11.25,56.63,41.11,22.97,7.46,399,10.03,31.2,1.74,8.6,433.1,72.45
1407.3,82.55,100.31,1532.2,1000,240.6,11.37,49.29,40.56,25.98,11.33,427.7,12.45,28.8,1.98,7.95,807.1,68.26
807.1,83.13,96.08,1436.5,1027.5,200.7,4.96,52.3,35.34,19.7,9.73,464.7,11.56,35.9,1.44,5.31,419.9,92.55
701.4,84.07,96.47,1412.9,1000,220.3,6.69,51.16,42.8,29.36,4.87,483.2,11.41,28.3,1.64,6.63,382.7,89.06
3088,89.83,108.46,2216.6,1367.8,460.1,20.99,22.74,81.66,115.41,44.93,1139,29.24,49.2,3.19,9.56,1293.5,61.94
1531,87.53,102.66,1760.3,1113.4,289,9.24,41.05,49.01,68.63,14.93,689.9,19.61,37.7,2.09,6.3,845.1,87.54
1083.4,87.49,104.11,1600.1,1000,276.6,15.54,49.17,52.78,39.68,9.54,439,14.43,32,1.6,10.12,597,56.9
1164.1,85.61,99.76,1720.2,1073.4,282.1,9.88,46.1,53.43,69.95,12.24,725.7,20.64,34.4,1.81,7.28,616.6,83.06
1923.4,86.83,107.83,1883.8,1150,349.1,12.43,38.56,58.17,87.11,21.92,833.6,23.05,37,2.4,8.61,948.4,77.03
2021,86.08,105.01,1765.1,1119.9,289.9,9.95,43.76,53.58,67.73,20.82,658.3,19.23,37.4,2.34,7.26,960.4,83.88
1290.2,71.79,87.61,1631.8,1001.1,311,12.94,49.35,46.33,45.44,11.09,450.7,15.31,34.8,2.03,9.23,739.3,68.32
1627.1,91.3,112.66,1954.3,1137,378.8,16.93,41.09,67.84,103.03,15.93,784.3,27.08,39.4,2.03,9.61,899.5,66.46
1384.5,84.58,97.56,1513.2,1047.1,222.4,4.65,51.01,34.41,26.99,10.85,505.1,11.48,31.1,2.06,5.47,756.6,97.24
1109.3,68.09,69.83,1554.5,1050.9,276.3,8.99,48.33,40.21,30.92,9.78,446.6,12.55,33.6,2.19,7.23,579.8,80.58
1157.9,82,97.86,1544,1000,277.4,15,50.09,52.41,41.85,9.73,396.5,15.1,28,1.87,10.7,624.2,59.91
1658.7,84.55,107.94,2112.5,1205.8,358.3,13.26,31.27,72.15,129.57,17.56,1025.3,29.61,39.5,2.33,6.51,863.5,92.87
3288.3,91.23,110.56,2271.1,1426.4,487.9,21.76,26.39,80.45,120.83,44.18,1156.4,31.31,50.9,3.27,9.52,1326.5,66.6
2116.9,89.32,108.03,2066.7,1249.6,354.9,13.78,32.75,67.37,119.56,25.06,983.4,29.59,38.9,2.57,7.19,944.4,87.42
2232,85.92,107.05,1999.9,1210.4,385.6,14.34,34.94,65.81,92.8,23.48,866,23.19,45.1,2.55,8.18,1021.4,75
1723.8,82.9,100.51,1644.3,1098.4,258.7,8.37,41.42,46.56,54.84,16.72,585.9,16.78,33.5,2.59,5.32,887.7,88.12
2451,89.26,108.3,2160.4,1206.3,472.9,25.06,31.33,79.89,117.8,31.23,1001.3,30.38,45.1,2.46,11,1115.5,54.3
1662.4,87.35,100.9,1504.2,1017.3,238.1,10.15,51.35,38.78,27.79,13.28,398.1,11.5,30.3,2.19,7.12,882,74.93
2510.5,89.84,109.48,2039.9,1249.5,394.9,17.07,33.04,65.66,102.79,29.72,929.7,25.81,45.3,2.57,8.3,1047,75.05
1099.8,88.46,102.19,1627.6,1059.3,284.3,10.86,49.97,49.74,58.02,7.41,643.8,18.1,29.1,1.63,7.45,563.2,83.82
1794.5,84.41,99.56,1849.8,1190.7,292.3,7.81,41.58,54.1,82.83,20.62,796.6,22.56,38.4,2.37,6.25,884.1,92.58
1458.5,90.17,107.14,1709.2,1054.9,297.7,16.18,47.11,53.45,64.57,15.18,609.6,20.05,31.6,2.2,9.43,835.3,68.08
760.2,88.2,102.47,1454.1,1000,255.7,11.12,59.18,44.26,23.15,6.67,373.8,11.13,32,1.43,8.68,422.8,70.24
2475.6,88.26,111.05,2302.2,1394.5,430.5,17.87,27.31,78.25,139.64,31.97,1128.1,33.96,45.3,2.94,7.18,1030.8,84.8
3091,89.09,107.62,2211.6,1309.4,444.8,19.77,23.44,81.56,114.96,38.42,1054.2,30.19,46.3,3.13,9.82,1305.7,65.42
1908.7,84.64,104.99,1839.4,1137,336.9,14.42,37.58,53.15,77.86,20.62,709.2,22.81,39,2.22,7.59,926.2,72.39
796.3,87.64,100.87,1426.3,1000,246.2,9.27,53.8,38.18,17.4,8.77,317.9,9.52,28.8,1.56,7.63,425.8,77.82
1843.4,90.64,110.67,1792.4,1119.1,334.9,15.42,38.19,64.71,76.45,16.27,742.2,22.54,36.2,2.11,9.65,942.4,63.85
2147.4,85.39,103.19,1958.5,1142.5,342.9,13.55,32.38,70.52,95.23,20.93,818.6,23.99,39.9,2.66,7.32,962.3,81.29
2348.5,83.32,104.58,1763.7,1124.1,264.7,6.26,40.43,48.11,67.99,22.95,718.6,19.81,37,2.96,5.23,988.8,92.15
1591.1,88.32,101.81,1493.1,1000,252.7,12.85,53.19,48.23,33.09,14.77,314,12.81,34.6,2.02,10.07,892.7,58.35
1084.5,86.38,104.69,1731.3,1122.3,297.8,14.45,42.17,57.68,54.46,11.86,558.2,18.29,31.1,1.94,8.4,561.9,75.31
2674.2,86.08,104.68,1772.5,1092.1,346.6,14.62,45.2,61.86,63.01,25.91,608.6,19.55,44.5,2.76,9.59,1182.1,61.22
1055,83.31,97.99,1540.5,1026.9,278.7,8.99,46.57,47.99,48.52,7.49,591,14.97,35.5,1.99,7.27,538.7,80.73
1649.9,81.75,99.12,1567.7,1040.2,225.7,8.67,45.83,38.96,41.24,14.49,496.4,14.35,31.3,2.53,6.92,850.8,92.03
3277.5,85.79,105.87,2021.8,1343.9,388.1,16.56,32.15,73.15,95.99,38.32,987.1,25.05,46.3,3.1,8.85,1288.4,74.81
2458.5,87.64,110.93,2420.7,1434,427.5,20.09,20.22,89,150.78,37.58,1157.1,36.98,47.5,2.8,8.17,1027,80.33
2682.5,86.75,109.76,2191.9,1313.4,406.8,16.44,31.06,75.13,112.72,35.52,928.4,28.56,47.1,2.77,7.2,1111.1,79.6
2461.5,90.21,109.83,2157.5,1309.2,426.7,19.49,28.9,79.72,118.82,30.78,1032.3,30.08,46.8,2.73,8.27,1048.2,71.69
1941.3,91.35,115.39,2023.6,1192,368.1,18.97,35.86,74.72,107.71,22.23,953.9,28.08,42.7,2.23,9.14,973.3,68.56
784,83.49,99.86,1425.6,1000,232.4,9.71,56.81,39.57,22.96,8.27,341.9,9.7,34.1,1.62,7.5,416.4,79.02
1251,84.76,99.09,1452.6,1000,207.9,10.92,47.69,36.74,19.72,10.91,355.2,10.09,29.8,1.98,7.34,704,73.16
802.5,85.99,100.51,1532.1,1005.4,310.9,8.69,47.14,41.72,26.79,8.32,509.9,11.18,31.8,1.55,7.06,425,78.6
2244.2,87.02,103.74,2030.5,1232.1,369.4,12.03,36.59,64.1,100.77,26.31,882.5,25.72,41.7,2.75,7.28,977.1,89.48
2295.9,91.33,113.53,2102.4,1269.2,430.8,23.75,31.91,78.54,113.37,26.59,1009.8,30.68,44.8,2.44,10.71,1046,58.1
3189.9,93.83,118.5,2466.3,1499.3,487.7,21.91,16.42,86.45,143.35,50.43,1204.5,34.29,52,3.13,9.76,1316.3,70.52
2590.5,87.63,109.43,2090.1,1280.8,371.1,13.68,28.77,71.85,116.63,32.45,1023.2,28.98,40,3.02,6.67,1100,83.96
2145.7,84.7,101.65,1710.7,1161.2,293.8,8.64,49.91,51.13,55.69,19.83,695.9,18.22,38.6,2.72,7.34,934,84.07
1064.4,83.74,99.23,1714.9,1017.1,302.3,13.53,45.82,53.51,61.97,10.49,627.1,18.46,38.7,1.9,9.13,537.4,72.47
2149.8,90.51,108.71,2112.8,1271.4,380.3,16.68,31.63,75.22,113.7,25.99,1016.6,28.4,42.9,2.4,8.34,968.5,79.84
2409.9,89.01,108.2,2024.9,1183.4,391.4,19.28,34.21,71.56,110.02,28.33,855.8,28.98,44.2,2.59,9.46,1062.7,63.56
2506.9,94.7,118.56,2345.5,1363.1,504,30.37,24.82,95.52,145.18,37.37,1167.8,38.31,46.4,2.35,12.34,1135.7,45.62
1730.6,92.26,112.63,1765.9,1077.4,357.1,17.42,45.13,70.14,73.27,14.7,703.5,21.46,35.5,1.87,10.2,936.7,57.74
1616.9,84.71,98.14,1555,1024,242,7.21,44.78,47.98,35.5,15.4,479.4,13.89,34.4,2.35,6.42,847.8,88.01
2823.8,89.01,109.86,2352.8,1406.2,470.4,23.13,27.96,84.66,142.02,43.5,1197.8,34.01,48.1,2.8,8.89,1205.8,72.74
1892.8,59.35,60.92,1713.8,1082.8,304.2,9.32,44.31,55.73,66.86,19.04,631.4,20.45,39,2.49,7.1,938.8,79.41
1155.6,85.04,101.38,1703,1048,293.9,10.62,44.51,55.29,63.61,9.72,715.2,18.17,32.5,1.71,6.8,600.1,89.32
1466.3,87.37,103.1,1633.5,1039.3,316.4,12.11,46.55,53.6,46.72,10.2,525.8,15.99,29.7,2.14,8.69,841.6,73.29
1608,89.23,106.1,1955,1073.1,387.3,17.87,34.1,66.81,96.98,16.13,819.6,27.24,37.9,2.07,9.31,905.3,57.28
1547.2,79.04,95.91,1461.6,1019.3,190.5,8.26,54.69,39.13,25.78,14.31,398.5,10.61,35.4,2.33,7.65,837.1,81.7
2059.7,90.31,112.08,1837,1047.2,354.4,16.76,41.53,63.89,75.97,19.94,676.7,23.54,35.3,2.16,10.46,1008.9,58.1
2930.3,85.16,105.1,1995.5,1265.7,374.4,15.31,32.36,70.87,86.83,32.14,869.8,23.84,44.7,3.13,8.32,1232.3,72.21
3253.3,87.8,109.33,2213,1386.7,427.9,21.61,29.14,81.83,114.22,39.84,965.5,29.32,51.3,2.9,9.83,1350,64.37
1612.7,89.16,108.83,2102.6,1184.3,393.5,20.02,31.99,74.72,118.25,21.84,949.2,31.37,39.8,1.98,9.18,897.3,72.24
1805.3,88.12,102.87,1827.7,1137.2,296.2,11.03,42.01,50.33,71.48,17.86,709.5,20.67,35.7,2.49,6.66,862.9,86.24
1451,90.26,109.74,1630.4,1049.9,299.2,14.38,54.22,51.05,62.53,12.76,662.8,20.66,38,1.96,9.25,814,67.48
2083.8,89.79,110.14,1998.7,1219.9,332.3,10.57,35.4,60.25,93.57,23.53,876.5,24.27,47.6,2.47,6.57,927.2,90.24
1752.6,90.34,110.28,1972.1,1192.2,321.4,10.88,33.03,55.58,102.94,15.85,829,25.18,39.5,2.37,6.73,879.3,87.12
1744.9,86.68,104.01,1812,1159.2,293.4,9.86,41.5,57.86,77.98,18.9,756,21.67,36.1,2.51,7.68,881.4,85.86
801.4,84.47,97.8,1374.5,1000,217.4,6.16,50.82,35.68,11.5,3,380.8,6.85,33.9,1.64,5.31,410,84.41
2268,86.47,105.76,2128.2,1338.4,349,8.75,25.18,68.65,120.27,25.28,1059.4,29.61,48.6,3.15,4.77,949,98.83
1050.7,88.15,106.68,1459.8,1000,260.1,11.13,54.02,40.6,27.43,9.62,362.6,11.67,29.8,1.66,8.3,540.2,70.76
1614,88.47,104.54,1685.6,1022.9,331.2,11.59,44.83,53.57,68.29,17.66,575.7,18.07,30.6,2.11,8.14,914.1,70.24
1146,63.16,61.82,1518.8,1025.6,236.8,4.18,47.26,37.71,30.24,11.5,497.4,11.66,29.6,2.29,5.09,596.4,98.61
839.6,89.14,101.23,1383.7,1000,233.8,9.27,50.64,34.19,15.97,7.44,316,8.44,30.1,1.69,6.24,434.9,80.35
1890.5,83.82,99.41,2023.9,1219.9,340.7,13.35,38.16,68.42,107.48,20.11,890.7,25.47,37.9,2.61,7.19,901.1,89.58
1179.7,55.89,57.33,1711.9,1063.4,289.9,10.75,40.67,57.03,62.32,12.23,661.3,17.59,33,2.12,7.24,612.5,83.45
1397.9,82.72,99.78,1732.9,1133.7,304.3,8.93,47.77,48.74,68.72,14.59,766.6,18.39,35.6,2.07,6.14,732.7,99.53
1881.3,85.73,102.79,2126.5,1283.2,374.8,14.65,30.56,68.58,125.98,21.64,1044.5,30.86,38.2,2.56,7.5,909.3,85.84
1137.8,87.83,104.19,1482.3,1000,239.5,10.15,47.48,46.11,30.59,8.63,423.6,11.3,33,2.04,6.8,585.6,81.55
2589.6,90.36,115.21,2418.2,1434,465.6,25.21,23.96,96.77,159.57,41.6,1242.1,40.05,52.1,2.6,10.57,1112.1,63.99
2028.7,87.94,108.96,1883.9,1139.4,348.8,15.5,43.66,73.75,93.66,19.58,861.6,27.27,33.6,2.16,10.15,961.7,61.54
1821.2,88.64,109.59,1916,1134.6,338.6,14.77,36.31,57.95,93.58,18.69,840.2,25.15,37.3,2.29,8.46,900.4,79.43
2338,92.4,112.32,2494.7,1473.5,447.1,17.98,17.81,89.05,171.63,35.33,1348.8,38.59,47.8,2.79,6.4,992.9,91.86
1761.3,84.65,105.34,1958.9,1223.4,379.5,10.97,36.72,65.75,101.81,24.29,877.9,25.74,38.3,2.34,6.25,883.4,91.31
798.4,88.61,101.01,1373,1000,183.6,6.22,58.17,33.36,16.05,8.16,280,9.17,31.2,1.78,7.07,421.5,83.77
1090.6,59.92,61.9,1560.2,1000,306.5,17.47,50.67,49.05,48.02,7.92,414.4,15.49,29.2,1.83,10.29,581.1,52.64
2676.5,86.33,101.86,1758.7,1114.9,335.3,12.58,43.01,60.53,62.15,25.96,721.8,18.44,41.9,2.83,9,1146.7,70.72
2592.6,49.73,46.78,1976.2,1192.7,399.1,20.55,39.37,75.27,85.19,34.1,784.8,25.07,40.9,3.16,10.84,1121.5,54.09
1605.9,89.89,105.29,1715.7,1134.7,278.8,7.25,44.33,48.12,58.13,14.6,664,16.64,34.6,2.18,6.07,853.3,90.86
2258.4,86.99,104.72,1943.9,1193.7,363.6,16.5,40.25,62.22,95.63,27.31,773.5,25.84,41.8,2.87,8.88,998.9,79.17
1277.8,89.53,103.28,1385.9,1000,218.5,13.89,55.58,41.61,21.16,9.58,280,10.2,32.6,1.91,9.43,710.1,62.76
2296,94.99,117.68,2209.8,1283.6,465.6,24.31,27.98,90.73,134.85,30.39,1093.4,33.3,46.9,2.48,10.75,1036.5,61.19
3114.3,87.42,110.95,2078.3,1329.9,410.8,17.27,25.25,74.64,102.76,46.62,997.9,26.66,47.5,3.09,8.19,1297.4,71.84
1708.5,83.74,101.79,1792.6,1122.4,310.1,10.14,44.94,52.65,71.95,19.32,635.2,21.03,36.1,2.37,7.82,894,80.83
1419.6,54.94,58.14,1610.1,1091.4,275.6,8.23,47.83,42.04,45.4,13.66,515.4,14.77,40.1,2.58,6.76,779.8,89.55
2557.5,86.12,102.52,1710.5,1079.5,337.3,13.28,41.92,52.68,55.3,24.37,630,16.73,39,2.94,7.72,1108.3,73.24
2575.6,91.59,109.92,2094.9,1285,398.8,17.4,32.69,70.43,114.01,31.1,917.3,28.82,45.1,2.92,8.87,1102,75.11
1267.4,84.25,97.99,1480.6,1003.2,193,6.09,51.74,34.68,31.22,9.68,360.2,11.35,36.1,2.15,7.04,687,83.32
2509.6,85.19,101.54,2094,1248.8,366.5,14.99,31.35,65.89,108.23,28.13,946.4,27.69,41.6,2.9,7.61,1065.1,80.91
1706.3,61.75,64.94,1778.9,1139.5,284.1,8.67,43.04,52.98,75.91,19.98,795.6,21.35,37.3,2.88,6.98,886.8,94.69
2286.4,85.8,106.7,2015.7,1215.8,371.2,13.25,34.1,62.54,105.75,25.47,949.7,27.6,39.5,2.61,6.95,1020.2,86.26
1663.6,89.58,109.52,1937.3,1056.7,399.4,20.98,35.36,68.81,100.93,17.73,895.8,28.53,40,2.07,10.34,893.7,60.38
3223.7,89.42,110.77,2302.9,1471.4,477.9,22.19,25.57,87.84,120.36,48.96,1148.5,30.92,49.2,3.17,9.9,1301,73.19
1627.7,83.69,98.5,1598.7,1051.1,256.8,10.31,46.96,48.96,54.91,16.63,581.1,15.1,32,2.09,6.51,884.9,81.91
2369.5,84.83,106.47,2022.2,1252.6,398.3,16.12,35.34,74.32,106.94,24.12,876.4,28.09,39.8,2.64,8.46,1021.7,71.1
2026.5,87.42,107.41,2122.5,1284.8,377.4,13.99,32.55,73.83,128.8,25.72,1095.2,29.72,47.1,2.71,7.24,907.2,93.97
1359.9,83.94,103.58,1564.2,1024.2,271.8,12.73,47.56,45.3,46.38,13.58,518.9,15.23,35.9,2.02,9.24,775.7,65.35
2629.7,87.95,105.6,2045.3,1290,335.8,13.7,33.51,65.24,103.71,31.11,1013.2,25.8,42.8,2.99,7.09,1089,85.87
1695.1,71.39,87.28,2119.7,1240.6,345,12.41,31.58,68.3,111.86,23.35,967.1,28.29,38.5,2.44,7.2,869.9,87.77
1900.9,84.93,100.06,1685.5,1075.1,277.1,9.34,42.84,57.48,60.31,18.01,605.2,17.85,42.1,2.38,6.67,908.2,84.44
1024.5,86.07,100.16,1600.2,1008,305.2,13.06,51.09,52.99,45.75,8.42,550.3,15.1,30.2,1.74,9.68,534,63.08
799.2,86,101.54,1459,1000,264.6,12.79,57.6,43.72,25.8,5.73,418.7,11.43,31,1.66,9.47,433.6,60.26
804.9,85.38,98.54,1532.6,1037.8,242.1,7.07,45.86,46.29,41.28,6.01,469.2,12.83,30.2,1.63,6.16,414,85.95
806.2,86.04,98.33,1371.8,1000,239.6,10.28,60,34.28,11.07,6.17,280,7.45,37.2,1.62,8.64,447,71.04
3124.6,87.78,109.94,2374.5,1465,481.3,21.46,22.95,79.64,142.09,50.09,1175.9,35.11,49.1,3.32,8.38,1289.7,75.74
1329.7,83.47,99.54,1527.7,1044.1,247.7,8.31,50.13,46.4,36.85,13.11,486.7,14.62,30.2,2.03,5.95,734.3,90.39
808.5,82.81,98.24,1523,1001.9,248.5,10.23,54.48,39.66,30.13,8.09,485,11.51,31.5,1.7,7.51,422,80.74
2493.5,85.99,103.95,1907.3,1192.2,332.5,14.19,32.77,64.06,91.22,28.06,915.2,25.4,42.1,2.9,8.41,1056.6,75.64
1280,52.69,54.5,1546.1,1000,238.8,8.43,50.08,44.77,40.96,12.57,451.7,14.12,31.6,2.28,8.4,706.8,71.87
1539.1,87.54,106.34,1865.6,1118.4,344.3,12.36,42.52,57.73,86.77,18.43,810.8,24.55,34.7,2.04,8.05,822.8,72.35
2946.1,92.91,115.43,2414.5,1512.6,473.2,19.1,22,88.33,153.54,42.54,1340.6,34.84,47.1,3.1,7.05,1167.6,90.89
1191.3,56.61,57.78,1605.9,1075.8,233.7,6.89,44.87,42.04,44.68,12.42,628.7,14.83,32,2.4,5.65,604.2,92.33
2482.9,86.2,102.84,2059.3,1241.5,368.6,15.22,28.83,68.23,97.14,30.78,802.2,26.36,47.5,2.82,6.8,1015.5,78.5
2446.2,86.66,105.37,1900.7,1212.8,335.6,11.1,31.48,58,79.28,27.21,819.6,20.75,37.7,2.9,6.45,1015.4,82.34
2729.9,88.33,107.66,2262.4,1354.4,460.7,19.79,27.37,83.69,128.25,42.33,1129.8,31.9,49.9,3,8.35,1168.3,74.46
2271.3,90.51,110.2,2001.3,1167.1,388.5,17,32.35,72.51,95.32,22.39,813.2,25.08,45.8,2.39,9.19,1035.4,61.26
2050.6,53.88,55.42,1682,1068.9,335,13.3,43.15,59.85,62.43,17.57,660.8,18.46,40,3.08,8.67,992.8,70.36
1793.1,83.23,102.62,2054.9,1218.6,347.9,9.43,33.47,65.91,105.8,22.06,899.1,26.75,41.1,2.33,6.33,888.7,92.13
1515,88.53,104.29,1771.9,1070.8,311.2,13.19,47.68,52.13,65.38,16.35,642.8,18.83,38.4,2.03,8.48,850.7,77.61
2769.2,86.4,107.75,2306.8,1371.7,408.4,18.03,28.71,82.48,140.76,39.26,1104.2,33.26,50.6,3.02,8.17,1125.1,83.96
2151.6,85.26,101.86,1960.5,1231.3,310.6,8.58,36.23,60.17,92.26,26.84,837.9,23.82,38.3,2.82,6.1,954.2,95.83
2767,86.26,105.83,2319.3,1425.4,440.9,16.96,18.92,87.88,141.42,40.45,1230.4,33.03,50.4,3.03,6.22,1142.6,88.21
1404.7,86.59,105.08,1748,1074.4,291.7,10.98,40.29,47.81,71.12,16.22,701.7,19.9,32.5,2.12,7.28,783,78.62
1707.4,85.05,98.47,1522,1091.9,206.8,6.73,46.64,34.63,34.24,15.98,542.1,12.02,31.2,2.44,5.58,876,90.78
3296.5,90.18,112.36,2204.7,1375,427.1,18.59,26.8,83.9,120.09,42.38,1021.5,30.19,51.6,3.37,8.68,1337.5,78.4
2224.6,85.71,105.73,2099,1249.1,391.9,18.03,31.56,73.46,111.73,28.41,1031.2,27.62,40.4,2.49,8.56,983.2,79.71
834.1,87.32,98.17,1356.3,1000,252.1,12.25,60,39.01,11.95,6.2,307.4,7.67,31.9,1.5,9.72,440.1,65.73
1561.8,84.19,96.15,1619.6,1085.1,244.5,10.8,46.9,45.81,50.76,11.27,563.4,15.14,32.6,2.33,6.86,824.9,86.94
1481.4,86.23,95.71,1679,1078.8,292.3,7.97,46.34,55.15,69.47,14.56,709.4,18.56,38,2.3,7.45,811.5,89.31
2510.7,60.05,61.93,1894.3,1161.2,387,13.36,32.93,67.93,77.26,28.94,653.1,21.86,42.3,3.4,7.31,1070,75.37
2305.4,87.22,109.33,1987.2,1194.3,432.8,21.16,37.1,76.34,93.45,28.05,845.3,26.79,40.3,2.3,10.89,1056.5,47.86
1544.7,52.94,52.8,1728.1,1091.7,324.5,14.1,45.32,55.63,69.15,15.51,635.9,19.94,33.6,2.46,8.63,861.9,70.58
1877.3,92.37,111.12,1789,1099.9,356.4,19.91,38.65,62.89,73.34,20.43,710.7,20.6,35.4,1.65,10.92,978.4,51.95
868.8,84.34,96.51,1398.6,1000,191.4,8.48,55.77,33.67,8,8.54,322.6,6.27,31.7,1.76,7.16,450.8,83.58
2651.1,83.82,103.25,2240,1361.3,423.3,18.09,23.47,76.71,134.99,38.26,1174,32.3,45.1,3.02,7.25,1121.1,83.28
1243.4,83.16,97.03,1464.3,1020.7,214.9,7.56,49.83,38.22,30.94,10.82,457.1,11.68,30.5,2.01,6.53,679,87.39
1661.1,84.76,99.2,1573,1088.5,218.6,5.56,46.79,48.96,42.03,14.97,590.8,14.11,37.6,2.44,5.97,843.5,92.15
1686.3,87.42,100.36,1620.6,1059.4,251.7,7.28,49.55,48.42,44.81,15.62,514.2,14.58,36.3,2.34,6.68,884.6,91.57
796.8,87.25,105.08,1487.8,1000,260.7,11.61,60,41.71,22.62,7.22,288.4,11.05,33.7,1.53,10.19,429.5,65.67
791,85.54,100.64,1484.9,1000,240.9,7.16,48.73,38.37,25.47,7.41,462.2,10.29,33.3,1.72,6.76,419.1,88.15
798.1,84.37,97.52,1421.7,1021.6,234.3,10.69,54.32,44.48,19.32,8.26,358.9,11.4,28.7,1.63,9,426,75.44
3092.7,90.04,115.38,2151.1,1344.6,426.6,19.72,27.64,83.27,113.02,39.54,1077.2,27.97,47.9,2.91,8.45,1268.9,74.69
1266.7,86.15,107.95,1662.5,1015.4,327.4,11.86,49.33,52.01,55.35,8.97,650.8,17.08,30.7,1.79,9.04,691.5,67.03
2571.6,83.58,105.09,2112.9,1331.8,389.1,14.2,31.83,70.78,118.24,36.71,1056.4,28.71,42.3,3.08,7.03,1046,92.34
2827.3,93.81,118.58,2510.9,1483.9,499.3,23.87,13.55,91.65,152.97,43.72,1328.3,36.15,51.1,2.87,9.29,1154.6,75.78
728.8,82.06,94.16,1452.4,1000,229.3,8.64,52.74,31.46,18.93,4.05,359.2,8,30.2,1.64,6.26,401.4,82.23
2651.1,88.25,106.53,2165.9,1378.6,378,11.48,29.68,71.75,115.19,33.96,979.9,29.07,48.3,3.13,5.93,1099,93.21
1144.8,88.03,101.76,1704.4,1037.4,318.5,14.06,47.81,54.31,60.06,10.25,665.9,21.03,32.1,1.69,9.64,607.8,68.08
2232,84.57,103.39,2085.9,1246.5,380.5,16.44,35.99,69.14,111.25,29.19,875.2,29.19,44,2.94,8.83,1001.7,77.43
2203.9,89.06,110.5,2064.9,1221.5,362.7,13.58,30.2,69.09,104.38,25.61,895.9,25.57,41.1,2.42,7.28,984.5,75.45
2525.9,88.13,106.25,2027,1292,384.5,14.48,30.16,69.16,98.85,28.47,937.5,25.55,45.1,2.78,7.59,1043.4,83.17
2296.5,86.41,102.86,2109.8,1256,369.3,16.7,31.22,69.03,110.66,25.42,891.3,28.03,45.4,2.77,8.09,1024,76.36
2321.6,90.48,114.09,2177.8,1315.7,395.2,17.56,32.47,75.6,126.24,31.14,1006,32.24,48.9,2.69,8.97,1014,77.81
1073.8,83.01,102.46,1569.7,1048.8,247.6,11.06,49.62,41.17,46.92,11.04,513.4,15.52,32.4,1.9,8.19,571.1,75.85
2597.2,84.38,104.31,1748.5,1170.8,273.8,10.35,43.35,48.47,63.6,29.56,666.6,18.22,36.3,3.15,6.85,1056.2,89.1
1079.5,78.42,89.56,1590.7,1091.5,232.9,6.3,48.5,49.89,47.1,7.22,599.7,14.49,30.6,1.79,5.92,552.5,90.76
1718,88.01,105.54,1686,1072.4,269.2,8.33,44.3,53.66,63.85,14.71,653.8,18.77,39,2.22,6.79,875.2,88.99
1581.6,87.21,102.18,1838.1,1153.2,334.9,11.22,41.58,55.23,87.57,16.02,801.5,22.71,42.2,2.47,6.89,849.2,90.68
1664.7,90.06,107.27,1700.2,1036.3,307.8,12.04,41.11,57.17,64.53,14.21,568.4,19.35,36.9,2.23,8.47,887.4,70.69
2323.3,88.47,110.16,2209,1309.2,426.7,16.2,33.86,77.92,123.35,28.51,1031.5,31.02,48.2,2.59,8.45,1014.3,77.78
1137.8,85.42,104.91,1538.6,1000,256.9,13.5,54.04,45.79,31.63,8.13,366.6,12.63,31.3,1.71,9.49,619.3,58.98
2095.5,89.01,106.15,1882.3,1136.1,316.6,13.73,36.16,67.03,83.67,21.48,694.6,22.78,37.6,2.39,7.65,960.6,76
1599.5,90.12,105.66,1686.6,1076.3,273.9,10.12,50.26,51.01,56.42,14.23,644.2,16.97,39,2.1,7.64,870.6,79.71
2185.4,90.67,107.19,1892.5,1200.2,359.9,13.07,40.22,59.79,84.38,23.72,757,23.14,42.9,2.5,9.22,1011.3,70.26
872.6,83.39,96.4,1422.3,1034.6,180.3,8.41,54.95,38.36,21.02,9.94,421,8.99,33.8,1.85,6.27,448.1,88.32
2662.7,89.57,107.02,1976.1,1232,347.5,14.45,41.34,73.13,100.69,32.51,882.2,24.27,44.9,3.1,9.28,1130.5,80.9
1779.6,87.57,104.78,1868.4,1153.8,345.5,15.03,40.29,62.06,90.36,17.35,712.7,23.93,38.5,2.04,8.41,926.3,77.23
2302.6,87.39,106.75,1816.6,1165.2,309.2,10.67,39,52.92,78.49,25.19,804.1,22.08,36.3,2.8,6.6,996.4,82.27
1049.7,87.74,103.47,1729.1,1032,316.1,13.95,39.66,56.6,65.42,10.88,675.9,18.59,35.8,1.9,7.88,537.8,82.22
3168.5,92.22,111.59,2124.9,1405.1,373.8,13.24,29.96,70.17,106.94,42.03,1060.6,25.96,50.4,3.46,6.57,1240.7,93.77
1514.8,88.09,105.36,1769.8,1115,324.6,11.72,43.37,58.58,76.95,15.8,683.7,21.22,34.8,2.25,7.62,831.4,83.59
1598,81.24,96.57,1440.9,1021.4,212.6,4.95,58.15,36.76,24.37,12.08,454.2,9.85,33.1,2.42,6.83,834.5,91.58
2497.5,89.46,112.36,2108.3,1330.2,388.7,19.69,27.2,77.19,105.92,32.22,939.7,26.61,47.8,2.73,8.37,1091.4,73.23
814.1,80.81,91.64,1437.1,1016,224.3,7.44,52.09,37.39,14.01,7.89,403.1,8.39,30.1,1.48,6.24,428.4,82.23
842.4,52.32,53.19,1358.4,1000,181.6,6.31,53.59,25.6,8,8.85,324.3,7.6,28.6,2.09,6.36,433.2,85.17
3119.7,89.77,112.38,2357.4,1470.8,473.6,21.55,17.41,87.49,132.75,46.46,1210,32.49,52.4,3.1,8.51,1297.8,78.79
1252.6,85.87,102.07,1624.3,1083.1,288,6.9,54.55,45.22,49.53,11.82,562.9,16.67,37.1,1.84,7.39,651,87.59
2584.1,91.44,113.85,2109.1,1323.3,395,16.03,33.76,66.44,111.78,35.54,963.2,27.83,48,2.75,7.84,1039.9,82.92
2097.3,89.55,110.93,1917.7,1154.2,386.9,17.8,37.84,65.82,93.02,20.66,790.1,23.99,41.6,2.39,8.79,1005.5,65
1614.8,79.98,97.77,1494.4,1047.6,227.8,8.02,52.1,42.79,30.93,14.88,381.4,11.17,35.9,2.37,6.22,852.1,88.55
2268.7,85.59,107.38,2034.5,1225,422,21.92,35.21,72.59,98.85,23.67,929.6,26.11,41.6,2.43,10.72,1042.7,59.55
1733.4,84.89,99.09,1532.5,1000,247.5,10.36,48.17,39.78,34.89,13.93,501.6,12.74,29.4,2.34,7.58,876,79.27
785.1,83.45,98.93,1477.9,1000,235.5,7.1,51.66,35.95,22.9,6.11,437.8,9.5,30.9,1.74,6.7,414.6,82.9
2968.6,65.07,63.87,1944.7,1295.1,337.7,12.66,33.35,65.99,89.59,35.51,937.5,23.95,44.6,4.15,7.32,1245.5,86.89
1828.4,82.53,98.74,1919.1,1151.9,337.6,10.77,35.96,55.12,92.74,22.09,831.4,24.59,42.8,2.56,7.57,911.7,86.02
1455.7,82.19,96.79,1465.4,1057.7,218.4,6.75,55.86,34.76,28.32,11.93,462.4,10.8,33.7,2.19,6.59,798.9,91.12
2342.1,87.62,106.33,2037.4,1249.6,372,12.41,37.28,65.58,105.09,30.45,966.2,27.8,43.8,2.73,6.89,1006.5,80.78
2470,87.84,108.54,1781.5,1089.2,339.7,13.12,37.04,60.01,67.86,25.07,675.9,19.75,40.9,2.74,7.64,1061.7,68.35
2641.2,90.05,108.46,2090,1318.9,399.8,12.98,31.58,77.02,110.71,32.89,994.8,26.84,43,2.93,7.3,1046.7,88.32
1730.1,85.65,106.6,1678.2,1009,308.2,14.07,44.89,51.64,58.76,18.06,651.1,17.49,31.5,2.13,8.81,910.7,71.03
763.8,84.47,95.04,1445.9,1014.1,234.8,5.31,50.37,37.54,16.94,3,394.7,8.7,34.8,1.69,5.51,407.4,89.02
1295.6,86.47,103.27,1652.8,1069.2,285.2,9.86,45.76,55.15,57.14,11.46,480.1,18,37.8,2.23,7.26,690.6,85.61
762.5,86.03,97.99,1493.4,1033,210.8,6.15,50.3,38.01,24.7,5.92,500.2,10.27,28,1.72,6.54,397.1,90
3087.6,94.61,119.32,2459.1,1519.3,447.4,20.9,16.01,82.67,144,43.58,1324.6,35.6,52.9,2.94,8.42,1238.4,80.86
2360.8,92.4,114.43,2291.3,1320.1,489.8,25.25,28.74,87.96,141.64,32.79,1103.5,36.18,48.3,2.25,11.22,1051.6,55.36
1416.9,84.54,102.01,1596.6,1058.7,262,11.31,53.69,51.12,45.54,11.72,522.9,15.11,32.8,2.17,7.96,802.4,75.33
1622,87.33,100.08,1883,1106.6,370.8,15.67,38.1,59.98,91.31,18.48,760.2,25.19,36.9,1.92,8.96,863.3,65.76
1226.7,87.98,101.57,1509.4,1000,217.7,10.41,50,39.36,28.97,6.22,434.5,11.65,32.9,1.64,7.53,676.8,74.16
749.5,87.09,104.58,1460.1,1000,243.6,9.98,49.51,40.41,24.11,6.92,336.2,10.49,30.3,1.34,7.54,412.6,75.33
2300.1,91.86,113.24,2218.9,1330.6,435.5,17.73,29.06,78.01,135.62,27.35,1106.9,32.26,43.8,2.58,8.48,1009.7,76.07
2698.8,87.25,108.23,2276.3,1398.2,435,15.87,26.95,81.54,137.67,38.97,1060.4,33.9,41.5,3.07,7.28,1070.1,84.43
2561.8,85.47,103.88,1821.2,1233.8,250.7,7.31,40,57.43,74.33,26.54,677.3,22.16,40.3,2.97,5.93,1019.5,97.44
2538.1,86.45,110.91,2238,1380.1,378.7,13.45,28.22,73.97,133.6,32.76,1046.2,30.96,46.2,2.93,6.72,1055,93.52
2146.1,83.66,98.31,1740.4,1104.8,299,11.13,44.28,52.98,64.71,23.05,677,18.76,38.7,2.75,7.23,926.7,84.5
2916.3,91.23,110.84,2182.4,1384.6,398.2,14.99,26.27,75.82,110.16,40.35,1053.3,29.14,52.8,3.2,6.71,1188.8,85.17
2535.6,89.65,111.51,2401.7,1456.3,514.2,25.81,22.83,81.89,142.71,40.77,1150.3,37.17,55.4,2.5,10.08,1078.2,62.91
889.5,90.69,108.77,1370.4,1000,261.7,16.42,59.83,42.71,26.5,6.03,361.6,12.94,35,1.49,11.26,490,50.89
1597.6,83.42,97.59,1739.6,1133.6,278.1,9.61,46.44,54.26,66.88,15.41,701.7,18.89,37.9,2.37,6.49,831.9,92.51
2600.4,85.91,103.23,1923.1,1187.4,354.2,16.62,35.11,66.24,96.46,28.87,769.7,26.96,39.2,2.95,9.6,1118.9,66.49
790,82.1,92.37,1403,1000,202.4,7.95,53.31,34.83,14,7.22,442.9,8.86,30.8,1.64,7.41,422.1,80.38
2107.3,91.1,110.08,1877,1146.1,347.8,12.58,39.73,53.69,78.71,22.34,657.7,20.81,42,2.59,7.57,990,82.27
1993.7,88.78,107.16,1904.9,1182,377.5,12.56,38.49,64.65,82.85,23.37,777.7,22.81,39.6,2.61,7.63,942.1,79.47
903.8,80.56,94.66,1501.7,1096.5,221.5,5.83,52.12,41.5,27.35,7.17,499.1,11.57,34.9,1.89,5.65,450,99.2
2669.6,90.74,106.01,2132.6,1358.3,374.9,12.41,31.17,67.99,111.17,30.87,994.5,28.5,50.1,3.18,6.02,1050,96.74
2659.6,86.37,102.3,1740.2,1123.4,333.9,11.54,43.17,56.22,61.51,23.88,679.7,17.83,38,2.96,7.46,1125.5,80.03
1677.4,89.37,103.82,1435.4,1000,233.5,11.3,52.07,37.42,22.97,16.06,371.8,9.98,32.2,2.23,7.86,883.6,72.14
1623.9,83.31,103.68,2078.7,1206.5,394.4,15.34,29.57,73.53,115.59,18,976.9,29.18,43.3,2.01,8.15,855.4,83.12
3109,92.04,115.59,2280,1405.1,469.4,25.24,27.73,80.31,133.29,41.61,1152.8,33.88,51,2.88,9.92,1299.1,67.43
2658.2,88.05,107.54,2259.7,1397.4,414.4,16.07,28.12,74.87,122.37,34.36,1110.6,31.35,50.4,3.05,6.98,1064.2,87.31
1086.8,85.24,98.63,1612.3,1003.6,247.5,10.53,43.81,51.64,50.86,9.52,621.7,16.46,33,1.92,7.42,562.9,79.72
2914.4,87.72,109.14,2384.5,1513.4,430,17.74,23.45,75.67,139.55,45.86,1137.8,33.06,49.5,3.42,7.19,1209.8,85.96
1743.1,90.33,109.59,2126.1,1193.6,432.7,18.95,23.56,75.37,116.55,21.12,1001.1,29.96,42.9,2.29,8.99,919.2,67.96
3189,90.48,114.34,2471.8,1554.8,503.2,21.82,16.09,87.07,142.36,49.01,1339.1,36.76,53.1,3.29,7.99,1262.8,79.49
777.3,87.96,105.72,1443.9,1000,276.7,9.37,56.12,42.89,24.03,5.62,287.1,9.33,32.6,1.44,8.06,417.3,75.09
2553.1,89.45,110.27,1996.3,1231.2,389.6,17.49,38.09,71.2,94.4,30.94,792.7,25.56,44.6,2.42,9.79,1114.1,63.6
1760.2,87.87,104.83,1683.6,1000,297.7,16.59,50.92,58.38,61.91,16.63,561.3,20.56,35.4,2.16,10.77,919.6,51.98
1992,89.41,113.02,2191.1,1324.9,401.4,14.29,31.1,74.95,129.18,24.16,1112.6,31.11,41.2,2.21,6.78,905.1,93.07
776,84.43,99.53,1398.5,1000,246.2,8.61,54.57,36.59,16.2,10.18,365.2,8.56,32.5,1.78,7.38,422.4,75.97
1908.8,83.92,102.58,1884.1,1188.9,354.1,11.32,39.18,60.7,88.84,21.35,717.7,23.03,36.8,2.38,7.07,920.1,85.68
2448.9,90.17,109.13,2144,1338.3,364.7,12.93,32.35,62.62,108.77,29.58,1106.4,27.82,46.6,2.99,7.14,1025.4,90.08
1994.9,87.41,106.21,1983.6,1224.1,354.1,11.8,39.65,68.18,105.52,21.19,927.8,26.02,40.2,2.61,7.34,960.4,85.45
1912.7,91.22,108.6,1730.3,1084.8,304.9,14.72,41.48,56.47,62.12,22.19,663.5,18.7,40.9,2.46,8.54,939.8,76.69
2988.4,89.8,113.35,2521.5,1519.8,512.1,24.86,17.74,87.97,153.55,45.23,1272.1,37.26,51,3.05,9.04,1263.1,72.02
2323.1,93.79,110.59,2025,1193,382.3,17.4,34.68,69.41,99.96,24.49,810.7,26.85,41,2.55,9.17,1068,71.96
1444.8,85.78,99.88,1624.7,1041.3,217.3,9.48,46.91,51.97,51.59,12.76,581.9,16.85,34,2.14,7.59,800.9,83.65
1539.9,91.08,108.97,1600,1000,304,14.41,47.28,53.64,49.84,13.64,502.9,17.18,28.8,1.66,9.57,873.4,55.84
1734.1,87.6,105.45,1648.6,1044.5,279.1,14.73,51.16,52.15,44.6,14.75,444.4,15.51,34.8,1.95,10.52,930.2,61.58
2077.6,87.39,108.33,2171.5,1231,419,16.72,25.79,73.47,123.42,26.27,959.2,31.67,41.5,2.31,8.56,982.4,72.32
1585.9,86.9,105.27,1942.4,1114.8,342.3,11.3,37.87,59.85,102.23,14.51,881.1,25.92,34.9,2.29,6.48,836.5,88.98
2318.6,86.83,103.44,1851.9,1123.9,381.2,20.08,38.84,67.83,78.91,22.87,801.1,21.92,38.9,2.52,10.46,1039.2,56.4
2397.1,89.12,107.02,2013.3,1211.8,359.3,16.42,29.3,72.28,107.41,28.55,976.6,27.54,42.7,2.53,7.82,1069.8,76.4
1469.7,82.56,96.38,1586.3,1066.1,254,7.06,53.37,49.4,53.79,12.5,626.7,16.96,36.1,2.36,6.54,809.8,89.29
2647.6,88.74,111.44,2305.5,1354,458.1,24.97,26.89,83.15,137.27,35.33,1182.3,35.07,48.1,2.76,9.56,1118.5,65.96
2407.5,84.58,101.76,1827.8,1117.6,292.5,12.51,36.8,61.61,72.68,29.42,752.6,21.84,42.1,2.85,6.76,1034.5,84.48
1722.8,84.73,106.71,1700.4,1050.6,343.9,14.15,48.82,56.19,63.14,15.91,599,18.76,38.3,2.1,8.99,913.2,65.77
2853.5,93.21,114.91,2192.3,1370.8,454.2,24.52,26.53,78.55,120.46,38.37,1041.3,30.39,47.1,2.9,10.28,1224.2,59.9
1772.7,66.61,68.92,1804.3,1096.9,345.3,15.82,41.84,60.81,84.51,20.59,672.4,22.75,37.8,2.52,9.82,937.6,63.02
2695.9,85.68,100.27,1904.2,1278.3,319.4,11.27,37.2,60.67,78.95,29.26,786.7,21.56,44.7,3.21,5.99,1077.2,89.94
2488.4,83.63,106.18,2071.3,1333,373.6,15.64,29.92,76.82,111.71,33.56,997.2,26.14,44.5,2.88,7.18,1033.6,90.5
1537.9,85.57,102.89,2071.9,1242,333.7,9.94,30.45,68.32,112.81,18.91,968.4,26.45,39,2.33,6.28,839,97.59
2434.1,83.87,100.57,1808.3,1130.5,322.7,8.52,40.07,55.7,67.27,25.52,692.7,19.32,37.2,3.17,6.26,1024.4,89.22
1970.7,87.02,105.96,2014.4,1158.4,364.8,16.82,39.64,68.81,96.89,25.84,818.3,26.43,39.7,2.1,9.29,967.6,61.14
793.3,82.97,96.26,1453.7,1009.8,231.6,6.29,57.13,32.55,23.07,5.33,308.2,9.3,33.9,1.62,6.5,410.7,87.65
1235.2,83.14,97.38,1724.2,1073.6,279.3,6.94,40.38,40.67,68.57,11.05,757.9,19.66,33.6,2.17,5.53,645.1,95.99
1894.5,83.54,102.81,1872.4,1186.2,325.4,9.98,39.23,54.96,88.18,22.84,736.8,23.08,38.6,2.65,6.33,896,93.71
1947.9,88.93,106.4,1674.3,1080.8,347.3,18.51,42.91,61.92,67.37,17.04,624.8,20.72,34.7,2.33,10.48,967,58.77
2339.4,90.66,109.55,1942.3,1232.4,361.4,15.29,36.29,68.99,90.07,27.47,828.9,25.33,39.1,2.5,8.52,1051.9,67.96
1321.2,84.94,99.71,1605.9,1007.7,241.7,9.63,47.92,52.01,56.24,12.93,575.2,17.09,30.3,2.05,7.39,713,81.04
1246.9,83.9,102.34,1717.7,1031.9,315,14.11,43.25,54.65,60.63,11.26,606.9,18.51,34,1.82,9.13,705.1,66.54
1382.2,89.3,105.61,1529.6,1000,255.4,11.81,49.36,43.44,34.07,9.61,425.5,13.3,28.9,1.79,8.09,780.3,72.92
1961.9,89.8,110.46,2085.1,1247.4,378,12.04,35.75,68.44,114.26,26.78,980.4,27.58,45.7,2.68,7.5,929.8,87.01
3084.2,88.82,112.02,2234.8,1391.7,466.9,22.35,26.5,82.34,116.04,42.98,1033.6,30.42,51.1,3.13,9.51,1276.1,64.86
3045,93.86,117.32,2319.8,1438.9,457.7,21.46,23.04,87.73,129.52,42.31,1137.7,31.3,50.4,2.93,8.63,1301.7,68.82
2372.1,48.95,52.35,2280.2,1345.1,410,16.58,29.92,77.01,136.16,28.68,1099.1,33.83,44.1,3.45,8.26,1033.5,83.43
3041.7,90.7,114.47,2503,1589.6,474.2,20.43,14.14,94.34,155.44,50.81,1292.7,37.03,56.7,3.1,7.77,1252.3,85.76
1982.7,89.13,110.66,2044.2,1212.2,420.8,21.43,37.36,79.65,112.74,21.29,988.3,28.73,39.9,2.34,10.01,945.4,65.74
1094.5,86.28,100.56,1592.7,1046.2,244,3.24,40.21,44.22,45.62,9.59,629.4,14.73,38.3,1.97,5.11,553.5,97.57
1642.5,83.65,98.13,2063.1,1215.9,340.5,11.32,29.36,66.5,105.41,17.2,842.2,26.13,39.5,2.38,6.18,862.1,89.28
2847.3,88.31,108.4,2487.8,1492,438.5,17.91,17.68,81.6,156.56,44.78,1297.5,36.5,52.3,3.12,7.41,1121.3,93.95
1377.3,86.78,102.25,1708.7,1050.4,329.5,12.75,48.33,56.59,61.32,9.45,590.5,19.45,32.3,1.82,8.53,781.1,73.09
1651.7,86.81,99.44,1487.2,1000,255.2,13.21,54.41,45.99,36.72,13.19,400.3,13.31,36.5,2.11,9.24,894.9,70.81
2386.9,69.55,69.87,1769.2,1160,298.7,10.08,46.9,54.98,67.11,25.05,633.5,19.41,41.8,3.31,7.49,1020,86.62
1510.3,82.94,102.93,1970.5,1211.7,345.2,11.09,34.54,67.68,96.79,18.06,872.4,25.83,40.6,2.12,6.19,821.3,90.17
2136.3,88.59,110.18,2126.8,1231.7,397.8,15.4,28.39,75.88,118.52,23.51,953.2,29.39,46,2.62,7.65,971.2,83.49
2671.9,89.56,110.86,2044.9,1259.8,403.4,15.52,33.58,72.39,102.47,32.59,973.3,27.48,42,2.76,8.91,1147.3,74.37
2290.7,92.66,117.83,2343.6,1371.1,421.3,20.11,25.44,91.36,151.14,32.6,1157.1,36.22,41.6,2.35,9.45,1040.2,70.97
1775.7,88.87,101.59,1620.2,1061.8,254.5,10.61,41.72,55.59,48.49,15.95,546.9,15.49,31.1,2.53,7.22,861.4,80.5
2071.9,90.49,112.43,1961.8,1138.9,346.3,15.06,41.08,70.98,102.3,20.45,901.9,27.33,37.3,2.36,9.28,965.8,74.7
3175,91.03,108.82,2361.9,1490.2,469.7,21.82,26.97,79.32,137.23,49.61,1258.8,34.41,51.3,3.24,9.47,1286.9,79.3
1538.3,87.99,104.01,1598.5,1038.2,283,10.88,48.62,52.11,49.08,12.26,537.2,14.8,33.7,2.06,7.23,819.1,81.88
2863.7,87.96,110.4,2331.5,1410.2,476.4,21.45,25.87,82.57,139.47,40.49,1175.2,34.27,50.2,2.9,9.14,1206,72.47
2842.9,86.74,109.84,2399.3,1470.7,438.4,21.12,18.06,80.73,144.8,44.8,1330.6,36.22,53.3,2.97,8.34,1209.6,76.3
1586,87.47,103.04,1572.6,1056.3,236.7,6.02,53.29,42.26,41.6,13.28,551.8,14.33,33.4,2.19,5.69,820,94.77
1222.9,85.78,102.66,1524.4,1000,252.6,10.47,49.55,47.43,36.76,9.16,385.1,12.83,35.6,1.82,8.86,670.9,74.25
2239.4,88.42,104.79,1713.2,1065.5,304.2,12.62,41.74,59.98,58.68,21.67,591.8,18.23,36.1,2.54,8.14,993.5,72.88
817.2,81.19,93.61,1400.6,1000,202,9.07,54.91,45.19,20.34,4.85,377.1,9.68,28.9,1.83,7.66,425.5,79.15
2879,93.63,115.9,2366.3,1438.9,528.3,28.79,25.94,91.08,144.99,42.65,1217.3,37.64,51.7,2.62,12.25,1275.7,56.02
1548.1,86.96,105.23,1866.7,1092.7,348.2,13.95,42.36,64.91,86.22,18.16,811.7,22.8,38.3,2.09,8.84,848.7,74.78
761.1,83.55,96.05,1357.7,1000,186.6,7.99,52.89,34.79,12.14,7.9,325.4,7.61,32.9,1.62,6.8,410.6,80.84
2102,82.59,96.74,1861.6,1187.5,310.6,12.22,40.75,59.12,78.63,22.75,724.9,21.59,38,2.74,7,929.1,85.77
808.7,86.85,103.88,1415.8,1000,244.9,11.8,60,38.04,16.83,4.5,280,9.5,34.8,1.49,9.29,452.5,62.5
3160.5,87.37,105.61,2090.2,1340.8,436.5,19.36,26.63,72.69,102.8,44.37,992.4,26.68,49,3.54,7.5,1304.3,76.58
3147.3,92.75,113.8,2080.1,1301.8,428.4,21.88,26.36,78.32,102.03,39.2,908.2,26.68,44.9,2.78,9.38,1327.7,59.23
1587.5,84.94,98.92,1678.1,1093.7,295.9,6.15,44.03,50.56,55.37,12.31,661.2,17.43,36.4,2.45,6.55,852.4,88.06
3228.4,84.55,104.48,2131.7,1356.1,468.5,22.14,25.53,78.39,102.02,41.11,1028.1,26.86,49.1,3.18,9.33,1307.9,67.03
1240.7,83.5,99.56,1645,1087.3,243,5.99,44.84,53.33,60.2,12.88,740.8,16.8,35,1.81,6.12,669.7,92.18
1662.3,89.12,104.66,1655.7,1045.9,314.3,13.72,49.43,46.11,48.65,15.48,484,18.41,33.8,2.27,8.73,890.7,69.37
3127.2,88.45,106.06,2295.3,1473.3,459.4,15.75,25.27,77.89,124.45,48.51,1150.8,30.84,55.7,3.37,6.59,1252.6,87.29
2252.3,87.05,104.2,2073.9,1277.4,362.9,13,33.35,69.64,110.16,25.81,924.5,27.02,42.3,2.98,6.39,968.2,90.87
2072.6,56.87,54.41,2043.8,1246.3,330.4,10.3,31.81,63.79,110.15,24.45,869,28.12,43,3.09,6.81,932.5,90.85
1828.1,86.66,100.59,1874.6,1142.4,298.3,11.66,35.29,53.08,85.34,19.78,812,21.94,38.3,2.43,7.03,904.6,89.03
1373.5,79.57,95.9,1439,1000,226.3,9.01,58.92,44.49,29.24,14.15,369.7,12.77,33.7,2.16,7.43,767.5,82.81
1725.5,89.38,107.73,1704.3,1065.2,290,9.37,43.75,52.21,62.97,15.85,683.9,19.49,32,2.41,6.56,886.9,87.36
1743.5,85.77,99.56,1896.3,1189.7,299.6,8.06,42.12,63.54,86.1,19.67,816.9,23.31,44.4,2.12,6.39,874,91.91
2944.7,87.28,109.52,2042.2,1309.6,341.3,10.99,29.88,71.71,94.09,39.49,958,25.35,50.2,2.99,6.14,1214.5,85.14
3183.4,91.9,117.47,2027.5,1295.6,433.8,19.45,35.59,77.49,92.32,39.51,912.3,26.39,46.7,3.01,10.36,1341.2,56.28
2406.4,95.66,117.12,2354.2,1353.5,495.5,29.83,26.43,86.99,150.71,33.56,1155.9,39.98,48.9,2.45,12.25,1126.6,49.11
2407.2,88.55,110.37,2470,1485.6,440.5,16.59,22.53,86.83,161.22,37.34,1254.2,40.23,50,2.83,6.83,984.5,90.61
3011.6,88.06,107.58,2024.9,1318.8,379.1,17.58,33.48,67.05,91.17,36.68,949.5,22.69,48.9,3.15,9.25,1278,73.65
1577.8,87.03,106.42,1783.9,1072.6,297.4,12.04,43.77,57.51,80.5,16.39,608,22.88,35.5,1.91,8.1,881.2,75.29
755.5,83.53,91.46,1469.3,1019.4,229.5,9.32,52.46,42.73,32.36,7.12,413.5,12.45,28,1.71,7.3,398.5,83.64
2538.2,84.86,105.75,2321,1423.4,405.5,14.66,24.4,74.43,137.74,36.54,1162,34,47,3.04,5.81,1066.4,95.44
1704.9,87.46,104.54,1725.9,1040.8,324.3,13.69,45.87,48.23,54.13,16,521.5,17.51,33.8,2.08,9.71,929.7,62.73
2438.7,85.29,104.06,1908.4,1234.6,320.3,8.15,34.15,62.76,82.02,28.88,818.2,22.64,41.1,2.97,5.2,1038.6,86.57
2971.4,92.62,115.79,2298.1,1427.9,462.1,19.61,27.29,77.7,133.1,39.25,1168,32.39,44.9,3.01,8.66,1228.1,79.46
1307.9,83.5,94.04,1549.4,1016.7,241.1,12.05,52.23,43.11,39.92,12.13,428.3,15,32.8,2.16,8.19,723.6,78.57
2427.8,86.85,105.35,1997.3,1293.8,368.5,10.73,30.84,64.17,101.46,26.9,907,26.61,45.9,2.8,6.22,1016.1,87.44
1570.7,88.9,108.75,2108.8,1170.2,387.7,16.47,32.06,72.28,126.19,18.84,990.9,31.72,39.4,2.07,8.59,868,74.43
1008.5,86.83,103.23,1618.9,1083,279.4,12.03,47.23,48.44,48.16,7.8,539.4,17.16,32.3,1.59,7.97,525,79.69
2248,83.64,105.08,1788.4,1061,340.1,15.2,42.45,58.82,63.01,20.38,575.9,20.94,41.5,2.5,9.51,1037.4,59.53
1558.9,86.24,106.3,1930.5,1154.4,382.1,16.02,39.01,60.79,95.07,17.64,884.4,25.81,37.4,1.86,9.3,849.5,73.32
1105.3,85.75,99,1594.2,1068,276.9,9.39,47.06,47.24,45.11,8.92,570,14.95,35.1,1.79,6.94,576,83.9
1795.8,80.37,97.55,1567.5,1014.7,260.4,11.3,52.85,44.71,48.47,14.71,554.8,15.18,34.2,2.53,7.84,910.2,84.07
2783.7,89.58,109.04,2446.3,1503.3,439.1,16.48,24.11,85.67,157.54,42.85,1288.9,38.28,49.4,3.1,6.74,1135.6,93.79
762.3,82.15,96.29,1381.8,1000,190.4,6.76,53.77,33.06,15.78,3.75,398.8,8.53,31.6,1.44,5.93,406.2,89.12
1997.4,86.79,106.59,2122.2,1248.6,432.3,18.51,32.61,66.32,119.28,25.41,967.7,30.62,39.6,2.49,8.84,952.8,73.43
1349.4,87.9,103.02,1471.2,1000,254.3,11.16,50.22,38,33.39,11,409.4,12.27,30.3,2.15,7.72,751.5,73.7
2634.5,93.79,116.51,2383.6,1424.3,474.7,23.89,26.5,86.57,155.68,40.71,1203.1,36.94,44.1,2.84,10.36,1093.5,74.51
861.7,87.64,98.39,1404.3,1000,209.5,10,58.18,38.24,15.51,7.69,323.3,8.58,31.9,1.56,7.9,439.8,75.25
2552.1,89.25,108.87,1871,1078.2,364.4,17.98,41.73,58.61,75.77,24.8,735.8,23.24,40.3,2.52,9.86,1117.3,57.84
1685.6,88.54,104.99,1924.1,1156,346.3,13.39,38.18,67.94,90.38,19.65,776.7,24.26,38.2,2.19,9.13,899.4,69.27
1089,83.59,100.74,1465.8,1000,239.1,12.9,52.19,45.46,26.17,9.1,397.9,10.07,31.3,1.86,9.03,570.6,68.66
2215,86.63,109.74,1978.1,1169.5,414.5,19.06,39.63,69.1,94.12,23.81,776.3,24.95,39.8,2.38,9.97,982.9,59.17
1294.7,87.51,101.52,1705.5,1056,314.3,11.88,47.91,55.17,60.22,11.52,610.9,17.22,36.4,1.87,9.11,713.9,70.45
2970.1,91.18,107.96,2085.1,1255.2,435.8,19.88,29.19,73.56,94.41,37.43,945.3,25.39,43.8,3.01,8.65,1291.1,61.41
1148.4,88.26,102.64,1521.3,1018.2,216.5,6.33,52.66,37.26,33.56,11.62,370.3,12.2,32.7,1.96,6.61,588.1,88.63
2181.1,90.75,108.7,2026.7,1215.9,363.7,13.19,31.16,64.24,102.33,26.98,915.3,27.72,42.4,2.74,7.21,989.3,79.08
2713.9,84.88,101.55,2019.9,1313.2,332.3,10.55,35.33,69.23,97.78,34.73,971.7,24.36,45.6,3.16,6.43,1082.3,90.02
904.6,83.32,101.77,1520.9,1039.4,233.6,6.28,52.09,44.56,35.13,8.77,467.6,12.03,33.6,1.89,6.72,469.1,86.57
2230.7,89.61,110.97,2309.6,1317.3,447.4,23.2,25.79,81.08,143.89,32.82,1107.3,35.89,46.1,2.45,9.86,1016.3,66.08
1700.5,86.31,98.22,1595.7,1130.4,214.5,7.35,47.64,43.24,36.65,19.94,547.7,14.6,37,2.63,5.49,860.8,96.74
3268,87.2,107.87,1986.7,1278.5,445.3,20.15,32.9,73.02,82.52,42.13,821.3,23.02,51.2,3.06,9.72,1412.8,59.99
2297.9,88.98,110.89,2328.6,1399.7,445.9,19.61,21.22,79.65,153.58,31.08,1214.9,36.01,45.4,2.57,8.53,1025.6,81.37
2247.8,87.94,111.26,2133.5,1258.4,401.3,16.22,33.92,73.09,126.49,28.84,1004.4,32.4,42.9,2.48,8.61,990.4,80.18
2423.2,84.07,103.08,1919,1271.7,333.7,12.95,36.88,67.3,93.81,29.4,823.1,23.16,44.4,2.92,6.86,1012.4,85.81
2552.2,86.96,107.18,2162.7,1268.6,446.4,24.85,28.91,77.16,118.35,30.68,1011.3,31.23,44,2.34,10.83,1120.6,51.62
2235.5,49.44,52.4,2273.1,1281.7,482.3,21.85,30.96,83.75,145.78,33.92,1176.3,35.65,40.8,3.12,10.64,1024.2,67.67
1607.7,91.12,113.81,1993.2,1182.9,402.6,13.99,33.56,65.81,108.15,18.01,931.2,28.38,39,2.11,9.19,870,75.38
824.3,81.47,90.65,1409.3,1000,206.4,5.41,59.97,31.86,19.32,3.5,376.9,10.18,29.1,1.65,6.89,420.3,90.9
1316.9,85.38,102.12,1559,1000,317,13.71,53.92,49.68,37.38,10.97,442.2,13.73,32.5,1.64,10.03,774.9,60.21
1541.6,86.5,105.14,1665.8,1047.8,269.7,11.69,48.62,50.67,60.79,16.79,597.5,17.85,36.2,2.32,8.29,842.2,81.02
2714.2,87.08,106.96,2091,1313.2,365.5,14.92,34.54,63.97,100.19,34.65,900.3,25.96,47.7,2.95,7.96,1160.6,82.41
2454.3,90.18,111.25,2453.3,1412.3,475.2,21.29,23.64,88.9,156.89,34.68,1256.5,36.84,47.8,2.69,8.46,1035.4,83.29
1191.7,85.12,98.99,1507.4,1000,293.8,12.5,48.26,44.66,35.29,9.34,325,12.8,31.3,1.75,8.15,665.1,70.78
1992,85.34,105.04,1910.9,1126.4,382.8,15.08,35.54,66.8,79.12,22.11,710.5,22.55,43.7,2.38,9.15,981.9,61.81
1458.9,83.26,100.25,1661.7,1053.6,263.2,11.28,49.56,51.33,58.85,13.73,611.2,17.85,34.6,2.21,8.17,823.1,82.78
3273.4,87.52,108.63,2116.8,1329,410.9,16.94,30.23,64.82,99.74,43.37,907.1,27.55,52.4,3.4,7.92,1314.4,74.92
1627.4,83.84,102.59,1660.1,1012.3,263.9,12.52,44.09,46.58,54.7,13.71,490.9,17.43,32.3,2.06,8.02,866.5,74.63
2204.3,89.92,109.14,1980.9,1221.5,375.3,15.04,33.22,70.96,98.38,27.83,788.3,24.92,42.3,2.69,8.16,992.4,80.63
2131,86.8,108.23,1865.4,1126.8,321.9,15.48,41.45,62.43,89.52,25.42,769.7,24.33,42.8,2.4,8.42,996.5,74.92
1805.2,87.25,105.75,1737.1,1097.2,307.3,16.34,39.67,60.12,67.2,15.53,681.4,19.35,34.9,2.15,8.79,931,66.37
2153,88.81,108.31,1798,1131.5,282.6,12.45,37.56,54.1,75.34,23.87,670.3,22.45,36.2,2.55,6.96,955.7,81.18
2751.1,90.83,112.1,2396.1,1496.8,473.1,21.29,26.36,87,145.57,43.24,1161.4,35.58,53.5,2.75,9.46,1124.9,77.1
1131.9,87.76,107.58,1615.8,1027.2,284,13.14,49.26,51.15,59.11,8.19,578.5,17.51,37,1.78,8.82,585.5,74.47
1275.8,87.33,105.48,1741.6,1101.2,348.2,12.76,41.11,51.57,67.2,13.25,710.5,18.42,37.6,2.01,6.59,671.2,88.07
2575.3,88.6,113.17,2382.3,1388.6,513.9,27.59,21.55,90.46,140.72,36.27,1197.7,36.12,48.7,2.45,11.06,1122.1,58.3
2857.6,90.68,108.09,2088.7,1334.6,388.9,15.09,28.22,68.35,102.21,37.34,966.7,25.51,45.6,3.2,7.1,1193.3,84.94
2083.6,87.5,105.78,1969,1211.3,347.5,11.85,36.14,64.15,96.07,19.61,873.2,23.85,42,2.68,7.53,947.7,88.14
1970.3,92.27,106.51,2025.8,1187.1,365.3,17.57,33.76,71.55,119.25,23.62,950.3,30.12,42.2,2.35,8.67,918.7,73.39
2125.5,86.16,102.98,1967.4,1264.4,304.7,10.92,35.74,64.16,100.96,25.11,857.7,24.77,41.8,2.93,6.49,940.6,95.04
2410.7,87.62,106.84,1820.2,1177.5,314.6,15.36,39.92,64.08,75.72,23.52,709.7,21.44,37.2,2.61,8.53,1044.7,71.3
3054.7,87.35,105.37,2020.5,1315.2,349.1,13.97,34.28,69.1,92.6,35.96,898.7,24.81,49.7,3.14,8.08,1294.8,78.75
2328.6,90.04,108.47,1898.6,1199.8,330.3,12.62,34.5,58.55,83.82,21.39,809.3,24.06,38.7,2.55,7.18,983.9,83.06
752.6,81.96,95.69,1452.6,1022.7,200,4.57,53.73,36.22,19.79,6.57,427.7,11.01,28.6,1.78,5.63,392.6,93.51
1925.4,87.96,110.49,1914.9,1158.2,353.7,13.88,40.2,63.46,92.29,18.18,807,25.78,38,2.24,8.62,966.3,73.07
1455.9,88.62,105.73,1628.4,1031.1,285,12.74,47.06,43.18,50.75,13.71,480.7,15.92,36.9,1.88,8.55,841.4,66.35
2395.7,88.48,103.28,1808.6,1163.7,303.4,11.66,39.77,55.06,71.25,24.58,782.2,20.7,37.6,2.92,7.57,1036.1,79.55
1943.4,86.34,101.36,2010.2,1178,381.1,13.9,38.66,66.46,106.23,19.95,858.5,26.92,39.9,2.23,8.9,951,71.12
2660.8,82.24,99.86,1929.5,1261.2,323.2,9.58,36.25,60.97,85.11,29.77,823.6,22.21,48.8,3.13,6.2,1090.5,89.9
1073.9,83.6,100.85,1760.2,1113.1,304.7,8.03,48.53,48.14,68.5,11.75,737.7,18.97,36.3,1.8,6.65,549.7,88.34
2372.3,84.37,103.47,1857.7,1197,279.7,10.15,37.66,60.79,78.23,23.57,788.8,20.13,41.1,2.78,5.73,980,94.92
1630.4,86.64,106.38,2058.4,1207.4,380.1,18.48,30.3,75.19,112.63,17.85,941.6,27.32,37.7,1.98,9.18,894,72.28
1645,89.7,107.92,1904.1,1093.5,378.9,16.64,40.83,71.95,96.2,14.06,859.4,26.64,32.7,2.01,9.95,880.9,64.29
2056.7,87.39,103.67,2072.6,1282.5,364,12.39,30.33,60.77,103.13,27.66,926.3,25.97,46.4,2.67,6.81,936.6,93.82
1926.9,86.15,105.02,2039.2,1190.4,388.7,17.15,32.46,68.67,105.38,18.56,895.8,26.54,36.8,2.37,8.67,938,76.99
3210,93.34,116.01,2419.3,1493.1,503.9,25.01,18.58,88.95,135.32,52.19,1310.4,33.75,52.7,3.02,9.03,1306.2,72
2242,91.18,110.5,2098.1,1304.6,340.6,10.27,33.81,65.51,113.86,28.07,1015,27.61,46.6,2.61,6.05,961.5,96.96
1534,48.42,47.73,1816.9,1073.7,326.6,16.07,45.44,66.59,80.88,18.69,747.7,23.23,34.2,2.36,9.65,854.6,67.81
739.5,85.06,103.1,1390.8,1000,231.4,12.65,54.4,27.05,10.94,6.12,280,7.95,30.7,1.59,8.31,401.3,71.11
1750.3,80.56,96.42,1550.9,1000,216.5,8.36,51.49,37.19,37.02,16.12,491.2,13.81,36.7,2.17,6.33,890.1,80.61
1665.7,61.63,63.67,1811.2,1075.1,307.9,13.74,39.17,63.17,82.82,18.22,728.9,21.19,36.3,2.23,8.6,886.5,66.03
3116.9,93.93,116.36,1969.7,1245.2,400.3,16.07,33.93,70.61,93.71,39.42,831.7,26.54,48.1,3.1,8.07,1292.1,73.99
2575.6,90.62,112.24,1997.5,1213,392.7,15.26,38.88,73.72,91,27.12,909.2,25.1,45.4,2.74,9.01,1072.7,72.26
2466.4,89.61,109.74,2376.3,1414.5,469.9,21.76,25.22,84.17,149.12,33.76,1200.6,35.2,51.6,2.69,8.46,1052.9,80.92
823.6,84.26,94.83,1392.5,1000,213.4,9.58,51.71,38.28,20.28,6.98,435.3,9.1,28,1.66,6.64,424.7,79.06
1649.1,82.68,96.72,1649.6,1048.1,295.6,11.27,48.78,54.36,58.84,15.53,638.9,16,36,2.06,7.9,870.1,77.89
2645.1,50.82,50.43,2110.3,1307.1,376.1,16.06,30.26,68.75,117.59,36.94,1006,28.71,45.7,3.76,7.34,1076.3,86.5
1130.3,84.1,101.84,1521.4,1000,232.2,14.48,54.13,35.42,29.38,8.26,359.4,11.62,31.9,1.65,9.75,628.8,57.39
1139.8,88.24,103.85,1500.5,1012.8,229.6,11.52,52.38,36.41,32.79,10.87,400.1,12.33,28.6,1.71,7.98,603.7,77.44
2458.5,89.26,113.64,2216.2,1286,474,23.34,25.25,83.93,134.15,32.17,1059,33.89,43.9,2.36,9.44,1082,58.15
815.5,85.68,103.42,1473.6,1000,240.4,12.27,56.55,39.72,26.99,7.3,341.6,11.59,34.5,1.54,8.7,441.8,67.72
2550.3,91.01,109.66,2166,1315.1,428,14.88,29.7,69.02,122.64,34.24,1020.7,28.81,47.8,2.95,7.88,1028.3,82.65
2250.9,92.05,117.6,2114.7,1244.6,370.2,17.28,30.78,75.25,111.58,27.63,959.3,27.28,40.8,2.41,8.5,1013.4,70.57
1033.4,83.5,102.73,1480.9,1066,168.9,8.35,50.32,37.79,31.89,9.12,419.6,12.94,33.6,2.07,5.62,535.9,87.03
1079.1,84.78,100.65,1379.3,1000,217.2,7.98,57.67,39.37,25.73,10.7,412,11.1,31.9,1.68,7.39,557.1,79.66
2667.4,86.45,105.23,1858.8,1140.1,351.7,15.19,35.15,59.9,73.13,26.01,754.2,21.86,42.8,2.84,8.64,1128.5,71.28
1513.9,84.6,100.17,1536.2,1044.4,242.3,10.41,50.78,41.58,39.87,11.97,509.1,12.86,33.1,2.16,7.4,836.2,84.5
2453.6,86.74,100.38,1814.8,1195.9,303.1,4.69,37.36,47.29,70.66,30.76,701.1,19.22,40.2,3.05,5.27,1020,96.97
2489.4,88.54,108.43,1962.2,1233.8,377.3,14.19,29.77,67.84,99.14,29.5,936.7,25.06,39.5,2.74,7.23,1029.7,74.13
2450.2,92.56,112.36,2285.1,1340.7,470.6,21.53,27.5,79.38,131.94,32.24,1105.7,34.92,47.8,2.54,9.2,1028.4,72.29
2652.4,89.47,111.08,2130.1,1249.2,407.5,21.54,32.71,76.27,110.57,33.22,1057.3,27.6,48.5,2.74,10.91,1148.7,60.18
2900.8,90.12,111.42,2204,1369.6,462.5,19.85,25.29,87.97,125.88,38.05,1132.7,30.84,49,2.88,9.66,1212.1,69.62
2941.5,95.12,121.94,2508.4,1511.2,467.7,22.28,20.29,96.1,158.1,47.1,1346.5,38.01,53.6,2.95,8.78,1244.6,78.08
2805.5,91.59,112.42,2212.4,1382.5,449.8,24.04,32.6,90.65,122.95,40.71,1089.1,32.54,50,2.69,11.17,1202.8,60.1
2699.9,88.64,107.53,1859.1,1186,315,12.36,38.36,60.03,67.08,30,731.5,17.73,39.5,2.92,6.98,1092.3,78.41
2335.5,64.28,61.51,2476.7,1418.9,465.8,20.53,14.37,85.14,162.55,36.31,1268.5,37.35,49.2,3.39,8.34,986.7,83.83
2565.5,86.73,109.49,2100.8,1313.2,330.8,12.54,29.62,69.46,114.17,33.43,898.7,26.62,49.1,2.72,6.95,1017,85.54
2527.5,90.53,113.3,2021,1182.9,396.3,18.98,33.39,72.88,95.22,30.76,880.7,26.42,44.2,2.58,9.83,1089.4,63.81
3116.8,86.83,103.67,2190,1408.3,394.2,15.85,19.98,71.55,104.07,40.23,992.9,27.03,49.3,3.08,6.77,1257.2,84.28
1035.7,82.44,95.3,1611.8,1026.6,285.3,8.44,48.11,44.77,54.93,10.32,689.8,16.55,31,1.89,7.14,517,88.34
1805.1,85.66,104.93,1830.1,1109.7,336.9,15.8,39.09,64.93,76.07,12.28,625.4,20.76,35.8,2.07,8.46,946.1,66.05
2321.5,91.89,108.77,1796.2,1117.4,327,13.89,40.21,62.1,72.83,22.86,796.9,20.54,42.1,2.68,8.21,1032.7,77.87
1659.1,88.56,106.94,1982,1197.4,363.2,11.74,28.27,62.56,105.82,14.02,945.1,26.3,38,2.33,5.78,852.9,92.63
1569.6,88.5,105.92,1671.4,1000,296,12.5,49.4,52.01,53.64,15.24,540.6,17.2,34,2.16,8.24,845.5,67.81
1018.3,92.24,107.05,1586.5,1021.1,322.7,14.48,48.05,51.99,43.77,9.66,452.9,14.3,33.2,1.62,9.31,545.4,58.64
1124.8,88.17,102.53,1745.1,1133.7,313.2,5.52,44.9,47.45,67.85,10.73,724.7,19.99,35.4,2.04,6.22,575.3,94.49
1520,90.65,108.82,1865.8,1103.6,333.4,11.73,37.16,60.53,87.51,13.78,803.9,22.41,34.2,2.26,6.9,834.9,84.65
1741.8,86.8,105.96,2012.9,1196.5,348.2,14.13,33.53,71,116.16,20.94,956.7,28.82,40.8,2.19,8.33,909.8,78.6
2075.1,83.93,103.32,2056.7,1251.9,370.5,13.21,34.99,67.96,120.21,25.79,995.3,29.35,40.4,2.77,7.65,931.2,87.32
2857.6,90.42,114.03,2384.6,1433.8,501.6,25.41,16.67,84.14,140.33,41.06,1171.7,35.64,48.7,2.88,9.71,1252.9,66.14
2083.4,85.98,104.45,1965.4,1225,357.3,14.53,38.98,64.48,98.35,24.39,899.5,25.51,44.3,2.76,8.75,947.5,80.87
2943.8,89.57,114.06,2291.3,1390.5,453.7,21.68,23.27,85.16,128.02,43.12,1138.8,33.33,50.5,2.83,8.68,1247,73.07
2117,87.01,101.7,1924.6,1185.7,277.5,8.25,34.09,56.33,88.07,21.83,801.6,24.03,35.3,2.81,5.84,922,92.73
2115.4,87.08,105.53,1736.3,1123.1,315.3,9.58,43.63,54.55,65.48,21.71,597,18.66,36.1,2.51,7.33,958.9,78.3
813,86.68,99.16,1434.7,1000,194.3,9.17,55.3,40.68,20.42,5.75,365.5,10.87,33.3,1.59,7.26,435,82.66
743.6,87.92,104.49,1484.6,1000,261.1,14.2,52.99,44.83,27.98,7.49,364.7,10.95,29,1.32,9.58,415.7,60.65
2536.6,92.17,113.52,1957.1,1226.8,377,14.37,34.3,59.66,94.18,29.25,857.4,23.98,44.9,2.96,7.93,1088.1,74.36
845,61.43,62.74,1474.5,1023.8,197.1,6.52,53.75,33.74,26.2,7.76,451.8,12.47,34.7,1.93,6.15,430.4,93.13
2149.2,88.45,109.52,2113.2,1245.6,383.9,16.68,24.94,68.08,117.45,24.87,1072.7,29.91,44.8,2.53,8.19,974.1,80.19
2392,87.17,107.45,2143.5,1334.6,336.1,11.65,33.41,68.86,113.54,33.8,1045.4,29.39,49.8,2.71,6.19,1022.1,92.21
797.3,85.11,100.5,1478.1,1000,244,10.52,53.11,49.07,28.42,5.72,357.3,11.6,28.2,1.23,7.88,421.9,77.65
2695,89.57,107.05,1844.7,1141.2,305.5,10.25,33.73,55.74,77.05,30.7,692.2,20.72,38.9,3.1,6.15,1075.1,86.93
2485.9,85.46,105.89,1801.5,1183.3,341,15.27,37.68,63.97,70.36,29.64,731.3,19.77,40.4,2.88,8.55,1056.9,69.53
1289.5,87.08,105.55,1689.9,1047.5,338.8,12.3,47.27,52.82,58.35,10.67,660.7,19.16,33,1.85,8.86,723.6,74.75
3265.3,88.17,112.99,2308.5,1464.9,501.3,24.51,23.15,85.64,124.41,50.23,1126.3,32.49,54.1,2.84,10.25,1369.5,61.16
1694.3,90.63,111.71,2028.4,1164.4,421.9,20.88,35.95,74.69,105.97,20.59,980.2,26.85,39.8,1.86,10.36,897.5,59.53
1476.9,83.56,99.01,1477.3,1035.8,235.8,8.74,54.58,41.15,29.33,12.74,460.2,11.07,32.4,2.25,7.28,813.2,80.82
2467.9,90.4,106.79,1918.3,1183.9,378.9,17.08,41.17,67.14,94.76,25.38,793.4,24.89,40.5,2.59,10.27,1063.3,65.75
1922,87.69,103.47,1698.5,1021.5,333.4,14.56,45.46,46.18,60.51,20.11,630.7,17.18,32.4,2.56,8.58,934.4,74.19
3262.6,86.4,107.27,2314.8,1488,423.5,18.76,21.1,80.64,121.72,43.59,1092.7,31.15,51.6,3.27,7.99,1286.3,79.87
837.2,84.77,101.27,1467.7,1003.4,234.4,11.21,50.04,37.21,29.68,8.51,416.1,11.83,28.4,1.75,7.89,435.5,76.77
719,54.02,54.17,1438.1,1000,226.8,6.35,51.29,38.39,9.93,7.24,390.5,8.49,35.8,1.63,6.16,385.2,86.2
1210,82.99,99.13,1725.7,1071.2,311.5,10.35,43.84,48.65,66.58,15.19,707.9,19.26,36.6,1.91,7.06,651.5,85.1
1111.1,68.1,71.29,1477.7,1000,278.5,12.39,52.42,41.27,29.32,11.74,362.2,10.7,31.5,1.67,8.55,601.1,65.05
2429.7,88.63,111.2,2021.5,1206.2,385.1,20.97,30.63,73.94,99.41,26.79,762.7,26.58,41.7,2.54,10.34,1084.2,53.88
1623.7,84.69,102.31,1449.1,1000,208.7,11.65,51.72,43.98,27.64,12.1,358.5,10.75,35.9,2.26,8.36,873.6,73.45
2475.4,89.16,107.91,1844.6,1198.5,303.6,9.57,32.17,54.19,69.89,23.88,735.6,20.42,42,2.96,5.21,1031.2,88.4
1646.2,83.52,98.3,1673.2,1052.8,304.2,11.2,45.17,45.97,55.56,14.59,569,17.36,38.5,2.27,7.45,859.8,81.71
1876.8,86.24,101.62,1924.8,1177.1,307.5,10.19,35.32,60.43,84.48,21.64,712.4,22.21,40.1,2.41,7.03,897.5,84.02
1248.4,86.92,100.78,1754.7,1089.2,266.4,7.89,43.14,45.27,60.62,11.5,663.9,19.12,40.9,1.85,6.02,664.2,84.55
2583.3,86.16,107.7,2420.3,1400.3,488.6,27.1,20.18,98,151.82,37.76,1135,39.84,49.7,2.59,10.74,1111.6,58.68
2142,86.14,108.23,2005.2,1167.1,357.9,16.91,35.07,66.51,100.25,24.58,783.6,25.81,37.5,2.36,9.25,981.1,67.26
1769.1,86.62,105.2,1708.4,1078.1,322.3,14.7,43.99,52.15,62.31,16.84,621,17.29,34.1,2.27,9.51,924.5,66.95
3195.6,88.96,114.2,2150.7,1364.3,426.9,18.2,26.61,79.74,103.83,44.94,1027.4,27.22,47.6,3.04,7.93,1323.9,73.88
1566.7,84.66,104.6,1755.2,1079.4,304,11.03,42.86,52.2,63.12,15.28,631.1,18.99,40.3,1.88,7.06,833.3,79.37
3030.5,91.97,117.14,2272.7,1389.1,516,26.05,26.01,92.26,123.63,44.93,1112.2,30.54,48.3,2.86,11.28,1301,56.8
2517.5,88.09,109.23,2419.7,1404.5,489.9,22.25,26.98,89.23,146.89,33.15,1123,35.06,50.2,2.69,10.72,1077,68.61
2080.6,89.98,111.22,2171.5,1256.4,392.9,15.41,27.79,74.36,130.01,28.32,1019.2,31,39,2.67,7.68,961.3,83.23
2652.4,89.3,109.62,1796.2,1131.9,382.7,16.24,41.6,66.96,70.91,30.75,745.6,21.1,42,2.8,8.62,1130.8,66.8
2899.1,88.25,107.51,2540.9,1534.3,458.8,21.34,15.45,89.32,161.64,46.74,1248,38.02,50.1,3.29,7.56,1161.5,85.74
1574.5,84.18,97.61,1770.4,1114,270,9.38,42.43,50.28,78.64,14.22,726.5,20.05,35.8,2.19,5.64,815.3,94.46
1510.2,84.42,100.35,1887.1,1155.1,342.8,13.65,41.45,57.52,92.98,17.15,860.2,23.54,37.9,2.3,8.28,828.1,84.78
713.1,88.12,105.17,1320.1,1000,225.1,11.51,59.31,36.71,20.1,7.27,343.6,9.15,27.8,1.49,8.53,406,69.91
3290.5,88.99,110.26,2276.9,1435.1,448.6,22.11,25.37,84.62,115.88,45.04,1094.6,29.76,56.8,3.43,8.99,1305.4,68.33
1344,85.51,99.03,1697.7,1025.7,294.2,12.41,44.53,52.39,59.79,10.92,582.4,19.68,31.1,2.08,8.36,755.6,78.31
2454.9,90.61,111.58,2165.7,1304.9,434.5,21.11,30.16,78.93,113.42,31.42,1035.5,30.36,43.7,2.62,10.11,1079.8,69.93
1461.8,87.24,104.33,1482.3,1000,252.1,12.41,54.99,43.59,21.63,11.15,359.5,11.17,37.6,1.77,9.65,838,65.45
2700.2,87.13,105.38,2104.5,1264.3,395.4,16.5,33.01,73.12,105,31.99,858.8,26.48,46.9,2.93,8.24,1152.2,70.16
3232.4,86.37,110.18,2195.4,1413,387.1,13.75,25.34,65.73,116.32,48.23,1059.5,29.49,44.4,3.68,6.04,1264,90.87
745,86.3,99.11,1488.9,1000,250.7,8.96,52.07,40.7,25.3,5.14,417.2,10.5,32.3,1.51,7.18,405.9,75.05
846.5,83.93,99.36,1445.8,1000,210.8,5.69,51.82,42.48,27.53,6.04,370.9,10.73,34.2,1.61,6.13,422.6,88.79
1567.2,84.24,103.37,1694.1,1097.9,254.2,14.4,47.63,60.5,64.6,14.42,603.8,20.17,34,2.12,9.12,842.7,67.38
1688.8,85.91,100.1,1531,1044.5,276.1,11.71,53.72,44.78,27.7,13.15,459.2,11.43,35.4,2.14,8.95,906.2,73.78
824.9,85.1,97.63,1417.8,1015.2,221.3,7.06,57.43,31.46,17.14,7.35,389,9.98,30.2,1.81,6.36,418.2,89.15
1472.9,87.6,104.86,1491.3,1000,259.2,13.6,50.98,38.47,35.93,11.46,360.4,14.02,31.7,1.88,8.71,851.2,57.68
1367.6,84.36,99.86,1488.1,1000,255.1,11.43,56.76,46.83,29.84,10.53,398.7,11.66,37.4,2.05,9.89,771.5,64.41
2257.8,87.84,109.7,2088.5,1276.1,430.1,18.74,35.86,73.72,109.88,27.07,998.7,28.57,46,2.62,10.2,994.2,70.42
1893.4,90.23,109.72,2040.5,1219.2,370.2,16.46,33.73,70.33,114.12,25.64,955.8,29.33,38.9,2.36,7.78,923.9,78.43
849.8,86.92,98.29,1501.4,1024.2,250.3,7.91,53.08,43.94,30.55,7.84,432.3,12.14,29.3,1.73,8.24,443.1,72.94
2627,92.44,112.88,1947.7,1224.2,377.6,17.25,39.44,69.44,92.36,27.68,895.1,24,45.1,2.59,9.3,1126.1,67.53
1996.4,87,103.56,2138.8,1298.5,421.6,15.71,29.02,73.14,123.41,28.46,1032.8,31.08,44,2.67,7.36,932.7,89.97
1744,87.84,103.37,1697.7,1084.6,318.1,10.89,41.09,53.08,61.58,20.74,620.4,17.6,35.9,2.36,6.54,885.9,87.57
1435.9,62.6,66.4,1576.8,1028.9,267.5,11.73,52.63,48.06,36.45,12.92,453.3,12.74,34.8,2.35,7.7,817.5,73.6
3062.3,89.31,109.98,2231.4,1425.4,428.9,19.18,24.62,82.69,128.48,44.24,1157.3,30.93,47,3.46,7.26,1273.8,84.29
2015.1,86.52,106.98,2072.3,1253.2,351.3,10.83,33.29,63.96,113.22,25.4,988.5,28.79,40.4,2.49,6.33,915,90.31
1799.6,87.18,104.61,1797.1,1134.7,310.4,13.28,44.17,57.31,72.09,17.47,605.6,20.71,36.5,2.33,7.52,911.9,75.95
2388.1,86.93,104.22,2060.5,1279.1,347.3,11.44,36.67,65.49,104.83,34.44,921.9,27.8,47.1,2.96,6.73,1018.5,91.84
2564.8,89.8,113.37,2120.9,1296.6,446.7,18.25,29.04,70.4,116.99,33.61,935.6,28.18,45.1,2.87,8,1094.3,79.01
754.3,87.2,101.44,1434.3,1000,231.7,8.2,52.1,32.33,22.93,7.49,384.4,10.09,28.9,1.61,6.18,388.9,91.07
1875.6,86.04,102.7,1804.4,1143.8,300.7,10.37,42.42,58.84,75.28,19.94,799.7,20.91,37,2.59,7.44,905.5,85.86
2995.6,89.08,111.57,2321.3,1406.3,457.2,21.95,24.32,85.37,130.99,42.39,1185.1,32.72,52.1,3.14,8.57,1290.6,67.06
2826,87.69,108.22,2424.5,1500.2,459.5,19.2,20.53,86.5,154.77,42.22,1304.8,35.01,52.5,3.09,7.3,1160.1,89.25
1145.2,85.64,101.11,1628.7,1075.7,258.2,8.58,47.7,51.02,59.27,13.49,713.7,16.81,33.4,1.85,6.75,596.3,86.19
1715.3,85.74,100.06,1574.8,1015.2,271.6,10.47,50.71,48.35,39.88,14.54,473.6,13.62,33.8,2.31,8.37,897,73.44
1703.4,88.91,109.77,1711.8,1039.6,288.9,13.83,38.6,53.78,54.67,16.85,598.3,16.78,37.2,2.26,7.45,899.7,69.01
2545.5,88.26,107.85,1796.2,1178.9,294.9,12.54,38,48.84,63.29,24.76,757.5,18.26,41.1,2.92,6.82,1056.5,86.73
1479.5,87.55,99.37,1526.9,1000,268.1,13.56,50.5,42.9,39.58,12.78,525.3,13.84,33,2.09,8.44,838.3,69.3
2309.3,89.91,108.81,2147.6,1268,405.6,19.72,30.04,75.14,121.12,27.26,1012.8,29.79,41.9,2.39,8.86,1024.4,71.1
1777.1,84.73,102.09,1590.1,1037.8,271.9,13.61,49.86,50.92,48.89,15.36,492.2,14.69,29.6,2.03,8.76,927.5,65.47
2547.4,90.63,108.22,2166.4,1294.5,387.7,11.19,28.53,69.35,117.44,30.53,990.3,29.71,46.5,2.89,6.57,1027.1,94.01
1902.7,90.06,103.03,1748.8,1068.4,293.5,11.34,40.43,61.68,74.71,21.91,662.7,22.04,36.4,2.67,7.57,928.7,82.24
1658.3,86.54,105,1984,1184.6,317.2,9.72,36,63.24,105.81,17.45,864.1,26.28,41.3,2.7,6.05,885.1,96.7
2319.1,85.67,102.14,2206.8,1354.9,356.1,11.48,28.35,66.08,126.83,28.43,1001.5,31.2,53.7,2.84,6.33,952.7,95.97
1508.8,87.32,103.95,1410.7,1000,236.9,9.68,55.7,41.03,21.27,11.84,311.7,11.07,32.8,2.05,8.39,851,72.53
2550.8,90.23,110.82,2032.5,1270.9,371.6,16.71,34.04,65.68,97.48,30.63,917.6,26.39,45.8,2.83,7.82,1064.7,75.36
1830.9,88.56,108.71,1691.7,1023.2,318.2,12.09,40.71,54.2,59.1,13.41,604.5,17.4,34.4,2.36,8.08,927.8,75.3
2931.9,86.44,105.76,2181.1,1343.9,470.3,20.65,28.2,79.63,116.64,40.43,1015,29.7,45.7,3.06,8.69,1227.4,74.04
1935.1,82.41,102.73,1794.7,1126.7,304.6,8.28,43.96,56.04,75.38,20.78,689.2,20.29,36.5,2.57,5.59,924.8,89.73
1746.3,87.47,102.62,1633,1006.9,283.6,14.89,43.85,48.37,62.43,14.77,609,17.45,33.7,1.99,9.56,928.6,69.9
2043.9,59.06,58.44,1920.3,1135,346.5,15.52,38.12,65.41,96.82,20.65,693.4,24.62,39.1,2.87,8.58,972.8,71.74
2190.6,87.94,109.86,2086.9,1247.3,388.6,14.94,33.32,61.94,109.51,23.22,967.6,28.27,46.9,2.36,7.89,1009.6,75.46
1325.7,88.87,106.29,1736.9,1049,292.1,13.51,42.92,55.37,69.17,10.96,718.3,19.8,35.4,1.86,6.97,711.2,79.7
1010.2,87.38,100.96,1480.9,1000,251.7,15.48,52.14,39.65,21.64,7.38,297.8,10.9,30.8,1.59,9.92,547.1,60.28
2511.3,87.35,109.93,1809.6,1178.7,345.1,13.33,42.92,65.91,73.68,26.8,733.8,21.21,44.1,2.44,8.74,1088.4,66.83
2525,90.23,112.52,1872.9,1217.3,367.1,17.56,40.51,68.9,83.69,31.73,803.2,23.74,40.6,2.37,9.33,1123.9,57.2
1130,84.41,95.92,1764,1130.4,276.8,8.04,42.11,55.5,67.8,11.26,758.5,19.29,37.9,2.02,5.89,563,95.09
1407.8,87.64,99.84,1792,1075.5,323.9,12.31,39.75,57.53,73.7,12.7,669.8,20.07,36,2.08,8.24,789.9,73.14
2516.9,88.31,107.3,2232.5,1336.2,413.9,16.58,29.52,76.38,122.43,31.94,1066.5,29.8,44.8,2.88,7.41,1059.1,80.2
2363.8,88.43,105.67,2172.8,1332.8,371,10.69,31.28,75.42,119.28,29.82,1063.4,31,46.6,2.98,6.2,996.4,91.61
1536.4,82.19,99.19,1606.2,1044.1,265,9.12,50.59,50,53.63,13.45,655.7,16.87,37.7,2.14,7.59,838.2,85.55
805.6,89.51,103.89,1493.4,1000,250.2,10.82,53.78,41.59,26.17,4.71,543.2,12.27,33.1,1.66,8.08,432.9,78.43
1133.9,88.08,104.94,1615.2,1022.3,291.9,13.33,45.99,52.59,56.05,9.91,585.2,16.93,28.5,1.76,8.51,584.2,74.15
1592.1,88.89,107.67,1956.9,1154.2,415.2,20.85,39.88,74.61,108.57,18.06,969.9,28.42,33.9,2.03,9.91,894.7,66.61
1282.5,91.98,110.71,1646.8,1000,263.2,13.38,51.31,47.22,48.14,13.06,437.5,17.06,32.7,1.73,9.56,725,65.57
2071.6,87.93,103.99,1900.8,1202,306.4,9.02,37.15,62.26,84.61,21.58,799.1,22.75,40.2,2.6,6.09,939.3,89.91
1714.1,92.21,108.26,2097.1,1234.6,398.7,13.52,39.63,78.49,121.37,18.92,979.4,30.52,37.3,2.21,7.76,864.5,82.65
2410.9,81.64,94.75,1802.6,1120.3,302.4,12.78,37.76,58.2,66.49,23.96,684.6,20.1,41.5,2.89,7.58,1043.6,77.15
1693.7,88.69,108.23,1909.7,1117.5,348.3,13.45,41.61,75.47,86.8,18.47,839.2,23.64,38.6,2.21,9.12,865.5,71.8
1699.4,88.21,103.21,1651.9,1057.8,311.3,13.67,47.53,54.04,50.65,16.78,589.1,15.13,38.8,2.18,8.5,895.8,78.93
1674.8,82.51,93.93,1674.8,1115.4,254.3,7.16,48.43,51.16,51.68,14.12,580.5,14.89,38,2.57,6.19,836.8,94.15
1736,82.19,96.3,1588.8,1015.8,281.8,9.23,43.02,54.99,45.64,14.08,534.4,14.03,39,2.24,6.83,892.5,80.71
2547,87.37,104.38,1773.6,1179.4,291.8,9.02,38.37,63.71,70.73,25.94,733.3,18.85,40.1,2.94,6.61,1058.6,82.77
2833.6,88.45,109.28,2028,1297.8,408.8,16.08,41.7,68.22,95.09,37.12,870.2,23.23,44.9,3.12,8.31,1194.3,80.67
1435.2,83.75,94.44,1537.9,1001.8,238.9,9.88,48.43,43.65,30.41,10.73,385.2,11.11,35,2.21,7.15,803.5,79.11
711.6,84.68,98.89,1486.7,1000,260.5,11.79,54.34,44.04,28.56,5.6,401.5,11.29,32.1,1.48,8.33,396.6,68.05
1415.8,86.04,105.72,1662.1,1000,308.1,14.72,46.34,54.22,58.22,14.06,610.2,19.61,29.6,1.8,9.83,822.5,57.21
1595.9,85.54,101.95,1703.5,1115,265.4,8.68,43.16,49.69,59.64,15.26,588.3,16.91,35.1,2.31,5.93,858.9,90.8
1321,86.63,103.45,1693.1,1102,306.3,8.64,45.2,49.12,59.88,13.75,618.5,17.73,37.3,1.87,6.35,724.3,90.47
2070.2,89.43,111.58,2093.9,1226.4,364.3,11.09,32.02,70.08,111.56,24.04,974.1,27.41,41.9,2.64,6.9,930.7,93.08
1169.2,87.4,99.03,1575.4,1067.4,245.4,5.9,45.82,37.44,35.21,11.35,552,12.64,32.7,1.98,5.23,598,96.28
2634.9,88.53,106.27,1839.8,1186,337.2,9.49,43.11,52.66,73.9,31.85,758.8,19.99,41.5,2.59,8.2,1085,73.04
1715.7,87.03,105.11,1648.9,1063.8,297.7,10.97,43.53,49.01,45.7,14.26,445.7,15.52,35.6,2.19,7.12,893,80.56
830.6,86.09,103.29,1386.1,1000,196.8,9.52,57.99,33.74,10.7,4.35,280,7.73,31,1.52,7.51,428.2,73.39
1280.1,85.17,100.42,1643.8,1074.8,252.5,7.19,45.91,48.96,48.1,11.5,609.8,16.26,36.1,2.11,6.39,696.2,91.19
1489.4,85.46,100.71,1811.1,1125.9,286.7,7.4,39,57.49,72.15,14.22,772.4,20.23,38.7,2.15,5.98,811.9,91.24
3039.2,88.87,108.31,2347.7,1484.5,429.5,19.52,19.08,83.44,142.55,47.09,1178.9,33.22,49.8,3.22,7.87,1288,81.74
2677,64.02,66.03,1932,1185.6,345.2,11.1,32.14,62.2,79.61,35.35,759.8,22.57,48,3.27,7.03,1093.1,80.48
2838.6,86.65,107.44,2072.3,1259.4,369.6,15.53,29.23,66.87,94.4,32.66,873.2,24.09,45.6,2.8,7.89,1189,73.99
1472.5,84.16,97.82,1793.7,1166.8,293,8.72,41.98,54.47,76.92,14.37,774.3,19.41,37.8,2.23,6.41,820.6,94.32
1194.9,85.61,98.55,1509.9,1003.6,207.2,7.42,48.19,37.95,30.78,9.45,442.5,13.71,37.4,2.03,6.28,640.4,87.93
2012.7,89.61,106.38,2181.1,1320.9,339.4,9.61,28.61,66.64,124.08,25.78,1002.5,30.52,44.1,2.5,5.88,915.3,92.69
2001.6,84.63,104.12,2022.8,1218.5,337.1,11.92,35.96,63.75,104.68,24.22,855.4,27.37,38.3,2.56,6.66,934.7,87.76
2608.7,91.82,112.68,2252.1,1316.2,424.4,19.12,25.54,77.89,133.76,33.05,1079.6,32.47,42.5,2.71,7.94,1089.5,78.81
875.6,84.1,100.87,1339.6,1000,233.4,12.43,58.71,32.42,13.32,5.39,280,8.39,30.2,1.81,8.34,461.4,72.05
2276.1,87.87,109.81,2041.2,1235.4,359.2,15.51,31.43,67.88,104.62,24.7,962,26.05,40.9,2.57,7.33,987.9,81.37
825.6,91.04,106.72,1426.2,1000,222.5,12.28,53.96,41.68,29.21,6.63,362.6,11.53,27.2,1.48,8.55,439.2,71.02
2236.1,86.8,108.74,2185.5,1326.3,406.7,16.9,25.47,74.6,127.45,27.15,1101.2,30.41,43.9,2.91,6.56,952.8,88.8
2133.1,84.99,103.74,1794,1144.9,292.6,8.37,42.46,48.57,73.07,21.29,751,18.87,37.4,2.85,5.92,951.4,92.5
824.7,86.41,103.09,1434.5,1000,224.5,6.1,55.06,28.16,21.28,7.33,348.7,11.3,34.7,1.6,7.21,432.9,82.37
1608.6,89.31,105.91,1746.8,1050.2,351.2,14.32,47.29,58.33,67.86,15.3,739.6,18.97,36.4,2.18,9.6,872.9,72.85
1567.8,86.62,103.24,1557.4,1000,255.5,10.91,50.12,37.48,24.57,12.88,351.4,11.69,31.7,2.09,7.74,840,75.19
1779.5,88.21,109.35,1905.9,1169.2,327,9.35,38.31,64.37,86.5,23.12,796.7,22.06,41.6,2.45,6.45,904.3,86.15
1835.2,90.22,109.44,1746.6,1048.3,304.2,12.56,41.95,54.2,66.49,20.09,587.5,19.62,35.4,2.07,8.8,932,71.71
1744.3,88.09,105.33,2061.4,1253.7,322.7,10.71,31.38,62.93,122.41,20.73,983.2,28.69,36.5,2.3,6.36,857,96.42
2534.8,87.46,107.5,2208.4,1414.6,413.4,14.74,29.31,75.81,124.59,29.42,1111.7,29.75,48.2,2.94,6.69,1033.9,91.86
823.9,86.09,104.29,1372.1,1000,195.7,11.42,56.04,35.09,15.9,4.69,376.6,9.03,35,1.51,7.75,421.2,80.97
1771.1,85.99,100.21,1534.1,1054.4,249.6,7.34,50.5,43.41,36.5,13.15,485.3,12.68,36.1,2.26,5.66,872.3,88.15
2799.4,84.78,103.9,2272.8,1461.8,399.5,15.23,23.45,76.7,132.86,39.61,1184.4,31.75,48.9,3.18,6.87,1129.5,90.23
1030.6,84.8,99.85,1486.5,1031.2,235.8,5,52.5,37.67,32.43,8.23,580.5,11.96,33.2,1.91,5.23,518.9,96.18
3134.5,88.36,110.74,2433.5,1538,495.4,22.93,19.56,86.65,144.42,52,1206.4,34.73,52.1,3.19,8.99,1288.3,70.1
1807,61.12,60.45,2013.7,1204.7,386.5,17.83,39.11,70.06,112.89,23.69,871.6,28.94,41.6,2.88,9.37,930.6,71.57
1733.6,85.12,97.08,1509.4,1024.2,218.9,9.06,44.3,36.39,34.89,14.42,483.2,12.9,35.6,2.35,6.19,876.2,85.35
1087.6,82.47,96.91,1512.3,1040.8,238.1,7.54,49.05,39.87,37.09,8.41,462.7,13.95,32.7,1.62,5.38,556.7,86.1
1623.5,60,57.94,1690.9,1000,324.8,15.39,44.11,58.77,59.69,17.2,631.4,18.16,35.9,2.44,10.04,893.4,63.48
2229.3,93.18,118.5,2001.8,1153.8,430.8,21.54,36.63,79.24,100.91,24.11,859.4,26.81,44.2,1.93,11.41,1072.5,44.9
2044.2,84.41,102.06,1991.7,1198.6,350.6,13.68,37.32,61.03,98.83,22.23,822.5,25.16,41.6,2.43,7.46,946.7,80.26
2223.5,90.32,107.33,1929.4,1184.3,342.7,17.41,38.19,61.13,83.98,23.57,787.4,23.29,44.1,2.32,9.06,995.8,64.63
1825.7,89.49,104.33,1754.7,1147.9,278.8,10.27,40.35,56.49,64.45,20.48,664.4,18.43,40.7,2.28,6.54,879,87.41
1829.5,85.59,100.24,1873.9,1133.1,261.8,10.57,36.38,57.38,86.38,18.63,791.1,23.4,37.9,2.51,5.88,886.3,90.25
1201.7,83.22,99.13,1508.4,1078.4,226.9,4.72,49,38,32.15,14.83,499.1,13.44,35,2.16,5.69,614,94.84
2658.1,91.78,112.14,2425.4,1404.5,475.5,19.48,24.73,83.83,146.2,38.28,1085.9,35.66,52,2.95,8.13,1116.4,77.96
1327.4,83.49,102.96,1693.3,1030.5,274.5,12.45,44.27,48.73,57.46,12.51,588.4,17.92,34.9,1.97,7.62,736.7,77.15
2863.4,92.54,116.76,2485.4,1494.3,513.9,25.1,22.85,87.98,160.35,43.73,1267.6,38.88,53.9,3.03,9.15,1240.5,75.23
2641.5,86.1,110.29,2190.2,1356.2,396,14.03,26.07,70.72,129.26,34.48,1084.7,30.97,43.2,3.17,6.78,1049.5,90.09
782.3,82.57,96.27,1479.6,1000,232.9,7.35,53.02,36.84,27.47,8.5,327.7,11.53,33.3,1.74,6.17,415,82.86
2937.7,87.25,108.68,2102.1,1370.4,364.7,12.57,26.68,71.78,112.48,37.72,982.3,28.64,44,3.12,6.18,1172.1,89.62
2331.2,88.34,105.01,2011.6,1187,395.7,21.03,34.91,77.22,104.47,28.03,926.2,28.19,46.2,2.57,9.81,1035.2,64.31
854.7,80.31,93.13,1417.7,1000,215.5,8.91,55.48,29.22,16.59,7.27,280,8.04,32.5,1.53,8.6,444.9,80.02
1523.4,88.63,103.14,1659.6,1085.3,291.5,9.5,49.63,52.61,53.87,18.54,665.6,16.57,38.3,2.26,8.01,806.3,82.6
1527.2,89.18,110.42,2004.2,1174.2,370.6,16.33,30.8,69.04,106.71,15.79,831.1,27.27,37,1.87,8.38,848.6,77.04
1006.3,84.59,98.14,1554.8,1056.2,241.6,8,49.6,41.95,32.45,12.32,486.5,12.55,33.6,1.9,6.11,517.8,89.49
1668.1,94.01,116.06,1954.8,1127,382,20.48,39.03,68.91,107.2,18.93,828.6,29.71,35,2,10.97,907.1,59.35
1404.3,86.73,103.81,1634.3,1000,297.1,15.6,49.31,57.39,54.43,14.33,488.8,18.77,31,1.9,10.33,831.1,53.34
1662.2,85.24,98.61,1650.9,1054.5,278,9.57,43.59,46.7,55.33,16.43,571.4,16.29,36.2,2.51,6.43,880.9,85.62
2341.3,53.7,53.82,2342.6,1359.9,440.6,19.97,22.69,78.53,152.91,35.03,1237.5,37.39,45.4,3.28,7.08,1001.1,85.6
1857.7,88.19,109.49,1790.5,1072.1,319.2,14.26,35.76,57.16,69.09,16.52,691.2,19.93,36,1.91,8.71,934.2,65.45
2310.7,91.55,112.3,2058.2,1242.4,386,20.07,33.43,75.12,112.65,23.52,969,29.9,42.4,2.48,8.98,994.6,68.82
1753.6,85.24,103.56,1561.4,1029.8,207,8.83,47.37,44.13,28.91,15.27,376.9,12.08,38.6,2.45,6.54,899.8,83.14
3099.1,88.38,107.35,2107.2,1413.1,387.5,14.12,26.74,75.14,96.55,42.17,991.6,25.12,52.5,3.25,7.01,1252,84.83
706.8,52.87,49.98,1505.8,1000,228.3,8.4,55.15,39.16,26.05,5.42,424.5,10.71,35.9,1.86,7.83,387.4,75.7
1601.8,83.02,97.16,1608.8,1082.9,200.9,6.16,43.75,43.2,51.21,13.38,534.1,16.69,35.7,2.48,4.8,838.4,95.31
1241.2,86.19,100.31,1706.5,1107.2,288.1,11.37,42.58,51.9,54.56,13.7,709.7,17.13,34.5,2.2,7.03,649.5,94.61
1008.4,84.31,97.37,1453.9,1000,265,10.01,55.07,40.93,32.04,8.02,539.8,11.2,32.8,1.6,7.65,507.5,82.31
1784,87.63,103.05,1622.9,1087.7,292.2,9.82,47.99,42.06,49.73,20.1,605.8,16.95,38.8,2.42,7.56,901.3,85.42
2273.1,83.69,99.38,1827.7,1187.2,290.3,10.4,41.77,55.36,76.85,26.92,704.9,20.94,37.8,2.96,6.58,962.3,89.56
1365.2,84.02,95.85,1516.3,1044.8,205.3,4.51,49.33,39.14,27.13,11.47,473.3,11.8,36.1,2.11,5.67,759.8,90.46
1340.9,85.82,104.17,1439.9,1008.1,260.8,10.17,49.61,35.76,22.58,10.7,321.8,10.01,32.7,2.21,8.34,741.3,73.07
2965.5,88.24,114.32,2283,1351,513.3,29.12,24.16,87.16,119.26,38.86,1043.4,31.91,49.1,2.71,12.2,1299.1,42.71
2607.2,88.64,107.03,2034.8,1271.2,365.5,10.88,34.33,64.49,107.19,32.68,933.1,26.8,45.4,3.03,6.57,1094.7,90.7
2188.8,89.23,108.54,1830,1115.3,353.7,16.19,45.7,66.21,84.05,23.59,719.4,21.4,38.3,2.48,10.19,1045.7,56.45
1743.7,84.55,96.63,1679.3,1104.2,269,9.96,47.17,49.84,54.36,15.54,614,17.72,35.4,2.51,6.21,871.1,94.42
1143.9,87.29,104.02,1610.9,1033.8,273.2,8.42,46.17,46.08,43.84,10.32,506.2,15.29,32.9,1.88,7.96,594.5,78.05
1336.9,84.95,98.54,1441.9,1022.9,224.7,8.52,50.59,40.8,26.28,12.34,440.5,11.18,36.5,1.94,6.92,741,78.23
2666.6,87.17,109.03,2052.9,1332.2,314.6,10.62,34.48,66.83,95.25,31.5,856.5,25.75,42.3,3.14,5.4,1072.8,97.26
1497,84.83,95.97,1553.8,1024.9,245.1,8.05,48.21,35.1,33.86,12.39,475.3,13.87,34.8,2.08,6,819.6,87.38
2495.4,82.87,101.92,2003.5,1270.1,350.2,9.66,33.4,64.79,97.13,29.7,779.2,25.94,43.8,2.85,6.15,1026.8,91.38
2668.9,92.61,116.42,1889.9,1200.9,354.7,20.7,37.19,67.74,84.71,29.47,854.9,23.08,42.3,2.51,10.98,1163.7,54.25
1132.8,88.44,104.49,1739.4,1058.5,309.2,13.76,38.28,59.33,72.46,11.39,640.3,22.33,34.7,1.67,7.88,597.1,74.45
3178.4,87.25,113.24,2323.2,1526.6,448.1,20.31,28.27,84.44,136.63,49.35,1195.5,33.58,54.5,3.18,8.71,1258.4,81.26
1514.7,82.33,99.2,1580.1,1047,193.1,7.47,44.29,40.52,38.46,13.93,553.7,14.89,35,2.35,6.63,817.1,88.29
2565.4,88.57,110.89,2036.7,1212.5,395.9,16.66,32.64,74.78,105.83,32.88,856.1,26.71,46,3.01,8,1097,75.13
771.5,84.21,97.23,1355.8,1000,227.5,13.8,58.64,34.65,14,6.88,319.6,8.85,30.7,1.56,9.12,413.9,66.85
2925,87.76,109.28,2146,1295.7,391.7,13.1,23.13,78.37,115.08,38.01,1102.8,27.56,51.6,3.35,5.46,1173.6,94.28
1634.1,87.6,104.96,1531.8,1019.5,243.2,6.56,52.7,40.61,32.11,12.75,423.9,11.99,29.9,2.14,7.59,857.4,81.39
1797.9,50.19,48.6,1846.7,1161.5,319.8,11.04,39.12,57.12,79.96,23.45,729.7,21.09,43,3.09,7.75,898.4,84.83
1526.4,88.52,110.09,1983.7,1202.3,358,11.59,40.11,72.43,110.69,16.14,898.6,26.82,38.5,1.9,7.78,819.1,90.31
1057.6,88.83,105.79,1650.6,1050.9,307.8,13.39,52.95,47.27,51.17,8.73,601.2,17.15,30.8,1.5,9.58,561.7,72.66
2447.9,84.5,98.27,1994,1270.7,352.2,9.68,33.26,60.5,91.62,28.64,850.9,23.83,41.8,2.9,6.3,1030.5,88.13
2252.6,91.58,111.34,1903.4,1152.9,335.9,11.7,35.17,64.9,87.72,23.26,818.7,23.47,38.9,2.71,7.72,984.3,75.94
1389,86.46,106.51,1530.2,1000,289.1,11.47,55.08,51.4,44.53,12.17,526.2,13.51,33.7,1.94,8.73,799.2,71.43
2515.9,64.53,63.14,1727,1126.9,295.7,12,41.08,57.41,65.6,27.22,681.7,19.43,40,3.29,8.21,1059.5,72.59
2300.7,83.89,103.9,1876.6,1182.8,353.3,13.12,31.95,65.5,79.83,29.68,718.1,21.02,44.4,2.69,6.98,999.3,78.98
1551.6,87.92,103.08,1518.1,1000,244.8,11.76,53.81,50.38,40.21,13.02,399.4,14.96,33.4,2.1,8.27,865.5,71.89
1059.1,84.5,99.03,1610.8,1078.8,276.9,9.91,48.07,51.19,46.96,7.85,578.1,14.86,33.8,1.78,7.5,528.5,89.96
2384.4,86.51,100.77,2082.7,1266.2,386.4,13.77,33.1,70.48,109.15,28.35,851.2,28.12,42.9,2.91,7.79,1036.5,80.61
744.8,84.07,94.89,1469.4,1000,225.3,11.04,53.32,41.18,25.57,4.9,379,10.9,32.7,1.27,7.54,401.6,75.44
1382.7,84.51,99.02,1473.7,1000,228.7,8.64,53,46.13,28.33,9.47,328.4,10.97,33.4,1.97,6.79,769.6,78.47
1957.6,85.59,103.45,1962.5,1205.6,332.2,14.76,38.83,59.65,98.1,22.27,762.9,24.66,44.5,2.47,8.24,931.8,77.38
1353.6,90.57,104.13,1645.4,1020.6,292.9,12.84,46.42,47.37,61,15.17,705.9,19.21,32.4,1.7,8.87,764.6,69.4
1738.6,92.02,111.57,1660.4,1040.8,274.3,13.62,40.89,48.82,65.59,16.28,649.5,19.5,34.6,2.29,8.37,928.7,68.31
789.8,86.26,101.89,1478.2,1000,273.9,11.17,54.64,43.15,33.35,7.39,499.8,11.8,30.3,1.76,7.86,426.7,75.09
2107.3,84.4,99.9,1739.2,1150.1,304.9,12.21,42.9,55.07,65.16,21.75,719.1,19.08,37.7,2.68,7.23,988.5,82.12
2662.6,87.29,101.91,2060.6,1316.9,346.7,12.28,31.18,69.09,105.86,34.83,986.5,27.27,44.9,3.09,6.49,1116.3,92.83
1315.5,87.85,105.17,1649.7,1088.7,258.3,9.43,48.85,49.55,57.36,13.16,644.7,17.49,33.3,2.1,7.07,717.7,80.33
1522.4,88.84,106.13,1681.9,1087,312.6,15.49,42.05,51.37,59.64,13.09,583.6,19.06,30.6,2.03,8.92,872,60.31
1352.9,82.74,99.75,1439.1,1000,238.1,9.8,52.14,38.97,28.01,12.58,412.7,11.33,28.8,2.03,7.78,752.2,72.87
3009.2,85.14,109.86,2506.4,1582.7,500.2,21.04,17.91,92.89,157.68,53.41,1309.3,35.64,51.5,3.33,8.4,1216.4,83.21
790.7,83.27,96.66,1489.6,1014.2,229.7,10.26,48.99,36.85,32.07,6.57,503.1,11.25,25.2,1.72,7.18,412.6,83.12
1353,88.54,105.78,1603.1,1016.3,292.1,13.85,44.05,58.66,48.74,12.35,434.6,15.93,31.3,1.94,8.77,773.8,58.75
1320.3,83.13,101.05,1647.3,1021.5,242.4,12.5,42.56,47.38,52.82,12.97,491.3,16.81,34.9,1.97,7.67,728.1,75.06
1012.7,84.55,97.28,1459.6,1020.9,220.9,3.95,55.72,42.77,27.27,6.61,482.7,11.97,33.1,1.78,6.09,502.3,92.77
2859.7,69.91,70.61,2174,1399.6,424.1,15.61,27.97,78.81,116.09,42.32,1007.9,30.55,44.5,3.58,7.85,1157.7,82.79
1575,87.73,107.36,1873.6,1123.5,368.4,16.58,35.51,62.14,83.29,16.76,773.9,22.96,33.1,1.88,9.2,880.9,70.91
2081.5,88.02,105.08,1826.8,1185.2,259.9,7.52,42.95,54.02,69.71,19.31,707.1,19.54,38.8,2.5,5.6,926.2,92.66
1318.1,82.9,96.55,1572.7,1046.8,238.3,8.27,46.52,44.51,44.8,10.39,481,15.43,32,2.18,6.82,750.9,87.66
3145.4,90.99,114.81,2487.8,1525.2,492.1,23.77,15.48,88.28,144.81,54.25,1244.2,35.48,54.2,3.19,8.44,1286.3,73.75
1894.8,89,105.77,1827.3,1109.1,289.2,12.18,39.31,62.79,74.56,17.38,740.8,20.61,37.7,2.37,7.88,925.3,79.71
1743.5,86.71,103.04,1901.2,1172.1,298.7,7.21,41.5,59.62,85.96,20.86,716.5,22.9,39.3,2.52,6.09,864.4,87.57
2241.8,83.42,102.17,1847.8,1198.5,326.3,7.72,37.6,54.41,76.39,23.53,794.6,22.15,40.3,2.74,5.57,1000.5,89.76
1047.1,85.55,99.55,1654.3,1028.6,301.6,13.48,54.88,55.81,51.54,8.28,528.2,16.58,34.9,1.77,9.78,560.4,64.83
2541.9,90.64,110.54,2313.4,1335.7,469.8,24.9,27.08,89.07,145.2,34.3,1188.1,34.94,46.2,2.38,9.89,1109.6,60.45
827,87.5,101.67,1455.2,1000,237,11.41,56.21,37.32,24.24,5.97,355.5,12.14,37.7,1.71,8.52,429.1,73.87
853.3,86.23,98.95,1433.7,1000,246.7,10.6,58.28,39.71,24.04,9.05,320.9,10.87,33.2,1.39,9.22,458.6,63.78
2231.4,84.91,107.27,2155.1,1292.6,424.9,18.52,33.43,69.81,117.25,27.21,1006.6,30.9,44.2,2.64,8.71,992.3,71.03
2926,93.94,114.65,2411.1,1470.5,504.1,21.27,21.39,88.39,146.09,46.89,1248.2,34.89,50.3,3.05,9.18,1245,76.7
2302.4,86.79,100.74,1794.1,1149.2,303.5,8,45.03,57.89,78.36,23.91,789.9,19.69,38.5,3.18,6.09,1004.4,87.23
1956.2,81.28,98.98,1864,1120,355.4,13.45,39.41,54.52,78.29,20.83,618.8,21.44,35.6,2.46,8.43,953.8,70.9
1565.6,88.72,100.77,1732.1,1100.1,338.9,11.62,43.82,61.22,67.25,13.55,703.4,18.15,36.8,2.28,7.43,818.7,81.55
1689.3,90.23,111.9,1841.7,1109.9,324.6,14.5,38.02,58.11,86.59,17.51,767.8,23.91,38.3,1.89,8.39,891.2,67.4
2881.1,69.93,71.9,2385.9,1450.2,461.9,16.29,27.57,79.89,145.69,47.45,1147.4,34.5,54,3.59,7.59,1183.3,89.83
1235.3,85.69,101.52,1446.3,1027.4,227.9,8.56,57.72,39.46,20,8.15,349.8,9.66,34.2,1.85,8.17,685.2,77.45
815.6,50.14,51.86,1483.8,1000,211.3,6.27,49.59,30.7,20.83,7.01,381.3,11.41,33.7,1.98,6.01,427.2,90.04
2256.5,86.63,107.48,1984.6,1182.6,417.2,19.31,30.26,72.63,98.32,24.29,902.7,25.46,41.6,2.37,9.09,1003.9,63.62
796.1,82.82,93.36,1492.3,1044.3,191.7,6.97,51.94,33.73,26.97,7.67,452,10.1,32.1,1.76,5.51,410.9,94.83
2522,89.54,112.16,2035.2,1252.5,394,18.55,36.61,66.44,99.19,32.36,890.6,26.77,45,2.59,9.26,1113.7,61.17
1461.3,89.05,105.31,1801.5,1098.7,311.9,11.82,50.37,54.06,74.63,12.9,649,21.44,37.6,1.82,8.56,796.4,80.04
2298.4,87.58,105.23,1662.2,1056.9,300.9,16.93,42.72,58.25,57.14,19.87,587.1,18.08,36.9,2.57,9.74,1049.4,57.28
2529.7,88.01,101.18,1798.3,1142.1,337.8,10.85,37.98,56.13,65.81,26.92,692,18.3,40,3.21,6.68,1053.8,85.62
2613.4,83.15,104.86,1976.8,1246.8,343.7,13.96,34.82,69.11,93.96,30.57,894.1,25.44,43.5,3.07,7.77,1081.5,81.08
790.2,84.58,96.68,1345,1017.5,198.9,7.77,55.95,28.83,16.82,8.82,324.8,7.56,26.8,1.56,6.39,399,90.55
802.5,86.71,101.53,1333.2,1000,229.4,16.28,60,38.64,8,6.14,280,6.64,32.2,1.41,10.74,444,52.14
2443.5,88.45,104.33,2149.4,1302.5,376.4,14.58,32.8,79.72,119.56,30.69,973.3,29.32,41.3,2.95,7.95,1024.4,84.26
1472.6,90.31,110.13,1679.5,1001.4,345.8,14.22,44.26,58.18,61,12.77,578.1,17.13,39.2,1.78,9.64,847.4,62.53
3014.3,90.54,109.01,2032.9,1313.9,370.3,10.41,29.53,67.65,96.79,35.52,989.6,24.67,46.5,3.31,5.95,1200.3,92.33
2536.4,88.28,109.05,1951.6,1162.6,362.1,14.71,27.16,64.8,82.59,26.4,839.1,22.12,41.9,2.65,6.83,1058.7,78.59
1338.2,89.19,106.34,1751.2,1082,313.7,14.19,43.15,62.2,63.08,15.84,607.6,18.69,36.3,2.1,9.12,760,69.49
2067.7,86.45,102.81,1837,1110.5,327.5,13.32,37.12,57.27,74.84,20.93,742.1,21.12,34.1,2.29,7.96,974.7,75.38
1179.4,89.44,106.23,1638.7,1057.4,309.2,10.45,50.44,52,55.36,12,666.5,17.4,38,1.93,7.86,622.9,81.15
1503.3,86.3,100.56,1996,1200.7,342.1,8.94,37.63,59.2,108.95,15.26,991,27.2,37.7,2.18,6.77,808.9,91.99
1013.6,93.42,107.2,1664.8,1000,306.3,13.6,45.17,52.35,52.79,9.38,564,16.98,34.9,1.63,9.05,534.1,63.12
2785.1,89.81,109.46,1996.7,1275.9,382.3,14.1,34.11,75.52,94.86,32.08,880.3,23.52,48.6,2.95,7.99,1130.8,76.13
2453.9,86.38,107.53,1892.9,1203.8,351.4,15.06,38.11,64.85,83.58,28.23,798,22.88,44.5,2.61,9.21,1072.6,67.74
2440.6,89.9,113.06,2250.9,1322.7,407.5,18.36,29.41,77.99,139.75,32.25,1121.4,32.96,38.3,2.87,8.68,1033.7,81.73
819.7,90.4,105.72,1518.7,1000,259.3,11.43,55.43,37.88,32.62,6.65,426.4,12.1,28.8,1.4,9.19,441.6,66.37
2386.3,84.06,102.81,1990.8,1278.9,342.4,13.41,33.98,61.75,103.28,26.77,916.6,24.3,43,2.8,7.33,1031.5,83.86
1512.1,87.14,102.16,1499.7,1068.8,217.1,5.44,46.91,49.16,41.04,11.92,506.5,13.03,32.5,2.24,5.96,796.1,89.85
2286.1,87.57,104.12,1952.4,1297,328.2,9.25,28.71,62.27,88.05,27.96,901.9,22.47,44.2,2.84,5.41,940.8,97.4
2491.2,91.54,110.36,2261.7,1390.1,415.1,15.75,26.07,70.36,135.14,33.41,1151.9,33.18,51.5,2.68,6.96,1030.5,91.81
3040.6,86.59,107.86,2020.2,1254.5,406.7,16.82,30.28,70.75,92.84,33.26,931.6,23.77,48.5,3.06,7.99,1263.9,73.32
2393.8,88.31,108.35,2524.4,1514.8,448.5,15.84,19.8,85.86,172.47,35.5,1340.9,37.66,49.7,3.14,7.07,998.1,95.5
1570.8,90.66,108.8,1785,1086.1,306,16.77,45.27,65.27,80.94,16.04,749.9,22.65,33.5,2.04,9.53,870,66.43
1427.2,82.47,100.97,1800.6,1117.4,256.4,9.44,38.05,52.85,79.2,13.07,800.3,22.72,38.6,2.28,5.88,790.2,91.55
2059.6,88.24,106.68,1794.9,1134.4,337.9,12.83,47.54,61.89,72.56,18.1,683.4,21.2,40.9,2.46,9.1,980.2,75.3
2712.7,90.94,110.64,2087.3,1323.8,397,16.98,29.71,78.57,107.44,33.93,928.1,27.59,45.7,3.03,8.43,1154.9,70.74
1938.6,88.58,110.49,1941.8,1119.6,400.9,19.78,36.48,67.44,95.91,17.32,863.1,26.39,36.1,1.99,9.89,968.9,57.54
1546.1,90.34,106.08,1556.2,1026.7,267.2,12.53,47.02,44.15,39.05,14.18,481.1,13.24,38.5,2.2,7.76,830.1,73.49
1585.2,88.98,111.04,2134.4,1151.6,411.4,20.22,33.2,73.09,115.49,16.01,886.1,30.27,42.5,2.04,10.61,900.3,60.44
1593.1,83.47,98.18,1923.5,1169.4,320.1,8.25,40.11,62.5,92.29,15.88,811.3,23.43,41.9,2.5,6.17,848.7,95.99
1232.1,86.64,100.54,1613.7,1018.4,259.5,11.24,46.07,52.95,52.96,13.6,700,18.08,35.4,1.88,7.69,670.5,82.5
2433.6,89.4,107.12,2231.7,1368.3,372.6,15.12,25.34,74.11,137.25,32.5,1138.1,32.43,45.7,2.9,7.18,1015.2,83.39
1513.4,85.96,106.01,1775.8,1090,335.7,14.94,42.14,55.23,72.77,13.84,735,21.2,36.9,2.03,9.36,860.4,70.47
2973.8,85.83,109.73,1917.9,1230.7,410.9,18.68,35.69,67.68,85.05,37.1,878.8,24.08,41.8,2.9,10.53,1291.8,59.57
1903.8,89.43,110.37,1737.2,1079.6,337.2,16.86,45.12,60.39,67.54,17.3,637.4,19.83,41,2.29,9.33,975.2,64.65
1595.3,87.14,106.61,1709.2,1036.3,358.2,16.13,50.72,59.97,72.21,13.63,577.8,21.19,32.2,1.87,10.13,881.2,60.42
2361.9,90.84,111.21,2146.2,1255,377.8,15.44,33.91,68.18,122.47,26.69,961.5,32.13,41.4,2.68,7.75,1011.1,82.25
1487.2,88.42,105.34,1724.1,1082.8,330.9,14.48,44.02,50.9,66.28,14.36,654.6,18.37,35.2,1.91,8.69,851.2,71.03
2642.4,82.66,103.11,2007.3,1254.1,380.1,14.91,31.18,66.03,97.86,27.85,829.2,25.61,43.7,3.05,7.21,1097.3,81.4
2445.8,89.91,109.81,1805.3,1111.2,364,18.49,40.77,68.27,75.16,27.83,647.1,22.57,43.3,2.65,10.33,1067.7,56.27
1521.8,86.45,100.01,1411.2,1000,215.4,8.72,59.96,46.88,28.39,13.37,389.6,10.96,35.8,2.25,8.55,856.7,72.37
1163.4,84.87,102.66,1669.6,1036.8,287.7,9.11,45.99,50.94,63.02,9.81,607.3,17.47,31.7,1.81,7.04,616.8,83.05
1690.1,85.99,102.87,1711.7,1167.2,241.7,8.13,47.24,43.03,63.96,20.29,646.4,16.79,39.7,2.51,6.65,853.2,98.41
1944.7,88.03,107.39,1715.4,1061.6,299.1,15.22,46.91,54.69,57.25,18.54,626.4,19.39,37.4,2.35,9.49,968.3,62.5
1757.5,83.37,99.41,1780.2,1116.2,300.8,8.97,40.56,60.4,72.62,16.28,772.2,20.5,41.5,2.36,6.31,874.4,91.33
1327.6,83.7,97.01,1476.6,1000,239,7.44,54.91,44.92,27.01,8.75,412,10.76,29,2.22,7.48,745.6,86
1807.8,87.93,104.93,1782.4,1100.7,301.8,12.15,38.35,61.82,70.67,19.08,716.9,19.5,36,2.42,6.89,888.3,83.87
1379.2,90.75,107.68,1767.7,1112.7,278,13.18,41.19,58.11,73,15.59,748.4,20.19,33.8,2.08,7.67,761.5,82.71
1585.3,86.54,103.94,2080.4,1256.9,387.1,18.18,31.72,73.51,122.44,22.37,925.7,31.04,41.6,1.93,8.94,867.8,74.04
1299.1,86.49,99.67,1418.9,1022.2,178.7,8.77,56.07,37.03,28.25,12.62,451,10.83,35.9,2.12,7.03,718.6,86
2480.5,88.99,107.13,1988.2,1220.5,367,17.73,30.09,66.98,86.44,28.02,837.5,24.49,42.3,2.76,8.5,1058.7,62.25
2043.6,87.18,106.99,1808.2,1094.6,294.2,12.67,41.85,51.59,69.26,23.12,664.3,20.43,43.5,2.36,7.93,939.7,77.91
1234.3,86.21,99.2,1654.5,1069.6,310.5,10.8,48.78,54.17,51.88,11.53,677.9,17.5,32.4,1.92,7.73,649.8,78.98
1954.9,90.29,106.01,1874.8,1156.7,339.6,14.5,38.63,66.49,77.92,21.23,739.7,22.14,39.8,2.28,8.2,946.1,74.52
1807.3,89.65,105.48,1888.6,1151.6,358,12.2,36.9,58.26,86.99,19.35,759,23.8,37.1,2.28,6.65,886.6,83.07
2533.3,86.44,106.06,2177,1346.8,355.7,10.98,27.61,69.47,126.77,34.8,1085.9,30.82,42.9,2.8,6.22,1027.8,93.81
1345.3,87.11,100.51,1587.5,1052.7,250.6,8.77,53.67,47.65,52.36,11.66,563.4,17.23,33.5,2.08,7.08,749.5,85.58
2258.6,85.23,105.67,1846.3,1160,283.7,9.9,38.25,53.4,74.23,25.7,770.6,20.91,40.5,2.72,5.98,968.2,90.39
3126.4,91.14,115.25,2401.8,1450.8,487.2,23.25,15.55,86.83,139.33,51.08,1208.4,34.21,49.4,3.16,9.05,1300.9,70.89
1615.1,85.87,97.17,1514.4,1000,249.4,12.48,52.48,45.93,38.55,13.04,420.9,13.35,32.3,2.29,8.75,873.9,72.65
1255.2,88.75,104.98,1561.9,1012.1,299.2,11.2,50.57,52.13,42.93,12.15,487.5,14.22,33.1,1.85,8.61,699.9,73.88
2600.7,88.39,109.46,2266.8,1388,418.3,15.7,28.17,80.61,132.19,42.7,1128.7,32.11,46.1,2.82,7.36,1080.5,85.4
1672.2,91.33,105.2,1766.5,1111.5,310.7,10.71,41.8,53.24,66.56,21.05,667.7,18.48,39.6,2.3,6.91,863.2,84.18
2435.1,85.3,104.39,2131.8,1318,384.7,13.9,28.88,72.51,118.47,32.61,1031.9,29.1,46.9,2.98,6.16,1016.2,88.56
2079.9,86.84,106.93,2072.8,1215.1,391.5,16.91,34.69,69.45,106.01,25.09,935.5,27.01,41.5,2.53,8.76,995.5,70.29
1768.7,87.26,103.73,1746.3,1078.9,293.5,13.05,47.09,51.79,70.37,16.4,634.5,20.32,39.2,2.42,8.74,918.1,72.4
2581.5,48.75,49.75,2069.6,1332.5,373.5,14.87,31.48,76.13,103.19,35.3,961.9,26.41,40.5,3.44,7.65,1050.8,82.01
1403,87.63,103.74,1519.6,1000,202.2,10.68,53.35,44,34.18,10.73,403.5,13.08,30.9,1.93,7.96,801.7,75.22
1503.4,90.33,105.04,1638,1031.7,278.7,9.57,46.99,49.96,45.33,10.39,475.5,16,37.8,2.08,7.42,821.8,78.61
2688.7,83.63,100.96,1802.6,1176.1,309.4,10.01,34.63,62.52,63.58,28.1,682.9,18.59,39.9,3.18,6.81,1130.7,84.56
1467.6,86.63,99.5,1520.1,1000,267.8,9.9,51.82,41.89,32.86,12.05,379.8,11.2,36,1.93,8.07,836.9,77.04
1705.6,85.21,101.1,1640.6,1096.4,263.2,6.65,45.04,48.44,52.79,13.48,607.8,16.62,38.1,2.37,4.96,860.8,97.38
2224.7,92.82,112.77,2332,1341,472,19.69,23.56,79.02,150.16,29.7,1186.2,36.08,45.6,2.63,8.74,993.8,79.66
1824.3,88.08,108.94,1847.4,1144,326.9,13.29,36.68,63.27,90.95,21.83,797,24.51,38.1,2.15,8.02,914.5,76
2180.9,82.95,104.33,1817.7,1162,315.8,11.51,41.31,54.39,67.95,24.41,597.9,19.4,37.2,2.39,6.92,987.6,82.4
1795.1,81.25,100.75,1737.1,1134.1,297.9,7.21,40.36,46.74,73.08,18.55,784.7,19.59,34.4,2.6,5.57,878.9,92.06
2357.3,89.67,109.18,2296,1382.3,427.3,15.91,27.43,87.06,140.95,33.94,1111.7,32.64,42.5,2.82,7.5,1010.7,85.57
1692.9,84.39,100.03,1477.1,1000,235.6,6.59,51.15,39.18,30.77,12.99,431.6,12.44,35.3,2.48,6.16,887.7,84.55
1733.5,85.55,101.13,1552.8,1025,279.5,12.35,52.36,47.24,44.42,14.3,498.2,15.55,34.9,2.31,7.74,889.8,77.19
1574.5,86.37,103.23,1538.4,1020,264.4,12.98,49.92,42.41,38.4,12.93,472.5,12.39,35.2,1.98,8.25,856.8,73.92
803.5,79.08,90.06,1469.5,1038.2,235.7,3.26,49.04,36.61,20.66,6.96,349.1,9.55,29.7,1.61,4.64,407.2,91.34
1456.9,85.2,98.43,1490.1,1016.6,253.4,11.33,53.98,39.07,28.09,11.7,430.4,10.1,34,2.1,8.07,810.3,74.53
862.6,81.85,94.68,1460.8,1000,194.3,7.04,56.91,30.76,23.32,6.81,441.7,9.15,34.4,1.57,6.55,426.4,90.19
2513.6,92.61,112.39,1981.5,1198.4,405.5,20.57,38.7,72.56,94.26,31.08,837.6,26.72,40.2,2.51,11.26,1121.9,53.65
1214.4,58.85,61.15,1590.3,1009,286.1,12.58,51.88,55.27,45.14,11,560.4,15.12,31.7,2.39,8.6,686.3,68.51
2127.7,89.69,112.33,1998.2,1170.4,387.5,20.58,34.67,71.13,104.07,21.73,844.6,29.12,39.3,2.29,10.55,1038.8,55.8
2550,95.33,119.64,2230.5,1282.1,495.8,29.19,24.75,83.42,119.51,29.6,948.3,30.75,49.9,2.2,12.23,1117.6,41.83
1065.6,90.21,106.52,1725,1074.2,308.6,11.9,43.24,54.51,62.29,10.4,686.5,18.77,37.2,1.66,8.42,561.8,71.55
2389.7,87.44,107.53,2009.7,1207.5,399.9,16.28,36.57,63.33,100.88,26.42,851.8,27.57,47,2.32,8.92,1075.2,66.03
2378,87.89,109.79,2270,1338.5,372,12.31,20.49,72.62,134.44,31.61,1128.6,33.03,52.4,2.9,6.68,999.9,88.01
1751.6,84.69,100.54,1672,1090.8,271.6,9.67,44.27,51.67,52.34,17.11,665.9,17.85,36.3,2.34,6.58,887.5,85.85
1507.6,88.5,105.22,1920.2,1175.8,306.9,9.01,35.48,54.15,91.34,15.69,766.9,24.08,39.3,2.25,6.47,792.2,91.05
2873.6,84.23,108.36,2143,1319,415.2,16.65,28.68,77.58,112.6,36.4,1038.2,28.87,40.6,3.28,8.23,1198,79.02
1870.7,88.97,107.63,1931.5,1189.3,308.7,12.75,38.04,62.87,98.09,20.34,826,25.88,40.3,2.25,8.39,903.4,80.67
2049.6,83.67,99.63,1789.2,1158.6,259.8,7.13,40.27,54.14,75.9,21.36,749.2,21.24,38.4,2.67,5.61,935,92.94
2548.6,69.48,69.21,1983.4,1198.9,379.6,17.57,34.43,70.66,91.16,29.12,869.8,24.87,42.4,3.27,9.25,1062,69.89
3085.4,87.9,111.14,2236.8,1414,439.8,15.73,26.61,75.7,131.08,44.96,1163,31.66,50.2,3.05,7.46,1253,87.75
1315.1,87.16,101.45,1530.1,1024.4,258.4,11.45,49.73,42.79,40.53,13.43,517.6,13.96,28.2,2.01,7.66,742.1,78.77
1521.4,87.11,101.56,1635.7,1033.3,275.2,9.74,44.52,51.61,41.16,12.22,488.5,14.75,35.4,2.12,6.84,828.4,80.47
2647.1,83.14,102.73,1844.5,1268.1,375.4,11.88,39.17,61.7,78.64,32.29,814.8,20.86,43.3,3.01,6.71,1056.8,92.22
1600,85.52,103.06,1533.8,1054.3,230.6,9.02,49.38,43.63,40.04,13.96,422.3,13.24,32.1,2.13,7.23,828.4,83.38
2821.1,51.08,51.82,2482.8,1476.9,502.8,25.26,17.6,94.36,152.9,47.62,1287.5,38.28,49.2,3.59,10.08,1197,65.99
814.1,85.76,99.11,1389.6,1000,262.1,12.45,59.41,41.49,21.88,6.45,347.2,10.3,33.4,1.36,9.62,436.2,65.22
1394,88.6,106.2,1784.2,1055.6,303.3,11.59,45.24,51.25,68.76,13.73,635.8,19.51,33,2.02,7.82,766,78.11
1609.9,88.52,103.21,1714.1,1126.2,294.2,8.53,45.24,49.36,73.22,14.75,777.6,20.4,40.9,2.26,7.26,848.3,93.08
803.5,85.86,102.21,1466,1000,261.6,12.62,59.44,41.89,22.34,7.73,286.7,10.26,32.6,1.56,10.22,436.8,60.45
2081.2,83.09,99.89,1908.6,1102.1,381.7,18.71,40.87,63,86.73,21.35,734.1,23.37,37.9,2.52,10.1,983.1,60.14
1617.3,90.13,108.32,1699.5,1012.6,329.6,16.53,43.75,62.54,57.39,14.62,565.2,18.89,31.6,1.81,9.55,900.8,54.68
3001.1,91.71,114.71,2222.2,1390.6,434.2,19.07,26.11,75.08,120.7,43.04,1060.5,31.02,46.6,3.09,8.17,1256,79.89
2370.6,91.04,110.75,2005.2,1226.8,373.2,14.34,33.67,60.68,96.3,25.2,859.1,24.63,45.2,2.83,7.92,1037.5,76.31
832.3,80.89,88.81,1418.3,1000,192.4,3.88,53.39,42.19,25.69,7.46,483.7,10.8,31.3,1.78,5.17,423.2,93.05
3165.3,84.99,106.36,2094.3,1357.1,375.7,13.14,30.95,68.08,96.87,39.84,928,25.44,48.9,3.45,7.37,1281.4,86.44
1656.3,87.11,107.65,2044.6,1180.6,378.7,16.46,34.27,76.93,118.86,20.29,1008.7,31.13,39.5,2.07,9.4,872.9,72.46
2432.9,84.22,100.5,1948,1260.8,303.5,7.91,31.36,57.77,86.04,25.79,781.1,22.98,45.6,3.33,4.98,997.1,99.45
1732.6,88.79,106.39,2037.6,1213.5,342.8,11.51,31.56,66.26,102.55,21.2,910,26.6,41.9,2.49,6.81,877.6,89.7
772.1,85.96,98.96,1411.7,1000,204.4,9.85,55.21,37.53,26.72,8.18,348.5,10.97,30.2,1.67,7.15,407.1,82.99
863.2,87.72,103.18,1475.9,1031.5,223.2,7.22,52.07,31.6,28.03,10.9,417.9,11.63,33.1,1.88,6.72,441.2,90.53
1714.1,89.88,107.87,1776.2,1090.7,312.9,14.72,39.3,53.39,68,19.14,586.7,20.83,36,2.02,8.58,899.7,67.23
2572.1,70.83,88.85,2328.6,1405.1,433,19.4,18.39,78.94,145.67,38.77,1096.5,34.03,49.2,2.95,7.58,1078.1,82.14
2417.5,90.31,108.37,2356.1,1438.9,393.5,14.73,22.9,79.04,142.83,33.73,1137.5,34.22,44.5,2.93,6.96,1010.2,94.99
3293.1,88.25,112.75,2268.2,1465,400.4,18.98,22.92,87.55,119.87,51.41,1128,30.16,51.1,3.22,7.49,1265.7,79.09
3227.2,87.56,111.58,2399.9,1533.3,478.8,21.67,16.52,86.65,141.82,53.76,1318.4,33.6,56.7,3.37,7.35,1318.3,83.25
1681.7,85.68,104.2,1678.8,1077.3,316.9,13.25,45.97,52.39,55.72,15.31,628.5,17.79,32.8,2.2,8.52,851.7,73.49
1799.4,85.13,99.73,1612.1,1054.7,281.4,10.23,48.37,49.32,51.47,13.92,535.6,16.62,34,2.58,7.49,895.6,80.93
2693.9,88.16,107.7,1990.7,1268.8,363.7,9.26,32.35,68.04,95.02,34.22,926.2,24.06,44.9,3.35,6.29,1115.5,89.53
2981.1,90.74,114.76,2468.3,1530.7,502.6,21.16,17.8,83.01,151.06,51.75,1240,35.82,49.4,2.85,7.82,1217.6,82.56
1850.9,71.42,90.92,1932,1134.4,378.5,17.03,36.34,70.92,98.93,20.35,861.8,25.53,38.2,2.37,8.52,911.1,70.82
1448.8,82.16,97.15,1474.9,1045.4,210.6,8.1,56.81,36.23,23.66,10.32,501.3,10.42,35.1,2.31,6.67,779.2,92.08
3137,87.9,110.26,2050.3,1285,381.6,13.4,24.4,68.08,97.24,38.8,924.2,24.59,48.1,3.36,7.87,1300.4,78.59
1284.5,87.99,105.88,1747.9,1087.6,306.5,12.17,39.79,57.43,61.53,12.17,662.9,17.02,35.5,1.83,6.76,681.8,83.49
1256.3,88.59,106.29,1657.3,1047.5,307.6,12.8,49.35,65.21,56.16,13.96,631.3,18.16,34.6,1.59,8.98,711.2,69.66
2355.9,90.26,111.47,2207.1,1280.6,418.2,16.43,25.4,82.74,126.95,28.07,1036.2,30.02,42.6,2.75,8.05,1015,80.97
2633.3,48.74,49.95,2242.5,1338.5,491.9,25.55,24.15,83.38,126.83,35.58,1096.3,31.41,46.8,3.19,10.24,1117.7,60
1665.8,85.55,101.4,1799,1133.2,264.1,10.37,37.1,60.77,77.81,17.36,673,20.37,38.1,2.25,6.15,853.8,89.81
1787.2,85.87,102.82,1650.4,1133.9,238.7,8.15,45.97,44.78,52.64,18.01,633.1,17.9,39.1,2.48,6.5,869.3,91.78
2563.8,45.06,43.73,2194.4,1341.3,375.2,14.12,26.15,76.01,121.66,36.05,1038.9,28.9,47.9,3.32,6.97,1078.7,83.27
1352.5,87.09,103.95,1709.1,1032.9,305.8,11.15,45,49.36,61.26,10.9,530.4,17.97,35.7,2.09,7.81,768.1,76.78
3167.9,88.44,113.42,2544.1,1537.7,511,23.91,16.6,88.84,151.67,53.26,1237.7,35.98,55.1,3,9.08,1262.4,76.13
1015.4,82.43,96.62,1646.4,1078.4,269,10.24,46.29,45.81,43.65,7.84,654.7,15.16,34.7,2.06,6.33,505.1,89.39
2476.2,85.34,101.61,2000.6,1266.4,330.5,8.75,33.28,63.53,96.58,30.42,817,24.2,43.9,2.81,5.89,1012.1,90.35
2644,87.98,109.06,2370.4,1436.8,437.1,15.87,15.13,75.68,141.47,43.36,1156.7,34.36,47.7,3.1,6.8,1093.4,92.9
1644.2,90.03,107.26,1654,1040.8,296.7,9.32,46.87,49.71,52.35,15.38,516.9,16.48,36.6,1.94,7.14,857.9,78.33
1935.3,88.53,105.1,1992.3,1239.6,381,14.27,38.67,68.34,96.46,25.26,840.2,26.26,44.5,2.53,7.57,951.6,81.41
2023.3,93.2,111.96,1989.5,1145.9,359,18.65,36.77,71.04,98.86,22.03,829.3,26.92,37.7,2.03,10.22,986.3,60.11
1156.9,89.57,106.55,1723.1,1057.6,315.2,14.23,45.28,54.36,61.04,9.27,649.2,18.44,35.5,2.09,8.87,611.4,69.87
2566.1,87.59,108.33,2009.3,1212.4,430.9,22.94,27.83,74.55,95.62,34.95,832.8,25.37,42.1,2.73,10.11,1119.3,51.67
733,85.97,102,1457.1,1000,264.5,9.9,54.68,43.49,29.21,3.85,377.7,11.51,30.6,1.43,8.28,402.3,68.99
1969.4,87.65,103.2,1971.7,1190.3,329.4,12.25,38.47,64.36,97.24,21.4,873,25.12,37.5,2.61,7.13,915,83.28
793.2,92.39,107.13,1434.4,1027.3,216.5,5.53,55.59,41.3,19.78,4.18,409.2,9.65,31.3,1.52,6.17,415.4,86.42
2565.4,87.88,105.19,1940.4,1223.2,330.5,10.5,38.64,67.34,92.3,27.94,856,24.63,44.3,2.95,7.36,1040.6,85.8
3036.3,89.18,110.03,2055.7,1316.6,360.7,17.41,28.58,73,88.47,39.12,931,23.93,48,2.83,8.6,1223.4,72.49
1185.5,83.45,95.5,1659.2,1071.5,291.7,8.6,50.62,50.21,58.75,11.63,604.4,18.16,36.5,1.93,7.54,618.5,88
1666.2,82.91,101.12,1695.4,1105.5,292.6,11.46,45.55,50.86,60.18,17.94,600.3,17.82,35,2.49,7.29,850.4,82.31
2311.6,87.03,108.41,2152.7,1282,438.3,18.84,33.38,79.41,127.68,29.91,1033.3,31.66,38,2.54,9.29,1010.1,73.1
1293,84.7,103.34,1506.6,1044.1,236.6,6.93,51.55,54.4,40.07,12.97,481,14.54,35.7,2.06,6.71,691.5,88.75
1438.2,88.22,101.01,1554.7,1000,277.3,10.03,52.22,48.37,37.62,14.67,499.9,13.93,33,1.77,8.1,810.2,70.27
759.1,87.1,96.5,1337.3,1000,186.3,9.7,59.56,29.03,12.53,5.92,280,9.15,32.8,1.33,7.21,417.9,82.59
2558.1,86.54,106.63,1916,1204.6,312.1,13.26,39.67,63.44,91.65,29.61,846.9,24.43,46.9,2.86,7.94,1061.9,84.26
2414,85.98,105.65,1795.6,1148.2,309.1,10.51,38.9,59.34,71.64,22.59,725.2,19.85,42.9,2.8,7.06,1032.7,80.97
2588.7,84.58,98.75,1772.3,1166.2,274.5,10.88,39.72,56.81,61.74,25.63,640.7,18.52,35.8,3.03,6.64,1052,79.59
2289.7,84.3,102.75,1922.6,1173.5,334.9,8.01,33.59,57.2,89.67,25.48,803.8,23.66,39.3,2.86,5.55,967.6,93.77
1754.7,88.69,110.14,2029.3,1161.5,391.7,17.87,31.14,66.33,108.32,22.22,889.6,28.15,37.7,2.21,8.75,914.3,71.59
1063.2,88.05,108.18,1575.4,1000,285,16.39,50.06,55.08,51.69,10.14,494,18.02,36.1,1.53,9.76,558.4,59.27
1030,87.73,104.75,1564.1,1000,292,15.08,49.1,56.51,45.2,10.68,468.7,13.77,29.9,1.53,9.7,551.4,61.71
1995,86.9,102.25,2014.4,1281.8,349.7,12.03,39.68,65.97,113.12,23.78,960.5,28.25,41.8,2.64,7.41,909.9,89.72
1899.6,92.91,109.25,1971.5,1170.5,379.2,18.44,35.77,68.76,94.67,18.06,774.5,25.92,42,2.16,9.76,957.4,59.32
1859.2,87.75,109.57,1702.9,1062.4,291.8,14.5,42.74,58.69,59.52,17.26,562.2,18.93,31.5,2.22,8.7,925.6,70.49
752.1,84.89,99.03,1511.4,1000,253.4,10.12,44.72,41.5,30.35,3.73,439,11.54,29.6,1.56,6.67,399.4,88.79
2618.6,85.16,107.4,2388.5,1463.9,430.8,15.99,25.27,82.61,141.85,38.46,1220,33.69,46,3.14,7.08,1054.6,92.25
2764.8,88.89,110.99,2351.6,1403.6,464.6,24.74,24.82,88,143.49,44.43,1163.2,34.94,45.5,2.89,9.94,1170.5,67.42
1960.6,63.13,62.63,2076.7,1246.6,369.1,13.02,35.29,65.6,114.13,24.46,873.5,27.48,42.7,2.89,7.97,930.4,81.79
1525.6,88.55,105.7,1938.5,1205.1,340.6,13.21,40.02,59.07,96.07,16.42,829.3,24.15,39.1,1.81,7.98,823.5,84.72
1590.6,84.14,97.63,1725.8,1122.8,259,6.46,45.04,43.57,65.68,12.01,667.8,19.71,36.6,2.6,6.46,840.9,94.76
1842.7,89.29,108.43,2002.7,1165,374.8,17.08,33.49,62.2,100.67,21.13,884.3,25.57,38.7,2.14,9.11,939.6,67.28
3104.1,87.46,107.82,2561.5,1616.2,483.2,22.61,14.63,89.33,154.35,55.27,1351.7,37.16,54.2,3.22,8.83,1267.9,79.07
1680.7,85.2,98.95,1537.9,1085.6,196.3,6.21,47.18,34.86,41.51,15.61,480.1,12.87,36,2.28,5.82,854.3,92.63
2400.5,85.27,107.91,2272.8,1379.9,405,17.47,24.06,73.34,126.55,36.52,1064.4,31.83,47.9,2.62,7.57,1039.6,80.2
2237.4,87.78,105.25,1797.6,1120,277.5,12.25,38.8,50.96,71.61,21.37,731.4,20.65,36.8,2.78,7.24,982.9,83.63
1197.7,92.19,108.89,1638.2,1000,317,17.28,47.86,52.69,49.14,9.41,467,16.56,32.7,1.55,10.78,673.2,51.38
1203.4,87.31,108.32,1718.8,1038.3,331.2,15.86,44.13,52.72,64.14,10.23,628.5,18.81,32.3,1.75,9.78,665.2,64.82
2478.2,88.32,111.81,2115.5,1263.1,416.2,18.7,29.35,66.81,119.14,31.15,975,30.19,46,2.65,8.39,1089,72.39
2603.1,86.74,104.01,1831.2,1216.7,292.5,9,33.44,51.42,70.48,27.16,737.2,19.95,45.8,2.98,5.59,1041.4,90.65
1600.7,85.42,97.87,1727.3,1067,288.3,12.56,46.89,47.33,59.89,15.02,643.9,17.49,37.2,2.08,7.75,862.5,85.6
2745.6,46.4,48.88,2201.7,1406.1,381.3,13.09,29.31,72.02,122.01,40.22,1084.2,27.67,51.1,3.99,5.73,1070.5,97.32
1949.7,85.48,108.98,1923.6,1126.8,427,22.89,36.69,71.86,95.93,20.91,849,26.89,37,2.05,11.12,985.1,53.74
2448,92.08,110.68,1838,1142.2,340.4,16.21,38.97,63.69,73.38,22.99,638.3,21.32,39.3,2.78,9.16,1102.3,61.09
3085.5,94.26,119.7,2104.1,1310.5,446.5,23.23,27.52,79.63,100.66,40.44,947.9,27.28,47.3,2.74,10.78,1338.4,52.41
2285.6,90.5,110.34,2398.6,1420.8,443.3,18.52,22.78,85.13,168.2,36.43,1237,38.61,46.8,2.72,7.7,991.7,87.14
1811.5,90.27,108.71,1996.7,1222.2,401.6,16.99,34.3,77.86,113.44,19.97,990.3,25.78,42.1,2.38,8.51,897.3,81.7
817,88.12,101.57,1407.6,1000,233,10.71,59.05,38.05,29.24,4.24,347.4,11.72,30.9,1.61,9.08,431.3,77.43
2682.9,88.97,108.03,2096.3,1331.6,395.9,10.99,34.32,70.01,108.99,35.22,1012.9,26.68,43,3.2,7.05,1080.1,94.26
2864.6,83.96,105.46,2537.2,1583.4,485.7,19.04,19.3,87.81,165.37,44.3,1350.3,38.54,51.2,3.37,8.34,1149.7,90.54
2548.2,86.44,108.91,2185.9,1346.9,403,13.43,26.26,72.28,120.74,30.73,1031.8,29.8,46.9,3.05,6.36,1045,88.32
1221.3,69.04,66.25,1473.8,1000,217,5.51,50.64,36.85,24.26,8,488.3,10.13,38.6,2.48,5.9,650.6,88.16
850.5,87.38,103.65,1405.1,1000,222.7,13.47,52.56,36.13,8.89,8.51,309.2,8.27,31.8,1.34,9.2,456.9,56.56
2388.5,90.53,113.1,2025.6,1237.6,454.7,24.57,33.66,75.15,108.07,28.99,939.4,29.05,38.8,2.29,11.37,1075.4,47.72
2779,85.87,105.97,2262.9,1407.3,391.5,10.76,26.19,77.03,134.42,39.21,1227.5,31.82,49.3,2.95,5.45,1090.4,98.09
2236.6,88.08,105.51,2036.8,1294.1,371.6,14.36,33.53,67.09,105.47,28.19,903.8,26.8,42.1,2.62,7.97,994.9,82.11
2653.4,85.71,104.2,1865.2,1207,341.7,12.53,36.16,66.76,80.73,26.69,811.9,22.5,39.3,2.88,7.57,1110,81.15
2713.3,88.28,112.39,2069.6,1278.4,396.9,20.9,33.99,70.28,104.66,33.75,852.2,28.22,51.6,2.81,9.89,1167.2,63.22
2114.7,89.06,109.7,1886.1,1150.7,324.8,14.21,38.86,62.84,84.97,21.53,717.3,23.67,45.6,2.13,9.42,999.4,71.48
852.4,83.42,95.08,1499.1,1051.9,215.5,7.69,53.11,33.57,31.14,7.15,453.7,13.42,32.8,1.68,7.16,441.2,82.78
3028.8,87.5,109.46,2385.7,1485.4,521.6,25.32,16,95.43,137.64,43.89,1277.6,35.15,51.5,2.97,10.41,1281.1,67.78
2134.7,88.68,104.44,1842.4,1168.6,315.5,9.22,40.22,58.78,80.67,22.3,709.6,22.39,39.3,2.47,7.63,972.5,82.72
2222.6,84.09,100.29,1872.6,1195.9,312.9,10.77,46.2,54.78,75.51,23.37,741.8,20.61,43.2,2.71,7.73,983.5,82.89
1657.6,91.06,110.46,2052.5,1175.2,411.6,20.21,33.72,77.02,117.88,18.87,957.2,30.28,40.9,2.04,10.11,898,62.65
2055.7,84.4,100.03,1929.7,1217.1,345.4,14.45,37.33,62.47,97.3,21.36,866.9,25.18,44,2.93,7.17,976.6,86.56
829.1,86.34,101.43,1456,1000,222.7,9.86,54.08,39.9,26.51,11.51,454.8,11.38,28.6,1.56,7.13,431.9,78.6
1149.4,86.66,104.38,1522.2,1000,255.8,13.42,52.44,48.19,35.31,7.65,418.4,12.61,31.7,1.69,8.67,612.6,67.94
1223.4,86.01,102.19,1702.7,1077.3,292,10.21,48.49,47.37,63.28,11.82,629.8,17.67,36.8,1.93,8.31,660.8,83.22
1990.1,88.66,106.27,1744.9,1139.5,317.7,14.64,41.36,58.68,64.13,21.17,652.5,19.68,39.2,2.2,9.02,976,63.95
2589.3,84.45,101.75,1873.3,1221.7,284.3,7.74,35.2,55.69,73.1,27,769.4,20.16,39.1,3.28,5.34,1028.8,94.03
2165.8,62.95,60.41,1912.1,1177.1,337.4,12.98,36.5,60.52,92.62,27.28,828,24.61,40.4,3.03,7.49,996.5,79.6
2139.1,85.11,106.94,2168.2,1322.6,401.6,14.87,26.44,75.71,126.24,28.04,1043.1,29.58,47,2.57,6.86,965.2,84
2317.6,90.53,116.84,2392.8,1376.5,466.2,20.02,23.21,86.57,166.15,32.09,1242.5,37.36,41,2.79,8.09,982.1,85.55
1743.9,91.18,103.33,2050,1265.4,323.8,12.37,33.95,69.7,110.24,21.37,985.9,27.43,45.6,2.27,6.25,884.1,95.15
2661.5,87.43,105.7,1851.9,1222.6,330.9,11.15,34.44,57.22,61.63,27.14,721.2,19,42.8,3.15,6.55,1109.3,83.53
1979,84.82,102.18,1908.4,1222.7,315.2,9.09,45.08,63.48,86.43,24.79,803.7,23.69,44.9,2.54,6.45,906.3,89.4
1718,87.58,105.4,1828.3,1110.4,313,13.11,42.25,55.41,82.02,15.31,776.2,22.7,39.7,2.32,8.01,909.7,81.87
801.3,84.29,96.61,1524.7,1033.7,218.1,5.65,47.52,37.07,27.14,6.57,521.3,11.86,33.3,1.77,5.07,416.7,92.85
3138.3,86.35,104.79,2045.3,1316.5,406.2,21.14,29.06,74.21,90.57,37.48,945.3,23.75,47,3.05,9.44,1325.9,60.24
2801.6,90.74,110.14,2029.5,1248.1,403.1,14.14,33.84,71.83,93.16,31.71,920.7,25.39,43.9,3.06,7.79,1194.2,78.21
1560.2,89.36,107.52,2100.6,1225.3,376.4,16.01,30.95,77.09,129.26,16.57,1013.3,31.82,38.2,2.04,7.51,842.6,86.24
1762.3,87.51,102.86,1478.8,1030.2,229.7,11.51,48.36,45.01,33.44,15.71,404.9,10.88,35.5,2.1,7.24,901.4,77.98
2245.8,89.63,109.92,2157.6,1226.6,411.6,18.41,27.58,75.2,119.49,23.72,967.5,31.17,42.9,2.49,8.38,994.9,74.81
817.8,82.65,94.65,1388.7,1000,196.1,7.16,51.5,31.26,19.49,5.42,327.3,10.81,27.5,1.56,5.64,426.7,87.69
2673.3,89.03,114.95,2074.3,1250,415.9,20.89,30.31,70.05,107.49,34.2,1021.1,27.96,42.4,2.51,10.22,1153.2,64.09
2153.7,88.52,103.55,1659.1,1047.6,311.8,10.23,39.58,56.09,51.54,20.12,584.2,15.53,30.7,2.37,7.07,993.6,71.23
749.3,82.11,93.55,1388.8,1007.9,210.1,3.8,55.62,35.25,16.1,6.15,448.4,10.19,27.4,1.77,5.22,388.9,93.81
2364.8,81.71,97.78,1955.8,1205.5,360.7,13.6,32.45,61.34,93.11,26.59,844.2,24.55,39.7,3.05,7.28,1016.7,82.52
2978.9,93.83,116.09,2161,1307.1,472.2,23.2,31.97,84.34,107.2,42.03,947.9,27.74,47.7,2.6,10.95,1289.2,53.88
2494.4,92.37,115.59,1830.2,1199.4,388.1,17.74,37.06,69.16,76.85,27.85,807.4,21.5,42,2.51,9.4,1070,59.79
2739.4,85.05,104.91,2063,1313.8,392.8,15.26,34.03,70.21,95.08,36.99,919.2,25.68,46.1,3,8.46,1125,73.97
1191,82.55,94.56,1528.4,1058,180.7,6.91,48.77,36.98,23.36,10.12,432.2,10.21,32.9,2.1,6.11,632.7,87
2319.9,88.18,106.03,2248.3,1344,405.2,15.92,25.24,78.52,132.95,35.46,1087,33.79,42.6,2.63,7.96,968.8,80.94
1972.8,49.1,46.18,1807.9,1110.2,312.8,13.3,40.72,60.75,76.93,21.82,714.1,20.74,40,3.03,7.88,941.7,80.38
1709.8,81.41,99.05,1867.2,1089.4,351.4,12.51,43.64,55.26,86.3,14.97,738.7,24.47,38.3,2.14,8.66,905.6,65.59
1203.5,65.2,64.47,1510.2,1000,214.1,11.31,52.58,41.5,27.68,13.31,439.4,12.56,29.5,2.2,8.86,668,72.2
1511.1,90.87,105,1463.1,1000,286.8,10.74,48.31,44.72,23.91,8.24,394.3,11.04,32.6,1.98,7.81,843.8,71.02
3178,92.67,114.01,2366.1,1484.3,478.4,22.93,27.39,83.58,138.84,47.44,1227.9,34.58,52.9,3.06,10.11,1316.3,74.27
2539.1,85.52,105.82,1852.4,1135.9,377,17.62,34.77,75.3,74.88,26.45,681.1,21.28,37.5,2.7,9.39,1106.5,55.85
1624.1,91.05,108.79,2026.7,1121.6,413.9,22.94,36.25,78.33,109.9,16.65,824.4,30.34,35,1.95,11.03,912.2,54.38
1566.7,85.17,105.84,2120.2,1225.2,351.3,13.42,32.39,79.09,127.8,18.32,973.9,30.8,41,2.53,7.51,839.9,93.35
1616.6,85.34,98.99,1505.7,1000,258.2,10.1,54.93,45.88,31.99,12.54,364.1,12.02,34,2.25,9,873.5,71.83
2515.7,86.1,105.82,2168.2,1317.3,396.9,13.28,24.72,69.62,119.23,29.04,961.3,29.34,47.8,2.88,5.88,1054.5,88.79
2607,86.55,107.02,2072,1299.8,366.7,15.71,32.05,67.6,104.38,30.89,965.4,27.75,44.3,3.11,8.17,1068.2,80.95
1757.9,69.73,68.98,2106.2,1211,437,19.15,26.39,67.27,116,24.74,961.6,29.54,41.7,2.56,9.19,917.7,70.63
2061.8,88.63,109.1,2184.9,1279.1,376,13.07,24.21,74.31,133.06,26.41,994.4,30.81,44.3,2.47,6.5,955.7,88.6
2197.5,82.78,100.43,1764.5,1153.4,276.8,7.38,42.42,48.98,66.55,17.33,735,17.98,44.7,3.1,5.28,963.4,96.62
1168.8,85.5,100.02,1668.1,1067.3,276.4,9.98,47.55,45.91,59.44,9.24,649.9,18.76,32.4,1.92,6.84,632,84.08
1430.6,83.33,97.69,1489.3,1040.9,206.7,6.47,52.47,45.52,36.7,9.59,555.7,13.13,34.2,2.07,6.79,783.4,86.14
1530.1,85.47,101.89,1829.8,1167.2,249.7,10.24,40.47,50.32,74.84,15.26,806.2,19.96,35.7,2.25,6.36,813.9,86.56
2478.3,87.06,106.53,1898.2,1228.4,326.5,8.33,40.45,69.89,84,25.32,837.6,22.41,44.4,3.09,6.02,1003.4,93.97
1996,89.99,106.52,1929.9,1210.5,320,11.21,37.25,62.38,98.08,23.37,878,25.86,42.7,2.46,6.97,951.5,81.25
2465.1,85.26,105.38,2235.8,1355.6,362.9,11.36,27.91,73.94,126.99,33.44,1108.4,31,50.6,3.03,6.26,1024.3,93.29
2694.6,89.6,117.91,2358.8,1452.8,483.4,24.64,22.16,87.35,142.01,43.7,1232.5,34.79,49.3,2.81,9.52,1148,67.53
1567.9,85.86,100.13,1708.2,1087.4,282.8,10.66,43.57,44.58,57.25,15.67,562.6,17.5,38.3,2.28,7.62,837.1,80.92
847.6,87.24,99.59,1486.3,1000,262.4,14.77,57.35,47.13,33.06,7.86,351.6,13.04,32.2,1.32,10.9,462.4,61.04
1867.1,87.9,105.64,2053.8,1247.1,345.2,14.58,35.68,65.45,109.7,24.35,905.7,27.87,45.9,2.38,7.86,897.4,82.45
848.3,85.27,99.59,1379.2,1000,242,12.07,57,34.61,8.3,9.43,280,7.9,31.7,1.57,9.35,462.1,64.87
1679.1,91.38,115.55,2007.6,1147.8,427,21.94,36.54,73.59,109.13,16.81,915.6,29.01,37.8,1.84,11.54,959.3,57.01
1358.1,84.1,101.99,1722.3,1032.2,332,12.61,44.97,53.09,66.68,13.83,592.1,19.53,36.2,2.2,8.29,770.3,74.98
1548.1,83.74,103.19,1814.2,1103.4,299.9,10.15,44.29,56.68,73.61,15.88,764,19.68,36.4,2.19,8.03,857.3,78.34
2751.6,90.37,108.9,2166.9,1423.8,389.2,14.95,26.37,72.51,123.06,41.12,1073.9,29.32,47.5,3.06,7.05,1116.2,88.06
1738.2,87.22,105.49,2124,1275.8,364.7,13.8,32.24,72.14,123.51,20.59,1004,30.88,37.5,2.64,6.93,848,92.69
804.2,84.16,97.77,1420,1000,214.6,7.06,56.7,38.3,18.47,6.11,391.9,9.59,32.7,1.42,6.77,414.7,86.88
2380.3,90.48,111.3,2489.7,1456,450.4,21.99,14.91,89.57,170.24,37.45,1271.3,39.66,52.2,2.74,8.24,1009.6,78.32
2848,88.41,110.68,2360.4,1477.1,489.4,19.72,26.94,80.99,146.6,43.4,1289.4,35.86,51.4,3,8.36,1151.3,81.82
736.5,87.38,100.04,1540,1005.5,223.3,6.38,50.92,39.62,26.58,6.13,430.7,13.16,34.1,1.7,6.04,404.1,87.83
731.9,84.71,99.17,1488.2,1000,247.1,10.47,49.27,36.12,27.92,7.87,464,13.5,30.4,1.42,7.76,400.2,79.76
1668,85.89,99.35,1604.8,1025.5,266.6,11.05,53.08,48.28,40.17,14.31,544.6,14.17,36.8,2.32,8.97,894.9,73.25
1947.3,85.74,99.71,2090.9,1268.6,345.8,10.89,33.71,67.19,114.1,28.34,1047.4,28.28,44.7,2.54,7.01,904.9,93.95
1140,86.83,105.49,1698.7,1041,295.8,10.98,47.57,58.26,68.64,11.07,722.3,18.89,32.7,1.73,7.87,591.3,84.35
814.1,87.68,103.29,1405.1,1000,222,14.54,58.54,37.09,16.58,3.17,280,10.23,28,1.69,9.57,452.1,58.44
2126,85.91,105.03,2027.3,1226.9,388.7,14.89,34.37,67.18,98.73,26.47,896.7,26.83,41.2,2.44,8.68,980.3,75.01
2360.4,87.68,112.71,2218,1319.7,388.8,14.45,24.57,70.78,123.31,32,992.2,30,45.2,2.99,6.55,1018.1,84.42
1737.8,86.07,105.48,1670.7,1041.9,330.6,13.21,49.71,50.7,56.75,17.27,581.5,16.47,37.3,2.25,8.87,907.1,70.45
1120,88.35,104.86,1505.9,1000,293.2,11.42,52.37,44.27,32.97,10.45,482.9,12.09,27.6,1.89,8.46,591.8,69.9
3097.2,93.69,115.67,2395.4,1488.1,496.5,24.22,18.35,92.52,132.65,51.21,1136.6,33.89,55.8,2.9,10.18,1284.4,60.76
1737.7,50.56,50.31,1878,1138.7,316.2,11.21,37.59,57.82,80.66,16.42,726.4,20.75,39.7,3,6.37,859.4,84.46
1383.2,86.69,104,1784.9,1078,306.4,9.72,39.35,56.12,69.13,15.84,697.7,20.65,34.8,1.95,7.4,774.7,78.03
2518,89.84,107.83,1870.8,1168.2,375.8,12.1,35.57,60.19,81.93,26.89,780.2,22.28,38.7,3.02,6.88,1056,81.18
2035.1,87.52,106.93,1750.8,1122.3,292.6,9.18,38.04,54.17,66.59,20.01,646.3,18.54,37,2.48,6.73,918.6,88.87
2564.9,91.15,116.29,2336.4,1338.8,491.3,28.66,21.6,88.33,139,34.96,1118.8,35.5,47.3,2.31,11.13,1125.9,53.53
1627.9,69.49,66.52,1968.8,1146.7,380.7,19.11,32.22,75.77,101.01,17.11,911.5,26.27,39.1,2.29,10.37,896.8,63.68
1098.2,85.36,98.97,1740,1120.8,311.4,9.71,43.34,52.51,64.72,11.44,757.5,19.24,36.7,1.81,6.5,539.4,90.04
1201.7,49.59,49.57,1586,1110.7,254.1,4.12,47.29,42.25,44.53,11.12,533.7,14.4,31.7,2.39,5.63,616.4,95.39
1621,88.94,110.39,2029.9,1169.3,386.8,17.88,34.63,69.28,113,18.04,944.7,29.22,37.5,2.1,9.04,877.5,76.96
1598.1,45.7,47.76,1657.9,1006,252.3,10.94,46.22,46.96,58.83,17.19,463.1,19.11,33.9,2.57,7.79,871.7,76.69
2448.8,91.67,111.48,2141.8,1292.6,427.1,19.15,28.12,74,108.04,31.55,975.3,28.05,44,2.62,8.42,1047.2,66.78
2370.4,84.32,103.87,2066.8,1235.4,361.8,13.19,31.65,73.22,113.02,30.19,890.9,28.1,41.1,2.92,6.96,1002.5,90.59
2618.6,93.03,116.02,2384.4,1396.7,471,27.32,26.95,82.54,144.51,36.58,1133.8,33.99,48.4,2.72,10.59,1139.2,65
2356.1,94.18,117.17,2377,1331.9,486.7,26.4,23.9,91.16,152.91,32.26,1173.4,38.87,48.5,2.45,11.36,1078.2,55.47
842.4,87.57,102.69,1489.3,1000,237.3,13.74,58.07,34.78,19.13,4.39,280,10.36,28.3,1.54,9.84,453.9,61.51
1718.8,86.13,106.71,1999.6,1177,378.3,16.69,37.85,66.39,98.98,19.79,829.6,26.45,42.3,2.26,9.41,894.5,73.38
2521.2,89.55,110.09,2238,1389.6,392.6,13.93,25.94,71.24,127.06,34.78,1095.7,30.37,45.1,2.83,6.52,1030.1,89.07
1040,86.07,99.04,1529,1051.9,251,9.6,52.23,45.02,39.03,12.05,478.7,13.3,31.2,1.71,7.25,532,82.93
1893.2,56.17,56.89,1700.3,1158.2,258.4,11.04,45.6,51.16,76.37,23.41,720.1,19.13,36.6,3.05,7.21,920.6,83.18
2524.2,91.98,113.19,2207.3,1339.3,414.1,16.68,25.78,73.99,123.5,35.23,1018.9,30.74,48.1,2.75,8.2,1071.2,79.07
2549.9,87.34,105.25,2163.8,1296.7,386.2,13.13,28.12,77.44,122.07,29.16,922,29.48,46.2,2.88,6.98,1058,85.46
1148.1,86.05,102.38,1713.3,1056.9,274.7,12,44.83,52.19,55.37,12.84,573.8,17.24,36.8,1.91,8.88,614.6,77.1
1543.3,88.15,103.85,1748.1,1132.3,269.9,8.85,44.58,55.72,77.86,16.67,698.4,21.1,35.4,2.28,7.03,822.5,95.04
2142.5,92.18,111.01,2010.2,1179.6,406,22.22,38.75,71.11,95.56,22.4,853.9,26.57,37.5,2.42,10.76,1041.4,50.88
2997.8,91.45,108.41,1946.8,1225.2,408.3,22.48,35.2,72.68,81.39,36.47,826.8,22.47,49.7,2.74,10.39,1319.6,51.46
1484.7,85.35,98.57,1526.3,1012.3,218.5,8.83,50.29,44.49,32.33,10.22,535.8,13.02,35.2,2.1,6.94,811.9,82.96
3168.7,88.13,109.59,2306,1506.7,422.8,18.6,15.47,78.46,135.49,48.94,1237.5,33.16,46.4,3.3,7.55,1242.7,83.73
1593.6,87.79,104.91,1550.2,1023.8,269.8,14.02,54.26,44.65,42.47,11.39,429.8,14.38,31.8,2.18,9.64,906,64.59
2881.3,86.55,108.5,2084.4,1317.3,375.4,12.48,28.52,71.17,106.15,37.08,938.4,25.73,46.7,3.35,6.24,1180.3,87.89
1905,87.97,105.87,1887.8,1163.6,301.2,12.04,36.42,59.66,81.81,22.44,834.7,21.9,43.1,2.64,7.39,902.2,79.91
1557.6,86.07,101.19,1825.3,1164.9,293.9,6.52,36.53,53.9,73.21,15.28,753.9,18.67,43.1,2.54,4.72,808.6,100
811.8,83.36,98.04,1492.9,1004.9,265.4,10.36,50.11,42.64,35.94,7.62,556.7,13.15,28.9,1.65,7.02,426.9,86.15
1735.5,86.31,103.3,1593.8,1021.2,258.8,13.96,53.38,55.18,45.92,14.73,427.6,15.19,36.6,1.72,9.89,923.8,59.77
2488.3,48.69,52.62,2064.8,1226.8,376.9,15.91,29.12,67.19,101.78,31.32,931.7,28.1,42.4,3.4,7.47,1060.7,70.33
2059.3,87.48,102.71,1834.6,1148.3,302.1,11.44,34.89,62.22,70.65,21.06,718,20.42,38.6,2.77,6.39,953.9,92.89
2210.2,93.1,113.45,2256.3,1264.4,459.1,23.92,23.79,82.56,131.97,27.94,1057.9,32.89,42,2.52,9.33,1005.4,62.37
1238.2,83.77,96.47,1536,1025.9,219,7.01,48.11,40.82,32.96,10.49,595.5,11.96,30.4,2.12,5.87,647.6,92.76
2523,87.82,110.7,1859.3,1114.2,373.2,17.77,41.7,66.41,84.35,28.5,700.1,23.3,37.5,2.82,10.46,1102.1,60.51
1746.2,87.7,104.83,1676.7,1076.1,323.7,15.41,45.91,57.9,62.52,16.16,590.8,18.24,35.5,2.23,9.27,928.7,63.64
2668.2,92.54,111.63,2160.5,1371.6,405.5,17.33,25.6,76.12,115.76,36.99,982.4,29.99,48.6,3.05,8.54,1125.1,76.4
1043.9,89.7,106.19,1703.7,1073,276.6,8.66,42.52,39.09,56.47,10.81,676.1,16.79,30.7,1.84,6.84,536.8,83.94
2317.8,83.32,103.98,2001.3,1240.4,308.8,10.73,33.13,61.17,98.77,28.45,871,23.37,46.4,2.71,7.07,995.4,88.8
2270.4,93.66,115.96,2077.9,1222.8,440.9,26.94,39.23,83,113.91,28.07,991.1,30.4,41.1,2.21,13.04,1080.7,42.08
1748.9,83.19,100.5,1592,1064.8,284.2,9.48,50.63,40.73,47.15,17.35,586.6,13.31,38.1,2.49,7.47,888.8,81.94
1573.6,86.31,101.35,1875.9,1194.4,324,10.63,36.44,57.56,81.31,16.98,836.8,21.65,36.7,2.08,6.72,836.1,91.73
1645.8,86.26,106.2,1563,1000,311.2,12.38,53.57,53.12,43.52,15.4,480.9,15.48,30.9,1.99,9.92,899.8,65.02
1618.5,91.29,103.73,1676.9,1090.6,252.3,4.38,43.07,49.18,57.54,17.14,620.1,16.55,39.3,2.65,5.06,835.9,100
773.4,85.37,99.11,1416.3,1000,232.2,9.78,56.55,34.63,24.45,5.07,401.1,9.54,32.8,1.67,8.07,421.1,75.58
821.5,85.79,97.99,1552.5,1041.1,210.6,5.55,50.69,37.43,33.45,8.51,517.2,12.12,27.7,1.6,5.43,422.3,94.35
1284.2,83.45,96.37,1606.1,1029.8,231.7,6.61,47.27,39.46,48.85,11.71,540.1,16.23,35,1.77,5.88,694.8,89.05
2741,92.32,114.81,2332,1407.2,501.8,23.59,23.34,88.03,140.54,37.92,1232.9,34.82,44.5,2.77,9.34,1152.6,66.8
2521.2,88.1,110.56,2045.5,1256.9,449.3,20.41,34.61,68.68,107.68,30.41,939.7,26.86,44.9,2.68,9.99,1091.1,64.48
1570.6,87.51,103.6,1632.7,1010.2,310.6,16.64,49.02,51.82,58.81,13.4,637.5,17.2,36,2.19,9.43,878.3,64.79
2420.7,88.84,111.74,2063.8,1262.2,386.1,15.25,34.37,70.12,104.61,29.7,1014.8,26.62,43.6,2.98,7.02,1027.3,84.07
770.1,84.91,98.91,1472.9,1000,212.3,8.17,51.89,48.82,25.86,4.53,461,11.02,30.5,1.55,6.14,421.4,84.69
1646.4,85.58,101.77,1807.5,1172.3,309.4,7.98,43.84,50.63,75.96,16.62,737.2,20.68,38.3,2.39,5.95,834.8,99.03
2401.5,90.44,107.48,1760.4,1101.4,318,13.59,39.31,55.39,64.35,23.52,660.5,18.53,38.9,2.57,8.2,1056,69.15
1111.2,86.4,102.02,1514.5,1031.9,271.4,12.02,52.13,47.45,37.37,12.54,515.3,11.01,31.1,1.9,8.78,597.9,69.98
1778.5,89.39,110.42,2096.1,1246.7,390.4,17.21,29.2,68.06,120.14,21.27,1041.4,29.63,42.3,2.19,8.25,900.5,81.35
1398.4,55.85,59,1465.8,1000,254.2,13.06,57.75,49.76,20.54,12.71,345.9,11.3,31.7,2.32,9.26,837.8,63.17
1756.6,91.56,109.55,1895.3,1142.9,367.5,16.63,40.65,66.56,87.78,18.02,741.8,24.86,33.9,1.97,9.33,920.5,63.45
2340.5,85.58,103.2,2173.5,1314.3,375.1,12.81,28.7,73.62,111.96,30.91,968.7,26.64,45.6,2.76,6.92,1010.8,84.34
1309.6,87.42,101.32,1741.8,1065.7,326.5,10.7,40.36,62.87,68.63,9.95,684.7,19.1,39.3,2.06,7.58,717,79.66
2578.3,91.42,114.31,2052,1240.7,410.7,22.15,30.69,74.61,101.14,31.61,934.2,26.65,46.2,2.63,10.2,1120.1,56.01
709.8,53.3,55.66,1387.6,1000,189.4,7.62,57.13,32.22,9.7,5.83,388.6,9.12,30.7,1.86,6.84,389.3,84.36
2674,88.21,111.07,2079.1,1339.9,360.2,13.35,32.69,65.75,106.24,34.9,960.8,27.23,44.7,3.05,7.77,1119.7,82.63
845.8,63.83,64.84,1429.5,1002.6,235.9,11.44,51.77,40.75,27.92,6.76,434.7,10.14,30.3,1.74,7.83,440.9,81.83
1987.9,86.75,104.61,1989.2,1223.1,364,12.81,31.83,62.18,100.11,25.05,918.8,25.26,44.6,2.45,7.2,957.2,81.79
1841,82.75,99.95,1922.5,1164.4,275,7.92,35.02,58.82,93.93,20.61,832.2,25.26,41.1,2.62,5.51,889.9,92.72
1751.9,85.6,99.44,1560.7,1025,259.3,9.68,49.97,53.2,39.11,16.98,518.9,14.3,32.8,2.35,7.92,894.7,78.29
2493.2,89.71,103.87,1775.6,1096.9,327.9,13.76,37.56,55.08,65.7,24.42,664.7,19.25,39.8,2.48,7.35,1109.1,72.47
1968.6,83.21,100.33,1870.1,1173.8,324.6,13.23,43.31,57.14,80.02,21.49,755.6,20.9,43.6,2.41,8.53,957.3,72.75
805.4,86.42,99.8,1395,1000,225.1,10.33,55.45,34.44,9.45,5.06,324.7,6.49,31.7,1.47,7.52,422,77.52
3028.7,87.54,108.71,2314.1,1409.8,471.1,24.87,24.39,93.48,127.98,40.99,1085.5,34.76,49.9,2.92,10.59,1280.7,59.21
1140.7,85.54,103.32,1665.4,1057.7,309.7,15.54,47.02,53.11,56.44,15.13,601.2,17.36,32.7,1.72,10.2,609.3,62.96
2694.8,88.73,105.96,2105.9,1312.3,439,18.02,35.14,75.88,113.32,35.4,936.3,28.09,41.6,2.87,9.41,1154.7,71.06
1081.6,88.83,105.94,1626.7,1039,252.7,13.89,49,53.96,51.38,12.24,479.2,16.17,35.6,1.63,9.4,567.2,67.75
2212.3,86.7,110.52,2185.7,1312.3,392.5,15.08,29.04,74.19,118,26.62,1009,31.31,46.1,2.66,7.57,987.4,81.49
1717.1,83.75,102.49,1683.4,1087.8,271.2,12.87,46.58,54.84,55.9,14.82,593.6,18.5,38.5,2.53,8.42,896.5,75.2
2590.8,91.57,115.58,2240.4,1306.7,435.7,22.42,23.28,77.07,124.38,31.21,1025.2,32.34,48.7,2.67,8.97,1127.7,63.27
1012,87.63,103.63,1642.4,1028.3,312.7,12.34,47.2,42.83,56,9.18,622.8,17.1,32.7,1.65,8.92,521.9,67.02
1456.2,65.76,69.11,1664.1,1061.7,273.4,6.98,37.89,50.13,57.48,14.75,638.7,17.9,34.1,2.44,5.89,785.6,90.23
2205.2,90.52,113.44,2246.7,1318.1,445.8,19.82,26.22,79.75,137.33,30.22,1086.8,34.57,45.7,2.56,8.19,991.1,79.58
2937.9,88.96,110.21,1975.8,1183.6,405.5,21.94,37.99,80.52,92.51,34.35,780.1,25.57,39.9,2.73,10.24,1289,53.16
2059.4,86.72,107.65,2013.4,1213.2,396.5,17.24,36.72,67.05,103.41,24.7,879.3,26.65,36.2,2.37,8.59,977.4,72.13
3120.9,92.54,111.99,2223.8,1398,444.1,18.87,26.58,85.52,108.63,41.97,1013.9,28.32,48.7,2.93,9.04,1282.9,69.26
3210,89.87,112.29,1958.4,1204.6,406.1,20.15,35.66,76.11,86.65,36.71,871.6,24.6,42.8,3.01,9.97,1370.4,56.7
808.3,81.94,95.69,1465.3,1017.2,223.2,5.11,52.75,35.36,22.6,8.43,436.6,9.99,29.7,1.68,6.01,417.4,84.37
2067.9,88.5,101.64,1818.5,1138.8,318.5,13.17,42.03,58.95,71.39,19.14,738.9,18.51,39.4,2.48,8.36,953.9,79.1
1350.4,86.02,103.02,1683,1025.4,281.5,12.07,50.33,63.08,59.68,13.08,574.2,19.64,35.7,1.85,9.93,760.7,67.56
2005.8,59.11,56.53,1864.7,1147.3,299.4,10.44,37.61,57.82,88.68,25.14,673.5,23.81,37.6,3.36,5.83,946.3,90.12
1520.9,81.63,98.55,1645.4,1054.6,285.3,10.62,46.08,53.51,56.84,14.27,563.8,16.6,30,2.08,7.6,840.5,83.88
2376.2,87.89,110.65,2395.3,1413.7,474,22.53,25.19,82.06,155.6,35.98,1166.8,37.55,43.4,2.67,8.38,1039.3,76.04
2525.6,89.29,109.96,1868.1,1183.8,320.1,11.7,35.54,63.94,83.17,28.75,804.6,23.06,39.5,2.9,7.41,1068.5,85.3
1555.1,93.21,113.16,2061.9,1162.8,386.3,20.67,30.32,75.02,111.27,17.13,913.9,29.88,37.7,1.8,9.53,911.6,64.45
1286.8,87.66,102.02,1623.6,1038.5,272.3,12.71,50.22,50.5,48.39,10.53,536.2,15.45,33.9,2.05,8.36,695.7,75.99
3118,88.78,113.59,2468,1543.2,514.7,27.01,17.87,91.26,148.81,50.67,1274.6,35.89,54.9,2.8,10.19,1277.5,71.73
1699.4,84.1,105.97,2053.6,1217,331.2,10.64,31.54,61.79,100.56,18.88,891.8,25.45,45.4,2.27,6.11,863.2,88.3
1662.9,84.31,101.03,1779.1,1093.6,298.6,12.27,43.86,47.1,78.84,17.94,719.1,22.11,34.1,2.29,8.72,867,79.44
2200.1,86.84,109.13,1994.2,1211.5,390.4,15.4,29.7,62.73,95.27,25.62,944,23.36,44.2,2.65,8.4,980.9,74.2
760.6,83.54,96.02,1424.4,1000,195.2,7.51,51.85,37.97,19.33,5.31,367.6,11.19,30.9,1.53,6.66,399.9,88.36
1169.9,85.89,98.27,1514.3,1000,272.8,12.15,53.93,41.99,40.23,11.52,565.3,13.85,33,1.59,8.53,613,76.29
819.7,79.76,93.9,1514.8,1000,270.5,13.83,50.37,43.77,30.91,6.8,318.6,12.42,30.7,1.53,9.26,448.4,60.54
2395.8,85.85,103.61,2137.2,1315.2,337,13,32.43,73.75,122.64,32.18,1036.3,29.4,47.8,2.73,7.65,1011.8,87.9
3053.6,86.97,110.64,1955.1,1204.6,401.9,20.71,38.51,71.76,79.19,36.04,765,22.14,46.1,2.5,10.79,1323.1,54.42
1425.9,84.48,99.31,1655.9,1132.6,220,5.05,51.73,38.45,52.07,14.43,500.4,16.18,40.9,2.06,5.97,784.2,93.8
2268.9,92.11,112.1,2124.4,1209.5,433.9,21.48,32.04,71.31,116.09,25.88,1011.3,29.75,47.1,2.39,9.49,1037.5,65.09
2171.3,87.5,106.2,1792.2,1118,334.5,13.95,40.93,57.51,72.87,21.61,615.7,20.81,35.6,2.45,8.64,990.5,71.63
1996.6,90.43,113.16,1949.8,1166.2,367.1,16.12,34.23,65.75,102.32,22.64,827.6,26.41,39.6,2.2,8.74,998,67.54
2234.4,92.05,112.98,2088.8,1243.6,390.1,18.89,30.05,75.25,109.19,27.83,938.1,29.54,45,2.08,9.3,1032.2,61.23
1687.1,87.83,104.18,1716.7,1047.4,296.7,13.46,44.23,53.91,71.1,16.84,686.5,19.98,38.2,2.07,9.24,872.1,71.47
1242.5,82.8,98.01,1677.9,1057.6,288.4,5.25,45.41,46.51,52.75,10.08,620.2,16.5,36,2.01,5.37,648.4,93.05
1548,87.35,102.67,1666.1,1033.4,304.5,12.62,45.46,50.3,59.04,15.19,640.6,17.16,33.1,2.23,8.03,837,72.49
1657.2,87.92,104.59,1627.8,1024.1,269.2,8.4,47.78,42.57,40.89,14.96,537.5,14.67,40.1,2.19,7.11,876.6,79.7
1617.4,86.3,102.89,1503.3,1000,218.6,9.1,47.49,37.41,27.12,12.12,413.7,11.82,31.8,2.24,6.93,858,83.98
1365,88.9,104.58,1670.8,1032.9,258.9,9.47,41.91,41.21,52.36,12.84,544.7,16.8,36.7,2.1,7.08,749.9,85.51
2178.8,48.56,49.99,2047.2,1158.6,434.7,23.97,29.86,68.19,105.74,25.19,876.5,27.86,39.2,2.79,11.36,1066,51.95
842.8,90.21,103.14,1414.9,1047.1,206.1,6.75,58.24,28.23,16.43,7.18,487,9.18,32.4,1.65,6.49,434.6,89.57
2442.8,89.81,110.2,2364.4,1388,459.1,26.89,21.59,81.12,140.42,35.72,1122.5,35.89,49.7,2.43,10.94,1097.9,55.8
2172.3,86.01,108.26,2164,1313.2,357.9,15.01,27.58,65.47,117.53,29.53,970.1,30.13,42.4,2.61,6.79,954.4,86.7
1753.7,86.38,110.23,2081.3,1210.5,400.5,17.02,31.62,71.61,118.92,18.06,946.5,29.51,42.4,2.08,8.15,880.5,81.58
2514.6,89.66,110.65,1877.5,1097,383.9,20.69,40.28,63.41,82.6,26.45,752.2,23.88,39.8,2.55,10.42,1111.7,53.13
2310,86.09,101.42,2233.7,1366.3,383.9,15.15,28.79,79.34,118.7,32.72,1011.5,29.38,43.8,2.77,7.26,1000.8,85.04
2136.1,87.4,105.53,1873.8,1146.2,332.7,16.13,42.12,61.91,88.99,21.4,707.8,23.49,39.6,2.45,9.59,968.9,67.59
2255.3,51.39,48.45,1968.5,1185.5,359.5,14.36,38.79,77.57,103.57,26.7,890.4,25.54,41.8,3.05,8.56,995.9,79.08
3209.3,91.57,108.35,2197.6,1416.7,414.8,15.22,26.46,76.67,117.66,44.22,1048.3,28.13,52.3,3.49,6.97,1287.2,84.51
2295.2,86.57,104.9,1857.8,1175.2,350.1,11.54,35.36,64.51,78.99,24.29,767.8,22.62,43.8,2.51,7.55,1012.4,74.41
2370.6,89.54,110.42,2060.9,1195.9,453.2,20.22,31.98,71.51,102.73,24.41,858.8,25.8,38.3,2.25,9.44,1050.3,58.41
2457.4,84.17,101.42,2071.9,1295.7,389,13.55,31.78,68.15,105.71,32.89,987.7,26.27,42.9,3.21,6.04,1011.1,91
2419.5,86.93,107.94,2149.8,1337.4,371.3,12.47,31.37,68.12,121.07,28.67,927,28.19,44,2.89,6.22,999.5,95.11
1720.5,89.3,107.29,1860,1107.1,343.2,12.93,40.43,67.61,77.55,19.15,741.5,21.65,33.8,2.22,8.38,901.7,73.76
2038.9,60.11,61.5,1918.5,1167,316.5,7.72,36.36,53.15,76.16,22.38,739.2,20.44,45,3.12,6.15,939.7,92.24
2476.5,89.02,110.59,1926.3,1158.2,394.1,18.45,35.28,66.94,90.47,27.28,797.6,25.79,39.9,2.56,10.08,1106.1,59.01
2957.6,87.9,106.33,2387.2,1549.6,457.9,17.82,28.85,82.02,136.66,51.48,1141,33.05,52.7,3.33,7.81,1202.4,85.94
2601.2,86.86,104.05,1997.2,1274.9,337.8,6.43,31.7,61.22,91.09,31.61,874.1,22.87,43.6,3.11,4.54,1050.9,92.54
1962.3,88.12,105.82,2138.6,1249,381.6,16.69,27.7,79.17,120.48,21.87,1040.5,30.45,39.8,2.36,8.05,939.3,82.3
2851.3,86.81,109.03,2490.1,1525.2,473.2,19.68,19.5,88.75,156.83,48.46,1310.9,36.33,54.7,3.23,7.12,1176.4,87.29
1630.7,88.8,106.91,1911.2,1132.3,334.2,15.24,41.73,56.46,97.61,16.58,805.5,26.2,38.1,2.19,8.96,873.2,74.4
766.8,85.76,97.37,1529,1050.4,204.4,2.88,50.34,38.61,29.07,7.88,453.8,11.13,31.2,1.67,5.56,404.2,93.9
2214.2,87.08,106.65,2131.1,1298.6,368.3,13.31,31.78,70.29,119.6,26.26,985.6,27.72,43.4,2.96,6.77,986.2,88.84
1643.6,88.3,104.53,1543.5,1030.1,209.1,9.53,49.35,38.6,36.68,12.29,471.8,13.78,35.9,2.12,7.16,887,81.49
3108.6,92.99,116.4,2258.8,1363.6,473.3,25.05,26.15,80.26,118.62,38.47,1006.2,30.65,49.4,2.78,10.62,1359.7,57.2
2489.8,83.56,105,1837.3,1080.1,325.7,14.1,33.68,58.86,68.91,25.89,639.3,22.04,41,2.67,7.85,1065,65.48
2266,87.01,102.67,2054,1261.2,360.4,9.39,31.98,68.19,102.98,29.88,936.8,25.89,46.5,2.95,5.77,969.4,95.52
2729.2,91.59,112.44,2317,1429,428.4,15.47,21.49,76.63,135.91,39.73,1140.8,31.13,48.1,3.05,6.85,1105.8,92.66
2198.8,88.7,109.85,1905.1,1133.3,318,11.92,37.23,58.12,84.93,22.34,848,22.35,37,2.62,7.3,974.4,85.22
2981.1,91.71,113.97,1999.2,1210.5,455.6,21.49,31.77,73.56,83.48,36.19,773,25.22,42.8,2.59,11.17,1298.1,45.58
2086.2,64.4,63.83,1985.9,1195.8,395.5,19.54,34.7,64.69,96.26,25.45,860.6,26.07,41.2,2.69,10.53,982.1,57.89
777.2,87.45,102.19,1403.4,1028.4,256.1,8.81,55.65,38.25,16.64,6.33,442.4,8.76,30.7,1.65,7.25,408.6,87.76
2973.9,90.23,112.77,2475.7,1497.2,514.2,24.95,19.19,86.79,156.49,47.09,1262.2,37.47,52.7,2.94,9.07,1226.9,74.06
2629.1,69.39,69.45,1860.9,1250,289.4,8.57,36.08,58.42,79.21,32.86,822.4,21.37,40.9,3.76,5.45,1070.1,92.19
2936,90.8,111.35,1977.4,1262.5,367.4,16.22,36.69,64.04,90.52,34.04,897.3,23.89,45.2,2.98,8.81,1215,73.35
2566.4,94.2,119.16,2422.7,1419.8,512.5,29.04,22.83,90.01,152.2,37.3,1297.7,37.05,49.4,2.49,11.19,1099.5,57.93
2071,85.69,106.55,1808.8,1149.2,336.8,13.27,38.26,64.94,82.99,23.85,741.1,21.54,37.4,2.28,8.26,971.9,75.64
2838.1,60.64,62.84,2204.7,1352.4,410,20.29,28.38,84.9,121.23,42.51,1035.5,31.37,49.4,3.67,9.17,1196.4,72.65
2310.9,85.79,104.72,1862.8,1155.9,326.2,10.82,39.85,54.24,73.87,24.31,770.7,22.71,44.5,2.92,6.65,1005,86.1
792.4,82.81,93.64,1449.6,1060.2,226.6,9.88,57.51,37.94,24.04,9.48,408,11.1,25.4,1.81,7.87,429.8,84.44
720.2,87.46,98.05,1419.7,1000,239.4,6.24,53.31,33.75,21.51,6.53,374.9,11.25,29.2,1.7,5.56,385.6,93.89
1517.8,84.03,99.75,1588.7,1000,271.2,9.51,49.88,45.06,41.16,11.14,487.6,14.86,33.2,2.19,7.08,852.9,74.5
2676.9,92.09,115.12,1757.1,1119.2,361.9,17.8,41.94,60.9,61.76,23.21,608.5,19.22,42.4,2.63,9.15,1142.8,57.04
2466.6,87.66,104.42,1878.2,1189.2,325,12.55,34.36,62.96,87.61,28.72,761.2,22.19,39.2,2.83,6.51,1017.4,83.11
2600.6,89.35,109.58,1997.3,1253,380.9,19.69,35.95,73.03,100.41,31.13,845.8,26.84,44.4,2.88,9.86,1145,63.5
1845.3,84.3,102.18,1772.5,1110.6,270.6,9.15,42.49,54.06,72.23,18.23,694.9,20.33,41.3,2.43,6.24,887.9,87.98
2202.3,85.9,104.92,2244.9,1324.3,389.6,17.43,27.93,75.97,133.14,31,1107.7,32.16,45.5,2.51,7.63,963.5,84.01
2806.4,91.12,109.04,2115,1256.2,446.8,17.97,25.36,75.54,100.68,33.94,990.4,26.21,43.3,2.85,8.38,1184.2,70.81
1032.6,85.12,96.47,1644.9,1056.8,289.2,12.47,44.05,44.23,49.66,8.77,606.7,15.97,32.3,1.65,7.68,526.5,79.79
2557.4,85.85,107.5,1993.7,1238.4,370.1,15.84,29.12,72.05,96.74,27.21,860.8,25.72,44,2.81,7.91,1074.2,70.53
1782,87.35,102.67,1750,1088.6,324.7,13.75,39.25,58.05,66.68,18.91,694.3,19.29,38,2.41,8.33,910.7,72.72
2266.1,91.12,112.84,2178.7,1306.4,406.4,17.62,29.98,72.18,130.25,29.59,1185.1,32.02,45.4,2.35,8.58,1031.4,72.85
1740.5,85.97,102.9,1613.8,1040.3,268.3,10.18,45.12,43.78,47.66,16.15,498.3,15.39,35.4,2.1,7.25,880.7,81.44
2824.9,92.39,114.33,2391.7,1464.7,515.9,27.45,20.25,87.03,150.34,41.21,1240.6,37.8,45.1,2.88,10.54,1196.1,57.89
2029.9,88.6,106.33,1765.5,1134,290.6,9.94,37.26,51.11,62.73,20.11,652.4,18.69,36.8,2.44,5.94,960.8,82.41
2771.9,87.05,104.45,2420.1,1416.1,479.4,20.91,19.32,84.01,150.41,41,1122.6,36.15,48.2,3.02,8.45,1154.1,82.16
1946,92.3,110.06,1889.1,1166.8,331.8,13.39,38.1,62.41,85.47,20.24,783.3,23.9,40,2.51,7.6,925.4,79.9
1619.1,83.53,98.72,1854.3,1161.3,322.7,11.14,42.94,60.8,80.17,20.47,724.5,22.41,39.8,2.31,7.95,844.9,80.75
1441.1,85.69,101.62,1484.1,1000,206,9.3,53.48,34.8,38.42,14.01,365.2,14.66,31.8,1.97,7.85,802,77.59
1048.3,86.25,101.67,1436,1000,231.5,12.88,51.07,39.46,24.36,7.65,324.9,12,34,1.68,8.02,545.8,70.24
1595.6,88.97,108.19,1997.6,1147.1,363.7,15.99,32.67,69.08,109.31,18.98,876.7,27.31,41.9,2.13,8.21,879.9,77.45
2572.3,87.13,105.95,2001.3,1207.3,372.6,9.05,30,60.67,89.75,32.26,818.4,23.28,43.8,2.96,5.79,1027.3,94.93
2418.5,86.1,104.05,2012.6,1199.5,341.7,14.11,31.33,66.24,96.67,26.08,842.2,25.41,43.9,2.74,8.15,1034.8,77.85
1536.2,82.23,94.12,1632.3,1070.1,269.2,7.38,48.91,55.09,55.04,14.9,627.8,16.74,34.5,2.44,5.97,828.2,94.63
1244.2,87.95,101.03,1556.8,1000,247.5,12.33,52.3,53.36,41.32,8.37,538.2,13.74,30.2,1.86,8.73,658.2,75.32
1273.5,85,102.72,1528.5,1000,252.7,11.28,53.16,44.8,38.8,11.08,454.9,15.61,34.1,1.9,8.26,719.4,72.7
1959.9,86.23,101.46,1773.1,1102,305,11.13,40.65,52.77,62.6,18.86,600.4,17.1,38.7,2.45,7.57,927.4,75.95
2415.6,83.1,99.04,1822.2,1141.9,284.7,6.02,40.54,54.62,75.73,23.8,755.7,20.06,42.9,2.95,5.96,1004.2,96.12
3089.5,87.66,110.56,2449.6,1539.4,495.8,21.34,17.29,89.95,146.3,50.39,1310.3,35.73,52.5,3.23,8.27,1270.7,78.75
3124.6,93.52,114.24,2194.6,1372.5,425,18.55,29.47,74.29,117,39.31,1006.8,28.16,46.2,2.99,8.42,1300.8,77.37
1971.2,89.38,107.6,1966.8,1172.3,393.7,17.47,36.9,66.19,102.71,21.13,816.2,27,37.2,2.3,10.55,976,64.06
2408.4,85.63,99.1,1771.6,1132.9,309.5,9.75,38.48,54.09,68.5,25.88,725.3,19.74,40.5,2.83,6.81,991.6,80.64
2410.3,87.11,109.88,2223.1,1379.4,414.9,16.56,27.52,78.13,136.67,31.41,1065.2,32.72,41.8,2.6,7.57,1019.1,79.36
1966.6,86.44,103.47,2027.2,1181.8,364.3,12.75,34.87,67.36,108.45,24.68,882.9,27.63,43.2,2.52,6.77,923.3,89.29
1893.9,85.71,99.07,1857,1173.9,268,7.2,31.83,52.42,80.56,20.68,786.7,20.22,38.4,2.37,4.85,900.2,91.7
2128.6,86.5,104.63,2038,1213,366.7,15.54,34.01,74.17,111.27,25.03,958.5,27.29,41.2,2.51,8.04,980.5,79.15
1342.4,86.59,101.14,1488.4,1000,273.2,10.02,53.8,50.18,30.33,13.29,487.2,13.39,32.2,2.07,7.27,752,83.46
3256.3,89.63,106.71,2092.6,1290.9,412.3,18.38,32.74,72.07,96.06,43.5,871.7,25.77,50.8,3.32,9.33,1351.6,68.87
1647.2,80.88,96.12,1562.4,1081.3,235.5,3.88,49.77,48.35,41.2,15.3,539.4,14.24,32.8,2.41,6.2,858.5,87.29
1691.4,83.54,99.37,1698.8,1145.3,274.9,9.89,45.34,51.35,61.11,16.82,683.1,16.42,39.8,2.3,6.9,845.4,88.34
2034.3,88.03,107.29,1974.8,1204.8,333.4,9.77,39.68,72.83,96.57,23.72,786.7,24.65,41.8,2.59,7.38,942,82.36
3278.6,89.62,110.54,2146.6,1311,409.2,17.47,25.78,79.6,100.73,37.95,1003,26.84,50.4,3.29,8.22,1343.9,72.83
2610.6,49.02,49.27,2305.2,1333.4,483.9,25.31,24.86,84.6,137.29,39.5,1125.8,33.78,48.2,3.4,10.02,1112,59.51
1894.5,90.84,107.47,1935,1183.5,386.2,17.56,36.69,71.25,101.05,20.67,839.1,26.14,37.1,1.96,9.1,958.3,65.62
2405.5,89,109.11,1986.3,1177.1,381.1,19.19,31.94,68.68,100.99,23.53,898.9,27.56,37,2.71,9.64,1071.7,65.63
1014.9,85.5,100.89,1433.8,1000,251.8,15.8,56.36,41.52,21.03,10.78,280,9.54,26.5,1.48,10.44,545.9,52.24
1402,83.33,101.23,1536.3,1026.7,244.1,7.82,50.38,50.16,37.42,12.25,408.1,13.41,33,2.06,6.9,745,83.47
1329.4,85.79,101.8,1624,1032.7,275.5,9.81,51.1,49.95,45.66,8.43,539.9,15.09,35,1.88,8.3,743.1,67.04
722.2,83.96,98.25,1397.9,1004.3,224.1,9.31,57.29,36.92,25.27,6.11,334,9.96,31.5,1.46,7.22,403.7,83.36
2565.8,84.8,103.11,1865.7,1171.6,318.4,12,37,58.97,75.71,25.22,819.5,21.08,40.3,3.04,7.55,1061.9,80.76
2705.8,91.54,108,1966.8,1235.4,363.9,16.73,35.26,63.74,93.03,31.54,884.4,25.14,44.8,2.98,8.09,1108.2,71.5
1172.4,86.8,101.68,1486.3,1018.8,209,6.52,46.5,37.83,21.85,7.17,399.4,8.65,29.3,1.92,5.45,622.7,88.81
1271.1,83.96,98.82,1742.2,1085.6,324.1,10.59,45.89,60.53,67.05,12.72,681.5,19.99,38.2,1.97,7.55,689.2,85.79
2125.8,92.16,110.19,1986.5,1187.7,409.5,19.14,39.95,68.52,93.57,22.94,777,25.09,44.2,2.11,10.65,1038.1,53.35
1501.7,88.13,105.74,1741.2,1082.5,304,11.94,46.62,58.29,74.53,13.22,627.8,20.16,38.7,2.06,7.87,833.7,81.47
1238.7,59.69,58.8,1591.5,1000,317.5,13.37,49.49,54.21,53.12,9.74,530.7,17.15,34.4,2.12,9.99,699.3,62.8
2921.4,90.81,111.97,2466.5,1519.1,470,17.49,17.85,86.46,158.1,45.68,1366.1,37.26,56.6,3.36,7.18,1189.8,90.98
2285.9,88.29,107.97,1825.6,1097.4,355.8,16.37,36.52,63.94,77.46,24.1,766.6,23.15,34.8,2.47,10.53,1062.4,54.92
2548.5,93.8,115.28,2252.4,1348.8,505.1,26.57,25.75,81.44,132.97,35.74,1171.3,32.68,43.6,2.44,10.67,1149.4,58.21
1486.8,84.43,99.17,1638.8,1032.4,268.2,10.29,44.64,45.98,46.17,11.81,502.9,15.15,34.3,2.22,6.69,838.9,80.29
2078,89.41,109.33,2067.7,1247.3,330.4,8.99,31.27,66.67,105.42,23.61,939.9,26.99,42,2.53,4.52,912.9,94.47
3074.8,90.23,112.06,2454.3,1538.5,443.2,19.06,15.74,87.06,148.23,49.5,1211.4,34.69,52.3,3.3,7.82,1254.8,84.99
2552.9,86.46,109,2177.9,1327,432.7,22.22,27.72,80.31,123.43,35.66,1090.4,30.93,47,2.64,9.42,1117.1,65.28
3074.6,89.83,112.59,2308.9,1475.1,440.5,18.66,25.43,76.97,130.77,41.65,1137.4,32.22,50.6,3.13,8.03,1288.8,76.9
2162.5,84.15,95.12,1815.5,1138.3,294.6,9.39,34.94,55.48,72.97,22.98,755.9,21,43.3,2.77,6.29,955.6,88.96
2276,90.2,108.62,1796.6,1099.1,326.9,13.48,41.12,54.69,64.25,21.94,586.8,19.71,38.6,2.44,7.67,1034,72.08
2791.8,89.58,112.7,2071.3,1254.6,438.8,21.81,33.38,71.83,104.23,34.94,906,28.29,38.3,2.58,10.78,1229.5,55.69
1475.3,88.29,105.93,1555.9,1000,302.8,14.96,56.51,49.1,42.69,6.25,365.1,14.79,32.2,1.91,10.06,886.5,60.57
2918.1,61.83,61.93,2119.4,1346.5,401.5,19.79,31.33,82.49,110.55,37.37,1042.9,28.4,45.5,3.29,10.58,1247.2,56.86
2835.8,87.9,105.29,1977.3,1293.3,368.4,12.36,32.29,71.77,98.67,37.32,929.5,24.73,41.8,3.25,7.17,1151.3,87.09
2480.8,90.25,111.19,2103.6,1275.9,406,14.85,30.82,79.7,117.3,29.54,977.3,27.75,46.4,2.66,8.02,1033.2,84.68
1488,48.19,46.85,1509,1000,321.4,18,49.17,49.24,31.59,14.58,409.8,13.71,30.8,2.31,10.46,861.9,54.54
1101,87.65,106.33,1704.8,1000,334.6,15,42.85,58.13,64.53,9.42,605.6,19.82,27.4,1.79,9.53,584.5,59.85
2464.4,88.21,106.89,2052.9,1237.5,421.8,21.56,31.45,72.01,101.6,30.42,917.4,27.13,41.8,2.62,10.44,1036,61.22
849.8,84,98.53,1454.7,1003.4,217.9,10.75,57.24,40.11,32.59,6.8,415.5,12.27,36.1,1.6,8.46,436.7,82.8
1145.6,84.62,101.85,1594.9,1034,212.7,7.41,44.82,44.99,50.21,8.54,614.3,16.02,33.3,2,5.99,591.8,91.59
1466.6,87.39,103.14,1812.4,1127.3,280,11.47,39.73,55.73,69.81,15.06,777.2,18.02,41.6,2.38,6.65,796,90.92
1418.4,84.79,102.32,1705.9,1107.3,276.6,7.62,40.26,54.98,60.31,10.7,692.4,18.7,37.8,2.29,6.08,795.3,94.73
1307,87.44,104.4,1644.3,1085.6,270.4,7.05,47.81,48.31,54.57,14.55,618.7,17.26,39.9,2.12,6.74,715,86.05
1450.4,50.83,48.82,1676,1053.4,312.9,15.4,48.57,53.58,60.91,13.93,641.3,17.85,36.4,2.66,9.61,845.6,68.64
2295.2,90.9,110.05,2146.3,1323.4,424.2,19.97,33.82,74,121.21,26.02,1012.1,30.39,46.4,2.59,9.72,1020.4,74.03
2449.8,87.5,105.44,2131,1321,394,12.24,28.3,71,116.14,31.95,945.4,30.42,37.6,2.9,6.7,1037.2,87.48
1670.1,88.15,102.79,1817.2,1177.3,276.8,7.11,44.99,56.18,77.75,16.71,785.2,21.62,35.3,2.48,6.37,858.6,94.08
2047.2,87.1,106.23,2022,1247.8,317.2,8.63,34.45,60.33,97.61,22.74,908.8,25.74,38.3,2.67,5.29,938.4,99.55
3176.8,88.3,110.58,2169.8,1402.4,383.3,12.8,21.25,79.17,117.09,48.3,1106.8,28.8,48.8,3.51,5.32,1261.4,91.53
784.9,85.6,96.17,1415.8,1041.9,211.2,7.28,55.72,31.73,15.43,4.83,423.4,8.34,34.8,1.65,6.22,413.5,88.19
2723.6,86.45,105.24,2407.8,1472.4,447.4,19.16,25.81,88.1,154.03,42.42,1288.4,35.95,52.1,3.28,8.09,1122.8,86.56
2259.7,91.88,115.75,2269.4,1283.1,455.9,25.23,31.15,88.35,142.34,28.75,1100.3,37.29,45,2.07,11.77,1051.9,49.4
2312.2,87.54,110.27,2108.9,1290.7,397.1,17.73,30.85,80.83,115.03,30.1,936.5,29.39,38.9,2.66,8.32,1023.8,75.27
827.3,81.84,95.27,1400.2,1000,210.8,5.46,53.53,31.35,18.21,5.87,419.3,9.12,28.6,1.67,6.03,441.1,87.44
1321.1,87.38,105.59,1611.9,1000,286.7,15.54,52.04,47.87,53.02,9.64,598.2,14.78,32.2,1.91,9.29,749.6,66.35
2381,94.15,116.2,2310.9,1373.5,481.3,20.33,20.18,78.54,134.91,31.18,1203.2,33.83,47.6,2.73,8.07,1038.8,75.38
842.9,85.39,101.51,1506.7,1000,261.2,11.12,53.71,42.52,34.85,7.04,434.8,13.85,31.6,1.5,8.57,453.6,72.83
1528.7,85.5,101.55,1523,1021.5,265,13.06,54.98,45.91,37.83,13.25,387.8,13.73,31.6,2,9.17,874.5,68.54
1890.8,87.45,105.42,1870.4,1144,305.4,8.71,37.89,56.22,88,20.13,885.9,23.15,34.7,2.56,6.44,904.1,90.75
809.5,83.81,99,1508,1044.2,233.1,7.78,51.39,41.33,31.23,7.29,490.1,12.1,34.9,1.76,7.05,408.3,83.34
3259.6,86.42,107.73,2486.6,1622.1,473.2,19.34,19.64,85.42,145.28,56.97,1296.6,33.46,53.3,3.34,7.59,1303.5,87.46
1346.7,83.51,102.5,1536.6,1008.1,283.8,9.8,54.69,54.82,39.91,9,532,14.3,32.5,1.96,8.47,733.7,74.6
1549.3,85.67,98.6,1639.6,1098.1,256.9,7.77,41.72,41.61,45.05,12.48,561.9,13.86,36.1,2.29,6.2,855.4,86.52
2998.4,88.99,108.9,2164.5,1351.6,433.8,19.66,27.85,78.01,111.54,41.47,952.5,28.37,48.7,3.03,8.79,1246.4,76.55
1591.3,91.88,107.57,1643.7,1040.5,314.8,14.06,49.1,54.67,60.04,16.34,581.7,18.47,32.7,1.84,9.2,891.2,68.71
3036.1,57.04,58.05,2190.2,1404.8,412.4,17.53,24.63,78.28,117.64,45.83,1104.2,29.26,46.1,4.06,7.29,1221,83.72
826.1,81.52,99.07,1479,1000,287.2,13.37,54,41.12,34.52,6.33,377.5,12.21,30.7,1.7,8.67,432.4,67.8
1532,88.58,106.45,2033.5,1150.9,385.8,17.93,32.75,76,113.73,13.38,964.2,28.33,35.3,2.03,8.13,857.5,72.7
1815.7,87.35,107.64,1833.9,1079.6,339.2,18.56,40.24,65.96,86.27,14.08,675.6,24.53,36.8,2.03,10.98,953.5,54.12
2065.9,89.31,105.67,1877.7,1180.6,326.9,10.7,39.78,57.1,94.38,22.34,791.5,23.15,36.1,2.62,7.36,927.7,93.44
2304.6,86.6,102.14,1884.7,1210.6,329.7,10.15,37.57,60.98,79.66,19.37,710.3,21.15,40.5,2.55,6.61,1011.5,78.25
2467.1,86.72,104.9,2079.5,1257.8,387.5,14.85,34.7,69.67,110.83,28.86,916.5,28.54,40.1,2.62,7.36,1089.3,78.96
2297.6,88.62,109.3,1963.7,1213.5,388.4,18.14,39.19,71.51,102.48,27.46,885,26.5,47.1,2.53,9.45,1037.8,69.89
2031.1,89.03,109.73,1887.7,1127.3,361.7,17.39,41.52,58.88,81.36,21.31,667,23.3,33.8,2.36,9.2,1002.9,60.75
2593.6,86.93,106.55,2228.5,1366.6,428.3,18.89,24.43,79.38,123.27,36.52,962.9,30.96,45.4,2.89,8.37,1111,72.55
1775.6,85.62,103,1727,1067.6,309,12.7,46.46,55.87,69.11,16.22,633.5,20.04,35.1,2.15,8.46,928.9,75.51
1147.2,82.86,99.06,1740.3,1084.9,294.5,6.51,41.47,47.42,62.46,10.87,680.5,17.73,33.1,2.14,5.03,583.8,95.25
2132.2,88.44,107.66,1778.4,1182.4,278.9,5.54,42.28,51.24,69.17,22.26,691.3,18.56,36.9,2.62,5.36,923.8,90.41
2461.2,88.32,110.15,2401.2,1426.1,431.8,18.63,19.31,75.59,160.42,34.72,1236.4,36.17,45.6,3.09,7.33,1022,88.69
2408.5,55.54,54.11,2101.5,1257,382.6,19.09,33.83,70.77,103.95,31.95,807.2,27.58,42.7,3.2,8.9,1055.6,73.25
1636.9,85.72,100.39,2089.3,1333.8,351,12.37,37.86,66.89,119.58,22.07,1015.8,29.39,46.8,2.29,6.97,834.7,94.35
867.7,55.41,53.53,1521.5,1000,252.5,11.19,46.7,45.3,32.83,9.53,472.3,12,34.7,2.01,7.21,453.4,73.84
1989.8,83.18,100.43,2099,1280.2,346.5,9.93,33.29,66.54,109.71,21.88,945.9,28.57,47.3,2.5,5.55,909.3,93.41
1475.5,89.15,106.31,1750.2,1059.7,337.8,16.12,42.4,60.55,74.75,12.47,699.5,21.71,33.7,1.93,9.18,867.3,64.02
2402.9,84.57,99.73,1751.3,1164.2,282.1,9.42,44.16,53.18,63.53,23.31,680.9,18.43,41.2,3,6.88,1018.4,90.69
2387,87.36,105.23,2076.2,1240.5,384.2,13.62,33.31,66.16,108.95,31.61,930.5,27.89,46.2,2.93,6.85,1022.9,85.9
2128.1,87.7,105.56,1840.4,1138.2,312.1,12.65,41.81,48.23,68.3,23.23,628.8,19.05,40.7,2.78,7.28,984.6,78.07
3299.3,91.46,114.41,2012.1,1286.8,405.7,20.04,32.76,76.56,93.7,41.61,877.5,24.99,47.6,3.03,9.54,1369.8,61.29
3157.3,89.43,107.82,2011.3,1288.6,386.3,13.76,31.52,69.63,89.92,38.22,974.3,23.65,46.9,3.33,8.45,1298.6,75.32
2299,89.38,111.44,2146.9,1349.1,353.7,9.75,32.86,65.82,116.74,29.41,973,28.32,47.9,2.95,6.26,958.2,95.57
1705.7,84.19,103.29,1493.5,1000,277.9,11.46,53.07,45.41,27.87,15.51,453.8,12.47,32.8,2.06,8.48,880,66.44
2688.8,91.01,111.05,1996.8,1249,377.1,16.22,31.35,73.53,96.63,32.77,888.6,26.42,44.9,2.74,8.75,1148.3,66.69
1512.9,88.26,107.97,1835.9,1056.3,378.8,17.45,40.93,59.67,83.19,16.35,735.3,22.67,33.1,2.05,9.85,872.3,60.21
1626.1,86.63,108.46,1876.8,1119.2,365.1,16.3,41.42,66.13,85.57,17.95,776,24.46,39.2,2.03,9.92,908,65.97
2286,49.43,48.51,1962.1,1193.2,327.6,9.59,35.24,60.38,91.73,26.85,889.8,26.12,42.8,3.53,6.45,1005.7,90.61
2211.7,85.87,102.78,1963.6,1229.6,336.9,10.58,37.69,66.22,90.18,24.61,830.2,23.18,42.1,2.87,7.19,1004.1,83.79
1185.8,84.02,96.14,1538.9,1051,198.2,4.53,55.95,41.51,38.75,12.05,515,14.61,30.6,1.97,6.03,601.2,97.78
816.1,86.58,97.94,1405.1,1000,237.1,10.56,56.6,32.42,15.16,6.68,280,7.99,31.2,1.5,8.05,425.8,80.68
2138.3,84.16,102.73,1741.2,1097.6,301.7,12.04,41.81,52.19,60.79,21.78,746.4,17.76,42.3,2.83,7.92,982.8,78.98
2267.6,85.12,101.54,1735.8,1141.6,320.1,10.85,42.38,60.95,64.14,22.12,690.7,18.73,38.4,2.83,7.03,1025.8,85.76
2975.6,87.08,106.93,2097.7,1311.3,391,15.44,27.24,69.28,106.7,35.63,946.1,25.18,47.5,3.38,7.23,1241.9,85.42
2084.2,90.26,111.1,1947.1,1113.2,393.2,19.46,33.28,65,95.37,19.79,880.5,25.9,33.9,2.36,10.55,1023.5,56.52
1561.5,84.75,98.64,1529.4,1033.8,233,6.68,48.63,42.89,37.16,10.85,507.8,13.51,31.9,2.41,6.54,827.5,91.46
2333.8,83.93,104.94,1799.6,1137.9,308,13.71,44.69,59.92,73.69,25.44,663.3,21.67,39.7,2.79,8.29,1002.2,78.59
1127.4,85.23,100.16,1684.1,1093.7,269,8.02,46.86,45.33,63.62,11.03,682.9,18.76,37.3,1.8,6.75,586.5,88.08
1836,87.56,102.15,1781.7,1120,262.7,9.26,46.07,48.93,68.83,19.9,667.1,19.81,39.9,2.51,6.92,882.4,88.76
2556.9,87.12,106.59,2139.9,1234.7,441.3,23.47,33.64,74.85,112.66,34.49,934.2,28.1,41.6,2.36,10.9,1117.7,54.54
808.2,85.57,97.92,1387.4,1000,207,9.7,60,43,17.63,9.97,346.3,9.48,36.2,1.51,8.21,426.4,78.23
1853.8,87.28,105.19,1706.1,1068.4,273,14.48,45.56,54.91,66.36,19.05,591,19.21,29.3,2.59,8.1,949.1,73.79
3203.2,89.67,113.24,2509.5,1542.7,505.5,23.49,20.48,88.17,159.99,53.59,1290.2,40.17,49.9,3.1,8.78,1300.9,75.43
2351,92.85,113.19,2157,1308,406.5,16.95,33.26,73.2,112.77,28.43,1028.3,29.59,47.3,2.77,8.9,981.7,78.81
1372,89.39,103.41,1682.6,1073,251.1,8.85,39.44,48.54,53,11.7,571.5,15.68,38.4,2.16,6.27,757.8,90.62
768.8,82.05,96.17,1568.9,1044.4,246.5,8.42,49.67,42.2,39.27,6.88,575.5,14.59,36.9,1.68,6.38,396.3,93.48
2172.7,84.13,102.33,1817.2,1149.5,316.5,10.1,41.46,57.83,79.05,25.66,761.8,20.6,37.4,2.78,6.37,967.8,87.11
1902.9,84.55,100.34,1944.8,1139.8,331.7,11.45,31.97,64.85,97.06,21.7,865.6,25.68,34.9,2.65,7.56,919,82.9
877.1,83.23,98.13,1350.6,1000,197,10.35,59.32,30.61,17.72,6.31,346.6,8.78,27.8,1.53,8.54,456.1,74.58
2055.1,90.3,109.36,2085.7,1261.9,368.2,11.35,37.46,70.35,115.5,22.59,991.8,29.37,39.9,2.71,7.82,943.5,93.41
3192.4,86.4,107.79,2300.3,1446.5,425.4,19.18,20.17,84.3,129.64,46.07,1087.9,32.62,52.1,3.25,8.16,1276.7,74.64
2407,89.73,113.85,2340.1,1368.9,442.5,20.43,28.04,85.92,147.18,34.52,1207.8,36.93,45.4,2.56,8.98,1035.6,72.67
1203.1,87.12,102.69,1515.3,1021.2,301.9,10.13,55.98,43.56,32.07,8.66,443.2,13.15,32.1,1.84,8.61,662.7,71.24
3207.1,86.84,106.52,2439.7,1512.4,460.8,17.38,18.67,81.61,142.34,54.83,1160.7,33.7,54.5,3.67,6.74,1261.9,89.62
1732.3,91.31,112.93,1983.4,1195.4,382.6,19.17,40.12,67.82,103.63,18.02,890.7,26.8,39,2.15,9.81,893.6,66.37
1452,86.73,106.79,1577.5,1009.7,291.2,14.9,54.69,43.36,42.41,11,500.3,14.52,34,2.11,9.37,840.4,67.55
1552.8,86.93,100.84,1896.2,1170,295.3,9.58,34.15,58.53,92,18.22,793.8,23.64,42.1,2.39,6.51,833.5,97.7
1603.8,85.54,99.32,1504.5,1010.2,223.2,8.86,46.97,32.75,26.31,14.06,504.8,11.52,32.2,2.48,5.27,844.2,90.85
1156.5,81.53,97.37,1539.1,1000,233.7,6.37,46.06,46.06,38.55,10.33,539.7,13.96,32.6,2.1,6.38,581.7,89.12
1925.5,86.21,103.9,1719.9,1100.2,290.3,9.25,46.63,54.51,64.68,18.12,683.3,18.72,35.5,2.42,6.24,929.1,85.84
2274.3,88.17,111.68,2132.2,1226.5,426.8,21.4,30.2,69.09,118.04,24.85,921.1,31.14,43.9,2.35,10.05,1010.5,61.48
2638.8,91.04,112.96,2005.9,1232.8,373.8,13.91,31.06,66.99,92.26,28.84,846.7,23.82,40.3,2.8,7.24,1108.2,77.57
1201.6,85.75,98.08,1483.2,1000,248.5,11.99,51.81,48.61,41.29,10.94,481.7,14.57,30.1,1.87,8.29,646,71.34
2074.6,86.52,104.39,1746,1100.2,301.5,13.16,40.41,53.32,63.02,21.14,621.4,17.2,39.6,2.81,6.89,932,86.81
2458.7,89.2,107.81,2006,1198.9,456.8,21.05,32.4,75.92,103.04,28.4,874.8,28.12,36.6,2.48,10.01,1088.9,52.81
2697.7,85.72,107.42,2450.8,1406,514.7,26.51,24.03,95.35,153.11,39.49,1277.2,37.73,53,2.78,10.81,1157,61.63
764.9,90.96,104.3,1395.6,1000,268.5,14.44,58.22,39.24,21.8,7.04,325.2,11.72,32.8,1.58,10.05,421.4,59.97
1684.6,85.25,104.99,1947.8,1150,378.4,15.84,38.36,71.39,105.25,17.64,865,26.71,37.7,2.12,8.69,894.5,77.33
2997.7,58.98,62.08,2049.6,1333.1,412.8,14.45,29.79,70.87,101.25,38.94,934.5,25.67,46.3,3.89,6.98,1223.3,81.39
3095.3,90.43,111.12,2135.8,1319,400.2,14.74,31.38,71.06,105.92,40.13,934.5,25.93,48.4,3.09,7.83,1289.4,77.52
1596.3,92.51,107.95,1929.8,1142.2,348,13.53,35.84,66.44,101.68,17.13,861.7,26.96,38.7,2.18,8.67,867.3,78.26
2804.7,89.73,115.74,2502.9,1516.3,500.4,21.52,16.51,89.36,161.06,41.39,1284.4,36.73,49.2,2.93,8.14,1143,83.82
1424.8,86.16,101.71,1772.9,1140.6,286.5,10.98,42.26,55.32,71.23,15.32,755.2,21.27,37.5,1.83,7.98,786.8,81.1
1101.4,86.34,102.59,1604.6,1038,301.1,14.56,47.42,49.93,58.02,11.33,624.9,16.68,31,1.7,8.82,563.2,73.65
2749.9,87.95,105.34,2022.6,1281,397,14.55,32.21,68.5,96.64,33.66,837.6,24.78,43.7,2.99,8.07,1153.7,76.73
2530.7,88,105.43,1866.9,1181.9,353.4,14.73,38.63,59.79,75.35,24.99,775.5,19.47,41.5,2.89,8.23,1063.9,75.92
783.9,84.35,100.27,1414.6,1000,217.2,8.51,57.57,41.99,22.04,10.26,387.3,10.34,31.4,1.41,8.05,398.4,84.37
1252.2,85.84,101.52,1499.3,1000,260.2,11.07,52.37,38.42,25.94,10.16,333.6,11.68,31.9,1.66,8.39,687.9,71.72
1636.4,88.6,103.67,1948,1211.7,317.8,11.35,35.4,57.84,95.09,17.7,886,26,39.5,2.35,7.1,847.3,87.18
1524.4,60.72,62.83,1723.2,1097.2,252.6,8.2,40.2,45.66,63.58,15.42,641.4,18.85,35.1,2.69,5.3,836.4,94.16
814.4,52.57,56.11,1495.2,1018.7,253.6,7.18,53.41,42.43,33.78,8.11,439.3,12.69,31.1,1.82,7.4,411.7,86.76
2582.6,83.77,103.83,1808.6,1185.5,287,8.06,34.44,57.06,61.48,25.21,667.5,17.4,45.9,3.18,5.5,1030.6,91.8
1690.7,85.57,99.72,1580.9,1056.9,229.7,7.4,49.96,43.17,32.25,12.34,428.9,12.08,39.2,2.61,6.05,881.3,89.75
1986,86.86,106.37,1963.6,1142.6,333.8,12.11,37.52,60.71,102.14,22.02,887.8,28.11,36.6,2.54,7.79,959.1,81.28
1277.4,86.8,103.54,1441.9,1005.5,217.9,11.41,53.69,42.45,21.63,13.04,401.3,11.89,27.3,1.9,8.6,699,76.01
2456.3,85.64,106.9,1793.9,1181.8,282.2,9.08,36.96,53.59,66.42,24.33,757.5,19.49,43.5,3.09,5.66,1005,93.21
2225.9,91.3,114.91,2011.6,1142.4,419.5,23.9,33.45,78.53,106.93,23.72,794.6,28.07,44.4,1.97,11.14,1065.6,45.97
1176.5,84.81,98.45,1509.3,1000,279.8,12.93,55.38,39.05,26.57,9.69,319.8,11.71,31.9,1.8,9.1,620.8,64.76
2505.5,90.93,107.84,2019,1262.2,379.1,12.66,29.77,70.06,99.55,28.15,944.2,26.27,44.8,3,6.88,1016.1,84.28
2557.7,91.29,116.71,2379.2,1364.4,486.2,24.18,13.89,85.12,150.71,38.04,1253,35.53,46.9,2.82,8.98,1074.3,75.5
2226.2,86.7,107.33,2326.7,1364.6,403.9,15.64,23.09,82.14,149.2,34.53,1126.4,35.13,46.7,2.82,6.48,984.9,95
1574.6,87.37,99.6,1769.2,1162.2,298.1,11.2,42.67,52.03,68.55,17.67,667,19.9,36.9,2.21,7.37,836.4,87.87
2402,93.15,114.33,2383.7,1330.3,449.2,22.3,24.5,85.87,150.23,37.09,1247,36.58,45.4,2.67,9.64,1046.6,71.42
862.7,86.49,100.19,1330.2,1000,228.8,10.89,60,39.72,17.06,7.93,280,8.94,31,1.53,8.67,464.8,68.56
800.1,85.47,97.49,1382.6,1000,198.6,6.44,57.36,34.08,11.28,7.03,350,9.29,30.7,1.7,6.46,430.8,86.12
1875.4,90.44,111.62,2173.7,1242.2,428.5,18.17,30.93,66.36,126.89,23.27,978.6,30.99,41.8,2.1,8.18,915.2,78.27
2392.3,85.63,106.1,2086.8,1325.7,402.2,16.71,32.16,70.67,111.89,32.76,1013.9,28.47,41.7,2.84,7.65,1013.6,86.08
1612.8,84.46,103.88,1578.7,1000,272.2,11.9,50.53,50.3,48.61,14.19,511.1,16.65,36.7,2.12,8.72,904.8,70.56
2922.5,88.62,104.56,2146.8,1324.1,384,13.64,29,69.14,114.63,37.4,1014.2,27.89,47.1,3.27,6.09,1162.8,88.3
786.9,56.31,60.24,1478.7,1000,209.8,4.65,54.05,29.76,22.98,5.44,398.1,10.92,31.9,1.87,5.68,413.8,92.69
1435.1,81.27,95.62,1548.4,1042.5,255.1,8.96,52.78,49.02,44.5,13.46,541.3,15.8,32.7,2.32,7.49,779.3,88.33
796.1,81.39,91.89,1358.7,1000,236.3,6.05,55.05,30.45,14.74,7.39,369.6,9.43,26.2,1.88,6.4,414.6,88.77
1324.8,83.07,98.53,1482.4,1000,212.4,7.95,51.85,37.5,25.99,9.8,457.4,10.88,32.7,2.18,6.18,721.5,88.38
2049.9,86.7,103.25,1793.7,1072.6,332.1,15.64,45.99,55.77,71.09,18.46,714,21.09,36,2.27,9.32,977.6,60.53
1685,84.38,99.39,1576.7,1000,340.1,14.25,49.85,51.67,45.13,13.7,417,15.33,27.8,1.88,9.16,905.3,58.39
2263.4,92.07,115.16,2293.2,1384.7,429.3,15.4,21.33,82.74,147.96,34.54,1143.3,34.06,49.5,2.77,6.1,975,94.31
3235.1,90.51,113.72,2543.8,1586,498.2,21.6,20.68,87.57,153.87,52.01,1406.9,36.55,59,3.29,8.65,1319.4,82.19
2544,87.68,109.73,2241.9,1385,432.9,19,30.72,76.89,132.27,38.14,1155.3,31.95,46.6,2.76,7.91,1054.7,84.16
1309.5,87.28,106.13,1706.3,1081.7,298.4,11.43,46.73,46.1,56.94,11.14,543.5,16.98,36.4,1.95,8.39,730.7,76.52
1570.3,86.16,101.04,1682.4,1031.1,315.9,12.15,48.49,65.07,62.19,15.4,594.9,18.1,38.4,1.93,8.94,878.7,69.29
1643.7,84.26,103.04,1583.4,1038.2,263.7,9.32,50.58,55.15,48.2,15.04,603.7,14.54,36.6,2.45,7.79,862.1,78.74
1710.7,86.75,102.69,1567.8,1027.3,227.2,8.82,41.64,40.8,42.83,15.11,468,14.87,27.5,1.89,6.04,896.9,80.44
2312.4,94.4,119,2355.4,1304.4,498,28.18,29.53,98,147.44,31.28,1206.3,36.76,47.6,2.32,11.26,1071.6,54.15
1970.8,85.69,105.89,2000,1176.1,378.5,14.85,35.7,67.48,97.78,22.41,920.8,26.33,35.1,2.63,7.86,976.3,79.72
2710.9,93.04,115.77,2095.8,1284.9,434.2,20.31,28.68,74.25,116.16,34.64,1001.9,29.87,43.9,2.78,9.41,1147.8,66.85
1504.7,91.36,108.25,1619.9,1007.7,301.5,13.81,51.06,56.01,57.55,16.56,522.4,18.07,37.7,1.92,9.5,853.6,63.83
1186.4,85.26,100,1592.3,1002.7,228.9,8.99,47.85,45.32,43.02,11.21,531.1,14.25,30.5,2.11,6.61,634.5,84.27
1539.3,89.75,110.98,2010.3,1126.3,410,19.98,35.14,71.34,111.5,15.86,952,30.44,33.2,1.71,10.98,895.9,55.09
1765.7,87.11,105.19,1679.5,1113.7,269.8,10.31,41.03,52.51,60.34,16.15,674.6,16.67,37.1,2.22,6.32,879.2,87.33
835.2,82.99,92.67,1391.8,1000,221.2,11,56.46,36.43,14.37,6.13,294.3,8.89,30.6,1.59,7.89,439.4,72.84
2289.3,90.65,114.34,2291.6,1317.2,438,18.98,21.83,82.39,143.76,33.07,1077.7,34.88,39.2,2.52,7.68,1008.5,81.71
1834.5,88.59,107.5,1995.2,1170.3,413.6,21.51,37.81,76.13,102.24,16.15,808,26.83,42.9,2.05,11.37,942.7,55.92
3143.5,90.24,116.6,2243.3,1419.6,452.8,20.75,27.72,85.11,123.96,44.02,1107.6,30.94,49.9,3.04,8.94,1294.5,70.5
1754.7,48.98,51.47,1878,1155.4,304.5,12.51,42.29,53.72,93.83,21.67,764.1,24.36,38,2.63,8.04,893.6,82.54
2204.6,90.09,113.29,2232.5,1340.3,409.3,15.06,28.82,68.29,134.1,31.38,1027.2,34.14,45.1,2.57,6.7,984.5,88.86
2329.5,90.18,112.01,2404.2,1351.2,479.5,24.48,20.85,94.57,154.93,33.07,1233,38.64,45.9,2.65,9.56,1018,72.13
2473.8,54.75,53.48,2194.8,1322.9,389.1,16.51,26.25,76.42,127.54,36.2,1011.2,32.04,48.7,3.7,7.53,1015.5,80.6
790.2,82.65,95.19,1384.6,1000,186.9,4.58,52.89,32.07,11.32,6.66,383.1,10.02,30.7,1.91,5.63,393.2,97.44
2334.7,88.14,108.27,2147.8,1292.3,388.4,12.61,29.61,69.59,120.72,30.08,1033.3,31.26,42.4,2.73,6.84,978.1,88.33
2183,86.85,105.22,1850.2,1138,313.8,9.22,36.65,55.44,70.55,23.48,647.4,20.7,40.4,2.76,6.1,960.1,81.73
2069.3,88.62,103.35,2121.4,1242.5,368.8,16.72,32.58,73.1,122.04,25.49,954.3,30.42,42.6,2.49,8.08,956.3,80.85
1961.9,85.22,99.11,1728.8,1110.8,287.1,11.37,41.61,53.12,62.48,18.99,676.8,17.34,39.6,2.28,7.83,918.1,81.36
2728.4,88.17,107.02,2461.3,1468.2,493.1,20.24,19.13,94.23,156.24,38.71,1306.2,36.25,47.9,3.1,8.08,1120.2,80.3
1940.6,89.73,106.15,1829.6,1098.7,287,8.23,34.8,55.97,78.19,20.42,776.8,20.74,38.6,2.56,5.38,894.3,95.63
1157,82.48,98.44,1696.2,1061.3,305.8,10.48,48.36,51.21,57.63,10.67,611.4,17.42,35.5,1.85,8.71,614.2,73.25
1576.9,86.94,105.43,1721.3,1090.6,300.4,10.74,42.13,44.65,58.69,15.74,641.3,18.36,33.5,2.11,6.86,881.6,74.54
823.5,80.61,95.55,1445.7,1000,239.3,11.55,58.12,33.97,16.69,5.61,321.2,8.6,32.7,1.43,8.83,442.1,72.46
1668,85.55,104.23,1885.7,1149.1,321.3,6.32,41.85,55.65,83.94,15.03,779.9,22.88,37.9,2.43,5.71,852.3,95.55
2178.3,87.31,103.07,1874.2,1214.7,318.2,10.91,35.89,61.87,75.79,24.93,800.5,20.27,45,2.85,6.88,961.1,87.4
1651.8,86.05,106.53,2082.4,1216.1,413.7,18.15,37.28,74.48,119.55,24.21,889.1,30.22,44.1,2.17,8.92,880.1,73.33
2324.3,91.7,112.5,2110.6,1224.6,399.3,22.37,32.67,80.48,115.21,28.53,888.9,29.28,42.9,2.32,10.49,1059.7,57.61
1763.9,87.49,101.9,1825.9,1160.7,295.6,7.64,42.61,56.6,77.8,20.98,741.5,21.37,35.8,2.22,7.07,893.4,87.51
2498.4,89.69,104.17,1781.4,1127,325.6,11.6,38.84,62.07,67.88,21.2,628.8,18.1,39.8,2.81,8.08,1041.7,78.01
1289.6,90.44,107.34,1639.4,1046.6,293.7,14.17,43.4,59.39,58.33,12.44,625.8,17.9,31.8,1.76,9.4,728,67.56
1904.5,84.58,100.4,1607.5,1001.5,311.8,14.21,46.62,56.89,57.46,18.11,661.9,18.37,32.5,2.32,9.56,916.9,68.79
2375.7,89.67,109.63,2468.2,1439,456.9,17.02,19.44,82.23,165.48,36.57,1296.6,36.64,51.5,2.8,7.3,1002.2,91.73
2842.5,87.49,105.47,1988.1,1240.3,358.4,15.57,40.09,70.22,94.9,32.24,871.9,24.91,45.5,2.98,8.7,1203.4,75.14
2832.7,47.19,44.73,2059,1349.8,343.8,11.62,35.42,65.94,99.7,40.43,995.9,24.36,46.3,4.12,6.83,1136.6,94.81
2426.6,82.65,107.2,1894.2,1197.4,356.4,13.86,34.98,63.24,87.61,30.74,890.1,23.24,38.9,2.59,7.76,1067.7,77.22
1756.5,86.45,104.65,2008.3,1227.8,341.4,15.67,38.92,62.25,102.9,22.47,812.5,25.71,41,2.14,8.59,877.7,84.46
2479.7,84.07,98.44,1758.2,1153.5,274.5,11.26,37.97,52.79,61.32,26.29,702.7,18.59,44,2.91,6.33,1039,85.71
798.2,88.5,101.34,1501.1,1000,221.6,7.08,49.82,40.6,28.82,8.18,471.8,13.12,32.7,1.53,5.84,414.4,88.92
2040.7,85.61,105.48,2053.5,1212.6,389.5,17.63,32.76,66.31,106.36,24.48,866.1,28.03,41.5,2.44,9.01,969.4,70.85
1735.9,59.07,59.18,2053,1214,381.5,17.95,35.41,72.5,117.86,23.38,951.4,29.69,40.7,2.78,9.46,900.6,74.67
2404.2,88.89,112.6,2042.6,1231.3,421.5,20.51,30.97,75.21,105.03,30.47,827.4,25.27,46,2.46,10.03,1078.6,55.55
1741.5,90.28,105.38,1432.9,1000,273.6,14.58,53.77,46.79,27.7,18.71,336,10.97,36.3,2.02,9.9,941.6,59.29
1671.7,47.65,44.75,1587.8,1059.5,233.4,10.9,41.94,47.66,43.32,18.3,566.3,14.75,36,2.78,5.37,891.6,83.36
1322.9,86.46,101.04,1618,1106.8,268.8,7.9,47.25,57.4,57.28,11.97,591,16.66,30.5,2.09,7.65,728.3,84.52
2018.3,89.69,107.14,2053.4,1240.9,365,15.45,33.72,73.04,105.78,22.76,907.4,27.73,43.5,2.51,7.91,963.9,78.39
773.8,83.86,103.66,1479.3,1041.7,241.3,6.99,52.64,41.47,24.22,5.66,418.3,11.04,32.9,1.68,6.12,404.6,85.12
2045.2,89.43,107.28,2062,1229,382.8,15.84,40.45,68.37,113.05,22.37,939.3,28.48,41.4,2.4,8.91,962.1,82.1
1711.3,88.27,100.02,1705.7,1089.9,270.4,6.27,44.28,51.24,59.35,17.52,704.2,17.3,39.5,2.56,5.72,847.1,98.16
1066.7,87.34,101.36,1514.7,1000,250.2,13,54.37,42.37,42.66,8.47,499.9,14.97,30.1,2.04,8.43,558.2,78.44
1375.7,84.8,97.09,1628.8,1086.1,253.4,7.78,40.49,40.63,39.49,13.75,578,14.26,36.2,2.3,5.8,781.2,89.45
1856.7,87.49,106.77,1823,1101.3,310.4,11.04,38.71,59.4,83.25,17.98,791.1,21.8,37.7,2.53,6.65,903.1,86.66
2915.3,92.39,116.55,2193.5,1320.7,487.1,27.54,29.77,84.28,114.88,38.72,1061.6,30.9,43,2.58,12.15,1239.2,47.84
2092.3,87.08,104.68,2052.8,1209.2,418.8,18.35,33.72,76.12,108.34,26.25,878.2,26.84,40.5,2.4,9.06,974.9,70.14
2303.1,87.27,108.59,1931.8,1220.2,317.7,13.01,33.33,63.02,92.26,26.14,811.5,24.44,42.3,2.81,6.69,1006.2,89.62
2357.3,88.56,109.16,2021.7,1208.7,406.6,19.94,38.35,69.23,102.28,28.83,842.9,28.45,44.6,2.35,11.42,1068.5,58.68
2464.9,89.39,106.37,2214.5,1318.1,441.6,16.55,23.76,78.65,122.22,29.92,1076.9,30.66,46.6,2.76,6.84,1034.9,86.07
810.4,49.17,48.87,1457.9,1023.4,202.8,7.04,50.14,43.87,24.73,6.99,399.8,10.85,32,2.12,5.94,421.9,93.25
1685.6,84.57,102.62,1799.6,1131.6,307.9,10.03,46.04,55.02,71.94,18.1,668.6,20.58,39.6,2.07,7.82,884.3,82.61
2264.8,91.72,109.96,2069.3,1201,397.8,19.22,35.25,72.21,107.39,23.68,948.1,28.53,36,2.5,9.72,1039.3,68.59
2551.5,87.75,104.24,1786.6,1144.9,344.5,14.85,38.69,61.69,65.04,25.4,673.4,19.2,39.6,2.88,8.65,1107.2,68.05
2535.1,90.27,110,2150.4,1351.5,381.1,17.56,32.18,77.38,117.87,36.71,1068.9,31.5,44.4,2.7,8.32,1086.8,80.02
2759.3,87.87,105.02,2072.9,1446.1,339.3,11.04,26.74,67.39,100.1,40.43,927.3,25.67,51,3.18,5.7,1126.7,91.18
2314.4,86.83,105.59,1899.1,1231.1,316.4,10.96,39.69,55.02,82.46,24.87,721.3,22.41,46.8,2.69,7.02,1010.9,85.94
3282.4,87.52,109.35,2034.7,1275.3,432.6,20.38,28.52,69.55,90.82,40.69,825.1,24.44,48.3,3.34,8.92,1355.2,63.02
1639.5,86.13,100.51,1516.1,1009,264.2,11.96,49.22,45.89,41.44,12.66,464,15.16,36.6,2.1,8.87,887,66.05
1931.2,88.3,104.15,1800.9,1076.5,352.4,11.81,40.45,56.06,72.32,17.41,642.2,20.68,39,2.44,8.29,970.6,71.4
2561.8,88.84,107.09,1993.5,1235.8,364.5,12.91,35.8,58.07,91.29,27.67,858.6,24.84,47.3,2.8,8.43,1071.5,81.42
2309.6,90.1,110.84,1709.5,1087.9,291.2,12.51,43.57,54.52,64.68,22.62,652.6,19.59,35.5,2.55,7.85,1036,71.87
1908.6,87.38,103.92,1954.5,1206.6,359.5,12.77,34.71,63.4,95.37,19.53,910.6,23.7,41.7,2.34,7.08,919.5,84.92
1689.2,85.24,102.97,1682.5,1091.5,278.5,12.6,37.87,53.28,56.21,17.45,614.7,17.36,34.4,2.16,7.48,880.3,77.05
1430.8,47.61,44.76,1818.7,1162.4,254.3,8.59,47.22,54.18,81.57,17.82,764.1,22.36,36.6,2.6,5.95,778.1,95.6
1634.2,89.68,107.36,1922.3,1195.9,319.3,10.28,36.16,58.46,98.51,22.78,842.2,25.76,41.1,2.16,6.48,864.6,94.38
2188.7,87.61,104.88,2108.7,1311.5,377.6,11.9,34.36,73.17,116.58,26.58,954.5,28.7,46.4,2.83,6.75,967.8,92.68
1468.4,85.39,99.97,1668,1126.7,211.6,4.65,45,39.77,46,15.61,558.7,13.47,36.6,2.36,4.82,768.2,100
811,78.38,88.62,1435.2,1000,201.2,5.52,51.17,33.01,20.61,5.22,372.8,9.24,34.2,1.8,5.84,411.3,97.21
1265.5,90.08,104.6,1736.6,1071.3,253.8,13.13,45.22,51.81,69.48,10.02,695,21.35,34.7,1.97,8.26,706.6,83.35
1054.6,52.27,54.47,1725.6,1077.5,282.7,9.5,40.74,53.22,65.08,13.29,729.8,19.43,34,2.19,6.76,534.8,83.38
3201.2,87.23,109.8,2268.1,1453.5,443.1,17.79,22.82,78.15,125.61,47.13,1165.1,31.69,51.4,3.43,8.02,1248.1,85.3
1667.2,87.61,103.53,1776.1,1072,349.5,16.08,41.25,56.64,73.59,16.45,647.7,19.19,36.2,1.88,8.79,931.3,63.77
1898.8,87.18,110.39,2092,1155.5,435.4,21.34,34.41,73.97,118.3,22.22,908.8,30.62,41.9,2.25,9.71,965,62.78
2461.7,83.89,105.23,1940.9,1151.6,433.4,23.98,36.73,70.81,91.75,28.36,783.9,26.11,43.3,2.32,11.65,1106.4,47.51
1426.8,79.66,97.23,1533.4,1025.4,249.3,8.63,53.33,44.05,37.19,12.52,497.2,13.45,33,2.13,7.19,791.7,82.51
1847.6,88.42,101.99,1835.3,1150.6,281.3,6.94,39.73,54.27,73.23,22.16,793,20.94,38.3,2.65,6.38,911.7,90.02
808.9,87.27,101.13,1490.9,1000,249.7,10.76,54.84,45.22,26.51,5.42,414.5,12.29,30.2,1.46,8.11,424.5,77.52
1604.3,85.34,98.12,1488.4,1060.6,214.2,4.57,50.82,39.69,32.85,13.97,503.4,12.89,36.8,2.62,4.84,851.1,95.8
2164,86.97,102.25,1700.6,1115.9,312,9.97,43.11,57.73,59.42,21.39,629.9,16.98,39.6,2.6,7.27,981.9,82.62
2570.7,92.18,112.14,2057,1208.5,454.9,23.84,30.41,77.46,111.75,32.38,945.7,28.51,43.8,2.36,10.89,1136.1,51.86
1656.4,87.19,106.92,1699.6,1089.1,311.4,11.5,44.48,47.27,52.79,15.41,637.9,16.31,33.7,2.39,7.04,873.1,82.65
2405,88.62,108.91,1950,1173,375.3,15.71,35.97,73.95,90.33,25.75,815.7,23.5,41.8,2.4,9.68,1062.8,61.36
2375.5,95.16,115.36,2414.1,1447.4,459.7,20.44,24.03,82.81,153.19,35.87,1278.4,36.08,47.1,2.76,7.25,1025.2,86.42
1009.9,87.96,98.16,1442.8,1014.6,224.4,8.05,51.31,45.54,23.81,6.09,454,12.01,29.8,1.63,7.21,503.6,84.51
1655.5,87.04,107.88,1620.5,1000,319.7,17.12,46.45,53.03,56.34,12.13,452.8,17.31,34.1,2.02,10.08,897.4,53.71
1421.9,85.32,101.8,1522.9,1026.7,206.3,6.67,52.21,40.17,37.84,8.74,410.7,14.08,33.2,2.01,6.45,789.4,89.9
2999.4,91.31,112.8,2181.1,1334.3,459.3,20.68,27.99,75.62,112.49,40.24,1067.9,29.81,48.6,2.77,9.72,1286.7,63.44
2284.7,89.44,108.73,2284.9,1331.9,460.6,25.64,26.18,84.57,143.58,32.67,1183.5,35.19,46.3,2.77,9.97,1035.5,66.85
732.5,80.83,94.21,1426.1,1007.8,208.2,3.19,55.91,35.91,21.47,6.35,451.4,10.11,31.3,1.53,5.06,389.8,94.62
2389.3,86.47,108.44,2078.1,1156,462.6,22.36,34.25,81.31,111.78,27.83,923.4,28.87,41.8,2.44,11.37,1072.2,53.49
1760.2,87.65,104.47,2106.7,1198.8,419.7,17.42,32.78,73.75,120.07,20.07,965.6,30.3,40.6,2.39,9,919.6,73.66
1200.6,51.19,48.98,1541.4,1038.8,263.9,9.95,45.09,46.05,35.96,12.68,497.4,13.74,33.5,2.32,7.75,644.9,78.26
1668.6,84.32,103.9,2080.2,1275,362.3,15.68,26.36,74.17,121.81,22.98,989.7,29.05,39.7,2.36,6.9,852.1,91.95
1471.2,85.13,99.25,1483.2,1000,274,11.89,52.62,40.35,26.91,13.68,357.2,11.53,35.9,1.65,8.61,842.6,63.87
828.4,82.98,94.61,1435,1000,217.5,7.44,56.34,38.16,22.85,5.55,438.2,10.25,33.8,1.66,7.63,442.2,85.05
760.2,52.82,52.5,1361.2,1000,234.8,12.71,59.79,39.88,8,6.4,317.3,8.39,33.9,1.94,8.76,408.7,65.33
1221.3,85.05,102.02,1456.5,1000,247.6,10.61,53.26,38.08,25.66,13.38,369.6,12.28,30.2,1.67,8.48,667.1,77.54
780.3,52.23,49.48,1450.7,1000,243.9,11.39,52.71,37.8,28.59,8.5,449.8,11.24,28.9,1.79,8.25,407,77.16
2792.1,92.52,113.58,2103.6,1291.9,378.9,14.13,27.73,67.38,105.07,34.23,928.8,26.22,46.1,3.09,7.49,1161.6,77.79
3174.4,90.44,112.55,2446.5,1527.3,508.4,24.58,21.51,86.9,145.35,48.67,1295.9,35.94,55.4,3.26,8.78,1301.3,71.27
1736.1,87.03,108.29,1719.9,1079.1,293.1,12.11,47.01,57.62,66.6,17.32,564.7,19.22,36.5,2.14,8.16,869.4,77.41
2524,85.99,105.11,1711.8,1085.3,334.4,17.14,44.52,58.75,60.92,23.29,606.2,19.05,41.7,2.57,10.15,1114.5,56.06
2827.6,88.95,112.08,2195.7,1323.2,468,24.42,28.89,83.49,122.67,37.65,1141.1,32.53,44,2.66,10.99,1216,57.79
1789.4,91.25,110.55,1740.2,1048,331,17.27,43.46,57.4,66.24,16.12,639.5,19.91,37.1,2.12,10.1,905.6,61.91
2826.2,90.8,111.85,1999.8,1218.9,397.1,20.64,33.78,78.5,102.09,32.27,894.4,27.86,38.8,2.75,9.48,1234.1,59.39
2368,64.07,65.11,1705.9,1146.3,277.4,10.51,41.96,52.72,62.61,24.71,646.2,17.14,38.2,3.38,6.79,1030.6,85.84
2641,88.93,113.73,2073.7,1252.1,443.2,22.17,29.74,75.88,104.52,31.55,934.4,27.71,41.3,2.58,9.6,1171.2,57.85
2471.6,64.03,62.27,2154.4,1301.6,371,11.17,28.41,64.24,115.06,28.89,997.8,27.84,46.4,3.61,5.73,1016.6,96.82
1379.2,80.75,95.43,1557,1056.5,273.7,10.77,48.9,41.87,34.1,11.71,452.1,13.04,33.2,2.22,7.33,775,78.58
1678,87.19,107.11,2054.7,1201,336.8,10.4,30.07,64.22,106.22,21.9,829.2,26.61,39.7,2.4,5.88,874.8,93.56
820,83.98,100.81,1477.4,1004.2,232.8,5.75,58.12,40.17,34.6,6.49,459.9,12.68,33.8,1.49,7.58,437.6,84.07
1407.4,87.6,102.66,1654.6,1127.7,280.8,10.6,47.14,50.9,52.23,17.2,657.6,15.29,35.3,1.92,7.68,805.6,78.11
1152.8,82.19,98.52,1583.1,1063.6,285.8,9.41,47.35,45.73,45.03,9.37,659.6,15.21,36.5,1.85,7.35,595.6,82.73
2973.3,87.55,111.19,2368.3,1416.9,492.6,23.44,19.33,84.16,142.56,39.77,1207.1,36.05,47.2,3.09,10.16,1269.2,63.73
1713.8,88.98,107.39,2205.5,1332.6,376.5,13.19,36.79,66.76,130.64,23.71,1053.6,30.69,46.7,2.3,6.53,863.1,98.11
3137.1,90.64,112.6,2462,1518.8,513.9,25.79,18.5,91.39,146.56,48.15,1335.5,36.2,50.5,3.05,10.1,1270.8,68.18
1797.5,83.13,100.6,1531.3,1039.2,238.6,9.3,47,33.22,28.7,15.36,447.5,11.36,32.5,2.02,6.83,915,78.05
1488.3,86.38,104.33,1769.8,1117.9,263.5,6.52,41.02,46.86,69.03,17.51,704.5,18.62,37.8,2.12,5.83,834.4,93.17
2732.9,91.21,116.15,2134.4,1318.9,409.1,20.73,34.07,78.97,114.34,32.37,968.4,29.24,49.6,2.72,10.25,1181.4,63.73
2941.9,90.64,113.85,2371.1,1479,494.8,23.26,24.68,88.1,143.05,46.42,1173.2,34.15,46.8,3.09,9.02,1266.7,70.15
777.6,82.07,95.76,1428.5,1000,211,6.7,55.29,36.21,21.42,4.99,422.9,9.75,33.8,1.77,7.01,412.7,83.38
2105.5,83.94,103.17,1729.7,1119,268.1,12.24,41.33,54.34,58.33,23.29,633.5,16.02,41.6,2.49,7.19,965.5,80.44
2713.3,90.47,118.08,2389.5,1505.4,435.2,17.11,24,87.58,142.68,45.26,1197.2,34.1,52.2,3.18,7.19,1118,86.99
1529.6,83.77,99.44,1833.4,1102.3,303.7,8.37,39.97,55.19,82.59,14,772.2,22.92,33,2.28,5.7,809.1,93.86
1737.4,87.43,106.42,2058.7,1193.7,353.7,16.79,30.31,66.3,114.08,22.38,954.6,29.31,37.1,2.39,7.88,882.5,78.74
737,89.57,109.08,1462.6,1000,258.2,14.09,55.96,46.94,31.22,4.16,416.2,12.4,32.4,1.32,9.94,423.4,60.01
2342.7,88.7,105.75,1753.3,1119.9,328.1,16.44,43.97,58.33,68,24.53,613,19.77,33.9,2.69,9.21,1071.9,61.85
859.9,84.47,91.85,1436.2,1000,200.7,4.27,48.06,35.83,24.63,8.18,350,9.46,34.3,1.91,4.19,425.6,96.39
1275.7,87.12,106.24,1739.8,1030.9,297.2,13.45,41.74,50.77,64.36,10.54,620.3,18.92,38.1,1.83,8.19,723.3,70.57
2112.4,87.27,107.83,1907.1,1225.9,328.3,11.42,37.48,62.59,96.81,23.21,836.2,25.77,38.4,2.71,6.31,946.5,91.3
3110.3,91.95,116.78,2175.5,1336.7,413.7,21.27,27.27,92.08,118.03,42.83,1073.6,30.72,44.8,2.8,10.12,1309.5,66.22
1758.4,83.58,102.12,1831.5,1136.3,285.2,11.68,43.99,55.04,72.78,18.32,720.4,18.83,39.8,2.46,6.59,889.3,88.33
2967.1,89.41,116,2288.1,1375.9,514.6,31.3,19.48,89,125.59,39.56,1226.9,31.9,46.7,2.47,11.64,1330.5,43.49
1644.5,87,102.9,1706.5,1064.6,310.4,12.06,42.04,59.13,65.12,15.77,683.6,19.31,37.4,2.14,8.29,884,74.06
3135.4,90.4,113.54,2007.1,1245.6,400.4,17.15,30.72,69.09,92.69,33.08,825.4,23.88,44.1,3.2,9.32,1337.4,66.56
792.7,85.27,95.1,1407.8,1000,224.8,3.4,53.31,29.02,9.5,3.74,431.8,6.48,30.1,1.74,5.9,409.1,95.61
1182.9,86.03,98.57,1627.8,1046.3,280.8,8.67,51.85,50.83,55.37,9.71,593.4,17.8,33.5,1.82,6.93,634.8,80.71
2450.9,85.82,104.17,1872.9,1136.9,338.2,12.67,33.41,62.89,77.04,24.15,757.1,20.14,41.8,2.61,8.28,1038.4,74.1
1719.7,63.16,62.77,1782.5,1111.1,272.5,10.72,39.89,52.13,73.27,17.3,710.5,19.97,38.8,2.86,6.14,892.8,94.51
2419.2,91.68,110.14,2067.7,1222.2,383.8,19.25,29.52,75.43,110.43,25.36,927.2,28.92,42.3,2.45,8.73,1060.7,69.3
2077.4,86.58,103.7,2010.1,1177.2,339.9,13.66,31.5,58.07,84.84,25.73,791.1,23.84,43.7,2.41,7.21,977.5,77.07
1472,83.38,96.59,1516.4,1000,241.1,8.61,46.96,42.85,31.7,13.32,444.2,10.98,37.3,2.3,6.26,784.6,91.03
786.9,79.75,93.91,1369.9,1000,211.7,6.74,60,31.7,15.32,8.75,308.2,8.99,33.4,1.58,7.61,415.9,75.82
1705.6,86.57,102.41,1654.2,1063.9,321.7,16.06,42.26,51.15,48.94,14.62,524.4,17.2,32.4,2.14,9.65,938.2,59.82
2335.5,87.07,106.53,2121.5,1252.1,387.7,16.71,29.12,73.22,118.5,25.61,943.2,28.52,41.4,2.68,8.56,1032.7,72.33
3059.3,88.01,109.65,2125,1292.6,476.4,22.46,26.77,84.49,101.68,39.9,986.8,26.46,45.9,3.06,9.99,1266.5,59.21
1571.3,83.9,99.32,1699.3,1098.3,265.9,8.67,46.99,45.38,58.39,16.81,628.2,17.05,37.8,2.31,6.02,844.1,93.87
814.6,50.72,50.7,1506,1017.5,192.5,6.53,52.41,41.12,36.22,5.55,486,12.66,35.3,2,6.34,412.6,94.7
1415.1,86.58,104.72,1430.8,1000,276.7,13.43,56.06,37.6,26.89,13.32,349.5,11.23,31.7,2,10.19,842.2,59.59
2309.3,91.1,110.72,1986,1252.6,351.1,16.75,41.35,66.97,95.03,25.21,903.7,25.73,46.1,2.81,8.67,1012.5,76.9
1720.8,86.93,105.24,1716.7,1102.8,280.1,13.91,42.73,49.2,64.16,19.33,619.4,18.86,34,2.28,8.36,904.1,73.31
1508.1,90.57,109.45,1580,1000,267.7,15.86,48.6,44.85,47.76,12.28,526.7,15.58,34.3,2.02,9.77,880.8,60.81
2367.5,85.08,105.92,2007.6,1231.7,400.6,19.56,32.03,70.26,104.96,29.42,908.4,26.59,41.5,2.69,8.82,1038.1,63.68
1721.9,88.97,104.82,1618.4,1059.7,300.6,9.81,42.92,48.17,43.97,17.66,597.9,15.08,35.2,2.43,6.79,869.4,84.41
2994.3,88.41,107.34,2198.2,1385.8,415.1,15.11,30.73,76.94,122.6,39.47,1105.8,30.93,51.9,3.32,8.24,1225.7,81.86
2078.6,86.86,105.17,1960.1,1209.7,345,10.93,35.08,68.64,96.26,23.72,821.2,24.17,40.2,2.73,6.3,956.9,89.08
1525,87.73,106.65,1501.3,1000,270.5,12.42,52.37,41.23,37.47,14.66,379.6,14.99,33.8,1.9,9.15,851.1,62.48
1710.6,85,100.37,1847.8,1169.7,294.6,10.11,40.92,54.72,80.54,18.38,760.6,21.45,43.2,2.33,7.35,850.6,88.99
2656.3,90.85,113.35,2111,1289,379.3,16.79,25.04,73.42,107.06,33.99,1013.5,27.43,45.7,2.95,7.21,1118,80.1
1431.7,85.74,100.95,1570.2,1013.8,254.4,9.29,49.7,44.72,53.3,13.91,534.9,16.61,30.2,2.29,8.06,800.3,76.7
1324,84.8,101.22,1424.1,1020.7,209.3,8.95,49.18,43.78,17.59,14.46,431.8,9.64,30.9,2.13,6.71,731.5,79.76
1281.6,86.27,106.1,1742.6,1048.2,309.7,13.2,36.84,54.69,71.41,12.56,726.5,20.16,33,1.96,7.76,682.8,81.72
2033.3,83.8,103.46,2152.3,1235.6,354.4,10.79,32.49,67.39,126,23.49,1029.9,32.69,42.3,2.47,6.75,927.8,88.29
1139,85.84,102.08,1630.2,1013.1,345.8,15.87,43.02,53.38,59.94,13.53,665.8,18.32,33.5,1.84,9.08,611.5,67.42
2977.1,94.16,119.29,2339,1414.1,522.9,31.44,19.69,95.21,132.33,47.13,1183.5,34.63,45.2,2.51,11.53,1321.3,48.31
2534.4,85.27,102.12,1789.3,1182.2,334.5,12.66,37.74,56.95,68.24,23.89,718.2,21.13,38.9,3.1,7.42,1043.4,83.29
1906.3,90.02,107.73,1898.9,1157.6,371.3,18.1,37.23,72.23,85.46,19.61,739.7,25.83,35.9,2.07,9.35,981,62.49
2667.6,89.28,111.42,2091.8,1338.9,370.1,15.16,31.96,69.76,101.28,34.23,913.7,25.7,46.4,2.95,8.44,1107.6,75.2
785.7,85.81,95.15,1355.3,1000,214.5,8.88,58.15,36.19,9.95,6.37,316,8.61,32.3,1.75,7.49,412.9,80.07
1874.6,85.72,106.81,1908.1,1165,319.6,16.14,34.64,66.4,87.11,17.45,756.2,24.02,38.7,2.28,8.57,966.4,66.03
868.4,46.68,49.16,1425.8,1004.2,212.7,6.86,54.2,34.29,24.61,9.04,489.2,10.87,33,2.44,6.29,436.8,96.41
2351.4,92.72,118.39,2398.7,1301.8,486.5,27.94,22.75,91.75,150.92,30.17,1220.3,37.82,44,2.05,11.47,1058.6,54.08
1979.3,84.18,101.5,1969.2,1240.4,338.6,12.91,38.69,72.19,91.7,20.85,841.7,24.18,41.9,2.63,8.36,939,79.8
1650.4,85.56,104.39,1641.2,1080.6,236.4,7.8,47.08,44.39,44.74,15.45,515.3,14.98,39.9,2.32,6.33,878.8,87.73
760.9,84.65,96.74,1333.9,1000,221.8,11.01,57.51,30.43,8.49,6.91,314.5,7.49,33.3,1.57,7.64,417.2,80.23
848.1,84.33,92.74,1448.1,1031.9,197,2.52,53.35,34.88,29.7,8.85,395.9,12.26,31.1,1.83,5.41,424.5,93.55
1492.6,56.29,55.53,1586.2,1026.2,259.4,11.55,46.81,45.97,36.27,16.97,468.8,14.51,33.4,2.48,7.68,829.6,79.55
799.5,83.26,97.28,1526,1013.6,247.6,8.7,47.65,39.22,34.32,7.16,490.6,12.41,34.7,1.65,6.89,419.6,84.13
1335,46.17,45.42,1553.2,1046.6,262,9.9,46.33,43.83,36.01,11.98,488.5,12.61,34.2,2.36,6.55,729.9,81.57
784.4,86.14,100.2,1411.3,1000,198.8,11.53,55.9,38.23,18.94,5.65,309.6,9.75,29.6,1.45,8.27,420.6,74.86
2118.3,86.13,106.69,2078.6,1188.2,411.5,19.26,33.25,78.06,119.39,22.33,951,33.23,41.8,2.59,9.86,1000.6,63.6
799.8,71.2,86.3,1475.2,1000,245.1,11.1,56.79,43.51,28.54,4.34,367.7,12.12,28.2,1.87,7.86,433.7,75.17
1897.1,83.95,98.84,1750.3,1134.4,295.7,10.1,41.33,49.73,65.42,21.38,667.8,16.85,39,2.51,6.38,928.7,86.78
2215.8,89.2,110.57,1825.6,1182.4,309.8,8.34,37.34,57.05,68.94,24.05,680.7,18.88,39.5,2.7,6.24,970.9,87.02
2109.1,84.75,100.12,1788.5,1183.8,296.5,11,42.83,54.27,73,22.2,790.2,19.16,41.4,2.52,7.21,947.3,89.51
1203,86.46,102.3,1669.9,1097.1,233.8,9.01,43.56,50.19,50.31,11.53,577.9,15.9,40.9,2.15,6.74,637.5,91.15
2972.5,91.08,113.91,2024.4,1282,384,16.5,31.24,75.88,96.66,33.48,899.8,25.71,46.5,2.91,8.21,1225.6,75.87
1927.5,83.17,101.53,1954.4,1198.9,328.4,13.73,40.44,61.79,96.41,24.71,854.9,25.11,37.7,2.42,8.24,945.3,76.22
2820.7,87.45,110.87,2151.9,1297.2,429.3,22.22,25.51,77.78,108.08,35.87,982.1,27.81,41.5,2.99,8.89,1208.1,62.41
2976.2,93.34,114.7,2207.1,1310.9,480.9,23.94,26.88,82.37,115.39,36.43,1104.6,29.42,47,2.74,9.9,1258.4,59.22
2587.4,86.52,104.34,2154.9,1297.1,422.1,15.98,28.3,74.69,112.79,35.58,913.8,29.83,44.4,3.05,7.29,1060.5,81.7
1987.3,85.63,101.86,2023.3,1220.7,313.3,10.15,32.22,71.7,107.22,25.79,908.3,26.44,37.8,2.55,6.29,939,92.96
2356.7,86.23,108.39,2065.6,1285.8,396.7,16.84,30.11,79.87,118.91,27.72,1013.9,29.32,42.7,2.77,7.87,1014.7,80.42
1703.6,86.76,106.67,1996.5,1184.3,350.1,12.33,36.4,60.61,102.3,16.46,892.5,26.16,39.3,2.32,7.12,894.8,87.61
1608.8,90.5,108.43,2088.3,1194,391,18.84,31.37,71.58,122.74,19.04,1021.3,30.45,36.4,2.22,8.54,866.7,74.35
1936.6,87.13,107.17,1911.5,1177.5,329.5,11.88,41.31,57.94,92.39,19.66,858.4,24.93,39.4,2.53,7.13,929.7,83.57
1794.2,85.79,98.72,1704.4,1165.6,265.9,4.09,42.5,45.58,54.72,18.87,629.2,15.85,40.2,2.6,4.3,903.7,98.48
2520.7,51.33,49.35,2058.6,1293.8,375.4,12.88,28.04,70.16,109.58,32.87,874.5,26.57,43,3.6,7,1032.2,84.66
1304.1,88.83,104.26,1465,1040,189,6.51,53.52,45.17,27.46,10.24,493,11.79,37.4,2.1,6.42,691.7,86.68
1140.6,82.97,93.77,1665.7,1060.6,267.3,7.7,44.37,44.89,54.32,10.56,552.9,16.61,31.9,2.06,6.29,601.4,87.2
1313.4,87.47,104.08,1554.2,1000,275.7,12.38,44.8,43.56,29.52,11.42,426.8,11.71,30.1,1.66,7.38,728.7,72.88
855.9,85.67,99.74,1510.2,1026.6,282.1,10.47,52.91,43.14,34.64,5.53,473.6,11.94,35,1.73,6.92,447,76.8
1793.3,86.19,100.78,1690.1,1103.9,287.3,13.11,43.51,52.48,61.15,18.34,648.4,17.72,36.2,2.07,8.51,913.5,70.13
2638.3,87.87,109.25,2067.1,1236.5,400.9,18.05,31.56,69.12,99.49,32.36,929.8,26.29,41.7,2.91,8.84,1115.4,73.75
1756.7,87.15,104.76,1735,1111.6,326.7,12.74,42.7,54.26,66.99,18.48,674.2,19.23,35,2.27,8.55,886.5,78.77
1566.1,87.38,106.48,1998.5,1117.7,378.8,17.81,35.97,59.14,98.06,12.27,818.9,26.33,38.1,2.06,8.33,855.4,76.81
2382.6,87.24,107.96,2213.5,1342.7,421.3,20.18,25.97,72.74,124.81,30.39,972.6,31.07,44.1,2.66,8.78,1052.9,68.72
3122.9,89,107.98,2118.9,1379.9,423.2,15.15,30.21,74.96,108.9,41,973.9,26.16,47.8,3.23,7.77,1251.2,81.05
1830.2,87.32,103.38,1858.3,1080.4,328.3,15.27,38.88,65.01,84.97,18.58,784.8,23.39,32.2,2.23,9.26,919.9,69.65
2326.5,87.91,106.39,2003.9,1237.8,358.7,14.79,31.34,63.6,87.51,27.34,869.1,23.84,39.1,2.66,7.65,1015.5,75.14
3014.2,88.11,108.05,2413.2,1511.6,478.3,20.89,16.19,85.53,147.44,48.04,1290.8,35.73,51.3,3.03,8.15,1214.5,79.52
1946.8,86.74,104.5,2017.7,1181,346,14.58,31.91,70.57,100.37,21.64,909.9,26.11,36.3,2.47,7.19,929,79.57
2494.9,88.07,106.82,1688.5,1064,310.7,11.78,41.71,58.09,57.75,23.81,619.7,16.38,37,2.89,8.52,1065.8,73.67
1093.7,63.21,63.1,1720.1,1062.5,279.9,8.61,48.95,49.72,62.57,12.05,606.4,18.7,36.7,2.15,7.65,556,85.47
2277,86.21,106.39,2168.2,1331.6,410.1,15.13,30.92,73.03,126.75,27.03,1075.7,28.65,45.3,2.8,7.11,978.3,89.84
1472.2,83.99,99.95,1604.3,1037.9,251.5,9.03,44.62,47.47,53.07,12.58,563.2,17.19,37.1,2.24,7.01,811.9,85.97
1497.1,88.82,106.94,1723.8,1049.3,337,14.17,49.76,60.75,67.87,16.72,618.3,20.29,32.4,1.95,9.84,859,57.14
1716.3,89.46,110.88,1809.1,1065,361.2,18.4,45.34,69.49,74.32,16.09,691,22.44,37.4,1.93,11.09,942.9,54.11
1898.9,85.95,106.55,2027,1182.5,341.2,12.46,36.47,62.46,105.34,22.87,934.4,25.39,38.6,2.49,6.55,933.1,86.32
1724.6,82.86,98.64,1665,1028.2,290.2,11.08,48.21,50.06,49.66,17.13,539.8,16.13,36.8,2.48,8.27,897.8,72.16
1428.1,88.07,102.72,1521.7,1000,225.6,11.18,50.22,41.64,36.91,13.79,538.7,12.03,30.4,1.98,8.57,813.2,75.66
2071.4,85.96,103.38,2112.4,1275.3,366.5,13.61,35.71,68.35,122.67,25.89,981.2,30.98,43.2,2.55,7.91,949.5,84.08
1641.9,90.07,106.22,1738.3,1056.1,309.9,9.78,46.47,54.67,74.55,16,697.1,20.73,37.9,2.13,6.55,870.7,83.75
2250.7,85.66,101.79,1854,1199.2,299.4,7,38.27,44.3,80.29,24.94,817.8,20.5,41.8,2.87,5.22,996.2,91.82
1680.9,86.48,106.77,1659.3,1097.5,270,10.27,45,50.9,53.41,14.47,538.3,18.17,37.4,2.35,7.36,890.8,78.4
3138.9,87.51,109.53,2252.4,1464.3,438.9,14.93,21.41,78.47,117.52,44.73,1048.4,28.21,50.6,3.77,6.12,1202.7,97.18
2686.1,88.21,104.4,1845.7,1232.9,331.6,14.29,36.9,62.6,85.63,30.32,730.4,22.21,37.5,2.9,8.14,1126.1,78.84
1041.4,83.45,98.85,1561.9,1073.5,240.6,6.26,49.37,43.06,40.16,9.72,527.9,12.39,32,1.8,6.5,530.6,90.95
2460.6,88.62,106.76,2108.9,1306.5,362,8.27,28.35,62.97,110.92,29.3,980.6,28.75,43,2.87,5.3,1014.8,91.99
2849.7,85.84,104.71,2431.6,1451.1,484.2,23.4,22.2,84.18,137.99,41.73,1183.6,34.18,52.4,2.97,8.51,1225.1,68.78
2667.7,59.27,58.06,1809.8,1178.4,292.3,11.2,39.61,59.44,65.38,30.64,733,18.72,42.3,3.71,6.96,1091.6,82.76
766,80.81,92.76,1420.6,1000,205.3,7.37,58.58,35.89,28.17,3.38,447.7,11.78,28.7,1.57,7.07,395.8,86.83
3130.1,87.76,109.25,2479.1,1602,418.6,16.29,19.11,82.27,149.7,55.25,1291,34.58,57.5,3.51,6.86,1240,95.41
3168,88.06,109.71,2281,1488.1,443.2,17.2,22.55,84.84,124.93,47.13,1200.3,31.33,53.1,3.38,7.59,1236.6,86.57
1016.9,62.53,64.84,1545.9,1022.7,273,8.89,44.69,46.17,39.45,11.74,559.2,12.84,28.6,1.98,6.72,512.6,83.93
2790.5,84.94,107.16,2060.3,1325.9,400.1,12.43,32.95,71.54,107.67,38.84,959,27.22,49.8,3.16,6.83,1160.9,88.52
1356.8,86.12,101.9,1522.8,1000,245.3,11.7,52.58,38.02,28.66,12.02,322.6,12.48,34,2.01,8.81,749.2,70.82
1145.1,85.92,100.69,1770.8,1072,305.6,11.85,42.47,58.04,70.15,11.62,700.2,19.03,41.5,1.93,7.63,590.9,79.27
2453.6,48.37,47.14,1819.9,1175.2,312.7,12.98,35.12,69.16,72.25,27.32,700.7,20.54,43.9,3.5,7.73,1024.4,79.96
1796.1,83.07,105.59,1980.2,1202.7,336.8,12.96,33.34,57.85,100.17,22.29,835.1,26.81,36.1,2.39,7.12,896.1,84.58
2735.5,88.21,106.73,2176.7,1305.7,390.5,16.02,27.7,76.8,118.27,32.98,954.5,28.39,48.6,2.84,7.94,1124.1,82.47
2193.4,85.64,104.07,2081.6,1260.1,343,11.66,31.52,66.69,110.77,27.72,971.8,28.26,43.4,2.6,6.49,982.2,91.97
837.3,84.34,97.44,1407,1004.7,196.5,5.39,56.36,34.49,16.89,7.19,407.7,9.64,30.6,1.77,6.75,433.8,91.08
2668.9,87.2,109.25,2168.9,1349.2,389.2,17.09,24.94,72.72,119.17,38.27,983.3,29.83,47.6,2.94,7.91,1115.8,80.85
2420.7,88.2,104.7,1994.8,1223.8,379,14.62,32.98,72.25,98.06,28.16,909.1,25.94,44.1,2.85,7.99,1038.5,78.06
1736.6,89.57,104.32,1862.2,1082.1,357.4,18.05,37.63,68.26,84.74,19.84,734.9,24.08,35.6,2.15,10.77,937.7,57.27
1418.9,83.85,98.66,1718.9,1129.3,255.3,7.24,44.96,49.24,58.37,12.91,596.5,18.01,34.5,2.15,5.89,760.6,96.39
1642.2,85.26,98.38,1729.2,1123.6,289.6,9.87,43.85,45.72,65.57,14.44,663.3,19.59,38.9,2.4,7.19,873.8,85.73
2667.1,86.29,103.84,1671.1,1122.1,279.4,11.3,42.99,57.16,54.29,27.44,611.9,16.08,41.3,2.72,8.05,1107.2,71.86
1842.7,86.84,110.61,1971.5,1152.7,355.1,16.74,35.21,73.21,96.66,17.76,821.1,25.72,35.8,2.09,9.14,950.8,65.68
762.3,79.21,90.67,1385.7,1000,199.4,8.69,53.82,30.48,17.88,6.6,350.7,8.22,34.5,1.67,6.87,409.1,88.73
1882.1,85.23,103.52,1698.5,1067.9,270.9,11.46,50.5,57.91,61.61,18.11,643.8,18.77,35.8,2.46,8.31,927.4,78.23
700,80.84,90.03,1395.6,1032.8,172,2.18,56.29,34.71,11.26,5.28,318.4,8.58,36.8,1.52,4.48,373.5,98.12
1754.4,64.84,65.25,2064.5,1189.6,425.8,17.26,35.28,72.83,107.79,17.03,881.4,27.71,43.3,2.64,9.4,922.3,68.37
1070.1,85.88,100.7,1497.7,1000,249,15.09,55.39,46.05,25.14,7.45,332.8,11.16,31.8,1.5,9.98,542.4,63.98
2557,86.69,104.22,1813.3,1217,308.3,8.96,44.54,55.88,64.17,25.21,758.5,19.15,44.8,2.99,5.98,1052.1,90.71
2277.4,91.61,114.87,2417.2,1356.4,499.3,28.38,20.1,89.15,153.06,34.76,1235.1,38.8,43.2,2.29,10.69,1046.5,55.61
2443.2,88.82,107.14,2121.8,1342.2,376.9,15.15,36.77,68.59,122.22,30.75,959,30.22,46.3,3.22,8.09,1023.8,86.63
1805.2,89.25,108.74,1791.5,1126.4,338.6,11.03,40.94,58,74.77,19.42,735.5,21.76,33.1,2.17,6.83,917.6,79.27
2289.3,87.99,108.12,2182.9,1274.9,439.9,19.64,23.69,79.83,119.74,28.07,935.3,29.09,40.7,2.62,8.17,1018.4,71.78
2241.5,84.38,101.9,2054.1,1195.9,377.7,13.81,34.58,66.97,105.99,22.29,878.2,26.84,41,2.81,8.15,981.5,77.67
1212.9,57.78,57.44,1512.7,1000,235.9,11.74,54.09,39.11,27.7,9.26,411.1,12.95,34.2,2.15,9.23,666.4,67.87
1324.6,84.79,99.55,1656.9,1011,266.1,8.85,49.1,47.38,50.3,12.29,599.7,15.6,35.4,1.89,6.97,733.9,81.94
1689.4,90.66,108.52,1642.5,1009.2,317.6,14.47,48.29,51.21,53.91,16.09,565.4,15.74,37.2,2.04,9.75,913.4,63.14
1259.4,87.99,105.05,1507.5,1000,277.9,15.14,51.97,45.07,29.17,7.4,307.1,12.08,35.3,1.73,9.92,723.1,54.81
1692.7,88.1,105.52,1737.7,1000,338.7,18.03,41.24,58.56,64.55,15.76,590.1,19.53,32.8,1.99,9.69,944.9,52.63
1759.2,88.32,102.51,1618.8,1062.8,247.6,10.18,43.86,46.01,45.6,15.21,613,15.21,35.7,2.46,6.43,871.5,86.84
2282.3,89.73,113.55,1759.1,1098.7,338.3,18.33,41.49,57.05,65.88,21.13,625.4,19.13,36.9,2.15,10.14,1053,55.11
2636.3,87,104.25,2035.6,1302.8,364,8.24,33.54,63.27,105.31,31.37,1009.8,26.36,45.4,2.95,5.38,1075.5,99.88
810.8,83.33,99.85,1434.7,1007.9,204.1,10.06,55.51,33.37,21.22,4.72,287.4,9.5,27.1,1.76,7.39,417.1,78.07
1806.2,89.03,107.03,2227.7,1360.2,356.2,12.04,25.61,71.6,139.97,25.04,997.3,33.5,42.4,2.2,6.48,885.8,93.48
1342.1,82.87,99.31,1819.1,1154.3,275,10.15,44.01,51.41,77.34,17.36,786.9,21.34,40.9,2.17,6.75,725.3,91.29
2630.3,86.65,103.88,1901.9,1207.3,339.8,12.11,33.34,61.08,89.4,29.16,897.1,22,43.1,3.04,6.93,1081.5,83.43
2180.2,68.46,67.65,2152.7,1277.3,417.9,18.59,29.87,74.02,116.4,29.25,1002.4,28.81,41.5,2.89,8.27,983.4,72.12
2546.7,90.68,111.59,2268.9,1348.7,444.6,24.56,19.86,87.66,132.39,33.48,1089.6,33.85,48.1,2.55,9.62,1095.2,64.45
1956.8,90.47,111.52,2170.4,1288.2,404.8,17.41,34.63,75.52,125.17,22.86,979.6,30.94,43.6,2.37,8.29,955.2,83.67
1782.7,87.54,107.42,1739.6,1092.3,319.1,13.23,39.12,53.56,70.55,19.68,722.8,19.95,36.7,2.24,8.87,892.4,75.77
2506.2,88.24,110.12,1985.6,1200,404.1,16.72,34.48,63.1,98.39,27.84,845.9,25.53,41.1,2.63,8.41,1050.2,72.73
1896.7,90.11,108.81,2026.8,1161.5,373.9,15.88,37.51,77.88,108.65,20.24,899.9,28.38,36.6,2.22,9.07,926.8,68.17
1039.2,47.06,50.6,1446.2,1000,195.9,8.85,54.7,39.67,30.29,7.2,428.3,13.2,32,2.33,7.75,545.2,79.39
2940.4,89.38,108.97,2479.7,1528.4,453.8,21.63,19.11,85.02,156.71,48.83,1340,37.67,52.8,3.15,9.5,1200.9,82.76
1894.3,91.44,113.54,2007.2,1136.1,424.8,22.51,37.28,78.54,108.46,21.07,879.8,30.05,38.5,2.14,11.77,978.9,48.75
834.9,89.33,106.27,1395.1,1000,258.3,14.13,57.69,37.1,22.47,8.71,364.1,12.15,35.2,1.54,10.58,449,61.21
1110.2,85.61,100.33,1753.5,1099.6,286.8,8.72,40.96,50.05,68.79,14,715.1,18.39,35.1,2.15,5.94,547.4,99.3
1612.1,90.4,105.96,1719.1,1105.9,292.4,14.72,44.22,46.43,59.79,16.13,561.8,17.24,37.6,2.17,8.36,878.2,70.15
2933.2,88.12,109.83,2427.9,1539.1,462.9,21.19,18.77,92.25,149.63,42.63,1248.1,34.91,56.1,3.44,7.56,1233.1,90.26
2877.7,89.83,111.98,2454.7,1506,518.4,22.4,26.67,82.39,150.92,52.24,1224.6,36.69,53.9,3.13,9.03,1221,78.49
1047.5,84.64,100.99,1480.1,1000,305.4,13.61,56.54,43.48,36.28,8.21,462.8,12.36,26.9,1.67,9.59,539.2,69.82
2443.4,88.71,105.01,1801.4,1170.1,292.5,7.05,35.95,52.27,72.34,27.89,809.5,19.76,40.9,2.96,5.5,1023.5,92.12
1713.8,85.55,105.71,2038.3,1174.7,405,17.75,36.12,77.88,113.5,21.75,942,29.19,36.4,2.38,9.52,896.2,68.82
3116.9,85.32,102.7,2172.1,1446,391.1,11.68,26.3,63.29,110.86,42.29,1080.6,27.73,48.8,3.53,5,1198.8,96.2
2671.7,87.82,104.82,1985.4,1231.4,345.1,13.62,34.89,66.85,83.16,29.83,846.1,21.75,45.9,3.18,7.24,1131.5,78.13
820.5,83.13,92.35,1359.8,1000,208.7,12.58,57.71,33.97,12.53,4.03,280,10.89,35.5,1.51,8.89,449.5,66.18
1437.6,85.97,101.93,1607.3,1017.9,264.7,11.61,48.36,49.26,45.56,11.47,572,15.59,34.9,2.11,7.78,821.1,78.15
1140.4,86.78,104.31,1685.2,1042.3,325.5,15.57,49.56,57.45,58.87,12.2,625.1,18.93,27.6,1.97,9.45,614.2,62.27
1155.9,84.65,97.73,1400,1008.4,213.1,11.5,57.4,34.28,28.47,9.87,391.4,11.73,31.4,1.91,8.26,618.1,71.4
2101.4,88,108.15,1975.2,1280.8,312.3,8.86,34.09,60.7,103.27,24.24,941.7,26.06,42.3,2.7,5.66,940.9,99.42
1743.6,83.9,104.66,2057.6,1227.3,375,14.18,37.07,70.55,110.63,19.11,911.4,29.44,39.3,2.1,7.58,892.3,84.37
2030.9,91.04,115.33,2139.7,1245.6,400.9,19.48,26.89,81.42,121.11,23.23,985.6,30.48,46,2.33,9.18,972.8,65.52
1220.7,84.18,98.93,1444.8,1000,232.8,9.44,59.17,43.91,25.01,9.47,437.5,10.88,33.8,1.88,8.98,653.1,71.45
1564.8,87.24,103.01,1838.3,1136.2,254,9.12,42.04,53.68,82.72,15.49,792.4,20.93,39.2,2.46,6.28,836.3,90.5
2448.7,87.99,109.67,2467.4,1487.7,441.7,19.77,17.17,83.64,163.29,38.41,1212.1,37.19,50.1,2.81,7.39,1035.3,90.18
1642.3,86.32,106.17,1997.9,1205.5,354.3,13.77,31.19,70.91,106.21,20.45,948.1,26.36,41.9,2.25,7.97,848.9,84.74
1428.2,85.76,105.22,1517.6,1042.5,268.6,13.25,50.99,41.36,45.42,14.64,463.7,15.34,34,2.01,8.82,825.4,69.07
1780.3,88.09,102.38,1718.2,1096,292.4,8.39,47.27,51.02,65.68,17.36,617.9,19.12,33.6,2.51,7.01,896.6,85.6
1304.8,81.86,94.82,1503.9,1027.1,189.2,4.04,46.15,36.06,36.16,10.59,552.9,12.75,33.6,1.93,4.86,705.7,97.19
2018.4,81.71,94.61,1877.4,1199.2,322,9.82,41.94,61.86,84.75,23.29,763.2,21.77,38.8,2.82,6.72,943.9,89.65
1013.9,88.44,102.95,1659.8,1083.8,275.7,9.59,48.26,47.63,58.06,8.25,702.9,16.59,30.4,1.87,6.63,506.5,84.96
1139.8,83.29,100.01,1659.2,1111,297,9.01,42.6,46.59,56.65,11.71,691.9,17.07,30.5,1.86,6.95,574.3,87.99
1771.6,85.54,105.91,2023.2,1164.6,380.4,17.38,34.61,61.37,101.59,18.41,960.2,26.29,37.3,2.25,8.58,904.4,73.33
2461.4,89.96,113.99,2033.6,1228.6,393.8,15.32,32.72,73.41,97.85,30.2,844,24.68,42,2.56,8.62,1060.8,77.8
1509.4,82.83,99.9,1583.4,1039.5,276,12.01,49.69,48.58,35.45,14.72,419.6,13.55,39.2,1.93,7.35,838.9,73.36
1763.9,88.89,103.68,1541,1000.5,224.3,10.49,42.47,42.83,41.58,12.78,515,14.89,32.6,2.47,6.54,889.1,80.1
2017.7,87.7,104.44,1722.4,1084.3,348.9,12.71,47.39,50.76,65.11,18.66,631,19.58,35.5,2.26,9.06,947.8,66.18
1855.9,86.74,106.29,1996.8,1210.9,367.5,13.76,36.72,69.39,106.28,22.83,908,27.1,40.2,2.41,8.45,947,76.4
737.2,86.97,104.57,1392.9,1000,219.6,8.86,54.12,37.75,13.94,8.08,320,8.7,33.2,1.43,8.47,414.1,68.45
1967.3,49.25,49.24,1724,1087.5,295.4,9.62,37.44,54.74,66.77,20.77,666.9,18.78,34,3.09,6.64,949.2,80
1571.5,85.16,100.8,1942,1169.5,335.1,12.66,36.92,66.46,94.56,16.81,831.7,25.36,37.7,2.18,7.61,862.1,82.57
2146.4,88.39,106.3,1888.6,1197.1,315.9,13.97,40.14,65.12,84.06,23.98,769.1,21.86,44.1,2.8,7.99,977.7,83.3
1551.4,83.21,98.38,1592.7,1057.2,243.8,10.74,51.31,43.88,42.22,13.62,609.9,15.47,39.3,1.97,7.75,852.6,75.39
752.1,86.82,102.46,1448.2,1037.4,218.3,10.41,52.67,33.5,23.85,5.56,335.2,10.92,30.3,1.63,8.51,405.6,78.29
2584.3,87.92,107.38,2098.2,1257.3,399.9,16.46,33.77,67.67,112.12,30.5,952.7,26.71,39.5,3.01,8.8,1084.5,73.68
1141.7,86.47,101.97,1543.4,1000,252,12.23,52.7,43.22,39.99,8.64,435.9,15.8,32,1.69,8.87,630.1,73.93
1871.6,87.43,104.47,1765.3,1117.9,336.4,11.64,34.33,63.95,75.69,20.76,756.7,20.37,37.2,2.26,6.53,921.5,83.11
1597.5,81.5,97.44,1677.5,1092.3,254.1,7.62,48.05,48.81,62.85,15.78,681.2,18.46,39,2.48,7.01,838,90.36
2089.8,86.23,105.68,1777.5,1125.8,292.9,10.35,42.22,49.3,71.23,21.79,714.1,19.46,41,2.67,6.61,955.6,88.21
3006.4,87.96,106,2155.7,1352.8,444.2,18.21,28.74,74.81,104.38,33.26,1003.2,26.41,47.9,3.1,8.9,1236.6,72.39
2194.9,82.03,94.94,1774.5,1164.3,297.1,7.23,41.38,53.06,67,24.17,644.7,19.75,37.9,3.01,5.97,988,89.89
1287.2,81.61,91.31,1451.6,1000,231.9,5.57,52.29,38.62,23.48,11.26,428.4,10.95,33.6,2.24,5.37,678.5,97.23
2420,87.35,106.96,1712.1,1051.5,352.4,18.07,45.81,56.97,64.67,20.16,627.5,20.11,35.4,2.53,10.07,1100,50.01
2542.1,90.48,110.25,1983.8,1236.9,372.7,16.09,40.94,68.61,96.15,31.41,811.1,25.52,40.8,2.76,9.03,1092.6,74.77
1851.7,87.05,106.05,1975.8,1194.3,349.7,11.26,32.26,69.54,99.95,20.15,869.6,25.66,39.8,2.39,7.57,911.1,85.5
2292.1,86.88,107.34,2136.9,1258.2,369.7,17.55,28.54,73.46,124.62,28.75,1020.2,30.18,48,2.77,7.95,1000.8,82.54
1031.7,90.55,107.28,1638.1,1064.9,332.1,14.97,51.42,56.87,53.9,9.49,641.3,16.53,38.4,1.6,9.47,539.2,67.57
2997.2,89.43,108.42,2454.8,1528.2,458.1,22.92,20.33,82.89,147.53,48.15,1319,35.45,56.4,3.26,9.3,1252.1,72.22
2205.1,89.26,109.73,2465.6,1462,469.2,19.21,24.07,87.12,171.36,36.68,1242.1,40.17,44.3,2.64,8.03,973.6,82.58
2706.4,90.24,113,2216.3,1337.8,445.1,21.48,24.12,84.17,129.72,36.47,1094.6,32.65,48.1,2.71,8.85,1142.9,67.67
2309.8,86.56,101.75,1998.9,1257.4,352.3,9.96,32.99,63.72,92.62,25.39,883.4,24.41,41.1,2.78,6.97,1010.2,90.15
1244.7,90.09,105.53,1484,1000,282.9,13.27,55.29,47.3,33.18,11.19,459.2,12.3,33.9,1.55,9.91,701.1,60.53
2795.4,90.83,111.35,1978.1,1176.5,398.8,21.89,35.58,70.18,91.35,30.79,835.1,25.96,44.5,2.77,11.16,1201.4,54.96
1445.9,87.23,102.58,1546.8,1037,232.8,7.36,47.19,45.03,32.9,11.35,447.7,12.75,36.1,2.09,6.9,794,86.06
1539.4,91.63,108.9,2052.7,1170,367,19.17,34.33,73.83,114.46,18.75,992.7,27.4,36.6,2.06,9,865.6,75.72
2986.9,86.71,104.35,2186.2,1325,422,18.18,29.23,84.9,116.87,38.34,963.5,29.57,44.4,3.17,8.83,1258,74.09
1185.5,85.89,101.09,1567,1000,255.8,13.43,46.71,45.39,43.04,12.09,456.3,16.41,34.3,1.96,8.25,649.4,69.92
2551.4,90.01,108.53,1927.3,1204.8,374.5,14.8,35.11,73.26,82.99,26.35,833.4,22.74,45.5,2.79,8.75,1077.7,73.04
2628.5,90.39,111.12,1799.7,1176.8,320.8,12.77,40.11,56.3,74.1,29.35,641.6,20.83,39.8,2.67,8.13,1123.8,70.43
1747.4,86.74,101.65,1712.6,1099.9,269.1,9.44,49.48,48.51,59.62,18.59,683.9,17.28,34.7,2.28,7.1,880.6,83.61
1424.5,82.88,98.89,1736.4,1056.6,306.1,12.84,42.01,49.08,65.37,13.35,640.4,19.34,34.5,2.09,7.89,798.3,78.27
1155.1,87.25,101.96,1690.2,1076.9,293.2,10.17,51.84,55.18,58.19,11.23,637.7,17.68,33.1,1.76,8.06,618.9,79.13
1672.1,85.15,101.79,2036.8,1185.4,326.5,8.84,29.11,59.45,112.95,20.57,939.4,28.04,41.6,2.54,5.52,869.1,92.69
2688,90.86,114.83,2095.3,1365.5,416.6,16.93,32.32,72.26,110.76,33.66,958.9,28.2,49.9,2.82,8.23,1096.9,81.63
3200.4,47.11,47.49,2403.9,1474.3,502.7,25,20.65,88.26,132.51,59.84,1108.1,32.46,53.9,3.81,10.3,1314.9,65.42
2165.5,89.39,109.43,1899.5,1164.9,338.7,12.46,38.74,61.16,88.79,23.09,770.4,23.63,38.5,2.46,8.45,992.7,73.72
2462.6,91.2,108.25,1970.4,1235.7,347.7,12.6,35.47,68.32,93.18,29.84,833,24.92,40.7,2.86,6.78,1066.2,81.7
2690.5,88.02,108.68,2283.7,1430.7,420.8,17.2,24.87,77.94,131.85,39.65,1148.7,31.29,48.2,3.09,7.82,1078,83.68
2669.2,90.69,110.46,2305.6,1313.2,508.7,26.56,23.69,86.42,133.68,35.09,1156.2,34.19,46.1,2.47,10.61,1161.9,57.68
1743.8,86.34,101.6,1679.2,1090.7,240.5,7.29,40.14,45.46,49.61,16.99,537.1,16.14,38.9,2.53,5.5,854.7,92.72
758.7,81.81,92.75,1332.4,1000,204.9,6.06,59.22,33.65,13.5,6.4,280,8.29,32.3,1.77,6.83,398.5,86.67
1253.3,85.15,102.54,1733.2,1023.9,274.3,11.58,41.64,53.68,66.82,10.31,601.1,19.84,32.5,1.93,7.86,680.6,79.28
2274.4,91.42,114.63,2089.6,1226.4,427.2,21.56,28.01,75.47,112.15,30.99,1005.7,28.1,43.6,2.49,9.35,1015.2,69.1
1451.3,83.88,96.13,1466.9,1002,223.4,7.53,49.87,36.98,27.48,10.85,420.2,10.55,35.4,2.19,7.01,808.2,78.38
1100.1,85.07,96.1,1468.3,1000,210.4,8.71,56.3,43.64,24.01,7.1,425.2,9.69,32,1.54,8.52,572.5,77.42
1371.1,85.22,102.72,1741.9,1123.5,300.7,9.5,44.33,55.51,60.38,13.1,602.6,18.28,34.1,2.25,6.46,746.9,89.67
2634.1,86.89,110.61,2060.7,1281.6,402.6,15.99,31.64,72.78,103.13,31.95,918.5,26.38,46,2.9,8.16,1078.2,77.04
2369.2,89.9,109.79,2170.8,1364,381.8,14.67,33.18,74.56,132.25,30.6,1151.8,32.31,48.8,2.74,7.8,1019.4,86.6
785.9,88.39,98.2,1482.7,1000,228.9,8.43,52.18,43.55,30.62,5.41,495.3,11.11,33.1,1.65,7.82,422.3,79.69
1953.4,87.47,103.3,1990.5,1178.4,366.1,15.83,40.21,69.03,105.05,22.4,895.5,27.68,37.3,2.53,8.9,952.7,77.03
2021.7,70.23,90.83,1946.1,1203.9,360.4,16.48,38.73,62.06,94,24.81,840.3,24.51,41.9,2.66,7.88,934.4,76.47
3162.1,91.25,116.15,2218.5,1389.5,458.6,21.37,23.36,79.54,120.56,42.79,1064.2,30.53,49.7,3.09,8.87,1302,75.32
1852.5,91.43,109.21,1759.8,1110.6,325.7,14.03,40.94,55.39,69.23,17.84,746.1,20.12,37.1,2.2,8.14,945.2,68.65
3291.9,91.49,108.92,2121.6,1397.2,412.3,15.48,25.27,70.48,103.55,42.57,1000.9,26.38,49.7,3.33,7.19,1297.5,81.21
1599.9,89.22,111.62,1870.9,1101.6,364.5,21.48,44.71,67.42,91.56,15.06,735.1,24.73,35.3,2.04,11.08,904.7,54.13
1261.2,84.16,94.59,1560.3,1019.7,246.5,3.26,49.15,42.19,38.74,12.24,536.3,13.36,31.7,2.06,4.97,662.8,99.2
1110.5,82.5,98.42,1661.8,1000,317.9,16.69,47.12,49.54,54.91,10.06,521.8,16.66,33.1,1.78,10.34,616,59.62
1654.5,84.47,97.52,1452.1,1008.4,234.4,7.85,52.07,32.76,22.89,12.67,395.9,12.29,34.2,2.26,7.45,893.7,83.92
806.7,81.63,92.87,1366,1022.5,191.1,7.37,60,33.27,8,6.76,386.3,8.83,32.4,1.55,6.6,410.4,85.06
2504.9,87.95,109.05,2124.7,1255.7,399.1,17.46,28.9,75.05,112.33,31.3,929.9,30.56,40.8,2.74,7.58,1099.1,77.19
1632.5,86.43,102.13,1823.8,1114.5,329.8,11.55,36.54,62.3,78.71,15.42,719,21.25,37.7,2.17,7.73,867.2,74.43
2304.2,91.03,109.46,2030.3,1267.5,368.5,12.71,34.69,65.11,101.71,27.42,1020.3,25.7,47.5,2.89,6.51,1002,89.96
3079.6,92.94,116.06,2323.9,1453.5,448.6,17.95,27.02,84.75,126.7,44.28,1062.7,30.21,48.3,3.32,8.44,1273.5,81.96
2953.1,89.98,115.81,2457.3,1467.6,506.2,28.12,16.9,86.39,148.75,45.89,1186.1,37.4,51.2,2.65,10.6,1245.5,61.16
3082.6,86.7,108.37,2162.4,1372.9,405.4,13.4,29.71,67.6,108.38,42.8,1038.6,27.18,48.7,3.26,6.01,1234,94.84
756.8,82.16,94.35,1440.5,1007.3,210.5,8.42,54.59,35.22,25.37,5.25,381.8,11.69,32.2,1.73,7.04,399.5,88.61
797.5,87.36,97.76,1417.9,1000,257.5,9.23,58.65,41.58,17.44,6.5,299.2,9.98,33.3,1.54,8.03,429.3,74.9
1293.4,87.05,102.99,1639.3,1068.4,295.7,10.74,42.39,46.46,58.25,11.52,618.7,16.17,33.3,1.96,6.73,711.2,83.39
2365.3,91.56,114.39,2224,1268.3,453.2,21.73,28.44,78.64,132.23,30.48,1109,33.58,45.9,2.38,10.74,1080.2,58.91
2363.5,88.47,107.41,2016,1233.2,356.8,15.06,36.6,63.04,94.69,26.54,894.4,26.51,44.4,2.75,7.18,1011.2,84.73
1351.1,85.97,100.7,1779,1087.6,285.5,10.46,42.49,51.35,65.87,11.9,706.9,18.63,34.8,2.2,7.21,740.1,88.37
3072.3,87.52,108.95,2216.1,1380.4,419.8,18.24,28.04,73.3,113.51,42.36,1064.3,29.17,50.6,3.18,7.95,1279,79.77
2048.2,88.3,103.34,2014.2,1236.4,333.9,10.22,34.71,68.83,100.73,26.6,1001.5,25,44.9,2.76,5.81,932.3,97.12
2300.9,87.14,109.26,2060,1219.1,405.6,19.52,28.23,68.05,100.9,27.13,984.8,27.57,45.7,2.62,9.23,1048.9,63.74
720.7,85.77,102.56,1369.7,1000,226.1,11.25,57.91,39.56,13.22,7.46,350.5,8.9,30.8,1.51,7.64,391,79.66
1503.5,86.33,105.21,1934.4,1120.2,349.1,15.88,37.16,72.39,99.54,14.75,881.1,26.25,39.1,2.06,8.67,830.9,73.13
1581.3,85.92,103.86,2059.7,1190.3,340.8,9.98,31.84,68.81,114.23,18.27,865.4,28.79,39.2,2.36,6.68,832.9,90.11
2826.3,84,105.64,2155.9,1325.1,425.6,16.49,25.8,79.33,117.69,36.15,1128.3,29.1,44.8,2.96,7.65,1160.2,80.53
1710.8,89.3,111.21,2095.4,1156.6,417.8,22.05,30.2,78.04,111.29,20.75,901.9,29.71,44.7,2.03,9.59,937.2,57.48
1627.9,86.08,101.99,1581,1053.7,250.5,8.77,43.5,45.01,41.94,15.22,541.5,14.25,38.3,2.24,6.33,866.6,88.86
2245.1,88.44,106.49,1964.6,1284.1,335.5,10.97,36.22,67.17,98.51,24.42,991,25.51,45.9,2.6,6.55,967.2,93.27
2950.2,88.42,109.73,2162.8,1331.3,405.9,19.27,26.68,82.91,120.1,39.63,1000.4,30.68,46.7,2.8,8.41,1278.1,66.32
2624.4,86.44,108.5,1729.9,1127.7,319.1,15.7,35.72,61.15,61.46,26.28,640.1,17.02,41.3,2.85,8.57,1144.3,66.37
1912.2,83.25,97.83,1851.5,1239.5,284.5,10.03,38.9,57.15,83.33,20.47,764,22.06,40.6,2.51,7.14,915.9,88.19
1319.7,80.97,97.19,1503.7,1007.5,214.1,9.48,51.77,36.72,27,8.15,425.8,10.74,38.3,2.13,6.58,714.5,86.37
794.1,84.5,97.1,1394.5,1000,239.6,9.62,59.78,37.57,19.04,3.58,280,9.09,30.3,1.67,8.35,437.9,70.8
2629.5,89.15,109.44,2020.9,1241.8,373.4,15.69,29.72,66.46,94.55,29.6,885.3,25.42,44.1,2.97,8.18,1098.1,77.79
1546,86.22,100.56,1802.4,1087.9,295.4,13.6,41.39,51.9,75.24,13.45,726.9,19.18,38.6,2,7.22,836,87.49
2468.4,48.41,46.76,2200.3,1303.2,364.3,12.01,31.45,71.37,129.13,34.32,968.5,31.02,44.9,3.72,7.2,1013.1,92.87
1666.7,91.24,108.04,2111.3,1242.4,403.7,16.81,31.7,75.96,120.58,19.86,1001.1,30.24,43.4,2.24,8.16,862.2,82.5
2322.8,86.15,105.4,2413.5,1420.7,450.4,19.27,30.67,85.69,157.38,32.86,1261.8,37.5,48.7,2.86,8.96,981,83.85
2942.4,86.08,111.6,2165.2,1320.4,442.1,24.95,32.67,81.33,113.94,33.56,933.8,30.88,46.9,2.84,11.36,1292.2,52.79
1462.6,87.6,103.17,1629.2,1044.1,295.8,13.61,48.81,49.68,50.82,13.08,484.1,16.4,34.9,1.77,8.63,826.1,68.24
2058.9,85.71,101.58,1762.3,1095.3,307.9,10.9,38.22,54.24,66.04,21.38,611.1,18.57,33.1,2.46,7.35,1005.3,78.23
2020.5,64.02,64.46,1817.9,1190.6,312.9,6.56,40.02,51.13,76.58,22.71,804.3,21.6,43,2.93,4.87,904.6,96.53
1939.9,87.55,105.02,1779.8,1091,358.3,11.82,44.72,54.89,76.02,18.78,699.6,21.3,39.1,2.53,7.65,917.1,78.87
1885.4,68.23,65.31,1998.9,1203.1,391.2,14.92,40.86,75.11,105.29,22.81,914.3,27.59,41.5,2.88,8.71,942.3,72.62
784.8,86.42,103.23,1499.4,1000,287.6,15.25,54.66,47.39,28.22,6.62,311.5,11.83,32,1.36,9.78,442.7,60.22
2261.7,87.28,103.49,1950,1196.2,321.4,10.76,33.89,64.76,97.98,24.85,879.9,24.94,38.9,2.9,6.08,974,93.08
1569.3,85.04,98.74,1611.2,1000,299.7,11.88,48.1,52.79,50.04,13.87,577.8,16.85,34.1,2.03,8.63,866.8,76.29
2162.9,86.97,104.47,1962.8,1185.9,336.4,9.62,34.39,61.52,92.75,23.02,854.9,24.35,38.6,2.47,5.61,935.1,89.05
2740.5,68.75,71.83,2407.9,1400.1,484.9,24.68,23.97,89.28,147.95,43.73,1138.6,36.33,47.2,3.47,9.84,1154.4,66.95
2725.2,91.41,116.81,2373.9,1328.4,531.7,28.89,21.83,92.62,143.55,37.17,1173,37.4,43.5,2.49,11.04,1172.4,52.41
1681.9,52.79,55.45,1808.9,1165.4,293.7,9.68,41.48,57.37,66.02,19.86,683.3,19.64,37.9,2.95,7.62,853.7,81.69
1295.9,82.14,95.35,1618.3,1080.7,225.9,6.29,52.33,41.77,55.67,14.36,589.2,16.84,37.9,2.38,5.89,693.3,96.82
1244.8,90.27,107.06,1558.7,1015.5,286.2,13,47.95,55.64,38.78,11.27,464.2,14.02,34.4,1.7,8.91,671,66.62
2469.2,85.04,102.17,1957.9,1221.6,353.3,12.62,35.18,69.55,89.54,29.17,854.7,24.4,40.4,2.96,7.86,1015.7,84.04
1943.7,85.67,100.99,1734.9,1085.9,315,15.57,37.2,53.04,62.23,18.25,666,17.87,35.1,2.22,7.71,952.9,64.88
1419.1,66.9,64.07,1622.8,1048.8,267.3,10.27,44.5,48.1,50.32,16.15,618.1,15.33,37.5,2.57,7.28,773.5,88.18
2885.1,91.42,111.88,2156.2,1254.5,429.7,21.87,25.19,76.6,106.35,34.86,918.7,28.88,44.3,2.9,9.14,1234.9,65.98
1619.5,83.14,99.06,1625.3,1035.4,297.2,9.99,47.77,53.73,50.57,15.06,588.3,15.81,37.1,2.31,7.3,860,86.39
1643.2,88.56,105.83,1443.9,1000,209.8,10.21,52.25,39.9,26.09,15.2,363.7,11.08,38.2,2.16,7.58,898.1,71.87
776,84.47,96.2,1396.8,1000,210.9,6.03,53.97,27.88,8,6.2,354.3,8.69,34,1.64,6.84,416.3,82.63
2439.9,86.6,105.23,2499,1488.1,415.5,17.39,24,87.42,165.87,36.62,1316.3,38.92,47.4,3.17,7.41,1029.2,92.59
2472.9,89.22,108.28,1812.6,1105.5,382.5,17.74,43.66,70.09,75.23,24.27,611.6,22.22,33.8,2.38,11.31,1102.7,51.46
811.8,88.52,105.45,1451.2,1000,253.2,12.29,60,34.29,18.5,5.62,280,10.46,35.5,1.34,9.33,446.1,59.19
2459.4,88.85,109.83,2093.9,1238.4,427.5,18.75,32.9,73.57,116.45,27.66,1012.1,30.04,39.7,2.71,8.88,1070.3,69.9
2276.3,83.14,101.79,1744.2,1092.4,291.4,11.21,39.58,56.3,68.75,23.46,674.3,19.55,34.9,2.63,7.02,993.9,84.83
1742.2,89.57,106.19,1522.2,1000,289.9,13.12,48.88,47.82,33.97,15.32,426,13.89,32.9,2.08,9.63,927.4,57.51
2681.1,88.12,108.72,2032.8,1291.2,374.4,13.66,31.33,66.98,95.94,32.47,856,25.84,44.4,2.99,7.76,1105.8,81.27
1342.3,88.64,103.55,1733.1,1092.8,282.6,12.54,47.27,50.28,58.92,15.32,657.6,17.76,37.2,2.06,7.91,738.1,80.63
1476.2,60.86,61.72,1525.3,1049.3,225.5,4.24,48.62,31.54,39.54,12.09,487.2,13.75,33.2,2.77,5.56,806.5,93.74
1909.5,87.3,105.45,1931.4,1157.4,353.9,14.61,36.52,59.94,86.37,20.12,827.3,22.36,37,2.31,7.92,931.3,76.65
2138.9,68.45,70.52,2005,1219.6,396.4,16.89,33.71,63.06,103.52,28.32,898.1,26.33,43.7,2.84,8.35,969.9,76.96
2903.2,86.02,105.86,2216.7,1388.5,433.6,16.11,24.81,80.08,121.43,39.91,1125.9,29.24,46.2,3.17,7.2,1182.4,83.44
1229.2,88.02,104.84,1719.3,1044.8,310.6,12.72,45.22,50.29,58.59,11.22,563.6,18.79,40.8,1.96,8.83,665.8,69.78
3288.4,85.91,110.38,2185,1364.6,456.1,23.32,29.74,79.4,109.71,41.92,1087.7,29.98,45.6,3.07,10.56,1395.6,58.2
3084.5,90.18,111.35,2433.4,1510.2,480.1,21.61,22.83,83.58,148.74,44.37,1184.4,35.2,52.8,3.11,8.66,1275,75.04
2635.6,90.05,104.55,1977.2,1271.9,342.8,9.71,31.02,62.76,95.68,32.78,902,24.88,47.5,3.03,6.31,1056.8,92.35
1344.6,89.49,106.75,1654.1,1053.4,295.1,9.69,49.23,50.61,52.92,12.7,579.4,17.78,34.7,1.93,8.37,770.7,71.85
771.1,84.15,102.39,1425,1000,266.9,9.74,51.43,38.54,20.61,6.61,334.7,10.66,27.3,1.53,8.76,416.2,70.25
3060,86.47,107.89,2185.2,1388.5,376.3,12.52,26.85,72.46,103.08,41.49,950.5,25.23,49.1,3.4,6.6,1208.7,87.97
1448.3,87.8,101.48,1739.5,1083.1,295.9,11.68,43.5,61.02,69.1,14.54,755.3,19.21,38.5,2.23,7.57,815.4,84.96
1972.1,85.36,105.59,1973.9,1196.2,399.3,16.52,38,65.7,95.78,19.45,882.3,25.95,38.7,2.14,9.64,950.5,69.54
2408.1,88.81,111.54,2116.6,1288.7,399.1,17.33,29.35,70.75,119.71,29.86,1034.6,30.88,40.3,2.72,8.93,1034.2,74.38
1502.9,88.87,107.85,1642,1034.3,340.5,13.57,51.81,57.3,56.42,13.34,514.8,17.96,34.4,2.16,9.55,853.5,67.52
1572.4,47.72,48.94,1654,1089.1,267.1,9.51,46.6,51.41,62.32,18.8,605.2,18.71,30.9,2.74,7.61,864.8,82.42
1835.1,60.24,60.29,1799.8,1119.4,306.5,11.67,40.3,59.5,67.62,23.03,748.3,19.64,39.1,2.67,7.9,917.2,77.43
1337.4,87.71,96.69,1575.3,1049.5,290.9,7.99,49.85,42.88,39.42,10.69,566.5,14.38,36.3,2.22,7.26,724.3,85.05
3233.7,89.28,111.49,2424.8,1525.5,488.5,21.36,15.7,81.8,136.1,50.77,1216.7,32.3,53.9,3.17,8.04,1297.4,87.27
2262.7,87.21,105.24,2192,1364.8,415.6,15.17,28.28,72.75,125.21,36.07,1079,31.05,43.2,2.83,7.43,981.2,85.16
2605.5,84.88,102.35,2042.1,1311.3,347,13.88,32.9,75.63,101.72,34.08,920.9,25.97,48.4,3.12,7.92,1115,80.71
2890.8,89.81,108.41,2217,1361.5,440.7,23.51,29.24,79.6,112.72,36.66,1057.9,29.95,51.3,2.76,11.26,1244.3,59.67
1535.1,65.53,66.04,1725.2,1091.7,326.9,8.71,45.83,48.37,71.21,15.14,710.5,17.86,39.2,2.59,6.7,790.9,95.37
2006.7,87.56,106.5,1938.6,1196.1,392.7,17.75,33.14,65.51,94.52,21.32,885.8,25.84,39.6,2.38,8.54,978.9,65.24
2582.7,85.47,108.6,2196.2,1317.8,435.3,16.92,28.23,71.07,120.97,37.17,967.8,30.02,47,2.63,8.25,1125.3,72.5
1726.8,86.99,108.22,2115.2,1225.3,383.1,12.94,30.27,74.69,129.74,21.17,975.9,31.88,38.8,2.41,7.14,898.6,87.75
3039.6,89.51,111.6,2202,1373.9,418.2,16.65,26.72,75.48,121.55,43.48,1096.6,28.86,51.8,3.06,7.6,1280.2,80.75
1210.8,86.33,104.44,1508.4,1000,256.8,11.82,55.76,40.05,32.11,10.35,432.3,12.79,31.6,1.95,9.57,654.8,68.84
1471.8,67.45,67.93,1531.5,1074.4,262.3,5.16,47.95,38.73,34.38,13.72,467.8,11.92,32.5,2.24,5.43,810.6,93.72
3246,91.17,112.57,2442.4,1528.4,496,24.67,23.75,93.1,143.31,46.55,1270.9,35.31,53.1,3.12,9.45,1323.8,68.18
853.2,81.77,98.6,1422.5,1010.7,201.7,7.23,51.02,32.91,20.71,6.05,398.4,9.55,33.4,1.73,5.59,438.1,87.81
2439.5,93.36,113.34,1954.5,1194.8,351.8,15.25,36.93,64.84,88.29,23.09,824.3,22.23,41.6,2.75,8.42,1026.7,75.13
2715.2,87.07,107.08,2193.7,1335.7,428.1,19.34,33.22,69.03,116.69,31.86,968,30.73,46.2,3.01,8.9,1129,74.23
1006.7,87.28,105.37,1686.2,1068.8,302.8,15.18,45.86,53.64,62.81,7.57,726.8,18.97,31.6,1.69,8.82,516.8,70.77
2473,89.83,107.76,2178.6,1350.4,389.5,11.17,30.42,76.03,124.75,31.46,1019.7,29.9,46.5,2.79,6.68,1040.4,89.35
2020.4,82.95,104,1995.8,1225.8,319.5,9.31,34.01,67.68,107.31,22.65,888.7,27.28,41.2,2.72,6.27,938.5,92.31
2235.1,88.34,104.08,1977.3,1222.2,382,15.71,33.22,63.46,92.44,30.99,892.6,23.06,42.2,2.59,7.78,993.9,81.62
2087,84.42,99.29,1725.9,1098.9,273.7,7.15,45.86,55.33,60.75,21.71,687,17.52,37.7,2.78,6.23,924.5,90.81
1272.9,86.95,101.43,1434.6,1015,207.2,10.71,49.72,42.76,24.24,10.56,321.8,11.62,33.1,1.75,7.39,702.9,74.04
1913.1,87.79,104.52,1788.5,1087.2,302.8,12.3,39.11,54.51,70.4,19.41,692.4,19.51,35.2,2.39,7.1,916.4,80.37
2017.9,86.34,104.06,2054.9,1206.8,413.9,19.88,32.53,66.06,113.67,24.01,940.9,29.34,45.5,2.48,9.27,982.6,68.66
1025.3,57.38,56.54,1479.2,1014.3,228.7,5.1,48.32,36.11,30.49,8.29,418.5,12.9,28.4,2.33,6.07,526.8,85.27
2377.7,89.51,110.31,1980.5,1198.6,368.6,15.92,31.91,73.78,105.19,26.52,875.8,26.95,42.3,2.66,8.46,1044,77.37
813.8,84.42,97.66,1446,1000,206.6,8.9,55.49,35.3,13.31,8.08,422.7,8.63,34.4,1.55,7.64,421.5,81.81
2174,90.66,112.35,2181.4,1265,381.8,17.11,25.59,75.49,130.3,24.23,967.3,32.01,38.6,2.48,7.68,947.2,76.36
2511.9,83.67,99.3,1824.5,1190.4,318.5,6.91,40.83,61.31,71.94,26.96,711.9,20.05,37.7,3.18,5.75,997.1,95.53
836.2,59.88,57.35,1408,1000,240,11.63,57.55,45.15,19.91,6.66,358.9,10.34,33.4,2.09,8.23,453.9,70.59
2894.9,86.72,106.92,2424.7,1496,428.1,17.98,21.37,89.64,144,46.09,1317.5,34.1,58.1,3.16,8.1,1184.1,83.38
1653.1,90.18,104.94,1737.8,1118.3,276.2,9.84,46.27,58.34,77.71,15.71,731.6,22.64,40,2.06,7.8,860.1,82.97
826.2,87.78,101.48,1488.7,1000,224.8,8.18,51.84,45.38,33.1,9.51,400.3,12.32,30.5,1.56,6.9,441.9,81.58
1336.3,61.72,62.15,1609,1000,283.4,15.84,48.93,46.73,40.48,13.86,453.6,13.84,31.7,2.03,8.98,789.3,58.61
1091.7,83.4,98.91,1688.6,1121.7,275.2,7.13,44.22,53.13,58.75,10.94,770.6,17.15,34.2,1.77,6.45,553.5,89.84
2094.6,83.23,102.65,2044.2,1239.3,394.9,11.97,29.8,67.59,102.89,29.13,935.9,26.71,38.8,2.88,6.19,944.1,89.12
3224.5,91.27,117.71,2487.4,1498.2,502.3,22.72,17.36,87.78,152.88,46.14,1270.3,36.97,51,3.14,9.21,1314.3,74.26
1795.1,81.82,95.3,1605.9,1047.6,271.9,9.04,45.14,54.76,46.6,12.6,596,15.7,38,2.55,6.84,911.7,77.8
2258.8,83.5,99.29,2197.9,1307.5,380.1,12.45,21.24,65.86,128.09,32.19,1080.8,28.72,43.6,3.06,5.34,995.7,93.12
1770.5,88.5,109.21,2039.9,1190.4,397.6,18.26,35.73,70.96,104.32,18.78,910.3,27.81,40.6,2.04,9.8,936.2,62.44
2787.1,91.42,116.51,2306.8,1377.8,471.2,23.43,28.26,79.12,137.09,36.45,1222.3,34.2,50,2.79,10.34,1198.5,66.95
2351.4,45.33,49.21,2010.4,1263.4,326.2,12.52,32.92,70.11,100.21,31.79,920.1,24.43,41.8,3.57,6.93,1016.6,89.01
1681.2,46.08,48.09,1732.6,1042.4,288.1,11.58,36.66,55.79,68.01,21.01,720.8,19.18,34.3,2.7,7.09,877.8,72.84
1038.4,85.19,99,1645.7,1091.8,277.7,7.45,49.33,46.62,49.95,11.71,670.2,16.41,35.2,1.83,6.39,525.3,90.73
2160.9,89.96,108.91,2056.4,1191.2,384.4,15.8,32.74,71,112.54,25.18,974.4,29.53,38.8,2.58,8.52,976.3,78.75
2170.5,89.57,112.79,2038.5,1168.8,356.7,14.15,36.29,70.36,109.48,21.27,959.4,27.17,40.5,2.51,8.44,949.5,76.51
1232.4,85.21,98.61,1586.4,1090.6,217.9,3.52,48.92,35.98,40.23,14.22,559.7,12.42,36.9,2.14,5.34,628.8,93.97
2290.4,90.78,112.68,2291.3,1372.4,424.4,19.17,28.74,82.17,143.69,32.38,1173.1,34.74,46.4,2.4,9.44,993.8,77.27
799.4,88.85,100.19,1325.6,1000,204.2,11.06,56.14,32.23,15.83,7.13,302.5,9.24,27.2,1.66,8.16,428.9,76.04
3288.9,93.13,116.54,2386.6,1518.8,441.1,20.1,23.38,85.66,137.88,45.22,1283.4,32.67,54.1,3.48,8.03,1311.1,84.46
2547.6,65.08,66.14,2362.1,1360.1,482.4,26.54,25.34,86.85,147.33,36.19,1224.5,35.8,46.2,3.04,10.83,1106.8,61.79
2183.9,87.43,104.85,1921,1212.8,373.9,12.08,35.08,55.38,90.4,23.87,825.9,21.96,41.4,2.71,7.3,999.8,86.04
2413.6,86.8,104.41,1880.6,1232.4,342.6,11.62,37.8,59.65,88.54,28.28,860.7,23.53,39.8,3.12,6.94,1000.9,85.24
1687.6,71.39,90.18,2094.1,1229,414.4,15.82,33.18,72.97,124.64,20.43,942.2,30.18,40.6,2.57,7.88,875,84.35
1514.3,89.11,109.74,1664,1106.6,254,8.01,47.6,52.22,52.34,15.52,587.5,14.6,36.3,1.92,6.76,825.4,89.34
2742,89.03,109.88,1940.3,1244.3,353.2,12.48,33.37,65.96,90.1,33.99,872.1,23.51,42.6,3.03,6.99,1136.5,75.05
2760.2,89.18,113.12,2269.3,1341.7,463.5,23.84,26.46,78.97,136.76,39.44,1189,34.19,44.9,2.96,9.7,1178.2,65.44
723.5,80.22,90.97,1448.6,1040.3,210.7,3.3,55.23,36.2,22.87,5.2,491.2,9.88,31.9,1.78,6.14,374.3,95.93
2434.8,87.68,106.1,2325.8,1341.5,417.8,19.35,24.13,85.79,143.09,33.45,1178.7,35.82,41.1,2.85,8.44,1059.8,78.97
1529.2,87.2,99.13,1884.7,1163.7,301.9,7.71,41,56.42,92.31,18.08,827.8,23.49,38.8,2.34,6.18,805.5,97.06
2309,92.87,112,2165.6,1274.7,414.7,18.6,28.9,77.65,125.46,30.01,990.8,30.86,42.3,2.66,8.48,1040,79.22
1748.3,81.6,97.55,1663.6,1090.5,276.9,8.81,46.28,46.37,54.44,15.78,594,17.49,39.3,2.4,6.37,880.4,88.56
2193.4,85.21,102.29,1886.4,1179.2,315.8,7.97,41.16,59.02,80.82,26.07,808.1,21.85,36,2.97,6.14,968,96.54
2741.8,90.99,109.86,2250.5,1326.3,454.4,17.73,30.87,76.66,129.03,39.64,1065.3,32.99,45.1,3.03,9.06,1158.9,70.14
1200.6,84.6,101.38,1540.7,1002.5,247.6,12.72,50.36,46.52,40.85,6.68,536.9,14.17,33.4,2.07,8.53,647.9,76.01
2999.7,87.82,106.72,2230.5,1436.2,390.6,13.59,22.52,82.13,127,40.61,1116.5,29.86,50.8,3.52,5.7,1195.4,92.42
2464.5,80.58,100.37,1892.4,1205.5,304.9,7.69,31.7,60.38,83.02,32.57,800.3,22.74,41,2.99,5.72,1022.4,91.28
2977.9,84.55,106.89,2298.5,1414.6,478.2,24.88,26.04,79.98,127.2,42.2,1113.9,31.17,51.9,2.87,10.3,1280,60.78
2564.5,88.28,108.25,2115,1329.9,376.9,17.02,28.38,76.97,113.5,36.81,1010,28.38,44.7,2.87,7.46,1055.9,81.61
2613.6,88.45,107.59,2136.1,1251.4,413.2,22.64,23.97,65.78,109.06,32.33,864.6,27.44,45.1,2.85,8.46,1103.6,71.88
1670.5,86.3,101.39,1729.1,1060.7,282.7,9.97,42.68,46.31,66.74,16.97,668.4,18.98,35.5,2.32,6.72,864,84.11
2314.3,86.45,107.68,2156.8,1235.6,428.1,18.35,26.9,76.75,120.8,28.24,948.4,30.71,41.9,2.59,9.17,1068.1,67.8
1167.3,88.44,106.14,1745.8,1048.2,328.9,13.27,42.33,53.94,66.48,11.12,634.5,19.78,31.9,1.69,7.26,621.2,76.62
2081.4,95.33,117.34,2014.5,1197.3,385.8,17.33,34.57,69.16,103.74,20.77,805.4,25.78,39,2.3,10.19,1017.3,62.84
2592.6,46.29,45.46,1847.1,1196.8,353.6,14.58,37.26,64.71,74.13,30.94,708.1,21.39,40.9,3.39,9.05,1099.7,69.59
3145.2,86.28,106.86,2313.5,1476.6,490.4,27.03,30.15,86.49,129.46,49.26,1102.2,33.98,52.6,3.04,11.02,1329.5,61.84
792.7,83.64,98.79,1544.4,1004.9,263.6,8.65,54.01,40.34,28.88,5.16,386.8,13.09,30,1.64,7.99,413.2,77.84
1993.6,87.7,107.59,1920.6,1210.1,316.5,8.37,31.92,61.51,93.87,20.47,904.7,23.86,38.2,2.69,5.55,914.4,92.87
2386.1,87.7,106.74,2267.7,1390.8,382.1,13.87,27.52,78.26,138.6,34.43,1073.9,34.05,48.5,2.85,7.1,1007.4,90.25
2212.8,88.12,105.72,2012.8,1233.3,324.5,12.72,33.69,67.08,99.09,21.81,908.6,24.88,42.5,2.72,6.63,1001,85.62
2789.6,92.13,115.3,2333.8,1401.5,498.6,29.27,21.89,92.51,133.35,38.48,1167.2,34.64,49.9,2.65,12.1,1232.5,48.17
1155.6,86.57,102.34,1419.3,1000,243.5,12.11,58.84,38.78,24.65,10.93,348.1,11.35,32.6,1.84,8.89,631.9,71.7
2904.6,70.32,92.19,2128.2,1381.1,394.5,15.36,26.62,79.74,109.52,41.77,980.7,26.86,52.5,3.27,7.92,1205.8,83.63
1550.4,90.66,106.22,1692.5,1000,310.1,15.34,45.02,58.22,62.08,12.75,636,18.51,35.4,2.16,9.3,885.9,69.63
801.6,84.58,99.08,1528.8,1000,260.5,6.11,49.94,42.73,32.29,5.82,509.1,11.38,32.1,1.37,6.38,416.9,87.2
2780.9,90.7,116.29,2549.6,1535,515.2,22.24,20.02,90.31,159.38,44.8,1331.8,38.78,53.5,2.82,8.48,1204,76.29
1093,52.56,53.03,1642.1,1085.4,274.2,8.26,46.97,49.43,49.27,11.93,603.7,15.67,37.1,2.44,6.11,551.6,88.44
1005.7,82.06,96.02,1590.2,1000,292,13.1,53.06,48.28,42.41,10.44,428.1,16.59,32.4,1.93,8.32,512.3,74.11
2547.6,90.99,108.38,1992.1,1254.3,403.8,16.59,38.88,70.64,99.9,26.89,908.3,26.2,45.5,2.59,9.15,1067,70.08
2663.8,90.07,110.33,2060.1,1236.6,403.6,17.53,34.18,69.6,107.44,31.29,910.9,27.61,43.1,2.92,8.4,1153.1,76.84
3136.4,93.35,119.11,2334.6,1436.2,482.3,21.99,23.25,88.79,133.11,48.36,1165.8,35.07,54.5,2.73,9.55,1331.8,64.27
1510.3,81.79,98.73,1474.4,1000,234.6,10.9,53.2,43.65,27.09,11.83,414,11.79,33.1,2.4,8.24,838.8,75.25
2170.2,84.33,103.44,1822.6,1167.8,260.1,7.02,35.6,54.75,72.82,23.1,781.1,20.49,32.1,2.76,5.11,965.6,97.11
2128.5,89.03,108.97,1956.9,1127.5,388,19.04,39.42,72.86,95.77,19.46,878.1,25.01,40.6,2.18,10.68,1022.4,58.6
1707.4,85.57,102.91,1754.1,1102.5,292.4,10.25,41,58.63,72.83,18.32,644,21.06,36.1,2.2,6.65,913.2,80.03
1415.7,87.52,101.97,1622.2,1000,270.8,11.82,42.38,50.49,44.31,12.1,491.3,14.04,32.8,2.05,7.41,783.5,74.6
1670.6,65.41,66.59,1801.1,1119.2,286.3,11.37,39.98,55.61,78.45,16.29,745.5,21.52,39,2.54,6.78,860.3,89.03
1006.8,85.68,102.28,1548.3,1000,304.2,15.66,48.85,48.67,47.03,9.88,540.7,14.85,25.1,1.76,9.44,528.7,60.35
1065.3,86.17,100.06,1612.2,1000,288.3,8.24,44.96,50.92,51.61,8.93,539.5,17.11,27.7,1.9,7.27,530.2,80.34
1088.2,87.83,102.56,1443.9,1000,266,12.18,49.13,46.36,23.58,8.71,341.9,11.17,31.8,1.6,8.86,585.6,66.26
1970,87.85,109.24,1923.5,1133,362.8,16.81,43.78,71.07,103.22,21.15,864.7,25.93,35.3,2.45,10.14,962,65.02
2127.6,86.6,107.02,1762.2,1064.4,352.9,13.18,44.11,56.31,68.86,19.43,720.2,19.27,38.7,2.35,9.15,1005.6,67.79
1712.7,66.14,67.02,1708.1,1062.7,297.2,9.36,44.51,58.2,64.22,16.76,635,18.78,37.1,2.58,6.52,910.5,85.17
3237.5,87.76,114.73,2501.5,1562.9,519,21.47,20.13,89.06,153.28,49.33,1338.9,35.45,53.4,3.22,8.27,1288.3,84.38
781.3,84.69,99.73,1429.7,1000,208.6,10.01,50.31,35.71,19.38,3.74,444.3,9.73,33.4,1.73,6.72,411.3,82.23
2155.8,84.19,100.15,1798.7,1134.1,308.7,11.09,36.4,60.07,70.84,23.46,678.9,19.79,34.4,2.69,7.1,981.2,78.84
1873.5,84.62,103.04,1723.2,1125.6,323.9,7.25,44.64,47.02,68.64,18.07,680.9,18.32,37.9,2.49,6.06,913.3,91.18
1969.6,46.49,44.38,1790.9,1159.1,297.9,12.1,42.39,58.71,69.03,20.92,719.7,19.78,41.6,3.02,8.19,936.6,76.8
1786.1,88.27,104.83,1748.8,1078.2,324.8,16.24,44.99,56.2,71.67,18.04,550.3,21.29,39.9,2.09,9.15,922.2,63.87
1882.8,70.93,90.1,1901.8,1170.3,344.2,12.15,35.6,63.2,86.7,22.54,838.1,23.78,40.8,2.74,6.93,928.6,84.17
3062.5,86.51,105.65,2332.7,1504.1,433.4,15.62,20.29,80.48,128.6,44.38,1180.5,30.43,56,3.49,7.16,1232.5,92.11
1653.2,84.02,100.39,1609.1,1032.6,252,9.54,48.91,45.35,49.03,12.8,547.7,16.22,35.9,2.12,7.45,852.2,77.51
2124.4,90.65,108.57,2081,1226.7,370.3,10.27,28.16,73.54,124.33,24.25,983,29.37,41.4,2.74,5.75,929.7,92.89
2111,90.4,110.32,1881.8,1177.5,364.4,18.54,39.47,69.47,88.94,22.29,752.8,24.78,41.1,2.38,10.38,1028.7,59.82
1877.4,88.69,103.84,1863.9,1151.1,341.4,13.42,38.87,56.8,81.88,21.13,748.5,21.51,44.9,2.39,8.12,940.5,71.89
3204.3,93.03,116.55,2500.9,1547.3,495.8,19.18,16.11,83.57,148.86,48.13,1318.8,35.53,59.4,3.39,7.86,1260.8,88.57
784.8,81.64,97.01,1454.4,1002,205.5,5.81,54.51,37.75,26.08,4.94,466.2,10.86,32.4,1.78,6.41,405.6,92.78
2044.8,88.73,108.08,1955.9,1183,362.9,17.46,35.63,57.74,89.56,23.73,742.4,23.62,41.5,2.18,8.97,983.6,64.54
1733.4,87.14,109.97,2038.4,1156.8,375,19.12,38.01,66.94,108.12,20.9,893.1,29.55,39.9,1.98,10.13,929.8,64.17
2666.3,69.84,71.6,2321,1369.9,550.9,29.76,26.11,89.63,130.08,41.87,1024.9,35.35,43.7,2.86,11.56,1152.4,48.11
1156.4,84.58,100.04,1512.8,1073.4,215.2,4.71,48.04,33.8,28.75,13.26,510.4,10.91,33.3,2.06,5.42,581.8,97.67
2147.2,90.32,112.06,2032.2,1215.4,358.8,12.46,29.51,73,110.25,23.93,902.1,27.87,41.9,2.81,6.27,964.2,88.16
2627,92.41,107.55,1749.5,1166.5,294.6,11.16,39.16,54.97,61.66,26.07,698.7,18.9,39.6,2.88,7.27,1084.6,83.49
1543.9,88.38,105.84,1659.8,1099.5,265.5,10.85,47.17,44.13,56.1,14.38,542.6,17.48,35.9,2.35,6.55,843.5,85.89
2824.8,92.22,114.45,2477.4,1506.2,455.6,21.91,22.25,91.83,162.68,46.01,1317.2,38.34,48.6,3.02,8.66,1145.9,81.89
2561.6,86.72,105.62,1825.5,1207.8,297.1,8.23,35.11,60.06,65.12,28.69,729.6,18.48,42.3,2.84,5.8,1062.5,86.79
2425,89.54,111.93,2395.9,1413.3,459.1,22.78,22.33,83.46,151.26,38.14,1161.8,37.04,50.3,2.75,9.93,1077.7,66.46
1070.8,83.49,102.54,1690,1105.2,275.8,8.37,46.89,51.66,61.39,13.56,752.2,17.58,35.3,1.84,6.89,541,92.38
812.5,85.05,101.61,1370.9,1000,188.4,7.7,60,30.18,8.52,6.47,296.9,9.06,33.4,1.67,7.45,427.1,81.31
795.3,45.19,45.99,1380.7,1000,224.3,12.77,56.01,36.17,11.02,7.78,385.1,7.27,30.9,1.72,8.32,428.3,69.92
2337.5,86.75,105.48,1850.7,1209.2,294.5,10.81,37.02,53.86,73.34,25.53,804.7,20.37,39.9,2.72,6.7,995.5,82.88
2058.4,89.94,110.14,2147.1,1267.6,378.7,18.22,26.73,73.25,119.37,27.42,990,30.02,43,2.47,8.05,954.6,81.19
2115.2,92.2,113.2,1869.8,1135.9,387.4,20,39.36,64.49,86.14,20.92,760,23.44,34.7,2.22,11.26,1031.3,56.99
1357.2,87.92,106.15,1693.6,1110,307.6,10.59,47.76,50.97,63.99,12.09,703.2,19.32,34.2,2.07,7.99,754.4,81.65
1411.9,66.57,66.21,1615.7,1062.7,242.3,6.14,46.35,40.09,46.47,13.78,535.7,14.8,34.1,2.36,5.5,770.9,86.88
3107.3,90.12,107.28,2354.4,1505.7,461,14.74,24.29,81.49,133,47.03,1200.8,32.33,51,3.63,6.4,1212.8,99.06
2352.5,90.57,113.21,1909.2,1127.8,349.5,16.86,34.27,66.66,90.91,22.02,852,23.69,40.5,2.29,8.52,1052.2,63.58
2365.7,92.25,112.63,1759.5,1030.8,326.5,15.64,40.57,58.88,71.71,24.37,612.4,22.99,35,2.53,9.4,1049.1,62.09
1550.3,84.26,100.36,1862,1150.6,341.9,10.21,48.62,57.9,75.43,17.81,734.3,21.77,40.1,2.26,7.92,849.3,82.88
2350.9,89.42,108.63,2286.5,1396,416.2,17.39,26.16,81.74,139.17,34.92,1176.3,34.64,49.1,2.85,7.98,1013,85.89
2971.5,90.73,108.15,2156.4,1350.9,420.6,13.58,28.74,73.37,112.71,33.33,1010.3,28.77,48,3.26,6.85,1235.9,82.86
1567.1,81.9,97.36,1742.3,1122.2,309.7,12.09,45.51,56.99,66.02,16.04,670.9,18.18,35.4,2.4,7.13,855.4,89.28
2204.4,87.92,102.55,1650.9,1058.7,298.1,12.22,44.75,55.57,58.39,21.23,663.6,17.41,34.4,2.48,8.64,1018.8,71.04
1697.8,87.97,106.67,1799,1111.5,326.7,13.49,45.38,58.85,77.63,17.46,672.1,20.97,38.7,2.05,8.54,889.2,70.1
1297.6,82.21,98.23,1628.9,1074.1,245.1,9.5,48.49,47.25,44.06,12.64,456.3,13.24,34.2,1.96,7.71,705.6,80.88
811.3,84.54,98.04,1426.8,1000,225.6,12.58,59.69,38.04,15.68,7.71,280,9.59,38.1,1.37,8.96,437,66.95
2122.6,87.69,110.5,2077.7,1204.6,409.6,20.82,33.95,74.4,111.12,27.54,910.5,28.37,43.2,2.53,9.88,990.1,66.06
1321.9,85.41,103.99,1770.7,1066.2,343.5,11.33,40,53.72,65.04,10.34,598.8,19.19,38.2,1.77,7.79,730.3,73.61
3095.2,92.26,114.22,2481.1,1540.1,478.7,18.96,18.13,84.06,153.76,50.11,1324.1,36.87,51.1,3.41,6.99,1228.5,91.5
2059.7,85.02,102.34,2128.5,1243.2,341.2,11.27,29,76.5,122.1,24.99,1001.7,28.57,41.8,2.48,5.74,928.6,92.39
2049.8,87.06,105.36,2093.4,1255.4,352.1,13.96,32.38,71.76,118.81,26.47,962.4,30.08,41,2.35,7.85,943.3,81.67
2580.7,89.93,107.71,2017.8,1268.5,343.6,12.77,30.74,62.59,103.59,33.83,925.8,25.66,38.2,2.81,7.01,1071.3,80.38
1485.2,86.94,98.19,1573.8,1048.3,224.1,5.92,46.71,44.82,41.49,13.5,581.4,13.79,35.3,2.22,5.23,833.9,84.59
814.6,48.93,47.05,1483.3,1000,237.8,10.63,52.62,39.97,26.78,8.48,363,10.74,30.3,2.03,8.27,432.4,76.33
816.8,85.62,101.4,1409.6,1000,219,12.01,54.82,42.42,15.23,7.44,435.1,9.09,30.6,1.56,9.16,451.8,71.81
1558.1,85.43,98.85,1910.9,1170.2,350.5,9.4,38.66,51.57,88.11,15.66,814.1,22.09,39.3,2.16,6.12,829.1,94.18
1851,52,55.75,1694.4,1051.1,344.5,16.42,44.84,58.2,67.39,21.04,658,20.32,38.4,2.58,9.56,948.2,59.02
1721.6,84.43,99.97,1629.9,1031.7,219.3,10.06,43.53,50.83,47.17,17.35,586.8,14.65,36.4,2.36,7.18,889.3,80.46
1431.6,86.5,100.72,1582.2,1045.4,216.4,6.99,48.93,38.57,31.13,12.66,453.9,12,38.8,2.15,5.86,788,91.3
1233.5,85.39,101.59,1776.9,1154.1,233.1,6.25,42.96,51,68.34,10.7,722.4,19,35.3,2.15,6.06,648.6,98.61
1958.9,88.06,107.9,1890.7,1182.2,335.2,10.41,40.31,60.52,87.74,20.18,850.4,23.36,41.9,2.39,7.45,962,82.05
1525.3,83.26,95.99,1504.7,1046.2,249.8,8.71,48.34,37.45,29.46,13.19,521.4,12.78,32.9,2.19,6.58,813,90.39
1228.3,82.85,98.82,1629.1,1091.4,239.2,7.54,42.18,44.39,43.66,11.48,550,14.65,34.6,2.09,5.89,661,89.21
2118.7,86.26,103.53,1700.8,1065.1,277.5,13.15,40.07,54.99,63.16,18.4,740,18.5,39.8,2.47,8.31,990.9,70.43
2093.1,91.26,105.2,1724.8,1036.7,295.5,17.26,41.37,54.63,62,18.83,491.9,18.43,37.5,2.21,9.33,980.8,58.66
2675.5,87.58,108.82,1881,1224.9,305.4,8.31,35.09,55.9,78.65,29.33,857,21.9,43.9,3.25,5.67,1090.1,96.03
2166.1,88.54,109.22,2102.9,1242.2,384.9,18.62,39.82,71.57,120.06,27.51,883.2,29.72,42.8,2.72,9.25,1014.1,71.6
2613.1,85.89,107.43,2321.9,1333.3,480,21.46,24.86,75.02,135.87,31.64,1136.4,33.37,47.8,2.65,9.35,1099.5,67.89
1701.9,65.94,68.41,1595,1029.5,323,15.9,51.52,52.63,54.5,16.81,507.9,17.5,38,2.06,10.69,922.4,58.51
1351.1,87.53,105.45,1645.9,1047.2,323.9,13.13,50.09,48.39,50.68,10.16,531.6,16.73,35.9,1.8,8.84,754.3,66.02
1810.8,84.5,100.1,1685.1,1112.4,303.1,10.87,46.71,53.69,58.58,15,666.9,17.86,36.5,2.44,8.05,892.2,79.06
1029.7,92.24,107.48,1499.4,1002.6,265.5,10.38,48.84,46.46,36.97,6.05,496.1,12.37,34.2,1.59,7.43,534.6,79.08
1636.4,88.74,108.02,2152.7,1245.6,369.6,11,32.67,74.41,138.65,20.22,1081.3,31.89,40.7,2.38,6.75,838.7,95.72
2433.5,87.6,104.05,1747.4,1163.5,269.6,9.96,37.45,55.22,59.84,28.02,712.4,16.32,41.5,2.94,5.76,1005.3,86.61
1418.6,85.46,96.18,1538.2,1000,272.2,10.33,53.04,44.43,36.4,11.31,438.6,11.73,33.6,2.25,8.06,803.9,76.32
1646.4,83.97,99.71,1472.2,1007.6,239.6,10.01,49.67,39.18,32.73,11.59,468.9,11.39,36.5,2.26,7.18,869.4,78.26
838.1,82.84,95.29,1463.9,1000,195.4,11.27,56.89,38.13,26.73,7.03,362.2,11.65,32.1,1.46,8.03,437,76.6
736.1,87.79,100.74,1437.4,1000,237.8,12.15,55.97,35.69,11.83,7.78,280,8.17,30.3,1.48,9.96,420,59.8
1796.8,85.68,104.16,2175,1272.2,352.8,12.15,27.93,68.91,133.46,23.18,1105.6,29.92,38.5,2.24,6.54,859,97.72
1511.8,51.7,50.92,2055.6,1184.2,370.1,16.47,34.28,74.31,116.16,19.2,988.5,29.01,35.4,2.48,8.9,825.1,79.68
1713.5,86.59,99.69,1591.3,1054.1,255.5,11.45,44.03,48.56,39.62,14.61,518.2,13.72,36.5,2.36,6.63,887.4,81.75
1328.9,81.76,98.23,1485.2,1004.2,246.7,11.05,53.54,41.82,35.75,8.73,447.9,14.66,31.5,1.91,8.39,762.9,70.81
1824.2,63.79,66.71,2003.3,1168.8,357,17.05,35.25,69.18,103.13,20.1,946.8,27.33,41.3,2.6,8.77,935.7,75.25
1568.5,86.66,99.68,1801,1115.2,322.4,11.37,39.9,51.76,71.16,15.69,678.8,20.35,37,2.28,6.65,832.9,87.2
1891.2,88.15,104.11,1941.4,1217.5,300.7,6.93,38.6,54.13,90.38,19.01,829.7,24.81,41.4,2.47,5.73,907,96.15
1564.2,51.51,55.1,1685,1097,225.4,5.21,41.35,49.35,42,15.48,601.2,14.56,36.3,2.83,4.4,810.7,99.26
2617.8,88.72,112.42,2323.5,1326.8,486.6,26.44,24.7,88.52,137.24,34.93,1143.1,34.05,52.3,2.61,10.14,1168,57.74
1508.1,87.76,103.94,1641.5,1074.7,265.6,9.95,49.32,43.78,51.71,14.57,537.5,15.28,38,2.24,6.91,814.5,83.8
800.9,81.85,96.48,1471.1,1021.6,189.8,5.54,49.66,29.34,15.17,3,410.2,10.17,33.3,1.7,5.11,419.5,94.29
842.6,85.25,99.35,1476.5,1027.3,223,4.8,50.69,36.16,30.66,8.24,478.9,13.57,34,1.55,5.65,424.6,92.12
1454.7,87.02,102.9,1597.9,1036.8,307.5,13.83,46.92,54.02,49.31,12.86,497.4,17.4,28.5,2.11,8.49,861.3,65.77
2000.3,88.04,105.83,2065.4,1223.9,364.8,15.01,32.89,68.7,115.08,22.78,916.2,30.52,39.1,2.42,8.45,960.3,76.46
2293.5,85.4,102.09,1810.9,1167.9,298.7,10.31,39.55,59.33,70.97,23.78,726.5,21.9,43.5,2.63,6.91,979.7,85.04
2255.5,94.55,116.35,2147.2,1265.4,408.1,21.88,26.98,72.32,110.96,27.19,909,30.14,46.3,2.39,9.94,1022.4,62.46
1151.5,83.14,95.76,1498.4,1070.4,209.6,4.59,50.55,35.44,30.06,11.25,415.9,11.56,32.5,2.03,5.83,596.8,94.08
1844.3,91.07,110.01,2161.3,1233.9,391.5,14.95,29.12,69.25,122.54,26.88,951.7,30.29,35.9,2.33,7.18,926.2,81.34
840.1,82.04,93.98,1509.4,1026.3,199.5,5.65,53.01,44.72,30.58,6.68,490.3,11.8,29,1.64,6.28,427.1,92.49
2598.8,90.15,109.69,1883.6,1129.6,425.7,21.12,42.8,67.94,78.06,28.78,751.9,22.44,41.7,2.39,11.48,1147.3,49.73
1979.3,87.22,103.33,1863.3,1158.4,317.5,13.35,36.36,62.41,83.19,23.93,800.7,22.37,38.8,2.28,8.09,963.7,73.37
821.4,79.55,90.16,1396.6,1016.6,186.6,6.29,57.35,30,12.58,7.56,333.9,8.2,34.6,1.84,6.37,420.9,92.8
2326.7,91.95,116.76,2005.8,1212.3,401.6,22.1,43.51,76.57,99.74,28.04,896.5,28.3,41.3,2.2,11.41,1037.1,56.25
1350.1,84.79,101.88,1471,1000,243,7.84,54.75,42.42,31.94,12.83,477.5,14.32,33.7,1.9,7.61,745.1,79.42
1429,87.48,107.73,1726.6,1045.6,331.2,15.09,47.97,49.75,66.62,14.33,557.9,20.27,35.8,1.85,9.92,820.2,69.5
1715.5,83.93,99.96,1806.9,1145.3,284.2,8.29,39.19,53.98,72.05,22.59,740.7,19.02,37.8,2.48,6.56,879.4,94.68
861.6,84.8,98.45,1425.1,1000,243.5,12.35,53.51,35.41,17.34,4.93,428.3,8.86,30.4,1.55,7.78,460.3,76.97
1499.8,47.81,51.71,1672.7,1099.3,254.1,7.56,44.63,41.92,46.82,14.34,565.4,15.16,34.7,2.7,5.69,830,87.18
1458.1,83.23,96.25,1617.2,1076.1,229.7,5.53,48.32,42.5,43.42,13.4,575.9,14.45,34.9,2.31,4.58,788.5,99.33
2960,85.76,106.98,2147.8,1406.8,361.7,10.34,27.61,70.55,113.33,38.38,1057.4,28.08,49.3,3.32,5.8,1195.6,97.1
1115.8,87.34,101.59,1522.6,1004.8,218.5,7.2,50.41,39.78,36.7,6.85,540.3,13.42,34.8,1.83,6.34,564.6,89.18
1273.1,86.94,105,1749.3,1077,330.3,10.17,43.08,59.35,71.25,8.99,703.4,21.65,35,1.89,7.48,695.5,80.94
767,70.99,82.47,1404.3,1000,229,9.71,58.2,28.9,14.47,8.31,310,9.46,29.9,1.63,6.9,402.5,83.82
1795.1,87.13,107.43,1758.3,1136.7,285.2,7.7,47.82,51.86,77,18.3,749.3,22.04,35.5,2.47,6.38,872.7,88.83
2514.9,82.57,99.89,1766.3,1103.4,289.3,8.46,38.65,61.45,62.13,26.58,669.3,18.59,37.4,3.38,6.03,1045.3,88.13
795.6,80.56,94.86,1414.2,1000,154.6,7.85,53.93,38.18,18.75,8.18,458.9,10.46,32.3,1.71,6.3,416.1,87.36
3164,91.58,112.31,2293.3,1384.4,461.7,20.69,20.25,86.5,122.73,41.75,1062.9,30.87,49.4,3.03,8.62,1328.6,67.9
2568.1,90.97,110.8,2079.3,1251.4,403.2,17.26,34.19,76.83,109.96,30.53,918.7,28.61,47,2.9,8.88,1113.4,64.8
3199.6,84,105.39,2075.6,1398.4,392.2,15.08,33.41,78.49,101.45,40.31,903.6,27.26,49.3,3.53,8.29,1293.5,82.65
785.3,84.75,94.73,1535.8,1000,212.4,6.93,49.4,36.13,34.36,7.84,529.1,11.49,30.2,1.66,6.1,411.4,91.34
782.5,83.13,99.39,1471.3,1000,225.1,7.78,51.8,41.08,28.95,8.38,517.1,10.88,34.7,1.54,7.5,413.1,83.36
2303.6,47.51,48.9,2027.2,1225.4,381.6,14.78,38.23,69.24,96.83,32.52,815.8,26.64,44.6,3.26,8.96,1021.5,75.55
2692.3,84.47,105.48,2130.6,1325.5,385.5,13.49,28.67,63.46,107.59,34.5,989.7,27.66,49.1,2.97,6.45,1086.9,89.12
2558.7,87.34,103.74,1960.7,1256.5,310.4,10.32,34.18,63.3,89.48,26.62,804.1,22.8,40.8,2.9,5.92,1048.3,93.3
2220.8,84.93,104.81,2170.2,1306.2,391.9,17.53,30.8,73.83,115.47,25.75,960.8,28.51,44,2.73,8.74,1006.2,76.77
838.3,82.61,94.4,1434.6,1068.4,207,3.26,55.62,31.77,13.29,5.44,416.8,9.77,33.9,1.78,5.44,416.3,100
2318.7,87.61,106.87,1871.3,1144.9,299,8.58,36.37,52.38,76.76,22.72,670.3,20.9,40.5,2.89,5.96,996.8,87.09
1090.1,85.53,98.65,1656.2,1077.5,274.3,6.03,44.73,53.99,63.01,12.23,752.7,19.42,28.6,1.63,5.98,544.2,92.48
1185.7,87.53,103.78,1534,1019,239.3,9.37,52.76,46.99,34.22,9.17,471.5,13.42,33.1,1.85,7.71,631.8,75.99
2450.2,53.76,56.2,1995.7,1249.3,328.5,9.38,35.08,66.36,100.85,28.57,914.4,25.98,43.2,3.77,6.14,999.8,91.32
1254.3,86.01,104.13,1597.6,1038.3,292.2,14.21,51.23,55.93,46.35,10.84,443.2,15.63,36.5,1.95,9.25,714.3,67.22
1264.7,86.86,99.34,1481.5,1059.8,244.5,10.76,51.66,36.68,22.64,12.65,376,10.07,33.8,2.13,7.08,700.2,82.13
2490.3,90.55,114.12,2349.9,1340,498.6,25.77,24.65,87.44,145.82,40.09,1174.3,36.19,46.1,2.59,11.1,1108,55.62
2715.9,88.77,107.92,2096.4,1298.2,400.2,15.36,32.24,82.45,98.99,32.93,937.6,25.86,45,2.8,8.77,1188.5,67.77
1638,88.29,104.54,1794.1,1100.1,310.7,9.3,39.45,57.22,84.83,20.49,802.5,24.11,33.9,2.48,6.72,858,86.51
2731.6,91.04,116.67,2391.3,1424.2,475.1,25.64,24.08,93.2,147.06,40.25,1154.9,37.61,50.6,2.6,10.68,1230.2,60.48
700,82.65,97.56,1381.8,1000,203.2,3.93,60,35.86,17.25,3,369.4,10.49,35.7,1.72,6.3,379.2,90.11
3276.7,96.04,118.78,2356.7,1446,539.9,32.1,19.66,91.45,121.89,45.62,1158.5,32.15,48.9,2.59,12.14,1417.4,42.47
1645.9,45.84,44.67,1790.9,1105.5,321.4,11.28,37.72,52.89,71.23,19.23,717.9,20.05,40.6,2.54,6.99,869.2,79.28
1011.3,84.55,99.32,1616.7,1033.3,302.3,10.12,51.62,48.04,49.72,8.18,572.7,14.47,37.1,1.81,8.5,514.4,83.89
774.8,81.54,93.18,1352.9,1000,212.7,11,60,38.42,13.16,6.91,342.9,8.43,27.9,1.61,8.22,420.4,77.66
766.6,45.72,47.55,1424.7,1000,212.8,9.6,53.17,30.14,17.25,5.78,308,9.33,28,1.93,7.19,412,77.04
1861.1,89.25,107.23,2155.4,1264.1,382.6,17.34,30.86,69.45,124.6,22.97,947.6,29.63,39.9,2.26,8.54,951.3,74.74
1051.8,84.19,99.16,1559,1055.8,259.5,6.68,48.91,48.43,41.26,8.84,586.3,13.76,31.3,1.87,6.91,527.8,92.05
2278.4,89.38,107.34,1980,1169.8,397.3,16.77,38.58,62.99,103.85,24.01,871.2,25.75,38.8,2.32,8.68,1019.5,72.77
2383.8,92.24,114.09,2046.8,1302.7,377.5,13.03,32.44,66.51,109.13,27.81,943.6,27.5,42,2.86,7.8,997.4,86.42
2366.9,55.42,56.65,2144.5,1260.2,364.2,17.76,23.24,72.14,115.8,30.93,970.1,30.56,42.5,3.36,8.9,1048.4,68.92
2588,86.61,107.84,2111,1279.2,398.3,18.46,27.34,70.14,104.26,30.79,946.4,26.9,45.6,2.78,7.78,1088.4,74.76
787.7,89.54,103.94,1391,1000,223.1,5.16,54.52,31.17,14.63,8.94,366,8.65,33.3,1.37,6.28,412.1,82.57
1224.6,81.1,95.03,1513.8,1000,239.1,12.04,52.23,37.85,30.2,9.63,370.7,12.29,32.1,1.85,8.06,662.4,73.23
2238.5,89.05,104.07,2088.8,1339,363.8,11.46,29.37,68.55,118.29,27.56,1003.8,28.73,42.7,2.97,6.34,1002.8,95.34
2175.8,88.33,107.39,1949,1256,379.6,14.17,36.9,77.47,94.14,23.87,899.6,25.79,44,2.57,8.79,978.5,79.38
2006.8,90.37,107.4,2050.8,1228.4,384.5,14.67,31.65,73.69,115.69,23.17,977.1,28.47,42.9,2.17,7.66,927.6,79.18
2513.3,89.81,111.54,1896,1167,357.4,15.25,40.47,65.49,89.74,26.96,790.8,24.66,39.2,2.7,9.31,1060.5,72.32
1221.9,84.71,101.38,1758.3,1106,308.6,11.55,42.6,51.5,68.32,11.37,655.3,19.53,36.6,1.81,7.84,660.6,78.7
1640.5,84.51,100.15,1560.2,1050.6,265.7,8.79,47.59,41.4,38.78,14.78,410,12.57,32.5,2.24,6.96,882.2,78.16
1541.6,88.03,106.95,2023.4,1159.4,349.2,15.19,33.95,68.71,115.25,15.17,863.3,29.01,36.3,2.11,8.34,850,81.38
2889.2,91.01,115.01,2425.3,1433.7,461.9,21.69,21.73,86.54,151.31,45.94,1195.9,37.09,50,2.89,8.59,1220,75.28
2180.5,84.92,102.56,2025.2,1296.4,367.5,13.23,32.49,67.91,98.11,27.18,904.4,26.12,43.1,2.87,6.24,949.1,92.56
2613.5,85.38,104.48,2018.5,1252,394.7,9.66,30.85,59.34,103.67,28.49,969.5,24.67,46.5,3.12,5.54,1057.2,97.6
1352.8,90.79,108.95,1606.4,1000,293.6,14.39,52.37,59.81,62.29,11.81,600.3,18.28,32.6,1.68,9.62,764.6,66.53
2956.7,88.15,109.37,2395.4,1463.6,474.9,22.81,24.03,89.59,133.81,45.11,1120.6,33.38,51.4,2.94,9.79,1233.6,69.89
3042.2,90.37,115.59,2269.6,1425.2,481,24.25,23.3,84.51,134.73,43.05,1139,31.85,52.7,3.06,10.3,1271.2,63.16
1962.9,89.36,110.91,2092.9,1276,337.7,11.74,30.42,69.31,119.4,20.9,992.3,28.72,38.7,2.49,6.08,897.9,92.91
2431.4,86.62,108.1,2041.1,1247.4,341.3,13.92,32.86,65.12,97.05,27.7,873.7,25.77,44.7,2.65,8.24,1055.9,77.82
2498.4,88.92,108.61,2029.7,1216.9,366.5,14.47,32.03,65.6,98.06,29.72,849.1,27.2,45.4,2.41,8.59,1068.8,77.12
2216.4,84.73,105.28,2067.3,1250.1,349.8,14.66,26.29,66.11,111.37,24.74,934.9,28.35,42,2.56,7.4,998,82.91
2574.6,89.8,109.72,2423.3,1450.3,475.9,21.79,18.69,81.1,150.86,38.47,1237.9,35.38,52,2.72,8.4,1084.9,75.61
1030.8,91.06,107.23,1692.1,1000,321.4,17.12,44.91,46.43,60.54,5.83,598.2,19.16,29.3,1.62,10.44,555.8,56.86
1220.2,87.54,101.2,1707,1102.3,293.5,9.5,47.91,46.25,56.29,9.05,657.4,17.83,33.2,1.79,7.36,636,83.89
2553.1,88.43,106.8,1818.8,1146.2,353.1,14.55,37.33,59.46,76.68,28.83,693.8,20.23,37.3,2.74,9.06,1110.8,66.16
1945.1,90.59,112.38,2186.5,1246.1,425,16.46,26.13,71.8,121.85,24.72,995.9,30.93,45.6,2.43,7.44,947,74.06
2217.2,88.72,106.32,1980.2,1165.3,339.6,13.85,30.74,71.75,97.03,24.85,802.5,27.05,38,2.44,7.72,1008.3,74.97
1157,84.55,98.64,1633.8,1000,281.1,7.96,44.44,45.53,47.05,10.2,521.9,15.76,33.7,1.87,6.92,615.1,78.99
828,85.41,96.38,1428.4,1000,205.4,8.61,55.38,35.74,16.73,6.19,309.1,9.37,27.2,1.81,6.94,431.2,74.76
1418.6,84.06,97.6,1557.1,1049.2,265.7,8.92,48.4,42.79,37.94,12.65,526.9,12.78,36.8,2.16,7.29,773.5,82.78
1115.8,86.76,99.88,1518.7,1001,258.7,12.53,54.73,49.82,49.77,5.9,522.5,15.59,28.8,1.65,9.27,587.9,67.7
3299.9,90.64,112.26,2015.1,1341.7,395.8,15.48,31.96,73.75,79.97,42.5,901,23.73,46.5,3.22,7.69,1349.3,74.15
2313.7,87.46,107.78,2148.5,1279.9,427.6,20.7,33.89,75.89,114.82,27.07,946.8,29.44,37.2,2.84,10.21,1039.5,69.6
2072.4,89.89,112.01,2114.6,1228.5,400.1,16.06,34.46,64.99,119.72,26.91,959.6,30.96,38.2,2.32,8.59,953.8,72.92
1349.8,85.72,102.74,1613.2,1092.2,245.2,7.64,46.29,45.76,40.82,13.53,567.8,14.86,37.9,1.82,6.42,727.7,90.15
1631.6,87.08,103.78,1521.8,1000,248.4,11.96,53.97,39.26,25.44,15.55,415,11.91,30.2,2.06,8.55,876.9,69.97
2718,92.9,116.94,2411,1452.7,506.8,28.3,25.17,97.29,153.87,44.13,1154.3,37.96,53.7,2.6,10.56,1156.9,64.12
2459.6,85.16,103.62,1963.9,1231.7,367.9,12.89,36.36,64.81,83.19,28.11,853.7,22.81,48.2,2.79,8.14,1015.1,82.8
1672.7,85.72,100.09,1781.1,1187.7,262.1,4.34,39.89,49.37,72.35,16.33,739.7,18.52,38.7,2.51,4.84,827.7,99.91
2275.7,86.82,103.23,1972.6,1160.2,373.8,18.56,28.25,71.33,94.37,25.58,827.5,25.07,36.7,2.6,9.38,1031,57.68
721.8,88.12,102.5,1402.5,1000,251.3,9.04,60,41.02,17.37,6.67,353.1,9.59,30.1,1.68,8.44,400.8,73.15
1050.3,87.99,103.72,1628.5,1000,275.1,15.18,54.24,51.93,52.18,10.47,513.6,17.85,32.6,1.83,10.01,547.7,60.5
2816,92.16,111.55,2188.2,1335.6,461.8,21.03,23.65,80.77,117.41,38.06,951.9,32.06,41.6,2.92,9.26,1190,69.39
2014,89.69,105.8,1986,1247.3,343.5,8,33.26,65.36,100.13,22.57,832,24.99,40.2,2.58,5.39,934.4,95.69
1478.6,86.12,101.32,1532.5,1021.9,282.9,8.51,49.32,49.21,39.95,13.73,524.3,15.15,34.3,2.05,7.45,806.7,80.88
1526.4,83.21,98.77,1608.7,1033.6,248.9,7.41,46.91,42.2,45.68,14.51,577.7,15.51,35.5,2.18,5.95,811.8,96.24
1577.5,85.08,97.59,1502.3,1000,224.7,6.19,43.89,43.1,32.68,12.19,447,12.09,28.8,2.41,5.56,857.1,86.98
1092,90.2,102.64,1646.4,1054.7,274.6,11.09,46.66,50.98,52.53,9.24,635.7,16.24,33.5,1.78,7.22,554.8,85.39
2535.6,88.59,109.87,2157.7,1394.8,391.9,13.93,30,75.72,120.33,36.19,1052.8,28.4,47.8,3.05,6.99,1029.3,91.98
1659.5,83.63,101.09,1785.2,1104,326.2,11.52,42.37,58.82,73.1,16.31,724.3,21.15,39.6,2.38,7.05,878.8,87.51
1220.4,88.92,106.07,1555,1001,237.6,10.86,53.51,42.78,39.24,10.52,471.6,15.45,33.3,1.97,7.96,663.3,73.63
2566.4,84.11,101.49,1955.8,1248.4,335.3,11.08,33.98,65.59,88.63,27.84,848.9,23.1,46.2,3.06,6.46,1069.3,89.99
1349.9,67.51,70.25,1657.7,1037.8,279.2,12.83,44.76,52.22,51.6,11.25,539.5,16.69,35.4,2.2,8.82,778,66.37
1585.5,82.65,100.57,1604.5,1052.6,255.1,8.43,50.95,46.35,46.94,13.15,542.3,15.91,33,2.39,7.65,844.6,85.39
1089.2,86.22,104.13,1682.6,1061.9,273.8,10.42,43.96,45.29,57.88,10.31,647.1,18.13,40.9,2.11,7.25,563.5,82.59
2170.7,90.57,107.28,1728.3,1129.7,327.1,12.12,40.88,55.17,63.57,20.44,606.9,18.28,40.8,2.54,8.38,999.4,72.39
1769.8,69.91,67.83,1734.2,1024.4,278,9.95,41.19,49.77,65.34,14.84,604.2,19.63,35.5,2.7,6.82,919.4,76.68
1704.2,89.64,109.81,1951.4,1161.5,369,14.03,35.71,69.69,96.18,18.35,861,25,37.6,2.24,7.43,876.5,81.55
762,88.39,108.78,1435,1000,224.6,14.68,57.81,37.13,15.78,5.56,289.6,10.47,35.2,1.22,9.74,427,57.12
867.8,87.37,105.32,1337.2,1000,225.2,11.09,59.11,36.34,13.85,6.26,280,9.62,31.7,1.56,9.83,469.3,56.4
1603.8,84.73,102.27,1508.5,1000,260,13.03,49.55,40.72,41.05,13.25,381.1,13.51,35.2,2.24,7.97,888.5,70.06
1225.3,82.75,95.48,1382.7,1032.6,174.5,8.28,51.18,40.12,18.99,9.4,463.4,9.86,34.1,1.95,5.98,638.7,90.53
2750.6,86.4,106.59,2353.5,1444.8,463.4,19.95,25.22,79.24,146.93,43.57,1251.6,35.72,49.3,3.24,7.68,1144.3,86.69
2937.5,88.35,107,2074.9,1312.5,357,11.43,28.85,65.87,98.23,36.53,887.7,25.36,42.5,3.12,6.34,1198.1,90.65
2534.5,86.91,104.1,2162.1,1392.8,366.2,10.5,32.44,62.72,117.37,32.53,1023,27.61,46.1,3.13,5.73,1005.6,97.85
792.7,89.95,106.12,1455.9,1000,234.4,13.75,56.54,46.22,28.09,5.79,349.9,10.42,35.8,1.41,9.02,435.7,69.98
1740.8,86.74,105.49,2166.8,1298.2,397.9,14.04,34.39,72.26,130.19,21.17,1091.4,30.54,43.1,2.46,7.45,898.9,94.14
2592.4,86.4,104.79,2079.5,1320.2,355.2,10.69,34.39,70.42,105.9,29.09,945.2,26.28,43.9,2.9,6.86,1078.1,89.18
799.6,86.63,98.01,1474.4,1043.6,227.9,6.85,52.25,43.17,28.19,5.37,504.5,11.04,30.2,1.97,6.37,425.5,87.16
1793.5,86.02,101.71,1758.9,1140.5,246.4,8.19,37.98,50.69,66.69,19.07,695.4,17.28,36.1,2.47,5.34,876.7,96.59
2647.1,85.74,104.76,2014.8,1267.9,380.4,16.02,38.47,71.8,99.32,33.99,875.7,26.3,43.3,3.09,9,1078.8,77.46
788.7,69.14,69.57,1349.2,1000,229.7,9.05,57.51,28.52,16.94,6.29,280,9.74,30.9,1.92,8.34,412.9,72.21
810.6,87.71,101.3,1484.3,1000,293.7,12.99,51.55,44.57,26.58,8.16,332.3,10.84,35,1.44,8.86,441.8,63.5
2589.7,86.97,108.97,2095.2,1285.9,389.3,19.49,33.09,63.73,101.46,33.5,864.8,27.48,45.6,2.69,10.05,1097.3,67.09
1827.2,93,113.1,2057,1183.4,408.1,17.89,35.25,78.68,114.38,21.68,926.2,29.75,43.8,2.25,9.4,920.9,67.01
2304.1,84.93,106.8,1949.7,1198.6,351.5,9.68,33.6,56.48,94.65,25.17,828.8,24.1,37.1,2.75,6.37,988.9,88.73
2464.3,89.48,106.91,2130.6,1373.9,369.5,9.69,34.7,69.99,118.43,33.48,1053.7,29.22,46.3,2.93,5.89,1026.5,92.95
1115.3,88.71,107.65,1447.8,1000,256.8,11.49,49.02,41.36,22.72,11.61,440.4,10.15,27.3,1.55,8.11,577.6,70.8
1566.1,86.76,109.22,1775.7,1113.3,295.9,11.67,43.54,49.23,69.21,18.38,698.7,20.06,31.2,2.04,7.33,844,81.65
2576.2,87.62,105.44,1903.7,1225,337.7,10.15,35.82,58,83.22,30.51,767.4,21.05,43.5,2.92,6.35,1080.9,89.06
1400.4,82.49,100.36,1433.8,1000,205.8,6.88,49.62,35.42,26.79,10.51,477.7,10.99,28.5,2.21,5.62,756.8,90.58
1504.8,89.41,110.31,1788,1095.3,361.4,15.95,37.51,61.42,86.84,13.66,809.6,22.63,36.2,2.01,8.67,863.3,68.42
2595.3,90.69,111.5,2431,1447.9,461.6,24.19,23.82,93.04,162.08,38.1,1269.9,39.55,46.9,2.6,9.88,1095.4,69.81
2539.7,87.13,103.54,1739.4,1122.8,322.3,10.79,40.45,57.04,66.3,25.89,628.8,20.21,42.9,2.89,6.47,1063.2,84.6
2789.4,87.96,112.9,2464.9,1497.9,472.2,22.18,17.03,93.58,161.06,40.15,1276.2,40.01,54.2,2.86,8.23,1186.9,75.44
3083.4,93.38,117.1,2370.8,1447.4,473.1,24.26,18.61,83.48,134.42,44.14,1078.5,33.65,46.6,2.92,9.15,1314.1,64.13
1095,88.87,106.47,1690.2,1051.9,275.2,10.87,43.55,52.81,58.77,8.91,676.2,16.63,35.5,1.73,7.13,573.5,80.39
788.9,85.94,101,1462.2,1000,254.8,9.48,53.95,45.75,36.22,6.26,492.6,13.86,31.2,1.52,7.45,408.5,83.45
2206,86.27,107.52,2010.5,1215,343.9,12.38,36.29,64.7,100.85,26.95,889.2,26.23,42.8,2.77,6.84,986.5,88.86
1053.7,89.36,104.14,1588.8,1017.5,267.1,10.25,49.74,53.78,47.58,11.19,644.6,14.7,31.2,1.84,8.63,531.4,81.13
1544.8,89.52,104.56,1893,1189.7,347.5,12.45,37.87,57.25,86.09,16.77,857.1,23.66,41.9,2.18,6.75,839.7,86.03
1247.6,80.1,92.87,1571.2,1066.6,207.6,9.81,43.85,43.88,32.39,11.15,553.6,12.55,37,2,6.64,669.9,89.02
2348.9,85.25,104.38,1889.1,1175.9,348.8,12.53,36.41,63,89.63,26.87,823.2,25.03,40.7,2.68,7.89,1031.9,75.78
1350.5,85.54,98.14,1465,1019.5,215.1,6.61,52.12,43.29,35.1,9.36,497.5,12.32,29.4,2.16,6.49,745.3,88.36
1853.1,90.28,110.02,2081.8,1269.9,359.3,16.1,27.59,74.33,121.12,19.89,1012.9,29.49,35.8,2.23,7.08,907.6,78.1
2139.5,87.34,105.13,1910.3,1159.6,351,12.35,36.57,69.39,94.75,22.18,905.3,24.39,42.3,2.54,7.98,942.8,86.33
2100.1,89.06,109.06,1945.2,1135.5,384.9,21.14,35.75,71.74,89.37,22.11,783,24.65,39.4,2.03,10.92,1023.6,56.3
1733.7,87.72,105.81,1557.1,1001.4,265.4,13.98,48.44,51.07,49.09,14.04,417.3,16.69,30.4,2.08,9.3,932.2,58.44
809.9,87.22,101.49,1470.5,1026.8,268.9,11.53,55.36,51.12,32.78,9.29,459.6,12.64,29.6,1.68,8.81,439.7,72.78
3160.9,88.95,111.9,2059.2,1310.7,407.7,15.7,32.72,82.34,99.58,41.18,963.8,26.38,53.7,3.49,9.74,1304.2,71.56
2227.8,88.42,109.49,2025.1,1189.2,390.5,19.16,35.85,79.61,106.54,23.6,831.7,28.85,38,2.43,9.61,1000.8,63.78
2077.8,85.95,105.05,1944.6,1221,320.8,9.74,35.86,62.11,95,21.52,885.3,24.03,42.1,2.69,6.1,951.9,92.68
2634.2,46.3,43.72,2445.9,1418.8,496,23.85,21.53,82.11,154.02,43.99,1177.5,36.87,51.8,3.55,8.88,1110.9,70.07
1546.4,88.71,106.82,2050.9,1198.1,359.6,11.01,32.36,64.56,115.04,16.31,902.5,29.23,45,2.12,7.24,834.4,90.19
1600.8,88.26,103.99,1723.6,1088.7,302.4,11.98,40.38,53.5,68.7,16.65,649.4,18.9,37,1.88,7.19,848.6,83.04
1771.3,85.47,97.13,1605.6,1098.5,243.7,8.43,46.39,51.93,44.96,16.48,537.1,14.21,38.2,2.51,6.53,911.5,86.1
1618.8,88,109.87,1767.3,1074.4,311.3,13.51,38.6,54.25,71.11,18.52,663.4,20.11,32.8,2.06,8.97,868.4,71.94
2710.1,92.08,111.58,2462.8,1479.8,497.1,23.4,20.08,92.08,162.7,39.97,1259.6,37.79,51.6,2.95,8.23,1110.3,84.4
2781.6,91.22,114.06,2120.9,1263.4,427.7,20.65,26.7,79.87,106.69,35.43,922.3,29.03,44.5,2.94,9.26,1184.1,67.47
1494.1,88.98,106.74,1760.1,1100.3,280.4,10.17,46.06,58,67.95,11.15,770,17.97,33.3,2.4,6.89,807.2,85.84
2683.6,88.17,111.26,2117.8,1306.3,426,20.22,25.65,69.54,108.36,32.36,952.3,28.49,42.5,2.7,8.55,1138.7,71.59
2159.6,87.64,107.93,1983,1138.9,413.6,20.18,40.42,77.37,102.84,24.45,859.4,27.91,42.5,2.39,11.12,1044.5,57.77
1238.8,89.01,100.21,1606.7,1000,275,13.48,49.83,42.09,45.24,13.04,520.5,14.56,35.3,1.95,8.97,679.2,70.86
1379.8,88.71,107.79,1530.4,1000,256.4,16.11,52.88,48.81,39.45,10.57,386.7,14.67,39.9,1.93,10.51,818,52.74
2479.4,90.69,110.31,2082.1,1293.3,394.6,16.33,32.42,70.45,111.86,34.05,941.8,28.76,43.6,2.7,7.81,1001,81.45
1780.8,89.6,108.59,1939,1204,309.6,9.06,32.26,62.37,98.83,19.41,813,26.22,34.7,2.32,6.9,885.1,89.41
1996,91.86,111.05,2170.7,1255.7,401.8,16.19,27.62,72.73,122.81,24.44,982.4,30.52,47.3,2.38,7.93,932.7,84.09
2136.3,83.28,103.02,1950.7,1228.3,324.7,9.86,32.52,64.59,87.09,20.54,783.2,22.16,43.3,2.74,5.99,935.6,94.04
1351.3,91.12,110.6,1699.5,1053.6,284.3,16.48,48.02,58.66,63.43,9.82,562,20.69,38.9,1.91,10.06,799.4,57.65
2288.8,94.34,115.57,2377.9,1370.5,484.8,20.55,23.15,85.38,153.02,33.62,1223.2,36.94,44.4,2.33,8.55,1005.7,76.33
2265.1,91.16,117.83,2363.1,1346.3,436.1,21.16,24.62,93.31,149.04,31.51,1209.9,36.77,44.4,2.3,9.25,1006.8,74.46
700,84.44,96.34,1461.8,1000,240.8,7.17,60,42.72,25.62,5.07,435.7,11.19,34.9,1.88,6.62,378.7,89.66
1291.1,89.16,100.05,1569.9,1066.6,271.6,8.39,46.34,50.94,43.94,10.34,517.7,14.92,32.6,1.96,6.78,687.6,82.76
2634.1,94.14,117.57,2360.9,1385.8,490.9,26.56,26.58,93.86,147.75,37.99,1196.1,36.85,47.5,2.49,10.79,1110.1,64.29
1450.8,85.76,104.98,1678.9,1000,335.1,14.75,45.14,61.02,61.52,14.71,601.2,17.77,33.2,2,9.57,855,60.22
804.9,83.9,97.23,1467.9,1032.8,193.5,4.31,50.62,35.95,19.22,6.22,413.8,10.46,34.6,1.78,4.55,396.8,97.9
2610.9,91.7,114.3,2431.1,1421.7,506.8,26.74,23.53,87.1,155.16,35.36,1262.8,39.12,51.3,2.55,9.76,1111.6,62.4
1271.8,83.02,100.03,1739.9,1082.2,310.5,12.58,44,57.45,71.92,13.47,678.9,21.1,33.1,1.94,7.65,697.6,76.68
1756.2,86.24,102.33,1731.4,1155.5,317.2,14.8,47.53,52.96,61.33,19.55,643.6,18.65,41,2.28,9.05,938.7,69.79
1628,87.69,105.16,1634.9,1000,315.6,14.76,46.43,55.84,66.08,15.18,667.4,17.98,33.3,2.02,9.38,905.1,64.51
1313.6,85.42,102.88,1635.7,1058.9,268.7,10.63,51.63,46.35,57.78,10.43,642.6,16.92,34.3,2,7.83,721.7,80.2
2541.2,87.87,105.85,1756,1113.4,312.4,13.73,40.44,60.23,66.13,22.23,638.2,19.56,40.2,2.71,8.15,1108.8,68.73
1926.9,83.98,103.35,1777,1094.5,301.8,14.47,41.88,55.89,70.09,17.13,643.5,19.6,39.9,2.17,7.8,929.6,74.46
1455.6,88.63,105.78,1690.5,1038.5,276.5,10.73,50.54,60.1,75.43,14.65,666.2,21.61,34.2,2.1,9.04,835.8,74.19
1749.2,89.96,107.38,1701.5,1111.3,268.1,12.17,48.71,56.02,64.3,17.5,637.1,19.5,38.6,2.38,8.35,882.6,76.93
3268.4,83.86,104.69,2243.1,1448.8,454.9,19.45,22.45,85.56,119.75,45.66,1103.8,29.81,49.4,3.37,7.64,1341.2,77.91
2674.9,90.93,113.05,1929.9,1232.4,389.6,15.79,35.01,71.3,89.34,33.26,847.7,22.96,39.9,2.82,8.24,1119.8,72.98
1399.5,86.9,102.97,1474,1000,234.7,13.18,51.68,47.53,26.21,11.73,408.1,10.02,30.3,2,8.55,789.2,68.77
1597,88.64,105.45,1756.5,1052.9,327.1,13.81,43.31,62.34,75.6,16.8,608.2,20.87,36,1.95,8.92,878,67.98
1580.9,88.28,104.55,1779.8,1136,276.6,8.36,40.57,57.24,67.76,15.21,692.1,19.88,37.8,2.26,6.35,843.6,89.99
1583.7,86.15,105.29,1780.9,1104.6,299,11.78,36.93,54.61,74.49,17.85,733.4,21.81,37.1,2.09,6.51,843,84.88
813.3,82.39,95.64,1383.6,1000,171,6.05,52.04,25.54,13.38,6.09,364.7,8.62,28,1.67,5.66,423.6,89.08
3130.6,87.15,105.43,2187.8,1427.4,410.5,16.37,23.92,75.1,118.17,39.86,1035.3,29.7,48.4,3.48,6.9,1246.4,87.28
1670.7,89.44,106.08,2131.6,1252,400.6,13.16,30.6,70.93,125.24,18.75,1019.1,30.87,41.2,2.07,6.12,859.6,96.18
3008.2,88.01,108.85,2292.1,1407.1,470.8,23.32,25.49,91.23,130.63,40.99,1156.5,33.82,51.3,2.76,9.38,1284.7,63.95
2669.5,87.88,108.55,1881.7,1178.1,311.3,12.38,34.29,58.63,77.42,25.06,739.1,20.58,43.4,2.85,6.92,1092.6,87.51
1377.7,85.6,101.44,1728.7,1095.1,296.4,7.59,39.21,51.66,62.42,12.3,740.5,16.75,35,2.01,5.52,751,90.39
2325.5,90.39,112.74,2044.7,1205.1,380.6,17.96,32.16,65.67,110.42,29.56,952.6,28.31,39.9,2.61,8.83,1033.2,69.89
1376.7,87.6,104.02,1668.1,1126.7,276.6,8.11,44.1,50.74,46.65,13.81,626.8,14.84,32.8,1.91,6.46,761.9,90.16
2740.2,89.65,110.6,2411.9,1469,462.2,18.36,21.04,82.04,151.44,40.28,1245.4,34.69,49,3.02,7.7,1161.8,84.85
786.2,84.3,100.35,1467.6,1000,210.6,8.71,53.69,34.44,25.24,5.15,410,11.54,34.4,1.72,6.13,422,81.64
852.4,83.8,97.01,1534.8,1060.8,236.9,4.29,54.94,37.99,33.79,6.23,568.3,13.33,32.7,1.8,6.6,439.6,91.49
846.2,85.16,100.12,1494.9,1000,230.5,10.32,47.73,38.88,30.92,8.79,391.6,12.07,30.1,1.83,6.72,460.8,80.14
1242.9,87.44,99.59,1527.4,1000,272.3,11.72,50.56,43.64,39.04,10.1,481.5,12.68,33.5,1.85,8.73,695.3,68.88
2259.9,59.45,57.64,2447.3,1400.7,462.3,21.01,23.86,84.12,162.48,36.44,1266.6,39.24,54.1,3.16,8.81,1007.7,78.63
726.7,84.99,96.96,1445.6,1052.8,207.4,6.34,55.5,41.2,27.05,8.94,505.1,9.79,31.5,1.66,6.09,390.7,93.2
1689.7,89.47,102.96,1626.5,1087.6,237.3,8.19,46.74,50.28,48.29,15.2,598.8,15.23,34,2.47,5.85,850.1,91.85
3016.6,87.9,108.32,2100.2,1320.8,395.2,15.2,31.15,71.38,100.86,37.49,929,26.89,42.6,3.11,7.82,1232,80.15
728.8,82.41,92.26,1523,1066.4,237.1,5.19,50.7,39.28,29.69,4.51,568.1,11.47,27.8,1.8,5.92,380,98.93
2298.7,46.5,49.92,2104.4,1327.2,367.3,11.63,32.18,65.3,112.54,30.43,1001.6,28.66,46.1,3.59,6.72,991.8,92.08
1911.3,89.81,103.09,1908,1184.9,346.6,13.27,39.06,70.43,95.32,19.16,828.4,25.35,40.8,2.48,7.51,923.2,80.79
2479.2,88.94,107.83,2079.1,1269.6,354.6,14.14,31.88,69.16,112.11,31.71,911.7,28.92,42.4,2.74,7.34,1037.6,85.73
1522.1,86.02,100.73,1607.2,1014.5,255.8,6.39,52.33,44.76,54.55,11.24,543.8,18.22,35,2.27,7.52,852.7,80.12
1860.4,65.74,68.28,2160.2,1268.6,366.9,12.2,31.03,65.89,122.38,23.92,988.8,30.86,43.6,3.05,7.25,918.7,85.81
1735.7,82.99,98.77,1451.3,1000,236.2,9.51,50.69,43.36,23.62,14.3,361.8,10.73,32.2,2.47,7.6,899.3,75.02
2644.9,92.55,116.74,2316,1359.9,500,24.97,25.97,89.96,139.34,34.24,1158.5,35.22,47.7,2.52,9.95,1129.7,60.63
2557.1,88.4,102.34,2098.9,1249.1,372.2,16.95,34.28,66.52,115.13,29.32,1025.4,28.23,45.8,2.91,7.85,1080.8,83.25
1836.9,93.56,110.93,1845.6,1135.7,313.1,12.69,39.09,61.28,86.31,21.33,731.4,23.45,34.5,2.27,7.97,930.3,76.11
3199.8,91.74,109.92,2155.5,1417,402.8,16.42,26.54,77.43,106.1,45.31,951.2,26.41,49.9,3.27,7.74,1266.8,78.98
1797.4,85.81,103.6,1649.6,1064.9,251.2,6.93,41.34,42.08,40.42,15.3,479.3,13.82,36.4,2.48,5.64,889.5,86.63
1082.2,85.32,102.82,1513.1,1000,232.4,14.13,52.16,40.82,32.52,7.64,318.2,11.52,27.6,1.91,9.11,571.2,68.68
1597.2,85.76,102.43,1558.1,1000,222.9,11.92,51.5,50.63,38.83,10.96,482.6,15.42,40,2.23,8.96,889.1,69.21
1009.9,88.89,104.98,1501,1000,235.1,12.03,54.96,47.11,33.6,8.21,426.9,13.36,34.8,1.76,9.06,535.6,66.1
1774.3,87.63,102.59,1484.1,1015.7,243.3,8.33,49.26,35.98,27.59,13.47,463.9,11.73,39.7,2.46,6.99,896.7,84.53
1710.7,83.34,97.89,1649,1073.3,230.4,6.65,42.19,45.81,50.42,16.42,568.9,16.08,32.4,2.38,4.79,867.9,96.06
1643.5,82.19,99.35,1825.9,1190.3,279.9,8.42,37.5,55.73,74.69,14.57,720.9,19.46,39.1,2.29,5.67,850.3,93.79
1753.5,87.57,105.87,1793.3,1165,286.2,11.87,40.52,57.34,67.09,18.53,603.6,19.55,41.9,2.31,7.51,891.6,77.59
1435.4,83.33,97.93,1484,1015.7,248.6,7.61,58.68,42.97,37.86,9.02,513.2,13.07,32.5,2.22,7.43,796.1,83.34
1387,84.63,98.07,1562.5,1051.5,237,8.89,48.63,44.6,37.14,9.61,446.5,13.5,40,2.13,6.86,773.6,82.54
3299.9,92.65,119.04,2110.1,1318,480.7,24.43,33.01,76.11,102.64,43.5,1031.6,28.68,45,2.87,11.41,1401.8,48.76
1557.1,93.45,109.01,1522.8,1000,269,13.35,51.73,51.71,34.17,10.74,398.4,12.77,33.6,1.95,9.29,847.4,66.38
2211,86.79,103.41,2010.9,1218.8,334.5,11.45,33.8,67.18,98.52,24.76,887.8,24.57,40.8,2.68,6.9,965.5,88.87
3197.6,89.67,115.09,2373.2,1517.6,433.5,16.53,17.4,88.73,134.15,50.91,1154.3,32.27,48.8,3.45,6.76,1272,89.62
1540.8,63.86,62.57,1711,1090.2,326.8,8.51,44.78,50.99,69.86,15.98,706.3,19.85,35.5,2.57,6.85,832.1,85.77
2504.2,85.97,106.99,2289.9,1368.9,442.1,19.21,25.26,82.13,143.06,34.6,1110.1,34.79,46.8,2.77,8.47,1051.5,79.11
2577.8,93.06,108.96,1648,1103.5,284.1,14.74,41.35,66.4,52.03,23.79,632.2,16.85,36.8,2.65,8.86,1115.5,64.93
912.7,82.64,93.07,1367.2,1000,170.3,5.69,52.47,31.96,12.77,6.45,411.6,9.44,30.5,1.82,6.35,451.3,90.9
1658.8,88.65,108.22,1804.7,1128.1,302.6,9.79,41.15,50.44,71.49,18.08,677.5,20.4,40,2.29,7.43,851.3,82.15
2041.4,89.88,110.38,2148.7,1183.6,436.3,20.05,32.64,73.34,127.28,24.95,909.7,32.5,42.5,2.27,9.71,972.4,67.34
1787.1,85.85,105.14,1720.1,1068.3,327.6,14.22,41.71,55.47,64.25,15.45,636.8,18.48,37.5,2.22,7.28,915.9,78.66
1135.4,89.1,101.99,1691,1107.8,280.1,6.99,45.72,44.34,56.84,11.81,652.6,16.61,37.3,1.86,7.15,600.1,88.13
719.3,85.94,101.25,1456,1000,227.3,9.16,48.47,44.06,24.12,6.19,354.2,11.09,34.5,1.65,6.85,397.7,81.5
1747.4,83.5,98.98,1628.4,1099.6,271.7,7.33,45.57,43.48,53.21,20.11,661.7,16.18,36.6,2.52,6.53,853.5,93.13
2528.3,86.5,105.3,2030,1281.9,411.4,15.45,32.92,65.69,106.23,34.02,922.8,25.77,42.7,3.05,7.64,1054.8,80.99
1274.2,88.77,99.65,1608.5,1093.1,244.1,8.65,42.18,41.52,44.42,14.62,562.9,15.01,35.7,1.86,5.75,686.5,91.39
831.8,88.1,105.55,1392.7,1000,204.2,10.57,60,38.01,10.66,9.19,280,8.11,31.9,1.59,8.92,448.8,64.67
2747.8,91.87,114.33,2128.4,1301.1,453.7,21.68,29.49,83.61,115.87,34.97,1098.9,30.61,44,2.7,10.71,1192.8,60.59
1947.2,88.17,108.38,2183.5,1250.9,410.4,18.43,28.41,77.94,123,22.97,985.2,31.14,42.5,2.46,8.5,930.1,75.09
3039.9,88.43,112.36,2152.2,1345,423.4,22.79,34.33,79.86,107.19,43.03,921,28.36,48.6,2.69,10.6,1295.5,60.66
2246.1,88.23,105.58,2003,1221.1,369.5,16.23,36.6,67.5,103.44,26.01,933.6,25.86,44.7,2.74,8.56,1002.3,79.46
1577,85.41,105.01,1881.6,1156,307,8.09,35.24,53.1,87.82,17.53,799.8,22.97,35.7,2.16,6,846.8,91.62
2140.5,92.17,112.31,2030.8,1239.7,393,12.2,32.44,69.83,104.54,25.79,946.9,26.13,45.4,2.69,7.38,947.6,88.08
1327,82.47,98.9,1609.5,1024.2,301.9,8.82,48.31,48,48.71,11.92,549.1,15.7,33.2,2.34,7.37,726.5,85.14
1267.5,83.08,98,1529.5,1045.8,200,5.38,49.86,44.1,34.5,11.88,485.8,13.08,30.5,2.14,5.74,646.8,94.98
2651.5,89.63,106.42,1789.6,1158.1,292.3,11.03,39.7,63.73,65.75,28.79,723.2,19.29,44.2,2.81,7.06,1091.8,80.28
2688.9,88.29,108.29,2024.2,1261,397.9,17.77,39.03,70.32,96.61,33.04,860.9,24.85,45.8,2.91,8.9,1126.1,71.65
1773.7,84.93,102.29,1764.8,1091.8,294.4,8.46,39.99,56.34,64.72,17.32,584.2,17.57,37.3,2.29,6.93,875.9,86.4
3061.8,90.24,111.88,2481.8,1574.7,462.6,22.53,16.34,89.82,148.51,53.1,1305.8,36.2,51.4,3.15,8.64,1265.3,76.85
1607.9,86.94,106.81,1707.5,1074.2,298.5,13.53,46.45,57.09,63.1,14.4,666.7,17.37,38.1,2.13,8.79,870.1,75.78
752.7,82.8,99.16,1403.9,1000,222.7,11.96,53.63,30.45,15.38,5.8,363.8,9.57,28.6,1.48,8.55,401,67.77
2562.8,88.27,113.49,2127.6,1269.5,416.9,21.92,33.03,77.96,116.18,32.76,914.9,30.77,41.5,2.49,10.7,1123.3,56.52
2285.4,85.63,101.85,2035.3,1262.5,343.4,13.63,33.82,71.28,113.64,26.34,934.6,27.51,43,3.08,7.46,975.1,87.29
2796.8,86.87,110.3,2092.9,1280,409.3,16.2,29.87,69.42,103.98,30.5,964.7,26.41,47.7,3.02,7.84,1176.1,76.81
1694.2,84.34,99.28,1547.3,1031.3,214.4,11.02,48.14,44,38.66,13.83,421.6,13.29,35.1,2.15,7.28,869.4,78.67
2286.8,90.96,109.6,1992.6,1213.4,404.1,18.26,33.14,67.62,99.58,25.34,850.4,25.92,42.2,2.7,8.85,1023.3,69.8
1959.9,85.33,103.63,2179.5,1255.5,392.5,15.51,30.58,73.78,122.81,25.39,1065.4,29.92,39.7,2.5,7,912.5,91.35
2756.4,86.11,110.31,2276.9,1415,446,19.32,26.42,78.96,136.26,43.74,1201.7,32.03,51.3,3.07,8.19,1147.1,80.99
1996.5,88.36,108.67,1718.7,1061.4,364.4,16.52,45.97,62.83,66.06,18.37,631.2,20.2,35.8,2.26,9.94,986.8,57.8
857.9,82.96,97.19,1445.9,1014.2,199.1,8.19,52.86,38.36,22.33,9.13,417,9.94,33.6,1.73,6.95,437.6,86.93
1772.3,86.1,104.25,1734.8,1116.7,249.9,6.54,40.43,53.95,73.74,17.94,756.7,19.75,44.9,2.52,5.57,853.6,95.34
2382.6,88.75,112.91,2260,1329.5,418.8,20.11,24.01,84.82,138.5,32.56,1082.5,34.79,46,2.47,9.54,1020,70.09
1750.8,90.64,109.99,1508.7,1000,262.9,12.52,49.39,46.74,40.28,15.37,450.3,14.51,31.6,2.09,8.76,909.3,67.62
1581.1,85.31,103.58,1819.3,1160.5,329.6,8.89,39.57,58.89,82.71,18.37,759.5,20.61,34.6,2.32,5.81,833.7,93.87
2681.5,86.64,107.45,2099.2,1365.9,380.8,17.52,31.25,77.58,105.61,34.36,1008.3,26.71,44.8,2.93,8.48,1108.9,77.71
2488.1,58.11,59.72,2059.3,1266.8,383.2,12.14,30.14,68.87,103.92,34.53,932.8,25.88,41.4,3.61,6.96,1051.6,83.69
1268.4,86.02,99.11,1715.4,1082.6,319.9,10.68,47.22,44.88,56.86,14.69,642,18.06,35.8,2.06,7.32,687.5,83.33
2551.1,86.7,104.7,1871.3,1218.7,326.6,10.94,36.23,61.69,68,31.3,747.1,19.45,46.2,2.89,7.24,1055.8,78.15
1668.7,87.85,102.49,2069,1201.9,350.2,14.15,39.01,71.76,118.26,19.29,943.2,29.46,39.7,2.24,8.56,869,83.48
2146.6,85.19,102.55,1849.4,1179.1,314.4,10.07,39.29,54.86,74.42,26.06,764.5,21.07,39.7,2.61,7.48,970.8,84.27
2295.5,89.67,112.36,2442,1384.5,458,20.85,18.71,92.22,165.09,31.8,1215.4,40.23,48.3,2.58,8.18,1016.4,76.64
766.6,82.37,94.26,1473.7,1000,212.7,7.91,49.5,37.97,22.62,5.7,432.6,10.37,29.1,1.78,6.62,417,86.02
2022.9,88.53,106.51,2060.6,1225.1,387.1,13.98,31.93,69.26,113.63,21.61,844.9,28.56,40.8,2.57,7.09,930.4,85.75
1532.2,87.04,108.26,2000.2,1151.5,354.2,16.04,36.42,67.34,112.89,18.75,971.7,29.41,40.2,1.99,9.13,845.2,77.67
1842.7,87.02,105.61,1925.7,1108.7,385.6,16.63,41.46,63.39,89.07,19.08,708.2,24.19,40.7,2.24,8.81,941,67.95
2982.5,83.05,102.55,2152.5,1383.1,350.6,9.43,29.49,71.76,109.25,38.29,1016.5,28.42,47.7,3.39,5.3,1202.9,91.25
1699.1,84.07,102.21,1524.4,1062.7,216.4,5.99,46.09,34.13,26.74,14.42,450.5,11.88,34.9,2.41,5.47,862.2,89.71
1388.8,84.55,101.82,1775.6,1085.3,282.2,8.99,40.34,51.67,71,13.42,655.8,20.43,34.3,2.03,7.09,756.6,82.42
1310.9,85.44,102.35,1613.2,1076.6,234.7,9.29,46.49,50.99,40.06,12.74,542.2,15.25,35.8,1.83,7.1,716.4,83.03
1630.2,86.51,103.56,1701.7,1085.1,310.7,9.86,47.3,55.21,67.87,15.54,635.5,19.5,40.2,2.42,7.38,840.4,89.14
2520.1,91.85,116.14,2345.7,1347.9,499.6,28.02,21.59,84.04,141.02,34.09,1087.9,37.2,46.5,2.73,10.66,1071,59.65
2775.6,88.06,109.91,2001.8,1301.2,367.4,14.06,35.91,67.88,100.94,32.93,946.7,26.05,42.8,3,7.99,1132.4,82.64
2036.6,87.18,106.04,2061.1,1220.2,420.3,16.54,33.41,71.33,106.76,22.53,928.5,27.81,44.1,2.55,7.66,940.2,78.94
2400.2,87.53,106.8,1813.3,1175.4,273.6,10.14,43.37,61.24,79.02,27.84,734.4,21.93,43.9,2.73,7.15,1023.2,86.72
1275.1,84.07,98.14,1753.1,1106.8,279.2,7.63,44.19,53.3,63.06,15.71,660.3,17.94,38.8,2.23,6.75,686.8,94.22
1430.8,81.02,95.64,1595.8,1061.6,227.8,6.47,49.96,44.82,44.62,14.46,545.4,14.83,37.2,2.22,6.85,787.3,82.55
1442.7,83.47,100.97,1703.6,1047.4,279,10.17,39.24,49.81,65.72,13.8,655.9,19.75,33.7,2.14,6.94,798.9,83.91
2068.6,89.27,106.75,1818.2,1142.5,351.3,13.9,40.78,65.25,75.44,17.67,692.3,20.23,36.5,2.28,8.95,951,70.05
2550.6,81.9,93.66,1782.5,1190.7,291.4,6.47,34.19,49.27,63.82,26.45,623.6,18.64,43.4,3.11,5.59,1039.1,89.97
2652.2,85.41,102.43,1921,1266.5,341.2,8.52,39.43,66.7,81.11,32.23,832.9,23.31,43.7,3.1,6.52,1079.8,93.95
1559.5,84.88,103.76,1639.4,1042.2,262.1,10.86,51.22,48.72,56.16,14.34,564.8,17,35.2,2.15,7.93,861.4,79.81
882.9,87.95,100.79,1443.3,1000,232.8,12.52,55.7,40.97,20.86,9.22,404.7,10.72,35,1.73,8.34,459.9,69.55
2084.8,84.9,105.59,1985.1,1244.1,348.4,14.55,34.07,69.3,108.83,29.78,855.6,27.94,37.4,2.7,8.26,983.4,77.35
1563,83.6,97.31,1507.1,1000,223.3,6.72,47.98,44.09,35.16,15.18,464.4,14.01,29.3,2.22,5.8,816.4,89.87
2232.1,87,101.46,1973.4,1255.6,339.4,8.94,39.78,67.51,93.8,27.78,872.2,26.34,39.1,2.99,6.58,946.6,94.48
1211.9,87.23,103.3,1753.2,1046.7,316.2,12.24,38.62,53.42,69.79,11.82,626.1,19.34,32.1,1.52,6.82,662.2,77.29
2315.5,87.4,101.79,2254,1406.1,379.6,12.42,27.46,69.6,127.93,35.11,1091.1,30.11,47,3.11,5.26,1002.2,96.2
2810.4,87.81,110.24,2307.5,1456.3,429.4,15.25,23.09,77.02,138.96,41.85,1241.8,33.2,51,3.29,5.94,1139.4,95.59
1225.4,87.31,101.23,1525.3,1045.2,234.9,7.82,56.23,35.72,35.22,10.97,469.8,14.38,31.9,1.81,6.93,658.9,82.24
813.3,82.84,97.52,1458.8,1000,226,9.54,50.84,40.86,29.28,7.75,402.2,10.27,34.4,1.51,7.05,411.8,82.17
1014,86.62,101.55,1660.9,1028.3,291.2,10.99,44.63,47.05,57.82,8.97,636.3,17.12,32,1.56,7.11,493.5,87.86
2966.9,86.57,105.1,2290.8,1426.3,401.2,20.13,26.43,75.41,132.15,40.4,1082.3,32.42,51.7,3.27,8.36,1231,78.39
2174.5,94.67,113.05,2110.5,1256.3,378.8,15.65,32.99,72.59,114.4,24.7,925.6,28.68,46.9,2.67,7.11,967.4,84.44
2243.7,90.97,112.78,1890,1166.7,389.2,19.11,40.08,63.15,82.71,24.47,808.4,24.34,43.3,2.28,9.75,1004.2,66.1
2602,87.39,111.01,2168.1,1266.2,448.2,21.87,32.76,77.67,124.2,35.75,1029,31.75,43.5,2.75,10.57,1120.6,63.27
2002.6,88.9,108.26,1855,1125.4,396.9,18.06,46.53,70.16,90.18,23.68,841.7,25.51,38.3,2.03,10.69,984.8,59.56
3048.3,92.07,113.02,2112.4,1326.2,431.5,22.92,24.83,80.51,107.25,40.44,973.3,27.57,48.6,2.92,10.13,1325.1,56.65
2695.9,84.29,103.56,2162.5,1327.1,380.8,12.16,29.97,67.38,117.28,34.81,1031.2,29.12,48.4,3.16,6.33,1101.1,89.78
1660.5,86.07,101.51,2058.5,1213,361.7,12.71,28.34,66.74,113.28,21.51,1003.9,27.78,36.9,2.19,5.59,876.3,89.6
1112,87.25,102.59,1632,1082.1,270.3,12.32,45.91,49.24,57.54,11.39,662.1,18.56,31.8,1.94,7.83,567.2,89.65
3052.4,90.85,109.48,2072.8,1306.2,437,19.34,29.85,79.26,100.52,39.24,1021.7,27.5,45.2,2.84,9.8,1300.2,58.88
1715.2,87.64,103.69,1681.2,1034.3,279.7,13.76,40.99,54.5,57.5,16.06,590.1,17.28,37.9,1.89,7.99,924.4,67.65
1318.5,85.79,101.35,1551.9,1018.8,211.5,7.89,45.52,39.66,30.85,9.56,432.4,11.99,34,2.16,6.14,707.6,89.51
803.1,65.23,63.9,1497.1,1002.4,212.1,9.83,56.84,44.68,34.75,6.58,476.9,12.57,31.2,1.76,8.02,445.1,75.86
2673.4,92.15,114.13,2427.5,1461.8,502,25.69,22.76,93.08,148.72,38.47,1301.1,36.4,46.3,2.45,9.57,1155.6,62.19
1626.5,88.56,106.1,1792.3,1147.4,317.1,14.76,35.28,57.91,76.88,17.16,759.2,21.27,34.4,2.21,7.56,874.8,79.21
2084.6,85.82,103.15,1958.3,1207.9,322.1,11.71,32.27,59.57,93.9,23.03,896,24.53,42,2.74,6.72,957.3,87.2
2207.9,88.73,105.85,1820.6,1211.4,327.2,8.15,47.52,61.12,74.64,22.94,790.7,19.52,38.8,2.66,6.47,990.3,92.83
1621.4,82.8,100.4,1643.6,1077.4,247.9,9.06,48.04,50.1,52.95,17.29,666.9,15.21,38.5,2.31,6.92,865.4,87.19
2697.7,90.51,109.94,2109.7,1284.7,363.6,14.18,30.53,70.27,113.51,34.19,995.2,28.85,42.8,3.2,7.32,1082.1,85.5
1002.3,84.48,98.38,1693.3,1021.7,325.8,14.87,47.68,56.65,66.61,7.97,629.7,20.01,33.1,1.71,9.57,535.8,65.76
2227.8,85.36,106.06,2151,1251.7,404.2,15.41,33.12,75.47,116.81,25.62,935.2,29.45,44.6,2.61,8.3,989.5,78.31
1799.5,85.13,102.26,1921.1,1150.1,337.7,15.14,40.67,67.56,87.16,18.23,825.5,24.36,40,2.15,9.53,923.6,70.52
3295.5,51.37,53.56,2288.9,1427.7,479.6,26.35,25.12,86.33,126.02,54.52,1187.6,32.02,50.8,3.97,10.9,1347.1,59.72
889.2,86.7,102.54,1412.6,1000,249,9.79,53.32,41.54,17.26,7.79,280,9.34,37.2,1.67,7.71,464.8,76.83
1328.6,84.4,99.4,1768.6,1095.1,259.4,7.95,48.43,54,69.12,14.92,708.4,20.5,35.4,2.21,6.95,708.7,96.2
1658.6,85.87,102.12,1471.2,1005.7,233.6,9.85,50.42,38.69,28.43,14.82,395.2,10.99,35.2,2.22,7.3,882.9,76.8
2873,88.07,106.67,2267,1366.3,433.7,19.07,27.38,76.39,125.62,43.71,1098.2,32.73,47,3.01,8.49,1200.9,73.3
752.5,85.45,95.97,1460.2,1000,222.2,11.52,60,36.03,20.66,7.09,385.5,10.65,33.9,1.53,8.96,420.2,76.18
2290,84.02,100.61,1867.3,1212.7,294.8,9.82,36.08,55.13,80.72,22.32,708.8,22.29,45,2.73,6.31,1013.9,89.96
2095,86.72,105.35,2045.5,1226.6,367,12.12,28.52,63.73,102.59,22.91,963.8,25.83,44.7,2.7,6.4,946.2,90.65
1708.7,85.52,103.67,1548.2,1009.1,218.8,9.98,44.57,51.03,38.81,13.55,536,14.52,35.2,2.35,6.33,886.1,81.24
2995.8,92.5,112.05,2090.4,1319.8,378.7,17.7,29.83,74.68,99.01,39.03,951.8,26.59,49.4,3.08,8.92,1254.4,68.52
1585,84.51,100.41,1903.9,1155.5,341,10.74,43.22,59.71,96.34,17.86,830.1,24.36,35.5,2.26,7.91,866.5,83.27
2079.5,89.79,109.35,2020.4,1154.8,413.6,22.47,40.32,72.11,101.42,24.5,872.9,27.32,38.6,2.23,11.07,1006.3,53.42
1602.3,84.17,97.19,1655.7,1074.9,256.5,8.06,47,45.24,52.79,15.32,692.7,15.77,37.6,2.52,5.93,827.6,97.76
2542.3,87.14,107.1,2095.9,1290.8,389.3,16.22,26.63,70.99,107.87,33.69,962.6,27.87,39.1,2.8,7.38,1078.5,80.93
1793.1,87.08,100.7,1558.7,1000,254.6,9.15,48.91,41.68,37.75,17.02,408.4,13.7,30.3,2.11,8.05,912.4,71.12
1747.9,87.64,107.78,1805.4,1086,344.8,16.43,43.77,62.73,79.98,17.05,803.6,22.37,38.5,2.11,9.8,917,67.19
857.5,86.57,99.3,1430.3,1000,273.2,11.34,59.87,37.69,25.24,7.82,358.3,10.39,32.1,1.48,9.76,447.2,64.78
2142.8,85.76,108.51,1894.6,1126.7,325.5,12.42,37.75,61.56,78.14,21.45,699.3,22.17,38.3,2.45,7.92,993.8,75.38
2249.9,85.27,101.88,1721,1121.4,292.9,9.69,37.68,54.23,59.3,21.62,663.4,17.5,38.6,2.74,6.59,1018.4,83.25
2649.6,89.88,112.87,2492.4,1495.3,487.8,22.8,19.54,86.19,163.82,38.76,1339.9,38.67,54.7,2.73,8.48,1124.8,74.9
816.1,46.9,45.17,1390.4,1000,227.7,11.84,59.46,38.33,17.29,6.99,280,8.23,32.6,1.84,8.96,448.7,67.38
1548.4,87.02,105.13,1807.4,1113.9,312.3,12.71,40.33,62.18,83.19,15.82,744.4,22.98,35.9,2.08,8.54,839.1,78.38
1706,88.18,103.12,1862.3,1125.5,302.6,13.16,37.03,62.84,100.75,16.22,804,26.02,33.8,2.16,7.79,896.3,76.28
2307.5,88.22,107.69,1973.3,1221.3,327.4,10.16,39.88,62.56,97.98,27.46,909.6,23.93,42.4,2.86,7.01,968.5,92.92
2352.7,89.27,107.04,1694.3,1080.3,343.8,15.92,43.7,57.67,57.87,17.42,591.6,18.47,35.4,2.55,9.38,1052.8,59.85
1647.7,91.76,109.69,1963.7,1167.9,355.8,9.68,40.71,63.02,110.22,20.81,883.5,26.74,38.1,2.44,6.45,859.4,94.33
1824.5,84.1,101.01,1720.5,1123.3,274.9,9.57,43.55,52.79,63.84,16.9,646.6,18.98,36,2.53,6.68,893.4,90.48
1199,90.21,107.38,1636.3,1026.9,298.6,8.89,44.71,46.81,56.68,8.93,633.5,16.69,36.6,2.08,6.83,622.4,84.95
2361.7,88.08,110.05,1823.7,1119.9,369.2,14.8,37.19,70.31,76.36,22.23,741,22.8,37.6,2.47,8.53,1025.6,66.07
2650.3,87.51,110.41,1879.1,1173.3,366.1,18.05,37.34,61.26,76.11,27.07,785,22.37,41.7,2.67,9.63,1132,54.67
1511.7,47.48,50.71,1717.9,1049.9,286.1,13,45,53.25,54.83,15.53,649.4,15.86,38.6,2.7,7.88,848.5,76.01
1221,88.43,103.09,1633.9,1055.4,301.9,11.86,53.22,51.2,53.66,8.5,559.1,16.92,28.5,2.11,8.86,682,77.88
1598,85.67,99.7,1773.6,1083.2,300.2,11.79,40.67,48.5,73.53,15.01,731.1,18.01,34.8,2.26,6.58,864.8,88.3
853.8,87.83,102.78,1378.5,1000,227.9,8.7,54.73,36.48,20.91,8.52,434.9,9.46,27.4,1.67,7.35,428.4,83.04
1879.4,83.07,101.35,1704.3,1051.8,339.9,11.67,47.82,61.49,60.56,15.66,597.4,18.89,40.2,2.39,8.8,957.8,70.41
3019.1,91.73,113.04,2298,1439.3,463.8,23.67,26.24,88.04,136.88,47.28,1151.4,33.3,51.5,3.09,9.46,1279.3,71.56
1947.8,84.02,100.89,1843.9,1163.2,305.7,8.88,38.27,54.89,73.92,22.53,748.3,20.7,39.2,2.6,5.63,903.3,85.33
2917.3,50.19,51.5,2357.6,1389,506.3,26.36,21.53,87.14,140.79,48.48,1270.8,35.84,49.1,3.57,10.95,1240.9,63.11
1884,87.61,108.37,2059.9,1235.9,394.2,16.36,38.75,66.23,113.46,23.49,1000.6,28.94,43.3,2.35,8.67,933.2,82.03
3003.3,88.57,107.98,2340.6,1471,407.7,16.85,19.18,77.79,134.32,42.68,1126.9,33.17,52.7,3.16,6.84,1224.2,89.42
2256.2,88.01,104.2,1840.1,1199.2,308.1,12.75,40.99,62.8,79.37,24.89,747.4,21.43,41.7,2.62,7.8,992.2,72.14
794.9,87.91,98.72,1429.9,1000,246.7,10.36,55.3,44.25,28.23,3,419.5,11.54,33.9,1.61,9,429.7,73.69
2027.6,84.76,100.63,1906.8,1212.4,307.3,7.47,42.15,56.61,88.13,23.7,834.8,23.13,42.1,2.81,5.73,892.9,95.76
1414.9,87.85,102.61,1473.7,1000,272.7,9.52,50.72,36.74,28.27,11.65,421.7,12.18,38.4,1.77,7.95,801.3,73.11
2392.3,89.14,107.09,2310.3,1404.8,436.2,16.12,22.21,82.24,146.91,38.35,1157.4,33.78,44.8,3.06,7.35,1027.4,87.94
1759,91.69,110.92,1836.8,1132.6,311.4,12.25,34.01,55.77,79.65,17.44,670.7,20.65,37.2,2.03,7.3,891.1,83.97
1092,84.31,101.65,1491.3,1050.7,240,7.02,52.12,34.84,31.73,10.92,425.4,10.89,35.8,1.77,6.53,548.9,90.27
777.3,85.31,97.88,1562.6,1041.2,270.5,6.53,45.57,42.94,33.96,6.11,444.6,12.48,34.7,1.53,6.61,418.1,81.97
2453.8,89.41,110.28,2077.3,1239.8,367.7,14.3,31.07,74.72,107.13,28.32,941.4,27.62,41.8,2.75,7.92,1052.3,81.67
771.8,86.75,102.7,1477.3,1000,290.1,14.44,58.4,43.04,27.73,6.97,350.9,11.56,34.8,1.56,10.58,440.1,55.53
1415.3,84.72,100.89,1628.3,1031.1,289.1,5.88,47.28,51.78,50.03,13.41,649.3,15.73,36.7,2.09,5.67,791.9,87.89
1194.7,83.89,99.05,1562.8,1007.9,248.6,9.28,50.49,38.23,42.71,9.46,438.1,15.05,37.3,2.16,6.43,644.4,83.79
1251.4,84.99,100.92,1727.5,1079.9,290.8,10.57,43.46,54.57,64.02,12.71,698.8,17.37,34.4,1.85,8.13,688.1,81.01
2127.1,90.58,112.47,1715.5,1021.4,361,17.86,41.47,62.91,70.26,22.58,748.4,20.41,39.2,2.39,10.11,1027.8,52.15
1684.7,90.29,109.78,1959.4,1131.7,337.6,14.8,36,60.6,104.87,19.79,889.6,25.39,37.7,2.18,7.23,875,84.91
2587,70.41,89.36,2072.1,1258.7,396.5,16.39,31.93,64.53,111.91,32.73,879.3,28.99,45.1,3.01,7.33,1071.4,82
2411.1,87.4,106.28,1983.7,1260.9,376.7,11.55,35.76,68.22,99.19,30.75,967.6,25.23,45.7,2.75,7.12,984.7,93.75
1512.5,87.36,102.51,1697.5,1054.9,284.5,10.33,45.57,52.98,63.76,15.64,635.3,19.6,34.1,2.22,7.27,821.4,81.76
1923.9,86.29,105.07,2035.2,1182.7,375.8,12.71,29.7,71.48,113.35,22.76,918.1,26.6,39.2,2.4,6.83,918.5,84.01
3277.1,86.85,109.25,2058.6,1310.5,414.8,17.94,32.26,75.08,91.91,40.84,896.3,23.76,52.2,3.04,9.19,1359.4,65.21
2987.5,90.58,110.99,2038,1310.1,343.9,13.35,27.12,67.59,88.74,36.07,924.7,23.12,44.3,2.95,7.08,1261,78.84
2508,47.36,50.39,1973.7,1306.9,334.6,7.74,32.22,63.89,99.02,35.88,953.6,24.9,46.7,3.8,6.09,1013.8,99.84
1207,84.72,100.54,1762.1,1179.5,256.1,10.78,39.88,53.16,63.03,12.83,721.4,18.22,41.3,2.03,6.08,637.7,95.91
1195.1,81.24,93.14,1563.2,1004.4,261.6,9.74,48.55,35.95,29.2,6.64,451.7,12.18,36.7,2.06,7.27,645.1,83.41
3043.3,63.28,63.28,2053.8,1287.2,382,17.59,32.08,71.77,94.83,38.89,897,25.76,45.9,3.79,8.4,1271.2,68.86
1143.6,83.89,100.8,1630.7,1059.4,284.4,9.95,48.27,55.4,45.17,10.95,649.4,14.1,31.6,1.75,8.77,609.8,76.65
757.1,90.41,102.56,1389.8,1000,224.7,13.26,60,36.5,15.85,5.72,280,8.58,34.3,1.37,9.14,420,61.48
1535.5,86.02,101.19,1944.5,1185.1,308,10.41,31.83,55.82,105.26,15.68,924.8,25.68,37.5,2.19,6.02,839.7,92.35
2631.8,84.9,107.14,1896.4,1166.5,397.7,19.13,34.99,68.44,82.88,30.58,765.1,24.27,41.7,2.59,9.83,1151.5,58.52
2354.8,85.82,104.08,1973.7,1225.1,327.1,10.9,30.27,62.58,88.75,30.76,795.2,23.99,40.6,3.01,6.05,978,91.1
855.1,80.38,88.54,1474.4,1006.1,223.5,5.57,46.73,42.35,19.46,3.82,455.3,10.15,28.2,2.06,4.81,431.2,96.32
2517.5,89.62,111.58,1941.1,1190.9,402.5,18.11,36.14,72.52,92.2,27.76,819.3,24.71,40.4,2.63,9.28,1108.7,67.9
2666.1,87.94,107.09,2179.7,1349,411.3,16.2,25.25,76.16,117.55,35.99,936.9,29.66,46.1,2.97,7.91,1106.5,79.4
1589.3,87.5,103.19,1657.6,1058.7,328.2,16.52,48.15,50.21,53.02,16.39,480.2,17.24,30.9,1.79,9.4,899.6,59.01
1974.6,84.82,102.14,1684.6,1088.2,265.2,10.41,41.71,55.29,61.44,20.46,602.1,19.92,41.1,2.29,7.19,944.9,81.47
812.9,81.36,94.25,1327.9,1000,173.8,12.57,60,31.26,8,9.33,280,8.2,30.8,1.53,9.08,429.7,69.03
2460.2,86.57,103.71,1838.1,1192.8,296.4,10.01,43.46,50.05,68.39,25.63,804.4,18.74,46,2.88,6.76,1032.4,88.75
2581.1,86.4,108.02,1879.3,1087.2,355.9,20.28,39.03,66.51,75.14,27.07,690.8,21.75,42.2,2.31,10.92,1118.3,48.72
2245.2,90.75,116.56,2088.9,1221,392.7,18.81,30.98,66.45,118.36,27.87,958.7,28.77,40.5,2.24,9.38,1010.7,66.72
1516.5,93.15,113.78,1771.2,1013.9,344.5,17.11,42.95,55.86,65.86,13.94,580.7,20.77,33.9,1.74,9.62,891,55.53
3026.5,89.88,111.16,2416,1536.8,442.3,16.49,16.6,81.92,146.81,47.49,1317.9,33.43,52,3.47,5.69,1216.1,94.26
1724.8,84.56,102.08,1603.4,1026,330.8,14.7,46.35,47.46,46.06,16.79,441,15.64,34.9,2.32,9.21,912.5,64.84
763.6,85.92,100.61,1329.3,1000,242.1,8.22,60,39.16,15.85,5.4,280,8.12,31.6,1.53,7.81,417,73.79
3096.7,88.84,111.52,2405.9,1480.1,474.7,20.5,22.35,80.3,140.38,44.38,1145.6,34.23,52.8,3.34,7.98,1260.5,81.42
2857.9,91.45,110.79,2366.8,1490.9,420.6,16.49,22.42,79.41,143.85,39.1,1164.9,34.12,52.5,3.17,6.44,1156,92.76
1851.6,81.91,98.79,1799.1,1147.3,257.6,7.31,41.47,47.25,63.02,20.73,625.4,18.18,39.1,2.6,6.3,904.8,91.1
3064.9,92.58,114.74,2286.4,1381.3,506,26.65,25.72,83.66,127.16,44.26,1082.6,32.37,47.3,2.86,11.44,1303,54.37
2169.4,87.46,104.9,1881.7,1140.7,313.1,13.27,37.16,64.5,85.68,23.91,814.7,25.11,35.5,2.57,7.84,986.6,76.8
2369.3,63.38,65.2,2265.8,1349.7,439.4,20.15,22.23,79.56,140.79,34.69,1150.4,34.96,46.5,3.18,8.39,1026.8,74.39
3021.7,92.19,114.74,2306.6,1414.9,448.8,15.19,21.36,69.39,123.01,37.96,1138,30.5,49.2,3.15,6.85,1201.6,84.76
2367.4,82.2,102.25,1708.1,1091.6,321.4,12.71,48.25,60.38,62.41,22.74,625.6,18.66,40.4,2.54,8.58,1026.8,69.32
1657.6,85.97,96.49,1771.4,1123.5,269.7,9.93,44.04,53.93,76.46,17.73,727.7,20.93,35.9,2.27,6.96,879.4,89.95
3282.9,89.15,115.04,2448.6,1511.5,529.9,24.74,15.74,89.9,153.52,53.46,1283.5,37.88,53.9,3.14,8.86,1350.2,70.6
1400.8,59.78,61.27,1688.7,1091.4,267.6,5.95,47.97,50.01,57.88,14.39,567.9,17.66,33.3,2.46,7.14,770.9,79.25
2955.3,91.09,111.54,2168.8,1347.3,398.1,16.99,27.04,76.01,108.56,39.25,1025.5,28.34,48.6,3.1,7.21,1194.1,79.37
2470.6,90.21,114.03,2131.7,1321.4,389,19.59,31.87,77.86,119.66,34.7,1036.8,30.03,44.7,2.54,9.97,1060.6,71.19
828.2,86.92,99.36,1391.5,1000,220.4,8.68,57.08,32.71,13.22,6.56,280,9.08,32.6,1.49,7.41,447.9,74.85
1340.1,87.83,102.07,1595.6,1000,265.5,12.89,54,51.01,50.33,10.53,511.4,16.23,39.7,1.95,8.94,754.4,73.15
1011.3,85.79,96,1590.9,1023.3,250,6.49,49.12,43.34,42.58,7.96,523.7,14.68,34.8,1.87,6.69,516.3,89.09
2753.5,89.8,108.28,2162.5,1312.6,411.8,20.07,29.33,74.06,118.61,37.67,980.7,29.92,45.8,2.87,8.28,1157.7,76.05
809.9,84.77,98.5,1416.2,1018.4,208.2,3.4,58.53,32.74,11.18,4.51,389.8,7.84,32.7,1.75,5.98,418.6,92.96
1886,89.04,104.99,2045.9,1268.1,326.1,11.56,32.49,67.87,110.66,20.21,928.4,27.15,42.3,2.56,6.33,874.8,96.61
1095.9,85.62,98.05,1408.9,1000,207.3,12.22,53.76,42.67,20.13,8.9,428.3,10.11,32.2,1.86,8.49,580.3,74.95
1457.9,86.87,104.78,1549.5,1018.9,290.2,15.06,50.79,53.97,39.75,12.03,442.4,14.44,34.1,1.78,9.98,842.5,59.93
1678.2,89.75,105.48,1604.8,1031.5,307.9,12.4,49.7,56.51,62.84,12.36,660.7,17.84,35,2.17,9.12,912.9,67.85
2147.9,68.64,68.52,2028.2,1205.7,366.4,15.58,32.36,65.28,111.28,28.11,905.7,28.32,41.2,3.01,8.3,952.6,86.05
1557.6,87.84,101.32,1503.2,1000,254.3,10.11,48.82,35.92,22.81,11.8,409.4,10.37,36.3,2.12,8.08,859.3,75.69
1753.2,86.83,106.51,2104.7,1228.3,370.2,13.22,32.06,66.57,118.98,21.61,919.6,30.17,43.2,2.18,7.41,894.7,83.8
2310.2,90.76,111.04,2402.4,1417.9,469.1,22.57,21.41,79.86,155.65,35.93,1225.4,37.48,52.1,2.61,8.77,1007.6,79
2990.5,90.01,110.02,2387.2,1469.9,421.9,15.72,19.81,88.25,144.76,47.35,1233,33.64,52.4,3.39,6.91,1216.8,89.72
1176.4,83.67,98.76,1651,1056,273.3,11.34,45.36,52.16,67.39,11.11,685.2,18.49,35.3,1.75,7.25,612.4,88.36
1449.7,92.52,105.42,1549.9,1018.2,247.5,12.95,55.03,42.55,43.45,11.06,456.1,15.3,40,1.86,8.87,821.7,68.26
1272.8,81.89,96.73,1504,1000,261.4,11.17,46.84,42.55,26.57,9.36,432.1,11.26,29.2,1.75,8.14,728,70.46
747.9,84.29,93.72,1384.2,1000,176.6,9.19,57.13,38.39,12.67,7.17,311.3,8.45,31.8,1.53,7.33,408.1,82.62
3280.6,90.87,111.72,2382.4,1479.6,507,26.66,14.93,92.02,133.98,47.31,1177.8,33.65,53.6,3.13,10.39,1344.6,63.38
1586.9,85.59,100.44,1794.2,1097.1,278,10.62,35.98,47.31,67.44,14.5,705.5,19.89,38.2,2.32,6.08,848.9,90
2521.7,88.25,107.51,1989.1,1234.2,340.6,13.67,37.87,66.82,90.37,31.11,843.3,24.25,41.6,2.78,8.56,1051.3,77.73
1755.9,86.32,101.46,1749.3,1153,262.6,9.38,43.09,46.77,69.7,19.4,748.7,18.96,37.6,2.2,6.89,856,94.85
2409.4,85.98,105.87,1866,1164.7,340.1,11.19,36.6,58.39,76.56,24.66,808.2,20.63,37.2,2.89,6.9,1040,82.83
2307,87.46,107.22,1915.6,1177.8,381,16.48,33.9,69.57,92.78,25.39,788.2,24.49,39.6,2.45,8.52,999.6,70.48
2376,86.44,107.59,1868.2,1185.9,381.3,17.23,39.41,66.64,88.33,26.57,793,24.66,36.5,2.59,9.59,1068.9,63.64
778.8,87.59,100.29,1416.5,1000,227.4,9.79,59.3,35.81,19.72,6.51,311.1,8.62,33.4,1.76,7.51,414,79.01
2885.7,86.47,104.07,1993.9,1291.9,331.4,13.29,33.55,65.69,93.02,33.98,880.9,23.88,45.4,3.31,7.65,1179,85.58
1510.2,92.05,115.35,2017,1137,374.5,17.79,34.04,74.98,112.75,17.28,1009.9,28.88,34.8,1.99,9.65,865.6,64.48
1160.8,88.48,100.22,1617.6,1088.9,273.4,8.37,50.27,46.73,49,14.16,603.6,16.1,38.6,1.99,7.76,614,83.87
840.9,89.06,105.2,1440.8,1000,242.8,10.27,56.79,40.77,27.29,7.18,437.3,10.72,31.5,1.42,7.22,431.9,81.28
1527.5,89.64,106.43,1696.3,1000,307.2,16.21,44.33,53.84,62.83,10.55,631.4,18.99,31.1,1.85,10.1,884.3,58.98
2653,86.53,107.07,1879.9,1137.5,357.9,13.97,40.69,59.54,75.59,26.69,744.8,21.24,42,2.67,8.4,1127.1,69.69
1675.5,91.21,108.23,2101,1187.2,374,19.36,27.54,73.67,123,20.42,1019.6,30.76,38,2.09,8.1,869.1,76.65
1484.6,90.53,107.79,1610.3,1077.8,270.1,11.57,47.02,47.37,57.25,13.67,667.6,16.58,30.8,2.01,7.99,828.1,77.63
1550.4,88.09,102.97,1514.3,1033.4,213,5.67,53.08,42.25,27.51,14.96,473.2,12.26,34.8,2.12,7.14,855.3,86.12
2384.8,88.04,105.58,2161.9,1285.4,419.8,22.95,35.46,76.86,118.01,28.08,1019.3,32.73,48,2.52,10.57,1090.4,59.91
1610.4,86.83,100.04,1579.1,1055.7,239.1,6,49,45.07,42.39,14.34,554.8,13.61,31,2.26,5.68,853.7,91.95
2119.6,84.89,105.26,1959.1,1164.4,376.8,14.88,38.6,68.79,97.81,23.89,809.6,26.47,38.9,2.61,9.08,962,75.02
1723.4,88.67,107.52,1835.9,1138.6,307.6,11.04,41.2,52.82,67.15,18.68,630.3,19.54,39.8,2.18,7.26,897.8,79.51
810.1,85.95,100.09,1470.8,1003.7,244.4,8.61,54.1,33.76,26.83,6.05,367,12,32.3,1.77,7.22,428.7,83.73
2415.3,91.87,111.04,2136.4,1275.8,406.9,15.41,27.11,78.42,111.49,27.58,958.1,28.5,46.3,2.89,7.93,1056.9,72.76
1225.7,87.61,102.15,1507.8,1015.8,249.1,10.36,52.2,45.64,43.83,9.07,642.9,15.29,32.5,1.99,7.3,662.8,85.76
880.1,51.8,52.16,1425.5,1000,218.3,6.54,50.61,34.51,17.64,10.24,395.6,10.32,35,1.97,6.07,445,93.64
2239.1,85.99,102.5,1902.9,1206,333.7,11.29,39.55,62.75,88.83,22.37,855.2,24.73,41.5,2.56,7.47,993.9,79.3
1689.2,90.38,107.8,1627,1023,305.3,12.35,43.5,49.41,48.54,14.71,561.4,14.98,34.5,2.12,8.27,894.8,68.29
1887,88.11,105.73,1760.5,1082.1,303,12.39,43.6,50.2,69.46,17.78,678.7,20.29,38,2.23,8.19,906.1,74.17
2081.7,89.47,109.79,2122.7,1265.4,417.4,14.89,26.16,72.34,116.12,24.51,975.7,30.04,42,2.64,7.26,957.1,85.59
1699.2,86.53,104.43,1778.5,1068.2,278,15.06,41.48,60.24,66.86,16.18,738.5,20.72,35.2,2.15,8.27,902.5,71.35
2301.1,88.16,108.71,2079.3,1281.1,380,12.06,30.15,65.04,114.57,28.52,929.8,28.5,42.6,2.61,5.96,1009.4,82.63
762.2,84.35,97.9,1366.2,1000,190.2,10.77,58.57,33.03,17.32,6.66,311.5,8.94,29.2,1.51,8.48,403.5,76.29
1970.8,91.91,112.06,2022.4,1191,374.8,16.88,31.62,63.74,102.64,23.94,943.5,28.23,38.4,2.52,8.58,953.1,77.28
2760.7,90.47,119.03,2277,1376.3,523.8,29.95,26.09,98,134.12,36.84,1231.8,34.41,44.4,2.19,11.91,1248.3,50.45
1326.1,86.43,99.68,1673.7,1069.6,259.1,8.47,46.31,49.06,56.39,12.6,655.3,17.19,36.3,2.04,6.24,727,87.58
1044.1,86.53,102.29,1567.7,1040.4,256.9,11.05,48.58,49.38,35.82,10.27,542.1,13.91,34,1.73,8.63,543.3,70.14
1493.3,84.79,101.16,1709.5,1085.1,300.4,13.93,48.07,49.22,69.02,15.22,668.3,19.98,30.9,2.24,8.79,845.1,72.8
1633.5,86.4,104.02,1876.5,1138.6,278,10.2,38.12,62.76,81.89,17.1,765.4,21.36,36.7,2.3,6.55,882.4,88.33
2427,84.25,106.03,2241.4,1347.9,431.8,17.03,29.14,78.47,131.53,28.12,1032,32.93,46.1,2.6,8.72,1024.5,76.7
1557.8,85.81,99.94,1638.5,1045.6,267.3,10.59,40.64,52.62,47.81,13.84,596.3,15.46,32.4,2.2,6.85,851.7,80.56
1767.3,89.27,110.05,1992.2,1210.7,386.5,20.42,35.42,71.35,103.18,22.79,889.3,27.53,41.2,2.04,10.28,925.5,58.34
2058.3,89.41,109.21,2019.2,1219.4,369,17,29.94,67.86,110.4,22.65,879.2,28.65,39.8,2.5,8.16,953.7,77.93
1613.5,83.27,99.12,1691.6,1091.4,259.1,5.84,42.73,44.5,61.8,17.12,580.5,18.6,36.4,2.2,5.8,856.9,84.63
2260.9,87.82,107.18,2059.3,1263.3,348.8,13,30.64,66.77,109.54,27.08,927.3,28.55,40.7,2.81,6.69,1003.6,87.41
2183.2,86.63,107.27,1814,1111.9,324.4,10.95,38.97,57.99,76.75,23.87,739.8,22.19,39.2,2.52,7.46,1010.8,79.21
1671.7,85.46,105.19,2071.3,1198.8,369.6,14.4,32.99,64.1,115.17,19.75,967.5,28.11,39.9,2.3,7.36,876.8,84.88
768.3,83.81,97.25,1392.1,1021.3,215.6,8.89,51.86,39.43,18.39,7.12,304,10.57,37.7,1.75,7.73,412.2,75.44
1004.1,86.48,103.06,1452.7,1000,290.3,14.65,53.42,51.16,24.71,9.47,427.7,10.96,36,1.43,10.32,553.5,57.71
857.9,84.03,101.13,1472.7,1036.4,195.4,6.48,51.16,38.67,35.57,5.82,503.9,14.35,33,1.65,6.14,430.6,93.84
2262.6,57.61,56.68,2222.7,1346.2,367.3,12.73,26.32,68.71,125.94,35.03,1034.3,29.53,45.6,3.26,5.95,968.8,91.01
1760,84.66,103.52,1589,1022.3,266.2,13.54,43.63,48.62,44.66,15.11,547.7,15.03,35.1,2.48,8.07,887.8,71.78
1865,87.2,103.07,1770.7,1114.2,307.7,11.08,35.67,58.72,68.04,20.74,683.4,18.46,38.4,2.44,7.23,939,79.07
2351.5,86.66,101.53,1785.6,1130.6,326.8,11.68,44.33,64.82,79.24,25.15,805.2,22.75,34.2,2.84,8.48,1027.6,81.97
2436.7,87.72,106.76,2191.9,1345.3,405.8,17.54,27.51,74.9,116.19,32.83,1009.7,29.62,45.9,2.84,8.48,1084,75.08
1919.2,89.34,107.68,2064.3,1272.5,338.4,8.42,33.09,61.19,114.53,25.14,948.5,27.81,43.9,2.71,5.3,878.4,97.62
1945.3,87.28,106.45,2134.1,1285.4,419.7,18.37,28.67,77.91,114.93,24.26,974,28.4,42.9,2.4,8.31,960.9,76.36
1194.6,85.57,99.74,1566.5,1021.3,290.4,13.87,46.97,53.11,53,10.19,585.6,15.78,30.1,1.73,8.71,638.4,80.75
1134.3,84.99,96.93,1506.8,1053.1,186,3.42,49.91,35.04,28.64,10.65,534.8,10.61,30,1.92,4.89,588.5,90.75
2580.9,85.79,105.44,2310.6,1407.6,440.3,20.49,26.99,84.69,140.85,36.44,1128.2,33.43,43.6,2.82,8.97,1057.6,76.54
2504.4,80.52,96.35,1850.3,1176.8,321.3,12.49,40.14,59.13,72.99,24.7,717.4,20.45,45.5,2.98,7.8,1073,81.86
1929.6,85.04,101.92,2067.5,1218.9,367.9,10.34,37.74,68.07,113,21.98,926,27.59,42.7,2.53,7.38,919.1,92.47
1072.3,85.52,94.18,1525.3,1089,204.3,8.43,50.03,44.18,29.41,9.91,580.6,12.91,38.1,1.88,6.79,540.9,89.38
1149.4,82.18,96.73,1456.6,1049.3,236.1,8.4,51.76,34.7,20.95,10.22,406.4,9.23,33,1.67,6.06,605.3,84.53
2677.8,86.21,106.35,2121.6,1371,351.9,13.15,37.72,66.02,114.32,35.55,1024,27.96,45.5,2.98,6.92,1086.6,86.36
1313.1,85.41,99.75,1580.1,1096.3,250.9,7.31,48,44.4,37.65,11.42,591.8,12.94,31.6,1.95,5.52,707.4,90.06
1817.3,91.42,114.07,2096.4,1188.4,423,20.36,33.05,79.69,120.01,21.04,972,31.47,40.6,2.11,9.71,931.6,63.35
792.3,87.06,99.19,1370.7,1000,182.7,8.54,58.69,28.93,16.3,7.23,337.3,9.15,27.7,1.53,7.69,406.6,81.85
1800.3,90.08,108.1,2134.4,1274.5,364.6,12.49,28.63,74.96,128.04,20.03,1044.2,29.79,40,2.45,6.56,884.8,98.53
1166.9,87.63,97.57,1589.3,1010.5,232.7,11.57,46.3,43.81,42.72,10.31,570.5,15.03,35.7,1.94,7.71,628.2,80.51
1183.5,64.85,67.57,1646.1,1027.8,246.3,9.91,43.65,48.56,49.29,13.46,517.2,16.15,37,2.25,6.87,617,85.52
2987.2,89.71,110.54,2244.8,1371.9,472.7,20.65,27.61,75.65,127.38,42.87,1071.1,30.35,47.7,3.15,8.6,1251.9,74.13
1135.7,87.95,103.67,1657.5,1031.6,287.8,9.67,45.97,49.61,44.82,9.53,599.3,15.7,35.5,1.78,7.2,584.5,86.96
1586.4,91.13,111.56,2095.6,1223.2,383.5,13.64,32.09,65.76,129.11,19.16,1051.7,31.59,40.4,2.12,7.1,849,88.06
1057.5,82.06,95,1513,1032,231.8,6.05,52.45,46.52,35.8,12.71,578.9,12.9,34.3,1.99,5.67,521.1,95.15
2378.3,85.26,103.77,2147.9,1274,413,17.25,33.12,74.08,114.12,30.68,944.4,29.79,40.5,2.66,9.37,1035.6,66.34
805.1,86.94,100.99,1358.9,1000,207.1,8.79,60,33.16,9.96,5.07,343,10.26,32.1,1.44,7.74,433.1,77.72
1564.2,86,103.18,1664.9,1084.3,255.4,8.99,40.02,51.96,59.72,12.19,662.7,18.02,36.7,2.18,6.55,836.3,89.03
2869.9,91.14,114.82,2357.7,1406.7,456.4,20.5,25.71,77.8,139.49,41.26,1167.4,33.91,50,3.15,9.12,1236.2,75.49
1202,83.87,97.45,1681.9,1067.1,271,8.63,41.41,49.75,54.29,7.92,603.9,16.2,35.4,1.82,5.97,630.5,91.53
2621.7,87.26,106.07,2282.8,1418.1,423.6,13.93,25.46,84.76,140.71,39.71,1197.8,32.97,48.9,2.72,7.26,1062.2,86.89
2277.1,87.84,106.74,2006,1214.5,331,14.1,33.76,69.91,96.86,26.85,879.9,26.95,43.2,2.43,8.11,1032.4,73.52
1572.5,85.6,100.13,1720,1058.5,305.4,12.21,43.07,58,69.59,16.27,641.1,21.79,33.4,2.24,7.16,858.5,82.3
2718.5,86.59,103.09,2426.4,1533.1,443.8,18.57,24.44,83.46,159.3,42.27,1300.3,37.33,53,3.33,7.42,1105.8,96.1
732.6,91.29,106.79,1357.3,1000,215.9,12.03,60,31.32,11.23,6.48,280,8.8,28.9,1.35,9.66,420.1,61.63
1593,87.16,105.53,2027.2,1220.2,360.9,10.94,34.96,66.1,110.23,18.75,950.1,28.71,40.2,2.18,6.62,831.3,92.33
2669.7,85.61,107.38,2044.2,1293.4,411.9,18.77,30.57,69.38,101.77,31.27,930.3,26.28,44.1,2.57,8.87,1130.1,69.41
2408,90.25,107.75,1986.1,1268.8,364.5,14.74,39.78,62.54,99.35,28.02,903.6,25.99,42,2.73,8.98,1028.5,79.15
2157.8,87.63,104.06,1732.5,1128.6,284.3,8.96,40.45,55.63,65.31,18.08,671.8,19.35,37.6,2.82,7.12,943.3,88.42
2636.2,91.22,109.75,2084.3,1294.4,389.6,18.33,31.92,74.68,106.49,28.77,938.5,28.03,43.7,2.8,9.03,1121,66.47
827.6,87.76,99.61,1423.4,1000,233.5,11.55,56.33,31.39,18.81,6.7,289.3,10.47,33.5,1.57,8.57,453,66.82
1846.9,89.44,108.71,1774.9,1100.2,310.2,16.03,46.85,52.64,73.8,18.26,739.7,20.21,35.5,2.12,9.49,939.1,68.02
1898.8,90.34,104.42,2023.9,1285.1,360.4,11.21,30.35,66.98,101.13,25.62,943.2,24.1,43.6,2.62,6.7,888.5,90.01
2061.5,87.16,105.38,1829.1,1119.8,354.4,13.38,40.25,56.06,83.75,22.02,799.9,23.2,39.9,2.52,8.87,954.6,69.71
772.4,86.38,104.46,1362.7,1000,219.7,9.11,58.09,29.64,15,4.45,323.1,8.55,36.8,1.41,8.16,423.9,78.57
1439.7,87.59,103.8,1573.9,1068.5,218.5,6.02,48.1,40.71,40.83,11.48,562.3,14.89,37.7,2.07,6.01,780.2,96.33
2555.2,89.56,110.37,2124.8,1289.7,410.5,15.06,32.58,72.96,107.7,32.14,962.7,27.94,42.5,2.9,8.02,1054.9,81.72
1470.8,85.78,102.39,1506.2,1000,243.4,12.27,51.22,37.61,31.67,10.78,420,11.21,30.5,1.86,8.84,826.2,74.53
2875.3,88.89,109.38,2275.2,1402.5,440.5,19.34,26.74,78.62,134.98,37.68,1170.9,33.1,49.1,3.19,7.94,1155.8,84.19
2540,89.16,110.72,2448.5,1404.7,486.8,22.93,21.95,92.31,158.22,36.04,1269.1,37.67,49.2,2.68,9.02,1105.8,70.91
794.6,86.12,103.67,1391.7,1000,221.5,7.98,52.65,34.25,21.53,8.74,431.1,8.05,29.8,1.49,6.92,417.4,80.78
1566,85.21,101.9,1786.5,1097.7,307.6,11.88,43.68,54.51,67.43,16.04,658.4,21.28,38.9,2.25,7.99,877.8,75.3
2938.1,89.82,109.94,2042.2,1239.4,425.1,19.39,29.6,77.29,100,32.48,890.6,27.45,39.8,2.73,9.01,1255.2,63.17
2697.9,90.23,113.93,2329.1,1379.1,471.7,22.67,30.04,81.98,145.19,37.02,1144.5,35.2,42.6,2.72,10.06,1166.1,70.27
1667.8,83.32,101.37,2088.8,1237.8,386,13.1,31.14,73.51,113.49,20.51,965.6,28.03,38.8,2.29,7.17,868.7,87.69
1099.5,87.64,105.45,1709,1069.4,317.5,8.51,44.5,49.21,61.78,10.96,646.9,19.46,35.8,1.74,7.03,569.2,86.64
3084.3,87.16,105.25,2017.1,1292.2,331.5,11.09,28.43,69.38,88.75,39.53,888.5,24.09,48.8,3.38,6.82,1272,81.21
1019.6,84.49,96.83,1539,1067.8,215.1,7.9,49.39,39.72,38.81,10.58,502.8,15.79,34.2,1.69,5.98,516.1,88.51
2034.5,85.36,100.76,1726.5,1081.8,279.5,8.7,40.46,52.44,62.2,17.58,729.1,18.25,41.1,2.49,5.58,941.2,88.98
2149.1,90.3,111.76,2137.5,1280.2,393.9,13.43,31.99,75.55,117.22,27.4,1043.9,27.7,44.6,2.66,7.35,945.5,94.46
2277.4,90.04,113,2604.9,1475,444.4,18.8,24.66,91.72,178.39,35.65,1297.4,40.2,48.8,2.6,7.67,999.4,95.49
1656.5,86.06,104.11,1799.9,1103.7,302.2,12.39,44.19,54.35,72.96,16.25,650,21.7,40.7,2.22,7.96,872.8,74.57
2241.7,88.36,106.57,2099.2,1284.9,344.6,9.42,35.14,69.54,119.18,28.23,965.2,29.16,44.6,2.99,6.38,956,100
2190.8,90.12,110.01,1891.1,1120.8,353.4,15.99,37.18,64.2,95.91,21.14,860.7,25.03,37,2.32,8.72,994.7,74.56
1656.6,86.85,103.64,2203.3,1304.2,389.2,17.7,25.94,74.72,125.19,19.68,1061.1,29.81,43.4,2.33,6.45,867.8,87.8
1959.1,89.03,107.66,1796.7,1155.8,310.2,10.97,40.07,62.8,79.94,21.36,746.5,22.21,36.6,2.31,6.91,928.6,81.14
1860.6,85.18,100.72,1790.2,1180.2,272.7,8.86,42.44,60.36,73.18,22.17,770.1,21.12,42.5,2.43,6.4,905.9,88.88
2584.4,87.19,107.43,2302.6,1409.4,405.1,14.7,27.19,74.45,138.33,37.8,1117.4,34.19,47.7,3.02,6.91,1045.1,94.8
1588.8,85.46,102.64,1893.4,1163.5,353.6,10.91,35.89,57.64,95.96,16.89,803.7,23.5,33.9,2.3,6.61,822.5,89.82
2534,90.81,110.62,1912.1,1145.6,357.3,13.58,37.26,63.17,80.01,30.05,754.7,21.64,44,2.67,8.8,1080,71.35
3156.3,86.28,104.25,2076.5,1339.9,363,10.29,32.5,65.52,95.93,39.92,956.5,24.79,49.1,3.52,6,1233.9,91.45
818.6,86.84,103.06,1387.9,1000,221,9.09,59.15,39.22,19.84,7.65,457.1,9.99,30.3,1.61,8.66,424.5,72.53
2357.4,88.94,109.43,1861.8,1153.3,368.2,16.08,41.34,71.03,83.47,23.77,704.7,22.92,40.8,2.42,9.66,1050.7,64.41
2491.8,94.16,115.19,2211.4,1296.5,458.8,24.29,21.88,79.2,126.79,30.22,1081.2,32.99,46.6,2.39,9.72,1104.2,57.29
2470.2,89.84,110.6,2155.4,1304.8,379.3,13.94,32.06,71.55,134.82,30.83,1103.6,31.42,44.9,2.83,7.07,1031.7,90.46
1812.5,89.08,107.27,2123.5,1213.3,371.6,12.44,29.81,74.97,126.62,21.9,1027,28.81,41.1,2.41,7.34,899.9,89.06
1978.9,91.13,110.11,2055.6,1204.6,341.7,10.08,35.26,62.47,112.62,23.09,917.5,28.93,43.4,2.66,7.28,893.5,91.38
1647.3,88.38,107.86,1849.7,1124.6,347.7,11.56,43.71,58.18,84.84,18.48,755.4,22.56,36.5,2.29,7.81,859.6,77.66
1387.1,84.19,98.02,1465.4,1000,231.2,8.7,52.87,41.78,26.02,13.49,408.1,10.58,33.2,2.4,6.51,802.7,78.41
1355.5,87.06,102.84,1459.9,1000,286.2,14.3,55.64,40.28,23.6,13.74,308.1,11.46,37.7,2.07,9.85,766.6,65.02
2889.6,94.5,115.69,1990.2,1249.2,379.8,19.24,39.32,68.94,93.69,33.92,801,25.9,44,2.66,9.58,1248.5,62.58
807.2,82.99,97.9,1461.4,1000,245.8,10.68,50.83,38.53,34.04,6.91,460.7,12.09,29.8,1.53,7.94,425.6,74.16
2295.4,88.27,111.95,1889,1150.6,374.2,17.72,40.76,66.29,84.26,25.28,720.7,24.29,40.4,2.29,9.45,1034.8,65.19
2899.2,89.5,112.1,2388.8,1430.1,444,19.75,16.97,81.4,135.69,46.7,1086.5,33.21,52.3,2.78,8.28,1202.3,74.32
1754.1,89.72,107.37,1978.9,1133.7,394.3,18.65,37.58,65.04,97.32,19.01,765.8,26.51,36.1,1.94,10.13,934.9,62.36
1485,88.99,106.85,1662.1,1000,320.4,10.4,46.57,50.8,62.26,11,590,18.96,33,1.93,8.76,850.3,66.18
740,84.33,96.41,1424.7,1000,224.4,6.16,53.91,31.62,21.16,8.42,430.6,10.96,29.8,1.62,6.22,394.2,85.55
2454,88.89,115.51,2516.6,1438.4,462.6,18.73,17.12,83.6,163.51,30.89,1248.6,39.2,53.1,2.58,8.23,1017.7,83.28
770.2,82.74,96.08,1545,1000,251.4,13.12,47.6,40.34,27.56,3.66,337.6,11.59,34.5,1.51,7.52,418.5,73.43
2227.1,91.91,111.01,2117.4,1286.4,424.2,20.12,33.15,73.53,122.26,28.58,981.8,31.16,44.7,2.59,9.68,999.8,65.8
806.1,82.06,96.17,1499.3,1067.4,211.9,5.37,48.68,32.36,25.25,6.82,533.4,12.32,36.3,1.53,6.02,416.1,93.9
3161.7,86.68,105.49,2102.8,1371.6,401,14.42,28.63,73.22,99.78,45.7,997.7,25.13,45.5,3.39,6.76,1327.3,83.02
2171,86.38,103.93,2008.2,1248.2,337.1,12.23,34.95,60.92,97.56,22.55,914.8,24.15,40.6,2.5,6.56,989,85.81
795.1,91.11,105.7,1376.4,1000,215.2,10.87,60,38.81,18.99,6.58,299.4,9.9,32.2,1.34,8.57,438.1,64.3
2567.6,84.12,99.16,1790.1,1185.7,273.8,8.2,45.83,47.87,68.45,30.45,703.2,18.32,45.3,3.3,5.81,1034.3,98.04
1743.5,83.77,97.59,1497,1071.7,221.2,6.92,47.08,43.45,25.34,15.54,385.6,10.69,32.6,2.54,5.46,860.6,84.78
1235.3,88.35,100.19,1549.7,1000,256.9,14,50.14,45.4,26.44,7.28,353.4,12.14,33.6,1.74,9.13,679.6,61.61
765.5,87.83,103.86,1492.8,1000,286.5,15.67,57.33,42.9,27.76,6.03,349.7,14.2,30.6,1.51,10.2,437.8,55.26
1182.7,87.68,103.36,1446.7,1000,231.7,8.44,55.25,39.29,24.76,7.72,426.9,11.75,31.9,1.65,7.02,622.8,79.47
1373.6,68.24,66.72,1434.1,1006.3,185.7,8.21,53.19,44.39,25.26,10.45,425.2,10.54,33.7,2.42,6.91,755.9,83.31
1091.1,88.59,104.9,1627.2,1000,306.5,12.35,44.64,47.75,46.89,9.77,504.2,15.12,29.6,1.42,8.55,573.2,69.77
1240,85.74,102.34,1725.7,1124.2,269,6.51,43.8,46.42,59.66,11.23,714.3,16.65,39.9,2.02,5.69,647.8,91.57
1487.3,84.19,98.83,1623.6,1032.1,260.8,11.02,46.84,50.16,59.45,15.7,577,18.05,33,2.22,7.85,808,82.74
2080.7,86.02,106.52,1845,1126.2,326.7,13.8,37.72,60.36,76.36,24.1,739.1,22.62,39.7,2.52,7.75,958.7,81.62
3081.9,86.36,111.01,2252.1,1509.6,439.1,16.4,25.3,79.22,122.7,42,1124,30.05,49.8,3.43,7.13,1221.8,89.19
1225.2,84.44,101.67,1539.6,1000.8,306.2,15.11,49.86,46.52,41.78,10.6,523.9,13.64,31,1.73,9.15,673.8,64.81
2206.8,87.61,105.89,1941.1,1198.4,349.7,12.71,35.15,63.4,98.14,24.01,829.9,27.17,36.8,2.7,7.84,976.3,79.71
1580.2,91.92,112.83,1920.2,1096.9,419.6,22.26,40.58,67.94,100.55,17.49,825.2,27.8,40.2,1.87,11.15,909.8,51.9
3056.1,93.17,119.27,2345.5,1464.2,482.2,24.63,26.33,86.03,137.1,47.72,1239.1,34.19,57.9,2.89,9.63,1284.6,64.92
1518.7,91.86,105.9,1571.1,1028.8,253.9,12.31,46.52,42.45,44.73,15,500.3,16.11,34.6,1.81,8.14,849.9,71.31
2052.8,87.79,109.9,1964.8,1165.2,377,16.39,37.64,64.23,95.59,24.54,822,25.72,40.8,2.48,9.26,985.1,69.27
2711,87.5,104.55,2126.7,1314.1,378.8,12.75,27.35,70.46,105.11,34.29,1002.4,26.49,51.1,3.08,6.1,1103.1,89.45
2356.9,90.05,108.73,2095.4,1264.7,390.2,17.44,29.76,71.04,113.98,28.67,891.7,28.45,42,2.8,7.97,1024,74.71
2151.5,89.73,108.48,2079.1,1327.2,341.5,11.87,30.51,71.18,114.87,27.64,1010.8,27.01,45.4,2.62,6.1,953.9,95.56
2291.3,86.75,104.95,1797.6,1157.7,274.3,11.64,40.56,60.98,69.08,23.89,712.9,19.12,38.6,2.77,6.16,996.9,88.84
2668.5,85.38,106.4,2031.1,1328.8,354,13.51,34.03,73.47,105.77,30.15,966.9,27.86,48.4,3.09,7.22,1089.9,87.93
1780.1,86.9,108.69,1923.4,1197.8,366.1,17.94,33.19,68.52,93.81,23.32,891.8,25.39,41.1,2.22,8.97,917.5,71.61
1522.6,88.86,101.89,1502.9,1000,255.9,12.67,50.15,34.54,24.51,11.12,430,11.32,36.4,2.03,6.93,837.3,75.1
2506.2,92.55,114.16,2152.8,1286.5,393,18.44,26.37,66.78,114.3,33.95,1033.8,28.49,47.2,2.35,8.78,1072.5,64.03
1642.5,84.73,103.63,1662.2,1023.9,295.6,13.87,48.37,49.19,52.52,14.91,485.2,19.18,32.1,2.15,8.89,904.4,67.06
2404.2,91.5,115.1,2378,1346.1,510.9,25.45,24.65,88.28,155.76,35.01,1207.9,37.85,44.5,2.44,10.55,1063.8,65.72
2237,90.23,110.4,2083.5,1286.9,342.5,12.73,26.1,66.29,115.32,30.55,990.4,28.13,44.4,2.99,4.94,961.5,100
2661.2,88,106.58,2027.2,1271.6,366.6,13.15,31.84,70.43,98.74,39.54,1003.4,26.73,46.2,3.16,7.05,1087,91.25
2210.3,90.21,108.89,1956.5,1205.2,360.4,12.67,36.31,62.12,89.79,25.2,731.8,24.33,41.3,2.36,8.15,1003,72.44
1369.7,87.85,99.56,1560.8,1023.2,285.8,10.79,50.89,51.45,46.57,11.66,555.6,13.7,35.5,2.12,7.85,782.3,74.61
1690.5,81.67,95.61,1732.6,1080.3,310.6,13.61,47.34,58.65,71.31,17.64,606.2,21.07,38.5,2.44,9.14,905.5,74.38
2936,86.43,110.39,2385.7,1502.4,461.3,23.26,20.01,80.45,148.75,45.02,1301.9,34.81,50.9,3.19,8.76,1239.1,76.49
1777,92,106.64,1651.2,1085,269.6,13.66,42.14,51.24,54.6,18.02,589.8,16.94,36.9,2.19,7.17,908,75.29
2576.3,89.51,111.2,2372.5,1428.9,436.1,16.69,21.96,78.22,143.37,33.96,1156.4,34.64,47.8,2.65,7.72,1090.2,83.74
2773.4,94.22,116.9,2402.9,1461.5,456.8,19.23,18.59,79.39,143.67,44.87,1178.5,35.7,47.4,2.98,7.36,1148.2,83.02
1930.1,89.21,106.77,1859.9,1155.6,342.4,8.65,36.87,57.49,82.19,19.74,787.3,23.78,41.9,2.48,6.46,937.5,81.16
1829.5,89.05,109.2,1958.6,1201.7,332.6,13.91,33.65,66.41,97.47,19.57,801.7,26.6,44.9,2.31,7.64,909.4,83.3
1002.6,81.71,94.67,1620,1092.4,252,8.22,43,37.35,47.28,7.05,613.9,14.86,34.3,1.76,5.97,502,90.94
2861.5,86.8,109.52,2479.1,1533.3,485.4,20.63,18.19,84.72,149.43,44.08,1195.7,35.2,57,3.14,7.28,1161.2,85.28
2168.9,91.7,112.95,2021.8,1207.3,405.1,21.1,33.07,76.98,104.75,25.39,886.7,28.64,45.6,2.1,10.68,1038.8,54.45
1775.8,89.99,104.69,1903.6,1161.4,356.7,11.75,39.79,66.58,91.57,17.72,951.2,24.41,37.5,2.54,7.78,929.3,85.63
2896,88.77,105.62,2228.5,1414.1,433.3,16.48,25.37,76.26,132.54,39.71,1113.5,31.72,48.6,3.16,7.35,1179.2,85.9
1597.6,86.03,100.86,1446.4,1000,238.7,8.45,57.57,39.75,34.02,14.42,448.9,12.67,32.6,2.06,8.06,859.9,81.26
802.3,51.55,54.16,1516.1,1000,267.6,9.38,53.96,38.47,35.21,5.67,356.7,12.11,34,1.92,7.78,423.9,75.88
2614.3,90.28,112.12,2204.4,1341.9,391.6,12.79,30.76,79.67,123.93,36.59,1008.5,29.65,50,2.95,6.57,1057.2,91.42
2546.2,91.76,114.65,2283.6,1436.7,429.8,23.14,29.78,81.59,142.67,37.81,1170.3,33.6,47.8,2.77,9.39,1104.9,73.2
1177.5,88.17,105.94,1648.7,1058,287.7,10.51,44.39,53.69,57.39,13.37,566.8,17.88,30.5,1.84,7.59,623.8,76.3
2472.7,85.32,105.03,1976,1220,346.8,10.98,39.17,65.02,96.68,23.95,862.6,24.34,42.9,2.94,6.6,1010.1,93.9
725.1,91.27,104.91,1435.4,1000,237.4,7.86,52.6,39.66,18.25,6.98,376.8,11.19,34.6,1.56,7.54,391.3,73.83
2408.2,89.54,111.77,2038.3,1253.1,368.8,17.51,31.83,68.75,104.84,29.81,925.1,27.33,44.5,2.62,8.33,1021.6,78.05
1474.8,86.53,103.76,1730.8,1087.5,273.6,11.07,45.42,56.96,66.19,14.29,702.5,19.43,36.1,2,7.7,803.2,78.93
779.2,83.95,96.14,1477.5,1017.7,208.9,6.22,48.93,32.4,27.15,5.55,415.9,11.58,27.9,1.73,5.36,411.4,89.26
1825,86.42,112.93,2132.2,1269.5,354.3,14.68,34.82,71.35,120.36,25.02,959.2,30.28,43.8,2.49,7.71,937.3,86.26
1007.4,84.38,99.38,1593.7,1066.6,282.4,8.32,52.29,49.32,41.64,10.9,625.4,14.09,33.3,1.68,6.76,496.7,94.09
700,82.93,96.21,1400.1,1000,223.6,10.59,52.85,34.96,17.59,6.91,315.3,8.45,31.4,1.75,7.42,378.4,79.84
2854.8,89.58,113.03,2204.5,1354.4,428.5,21.71,26.45,84.88,120.78,39.95,1113.2,30.31,48,2.78,8.88,1230.5,66.62
2129.7,82.78,97.62,1790.6,1110.6,339.1,9.81,39.9,59.69,71.07,23.2,796.4,19.86,37.5,2.87,7.62,953.3,84.46
755.1,87.12,99.94,1367.6,1000,243.3,14.03,59.34,39.73,17.55,8.2,280,10.27,29.1,1.44,10.01,429,61.53
1044.6,51.37,52.45,1641.4,1017.1,320.3,14.76,47.1,54.28,58.28,10.68,623.7,18.8,33.1,1.88,9.4,541.4,70.61
1535.1,89.42,110.33,1868.9,1051.4,379.6,19.49,37.6,64.73,80.77,15.79,663.2,24.09,36.6,1.92,10.55,876.9,54.08
835.6,85.32,98.22,1490.5,1000,257.7,13.5,50.61,41.09,35.81,5.29,468.5,13.62,36,1.47,8.48,440.2,73.97
787.2,87.02,98.04,1434.7,1000,186,10.51,53.22,39.66,18.03,5.4,285,10.07,30.8,1.56,7.74,428,73.36
1468.3,87.25,102.1,1465.2,1029.5,220.1,7.63,56.45,37.45,28.05,13.74,457.4,10.98,31.8,2.08,7.85,820.1,78.07
2619.1,90.36,109.27,2021.4,1238.5,385.5,19.66,39.64,71.44,101.48,26.91,907.3,28.41,48.4,2.73,10.15,1115.2,64.33
1760.3,90.46,111.91,1971.1,1146.1,356.9,17.26,33.27,64.62,97.59,18.89,788.1,25.12,41.2,2.29,8.08,904.6,74.56
2068.3,88.98,104.33,2069.5,1197.7,380.3,15.6,30.31,74.85,113.21,28.46,932.9,27.92,39,2.65,7.77,936.2,82.95
2693.3,93.94,118.09,2060.5,1222,420.6,18.52,35.08,68.97,100.88,32.63,844.1,27.47,42.8,2.42,10.59,1176.6,56.42
1517.9,90.95,108.45,1885.8,1080.1,366.9,17.17,37.8,71.67,93.18,15.5,779.9,25.53,36.2,1.92,9.57,844.6,61.39
1510.1,87.39,102.58,1906,1143.1,325.7,12.33,40.22,67.58,96.33,15.99,838.9,24.72,41.3,1.91,7.95,824.3,83.45
1708.3,84.59,102.48,1826.3,1149.7,318.2,13.31,42.75,62.28,79.83,15.96,684.4,22.39,38.5,2.29,7.97,904.1,76.12
1236.3,88.21,100.87,1561,1000,256.1,8.62,46.61,46.76,27.48,10.64,384.3,12.29,36.5,1.88,7.08,682.6,73.03
2367.5,91.91,110.39,2102.2,1281.4,341.8,11.34,34.3,73.16,112.72,28.97,901.5,29.04,44.8,2.91,7.65,1027.3,80.98
3042.7,88.28,108.38,2245.7,1426.3,465,19.15,21.77,77.21,122.67,45.75,1091.8,29.4,48.4,3.24,8.29,1253.4,77.53
1041.2,84.91,94.21,1468.4,1020.9,210.8,10.61,54.33,45.53,30.36,9.13,407.8,12.1,33.4,1.92,7.47,537.7,83.52
1120,85.92,99.76,1518.3,1000,300.8,11.14,54.26,48.26,42.36,12.4,450.1,13.78,28.3,1.71,9.53,606,67.32
3285.5,91.91,114.15,2355.6,1491.7,474.8,18.75,17.34,79.99,129.46,50.99,1150,31.59,51.2,3.18,7.55,1328.1,79.99
1947.6,85.87,98.23,1815.1,1175.2,288,9.01,39.19,55.05,69.32,21.36,672.8,20.53,41.5,2.55,6.11,931.5,88.64
1319.8,49.14,52.1,1831,1136.5,253.8,7.07,42.62,54.83,75.02,11.96,651.4,20.7,34.9,2.69,6.08,717.6,96.2
1087.1,86.78,98.98,1415,1000,225.2,7.97,48.32,39.19,24.79,8.95,397.9,9.37,31.6,1.91,6.96,555,82
1902.2,93.16,114.34,1848.4,1084.2,343.5,17.49,35.52,61.63,77,19.38,691.2,21.69,34.1,2.28,9.52,942.1,59.66
1461,85.26,104.13,1801.3,1097.6,296.1,14.25,39.07,53.79,72.82,15.66,696.6,21.91,36.3,2.1,7.93,826,77.37
2404.7,84.85,105.53,1778.9,1140.3,336.3,12.02,42.23,56.29,71.85,22.86,760.2,20.43,36,2.88,6.64,1033,82.04
1554.7,84.88,100.52,1755.8,1069.1,312.4,11.73,43,59.02,73.67,12.24,657.3,20.38,34.9,2.14,8.38,874,73.42
2441.5,69.56,67.9,1961.5,1197.1,377.3,15.49,36.13,63.03,94.12,29.28,779.5,25.99,43.9,3.1,9.38,1046.7,67.88
2440.1,87.67,108.44,2186.1,1299.8,410.1,14.98,29.92,77,127.5,28.52,1111.6,31.67,43.5,2.85,7.91,1020,81.54
2270.7,88.07,103.98,1958.2,1231.8,343.8,14.35,39.51,67.91,87.94,27.61,856.2,23.84,44.8,2.58,7.86,1007.5,79.65
3028.5,90.22,111.62,2264.1,1443.1,439,17.35,23.66,76.03,128.08,43.56,1106.2,32.8,51.7,3.37,6.81,1221.6,88.95
1098.6,68.48,69.96,1729.7,1060.2,276.2,9.53,42.58,49.68,58.37,12.95,727.2,19.69,35.8,2,6.4,549.3,83.01
1745.1,83.85,96.6,1495.9,1062.4,212,5.15,49.43,42.6,28.59,18.17,400.8,11.33,34.3,2.47,5.86,879,92.07
2184.9,90.36,109.38,2083.3,1218.4,380.8,18.65,35.26,70.83,109.51,27.11,876.8,28.76,41.7,2.16,9.46,993.5,59.44
1697.2,91.82,105.26,1469,1000,249.7,13.09,52.92,43.42,23.51,13.67,338.5,11.24,31.7,1.99,9.18,905.7,60.12
1826.2,58.05,57.19,2015.9,1149.5,430.2,19.72,39.49,71.72,104.53,21.65,852.6,27.23,37,2.53,11.08,974,54.93
2396.1,47.95,45.11,2181.7,1328.5,379.7,14.55,33.84,80.18,126.73,35.13,1080.2,31.37,44.3,3.63,8.25,1052.3,81.23
2645.6,89.95,108.01,2029.2,1271,332.5,11.56,31.91,68.5,95.59,30.49,894.2,24.09,46,2.96,6.84,1066.2,86.83
1705.3,90.01,107.49,2007.6,1180.9,365.6,14.98,31.25,65.45,102.45,18.96,892.2,25.89,43.3,2.29,7.83,878.9,81.98
1247.2,87.95,101.22,1676.5,1089.7,238.1,6.6,39.73,59.64,63.35,14.49,627.6,16.87,32.1,2.12,4.8,655.2,98.35
1578.5,84.45,102.07,1816.4,1154,267.1,9.82,46.87,55.62,77.47,18.15,754.4,22.32,42,2.12,6.23,859.2,91.59
2525.1,85.03,105.09,2124.9,1299.5,359.9,15.11,29.47,67.03,117.06,26.25,1001.7,27.97,39.3,2.9,7.4,1042.8,84.41
1547.9,88.1,101.34,1822.2,1086.1,289.3,11.53,40.88,61.78,77.49,14.85,799.1,20.23,31,2.16,7.25,835.4,83.51
726.5,86.4,99.64,1418.7,1029.5,212.7,7.39,55.09,38.04,26.86,7.52,454.1,11.31,36.5,1.6,7.03,399.1,88.65
1944.9,87.23,106.94,1716.8,1069.5,328.8,15.97,47.06,56.18,64.84,20.42,587.1,18.5,40,2.32,10.45,963.2,60.57
1504.9,87.81,104.49,1858,1097.9,342.8,15.26,38.13,58.51,79.09,15.26,765.2,22.01,36.9,1.99,8.07,856.2,71.66
3247.8,86.36,106.66,2123.3,1364.1,435.8,18.9,28.69,78.57,108.38,47.82,1039.2,27.52,49.7,3.22,8.31,1299.3,72.16
1523.7,87.07,102.81,1643.5,1000,291.6,14.35,42.68,51.48,55.7,11.43,604.3,16.92,33.8,1.88,8.77,852.2,70.91
782.3,87.78,102.39,1456.1,1000,229.8,9.61,59.49,36.41,20.83,7.84,507.4,10.74,26,1.58,7.24,403.1,83.29
3209.7,84.67,104.57,2411.2,1504.7,426.3,15.56,17.33,89.13,134.14,48.59,1222.6,33.41,54.7,3.83,6.38,1251.8,90.59
1439.5,89.09,107.16,1710.7,1024.3,326.4,14.29,48.04,60.48,74.86,12.62,647.6,21.45,33,2.05,8.79,838.7,65.97
1820.9,85.59,104.39,2195.3,1272.8,372.3,13.81,25.33,68.54,127.92,20.03,980.2,30.37,36.9,2.48,6.54,888,92.02
1648.2,87.56,107.29,1686.6,1096,290.1,10.3,51.43,47.7,54.11,14.29,559.2,17.08,38.1,2.01,8.34,878.2,74.87
3135.9,89.54,109.19,2430.9,1483,506.4,23,21.66,87.79,142.85,48.12,1213.5,34.93,53.9,3.08,8.8,1281.2,72.31
2649.9,83.02,105.09,1737.7,1123.2,291,11.17,40.83,57.67,56.5,26.9,646.9,16.89,43.9,2.91,7.89,1096.6,80.87
2080,86.03,101.91,2114.5,1294.9,346.8,11.63,32.24,69.88,118.32,30.04,952.3,28.15,46.3,2.74,7.09,939.8,94.43
2446.2,88.65,108.78,2027.3,1269.9,398.8,17.92,38,73.21,106.45,30.95,881,27.62,43.4,2.57,10.06,1077.9,68.15
2172.5,85.26,100.75,1782.1,1102.1,299.2,9.67,40.64,57.41,75.89,23.1,737.9,20.34,40.3,3.06,6.92,928.2,87.6
2279.9,88.62,109.69,2071.3,1204.3,404.4,18.19,29.67,70.76,105.44,28.12,824.7,27.82,41.7,2.63,9.13,1022.1,62.75
2629.6,86.35,106.66,2113.9,1274.6,393.3,13.07,24.77,67.2,109.23,30.49,1023.2,27.05,45.1,2.99,6.25,1082.2,87.06
1683.1,87.2,109.17,1977.3,1177.5,347.9,11.84,36.98,65.76,89.78,17.16,792.1,24.55,43.9,2.31,7.18,870.6,85.83
1787.6,88.88,109.56,1926.4,1160.5,373.7,14.5,38.01,63.01,94.51,18.57,864.5,25.03,38.2,2.37,8.2,911.2,78.59
2680.5,84.25,100.1,1890.8,1276.5,327.4,9.31,30.83,59.64,85.42,32.37,917.7,22.28,38.7,3.32,5.11,1079.4,98.1
1778.9,88.24,104.61,1540.1,1000,238.1,12.17,47.37,45.88,38.1,14.32,494.8,15.29,33.4,2.21,7.55,903.2,76.68
2639.1,49.96,48.71,2113.3,1280.8,406,19.4,32.8,78.21,111.79,32.98,954,30.64,41.1,3.78,9.04,1112.3,69.06
2242.6,48.72,51.59,2013.1,1233.2,373.3,15.56,34.29,67.74,99.75,28.68,884,25.99,39.9,3.3,7.69,992.9,78.83
1277.9,88.28,104.97,1723,1098.4,280.2,10.13,41.87,51.66,61.28,12.29,656.5,17.83,39.4,2.11,6.66,705.4,86.29
2830.3,49.4,51.92,1936.8,1231.7,351.4,14.07,39.51,74.9,94.31,40.21,923.1,24.11,45.2,3.76,8.13,1164.5,78.46
1572.9,84.06,98.28,1612.8,1039.3,251.1,8.61,46.42,42.35,41.02,15.57,521.9,14.44,33,2.48,6.44,846.2,84.51
1695,87.33,103.28,1664.6,1072.3,309.5,12.83,48.23,56.38,59.03,15.33,606.4,17.7,35.9,2.1,8.82,903.1,70.48
2303.6,88.25,109.36,2203.3,1319.9,395.6,15.01,31.27,75.89,126.15,29.26,1015.7,31.45,47.6,2.9,7.23,1018.4,85.97
786.3,87.65,101.8,1456.9,1000,236.3,12.22,53.5,42.5,25.63,6.13,381.3,12.12,32,1.58,8.45,420,74.44
1703.6,83.22,102.05,1556.1,1003.8,264.5,13.62,46.37,48.85,43.98,13.9,521.4,14.38,38.7,2.17,7.48,911.3,72.91
1092.7,89.1,105.82,1711.4,1097.7,277,10.4,42.63,47.58,53.59,11.39,617.9,17.09,32.7,1.67,6.86,568.7,85.77
1596.9,87.41,100.8,1512.5,1061.3,252.9,11.06,49.09,41.85,39.57,13.61,482.9,14.25,36.3,2.22,7.71,866.1,76.39
1746,89.91,103.84,1755.6,1123.3,331.6,13.63,48.97,61.77,77.58,18.43,732.3,19.41,38.2,2.26,9.56,906.8,71.54
750.9,80.95,93.2,1475.1,1069,194.6,4.71,55,32.65,27.28,8.23,464.8,10.45,31.1,1.67,5.96,387.8,99.48
832.5,85.59,98.08,1413.2,1000,255.5,9.83,58.21,33.44,19.45,7.84,294.2,10.05,32.5,1.77,8.03,435.1,77.95
2423.6,46.55,50.02,1983.1,1231.1,335.2,8.56,37.44,59.58,96.1,29.93,845.7,24.16,44.6,3.56,5.98,1016,95.09
2632.3,55.86,56.67,2455.8,1505.4,461.5,19.29,19.89,84.37,155.65,46.96,1168.7,36.16,54.2,3.72,7.76,1080.3,88.99
2886.3,92.18,117,2247.6,1394.3,455.3,23,23.58,85.03,125.17,41.39,1076.8,31.87,43.8,2.86,9.2,1226.8,68.4
2851.9,89,110.4,2460.7,1487.6,479.7,19.74,22.95,85.55,147.13,47.67,1272.8,34.8,51.7,2.87,8.05,1162.7,79.91
1408.3,84.07,104.31,1717.3,1065.1,311.6,11.56,44.56,57.27,64.21,11.36,618,19.64,36.8,2.06,8.13,779.6,79.16
1420.3,67.44,69.22,1549.6,1023.5,276.6,11.45,51.18,47.12,37.65,10.58,407.4,13.83,37.1,2.19,8.71,835,71.83
1469.1,89.79,102.89,1757.7,1108.1,305.7,10.44,38.94,55.34,70.8,13.49,670.3,20.14,37.6,2.11,6.69,815.3,81.77
806.9,84.52,97.9,1456.7,1038.9,189.5,2,49.46,33.77,27.42,8.87,425.9,10.27,32.8,1.56,4.34,406.8,96.66
2193.9,86.24,107.94,2164,1311.9,355.1,13.29,34.83,68.85,127.62,29.41,992.2,31.27,42.8,2.81,6.91,974.7,96.12
2095.2,87.18,102.09,1913.7,1168.1,340.1,14.75,34.86,59.86,81.05,23.12,818.6,23.34,43.8,2.34,7.7,980.1,74.25
1647.9,89.84,105.32,1631.1,1000,308.3,16.03,51.38,49.97,57.36,16.95,585.8,17.8,33.9,1.89,9.75,912.7,61.48
1630.6,87.43,103.8,1743.5,1091.1,261.2,9.92,43.38,59.15,73.09,19.65,691.7,20.77,40.4,2.29,6.74,859.4,84.99
1179.8,83.75,97.87,1721.8,1150.5,288,11.55,43.97,50.24,54.86,13.33,600.4,16.42,37.2,1.86,7.2,618.4,85.05
1568,83.27,101.72,1496.3,1000,245.3,10.45,48.01,38.31,38.23,12.89,442.8,13.21,34.6,2.27,6.87,844.7,83.73
2575.6,87.28,106.16,2164.2,1333,421,17.24,32.27,71.15,121.7,33.32,1051.5,30.96,44.2,2.83,8.51,1058.7,77.27
2769.7,87.06,111.96,2371.4,1448.1,476.1,21.51,20.47,76.96,144.12,40.62,1179.9,34.32,46.7,2.99,7.49,1145.1,81.33
2850,89.18,109.52,2380.4,1482.6,482.7,23.15,27.61,90.67,148.23,43.7,1271.7,36.56,52,2.88,10.18,1218.9,66.04
1409.8,84.18,96.83,1450.6,1000,216,7.22,57.65,37.02,27.58,11.4,386.6,11.87,32.9,2.25,7.78,806.2,84.08
776.6,85.75,100.06,1435.7,1013,242.4,9.16,54.39,39.98,22.91,6.61,449.2,9.8,35.2,1.73,7.97,413.5,81.29
1686.7,89.78,106.17,1528.5,1034.4,250.5,9.64,46.84,45.03,35.56,14.31,461.1,13.74,31.7,2.13,6.95,850.3,80.87
2835.7,89.67,111.16,2272.3,1365.4,462.7,21.43,27.08,80.39,125.43,39.83,1135.2,29.98,44.6,3.07,8.19,1182.8,76.31
1510.2,52.77,52.25,1826.2,1080.5,316.5,12.24,37.71,56.29,76.82,15.34,677.5,20.97,38.6,2.49,7.33,878.7,74.6
2684.8,88.13,109.41,1893.5,1215.6,306,11.32,36.54,58.37,74.37,25.89,704.1,21.52,41,3.03,7.16,1112.3,88.16
1588.9,88.02,108.21,1830.9,1163.1,310.3,9.39,36.2,55.25,73.38,18.71,735.8,21.16,35.7,2.05,5.93,834.1,88.7
2963,85.16,107.37,2236.7,1360.5,462.7,22.73,23.53,78.88,116.72,39.03,1053.6,30.45,42.8,2.97,10.22,1281.4,60.17
1407.3,85.41,101.86,1586.1,1063.5,263.4,7.4,49.81,48.15,39.4,13.33,472.4,13.74,32.7,2.32,6.21,770.6,86.55
3008.8,90.67,112.04,2396.7,1501.8,440.2,22.53,21.85,83.01,135.94,44.95,1294.3,33.63,53.6,3.16,8.21,1222.6,75.92
2424.4,93.16,117.6,2053.1,1195.7,380.3,20.72,37.14,73.53,99.89,27.81,868.5,26.83,44.1,2.51,10.69,1079.3,54
1694.9,85.21,97.38,1671.6,1098.2,249.5,12.02,45.29,50.41,59.09,16.37,604.2,18.02,32.1,2.26,8.12,891.3,76.62
1659.7,89.79,107.76,2077,1220.7,373.3,15.92,34.43,68.08,115.13,21.59,994.2,29.96,41,2.17,8.71,856.9,76.91
2202.2,89.58,111.73,2440.9,1385.8,491.6,23.94,25.29,92.19,168.11,29.07,1236.8,40.41,44,2.29,10.1,980.8,73.9
1188.5,88.11,101.93,1381.4,1000,249.2,7.22,49.7,35.18,25.01,9.7,446.4,10.34,30.8,1.96,6.72,639.9,75.3
1513.6,87.76,108.87,2053,1223.8,358.3,12.18,30.74,78.89,119.9,14.55,976.4,28.57,41.3,2.14,6.95,811.4,92.48
843.3,83.96,93.75,1529,1067.6,216.7,2.67,48.09,40.36,34.22,7.04,545.6,11.21,32.9,1.94,4.9,424.9,100
842.8,81.77,92.87,1453.3,1004.4,228.5,6.22,53.8,30.37,19.7,7.25,451.9,10.83,32.3,1.79,6.25,422.1,90.92
1354.5,87.93,100.41,1644,1059.2,261,5.24,42.21,46.77,51.92,12.39,601.2,16.96,36.2,2.02,5.3,749.9,89.93
2646.4,87.43,105.28,1937.7,1281.4,292.9,8.92,41.11,56.94,82.34,33.66,770.2,22.79,46.3,3.2,6.11,1063.4,88.58
1593.7,87.73,103.11,1816.9,1133.9,302.9,11.76,40.03,55.23,69.88,16.56,607.5,19.46,38.3,1.96,7.85,887.3,76.42
1574.1,87.95,107.98,1733.3,1053.7,344.1,15.8,48.09,65.01,69.01,14.47,658.6,21.69,37.3,1.89,9.69,856,65.43
1503.3,89.51,109.9,2036.4,1166.6,373.8,15.84,36.36,63.94,110.99,16.79,878.2,26.65,36.8,2.01,8.04,819,80.27
1806.4,90.36,105.35,1983,1169.1,368.9,15.18,40.05,66.35,95.96,19.92,872.1,26.47,36.8,2.22,9.68,930.5,69.82
2178.2,89.11,104.72,2093.4,1239.7,371.1,14.13,32.44,77.09,114.78,30.5,1058.4,29.81,40.1,2.73,8.1,1012.3,76.86
2555.7,90.52,114.27,2376.3,1417,495.8,23.87,24.93,79.45,154.5,33.88,1233.2,36.3,48.3,2.58,9.47,1080.1,77.08
2002.9,90.67,108.88,1793.7,1125.1,272.9,11.61,49.9,56.46,76.12,22.06,764.7,21.22,36.5,2.47,8.9,949.2,82.59
2004.1,93.39,111.46,1999.3,1192.7,398.9,18.63,34.21,64.84,100.31,18.87,894.5,26.4,40.9,2.04,10.69,997.5,52
1960.6,87.06,106.3,1852,1141.6,341,16.94,38.89,64.36,81.98,19.35,758.8,22.65,38.4,2.31,9.79,951,63.97
702,82.03,91.51,1431.3,1000,176.8,3.17,49.66,29.57,19.49,5.14,408,9.11,34.8,1.72,4.43,372.8,97.45
3290.5,89.77,112.97,2226.4,1443.9,458.9,20.12,29.19,80.36,118.49,52.2,1040.1,30.46,48.9,3.32,9.82,1310,74.63
1454.3,90.29,103.83,1668.7,1061.8,268.9,12.18,47.79,50.79,50.52,13.29,551.3,17.33,38.1,2.15,7.88,804,76.11
1295.3,86.55,101.55,1658.6,1035,283.5,12.49,53.88,49.24,57.48,13.05,531.5,19.22,35.6,2.08,8.6,723.4,76.87
1157.2,86.05,100.83,1545.1,1000,262.9,6.24,50.69,39.9,32.92,9.75,356.9,11.29,38.2,1.99,6.29,589.2,89.57
3164.2,89.91,112.21,2423.9,1546.2,471.2,23.31,23.17,82.66,141.04,51.3,1202.9,34.78,52.2,3.25,9.3,1298,77.33
1377.3,84.29,100.05,1470,1007.6,209.6,5.11,50.5,41.32,30.93,11.5,445,11.76,34.8,2.22,5.74,736.4,93.51
1839.7,85.16,101.84,1753,1106.3,272.1,5.09,40.89,53.62,69.92,19.34,683.5,19.72,36.1,2.7,5.56,891.1,94.88
2160.7,86.31,100.76,2015.2,1269.3,324.1,11.52,32.43,56.21,97.89,27.64,905.7,23.58,42.1,2.71,5.98,942.8,95.18
3023,90.39,113.03,2444.5,1526.1,465.9,22.82,16.32,84.79,150.34,42.47,1247.5,34.29,53.6,3.2,9.05,1267.4,80.59
1897.8,47.57,49.25,2131,1259.4,331,11.91,29.4,67.36,109.5,24.27,961.7,26.06,44.3,3.46,6.8,905.1,93.35
1630.5,86.85,106.96,1990.6,1214.2,340.8,8.12,37.5,60.36,103.38,17.27,815.3,26.98,43.6,2.25,5.79,862.4,93.61
802.2,83.49,99.74,1500.7,1021.5,241.2,7.77,53.01,41.33,38.47,7.62,506.2,12.35,31.2,1.52,6.66,405.8,95.91
1431.8,67.45,64.53,1641.4,1050.5,298.4,10.26,48.56,51.39,46.35,11.53,555.9,15.78,33,2.51,7.66,793.6,86.25
1007.7,80.33,98.71,1533.7,1031.3,249,6.84,53.19,44.56,34.23,7.5,559.8,12.72,33.3,2.08,6.54,499.4,86.68
2590.7,87.88,110.18,2096.9,1296.2,384,16.31,32.63,75.25,108.28,33.9,939.5,28.69,47.9,2.54,8.05,1094.3,70.11
1782.8,89,112.28,1861.1,1080.2,377.8,19.41,42.9,66.78,89.3,19.21,822.3,24.55,38.2,2.07,11.47,943.7,54.01
2215.2,49.14,48.81,1776.1,1091.9,318.6,12.93,40.59,55.4,65.37,22.38,672.6,20.15,40,3.25,7.9,990.4,73.48
3296.6,86.91,110.27,2237.6,1445.1,418.9,19.25,25.29,73.27,110.47,48.49,971.1,28.61,53.8,3.13,8.11,1321.1,70.81
2129.4,87.78,109.24,2004.7,1222.7,408.7,16.24,42.2,66.55,99.52,25.77,922.1,26.28,41.8,2.34,9.13,968.9,70.5
798.1,84.88,98.66,1429.7,1000,231.5,6.65,55.9,25.61,22.55,7.72,403.7,10.61,33,1.53,6.8,401.8,86.69
2556.9,87.74,110.37,1983.9,1203.4,405.7,14.54,33.86,66.8,88.51,28.88,815.8,23.66,47.6,2.71,8.13,1055.4,78.5
861.8,83.74,95.17,1490.1,1000,204.5,10,48.51,39.74,26.9,6.85,424,10.35,33.1,1.78,7.42,446.7,85.01
1613.1,86.35,99.52,1808.5,1167.9,289.1,9.86,45.59,53,74.56,17.42,699.7,20.51,37.1,2.31,7.65,830,88.86
769.6,81.79,93.2,1359.9,1006.4,194.1,5.11,51.26,36.09,21.48,7.61,448.8,10.54,30.7,1.81,5.97,396.5,88.34
3100.2,84.15,105.67,2080.7,1371.7,366.1,11.09,27.61,70.4,101.71,44.69,996.5,25.4,48.3,3.6,5.93,1250.7,99.8
1432.3,87.33,102.7,1675.2,1065.7,254.3,8.15,45.45,48.57,65.39,13.48,672.4,18.4,36,2.3,7.09,785.4,86.38
2256.1,95.12,115.82,2333.1,1359.5,461.3,23.97,24.71,92.13,146.31,28.83,1159.7,36.01,47.5,2.37,9.71,1028,66.39
2170.6,55.57,52.75,1936.3,1177.8,345.5,14.06,30.77,61.66,89.54,27.56,831,23.02,36.8,3.23,7.82,987.2,81.27
790.4,82.04,95.36,1495.4,1004.7,206.5,5.11,47.39,33.65,25.99,6.96,453.5,11.28,29.8,1.88,4.68,409.2,97.2
1573.9,87.27,106.96,2087.9,1181.1,396.5,20.24,34.16,67.27,119.88,21.1,928.2,29.99,37.9,2.11,9.76,847.6,72.24
2151.6,94.3,115.35,1870.6,1165.5,322,14.63,39.98,64.35,85.32,24.31,790,23.52,37.6,2.54,9,981.5,75.49
1719.4,60.71,62.33,1882.4,1151,346,14.97,40.8,64.12,88.86,18.79,784.5,24.58,33.5,2.54,9.4,888.8,67.53
2525.6,86.05,108.46,2167.6,1280.2,391.2,17.61,32.46,76.58,118.83,33.27,982,30.44,41.4,2.94,8.64,1107.6,75.76
2688.5,90.02,108.46,2184,1348.3,425,17.17,23.4,72.03,115.85,32.81,1059.3,29.3,49.5,2.77,7.89,1088.5,80.84
1530.4,85.05,101.88,1502.2,1000,250.4,14.47,49.1,42.74,28.89,10.62,393,12.23,30.4,2.01,7.87,842.7,71.16
1290.1,83,104.5,1803.8,1099.9,277.6,6.84,39.85,51.46,70.55,12.86,738.1,18.9,39.7,2.04,5.82,682.8,92.69
2646.6,85.14,103.37,1846.2,1128,365.2,12.39,35.4,59.5,70.11,29.16,713.1,20.99,40.7,3.03,7.91,1087.1,74.71
1506.8,88.71,105.81,1574.9,1000,299.7,11.94,47.63,47.36,52.89,11.62,578.8,17.1,33.9,1.96,8.85,875.5,65.12
1544,94.33,115.36,2036,1172.1,384.2,17.93,32.87,61.66,106.4,13.07,903.9,27.78,43.2,2.16,9.26,888.1,73.22
1090.3,89.82,103.95,1545.4,1000,279.3,13.49,54.61,51.07,43.02,9.43,562,14.96,37.2,1.63,9.42,571.5,68.39
2401,90.26,111.47,2367.8,1376.7,443.4,23.01,21.08,86.2,150.43,35.46,1138.9,37.92,43.9,2.56,8.64,1021.7,72.65
2140.1,89.33,106.53,1794.3,1087.5,312.6,14.34,40.87,51.8,68.75,22.66,616.4,19.56,40.5,2.6,8.17,957.8,71.04
1606.4,84.27,101.98,1782.6,1060.7,338.3,11.47,43.58,54.53,71.83,14.66,635,21.71,37.1,2.14,8.51,864.1,77.65
3280.7,91.79,109.32,2256.8,1492.9,407.5,16.77,24.43,76.3,116.88,45.77,1066.9,31.07,50.9,3.3,6.54,1291.1,88.19
2055.8,62.43,60.72,1966.7,1180.2,332,11.97,36.7,65.59,96.69,25.62,874,25.25,39.4,2.96,6.44,943,82.7
2355.7,87.2,106.84,1826,1163.3,337.1,18.13,40.02,59.12,70.41,25.36,661.8,20.22,38.4,2.81,9.46,1054.8,62.81
2672.9,85.92,106.29,2047.2,1297.6,372.9,16.4,31.66,68.57,97.74,29.73,860.8,24.45,49.6,2.72,8.65,1131,73.7
2276.6,88.19,108.55,2412.6,1416.7,431.8,16.31,25.15,79.91,158.13,32.9,1189.3,37.09,54.2,2.67,7.31,984.8,90.95
1189.3,58.93,60.42,1661.2,1109.5,277.1,6.63,51.96,52.34,57.29,10.06,652.7,17.23,32.1,2.39,7.28,619.3,90.12
1311.1,85.87,97.78,1768.9,1103.5,300.4,12.85,43.16,59.07,77.01,13,756.5,20.36,33.9,1.95,7.87,709.5,83.48
1732.7,82.22,99.02,1605,1080.2,242.3,4.78,42.95,49.44,44.42,15.17,573.3,13.91,36.1,2.74,4.07,869.2,98.48
2653.9,86.04,102.71,1728.1,1117.6,307.3,12.6,39.9,58.69,58.7,22.35,654.1,16.35,37.9,2.75,7.78,1122.2,71.32
1960.4,86.81,106.35,1823.7,1152.8,304.2,10.13,42.49,60.07,82.05,17.48,800.8,22.91,41.9,2.49,7.54,949.6,79.88
839.2,86.7,101.17,1371.1,1000,227.1,11.18,56.66,39.9,17.48,9.42,381.5,8.39,32.2,1.49,9.5,453.8,67.21
2943.8,91.67,110.86,2105,1332.4,365.9,14.9,28.6,73.11,99.12,35.82,987.9,25.47,46.6,3.05,7.61,1185.6,82.35
2993.6,87.43,109.89,2282.2,1411.3,488.6,19.17,23.76,78.36,127.56,42.84,1084.2,31.96,45.4,3.01,8.17,1214.6,76.71
2625.1,89.16,110.91,2078,1312.4,384.3,12.07,32.22,72.96,106.39,33.66,922.1,27.15,41.7,3.23,6.09,1048.2,95.53
1994.2,89.34,107.5,2109.1,1294.8,369.4,8.64,34.35,58.38,119.63,26.95,1009.6,29.11,43.3,2.61,5.92,904.1,94
1518.6,83.26,97.65,1497.7,1000,239.7,9.39,51.8,41.77,34.84,12.22,497.2,12.67,28.7,1.97,7.61,853.6,76.33
1541.2,85.8,102.58,1757.8,1150.9,282.4,6.11,49.54,48.93,71.09,16.1,714.7,20.1,39.9,2.36,6.18,830.7,91.58
2569.2,91.09,108.48,2518.9,1504.4,511.7,22.85,20.58,86.75,167.92,40.93,1303.5,38.84,49.7,2.73,8.69,1088.1,81.4
1508.7,87.55,103.67,1900.6,1131.5,343.8,14.71,33.28,61.79,92.07,18.63,767.9,23.76,39.8,2.13,7.27,841,79.31
1394.9,83.35,96.64,1792.8,1127.7,278.4,6.24,39.67,47.37,70.68,14.69,657.6,18.32,37.6,1.97,5.3,760.8,95.62
2258.4,46.44,47.31,1950,1221.5,318.4,10.37,32.46,56.66,93.84,27.51,862.8,24.35,43.5,3.61,6.48,998.8,88.49
780.6,82.43,92.53,1488.7,1000,221.1,8.37,51.64,33.64,27.19,3.99,494.9,10.53,32.4,1.81,5.96,408.1,92.74
3072.5,90.87,114.13,2137.1,1353.2,429.4,21.44,29.72,81.12,118.19,41.05,1132,30.38,46.5,2.96,9.32,1278.9,71.83
2982.7,89.52,108.86,2012.3,1267.6,388.8,16.37,31.53,66.44,97.65,38.79,932,26.39,44,3.06,8.22,1261.7,78.2
796.8,88.33,103.37,1538.9,1000,246,10.89,49.72,43.04,35.58,5.7,423.5,12.77,30.5,1.78,7.75,425.5,75.83
2507.6,87.53,106.36,1848.4,1122.7,358.1,14.88,35.81,59.64,75.94,24.32,624.8,21.66,40.3,3.01,7.17,1062,73.94
1759.3,87.96,104.67,1775.6,1119.1,300.6,14.21,42.43,56.2,73.89,18.54,673.3,20.94,39.7,2.38,8.05,888,79.09
799.2,89.39,102.47,1507.3,1000,216.6,10.03,45.87,41.83,29.98,6.62,475.5,11.9,30.9,1.63,7.16,429.1,77.14
815.5,84.12,100.53,1365.2,1000,246.3,10.46,58.18,39.93,10.11,3.82,280,9.21,34.9,1.48,8.24,441.6,73.74
2337.1,91.93,112.78,1984.9,1201.5,380,16.96,33.25,64.17,95.77,26.12,855.8,25.22,40.6,2.63,7.99,1018.2,77.28
808.4,86.38,103.2,1419.8,1000,240.8,10.09,54.16,42.54,30.4,4.49,436.6,12.78,28.6,1.7,7.42,430.9,83.83
1001,86.59,100.85,1483.7,1011.4,288.6,9.88,55.95,43.67,32.18,5.27,404.4,12.2,30.5,1.44,7.98,496.1,78.87
1354.7,84.77,100.66,1751.3,1097.9,304,7.73,37.52,48.79,66.49,13.87,703.9,20.25,34.3,2.13,5.98,738,92.3
2589.8,85.24,104.8,2240.7,1410.8,388.8,12.02,24.22,66.84,120.92,35.52,1000,29.11,51.9,2.89,5.86,1044.3,97.04
3094.5,88.11,109.27,2476.2,1516,464.9,20.07,18.78,80.01,151.87,48.17,1325.7,35.4,54.9,3.08,7.22,1235.8,86.2
1959.5,64.27,61.9,1928,1187.4,343.4,10.6,32.47,54.75,91.86,24.58,827.7,23.94,41.2,2.86,6.06,960.4,85.26
1661,58.38,59.02,2120.7,1172.4,368.4,13.95,30.24,71.86,121.11,19.31,989.9,30.05,38.7,2.8,6.88,869.9,83.59
2370.1,87.72,106.16,2049.5,1193,413.4,21.04,32.88,70.52,110.47,25.22,980.1,29.23,42.3,2.54,9.99,1040.2,66.87
2031.3,86.83,102.97,1707.2,1090.5,314.2,11.07,40.35,58.95,68.55,17.7,697.4,19.41,34.6,2.44,7.73,965.5,72.9
2896.5,67.51,66.69,2369.3,1478.1,491.2,27.24,23.91,91.79,145.93,46.15,1195.1,37.73,57.3,3.4,10.63,1206.4,60.9
1794.8,84.8,101.29,1737.2,1073.4,281.7,8.47,40.84,49.24,57.39,17.85,749.4,17.24,38,2.4,6.69,876.4,90.44
2474.6,90.53,108.73,1726.8,1088.5,312,13.19,42.87,49.4,59.47,24.16,666.3,18.62,41.6,2.69,7.71,1061.1,80.06
1142.8,86.29,102.23,1444.1,1014.5,265.8,11.41,54.22,45.51,21.76,12.37,409.8,9.79,35.9,1.78,8.41,606.3,69.5
2627,90.31,109.19,2124.8,1274.2,372.3,13.12,26.15,68.1,119.72,34.22,1014.5,29.58,44.5,3.09,5.62,1057.9,90.64
2567.9,88.29,108.78,2058.2,1319.7,371.3,11.11,30.4,71.13,106.31,32.34,980.4,26.18,45.4,2.87,7.05,1065.4,93.59
1338.2,87.11,105.33,1697.7,1035.4,273.3,12.24,44.66,51.97,58.45,13.65,667,18.57,31.7,1.83,8.58,765.6,76.41
1715.6,83.94,100.5,1543.6,1043.1,241.8,7.03,48.19,39.94,35.68,13.08,496.1,12.78,35.2,2.35,6.09,894.2,80.86
1620.8,47.58,49.22,2135.4,1242.4,347.4,13.16,32.65,69.83,121.13,23.6,964.8,29.36,40.3,2.89,7.13,849.5,87.05
769.6,85.89,102.61,1383.9,1000,214.2,8.67,57.4,35.48,16.92,5.68,294.7,9.44,26.8,1.56,7.78,410.9,78.76
2301.5,88.16,104.38,1978.9,1266.4,339.8,11.89,31.42,64.05,103.17,24.48,826.1,26.27,44.1,2.78,5.98,980.8,86.91
2407.8,88.02,105.08,2163.7,1261.5,433.1,17.35,29.65,71.57,120.26,29.72,998.1,30.09,40.6,2.8,7.79,1018.6,77.67
1505.7,83.97,96.34,1515,1051.7,212.7,9.9,53.64,43.6,37.21,15.99,438.2,13.41,34.5,2.13,7.64,815.2,83.59
1735.7,85.8,102.5,1588.2,1031.3,234,4.3,43.02,38.06,40.37,14.43,635.2,14.39,40.9,2.35,4.41,857.5,95.97
1061,86.13,100.62,1586.2,1027.5,234.5,7.99,45.66,43.34,33.02,9.51,487.7,13.4,37.3,1.98,5.7,532.3,83.18
1136.1,88.81,103.19,1533.7,1026.1,266.1,12.38,51.95,43.87,37.67,7.15,468.7,15,29.5,1.9,8.29,589.5,72.46
2371.6,89.8,106.63,2162,1249.3,434,21.85,27.76,77.59,114.22,29.34,913.8,30.01,43.6,2.48,9.04,1061.3,61.31
1438.7,84.52,99.3,1797.5,1188.7,283.7,8.39,44.86,52.83,74.12,15.86,758.9,19.71,39.6,2.25,7.15,780.3,98.4
2113.4,56.48,56.97,1994.4,1194.6,358.3,15.72,35.74,61.45,103.18,26.3,859.4,28.54,44.8,3.03,8.91,1012.7,70.03
1712.9,85.84,99.71,1729.4,1054,306.9,14.36,45.7,52.24,63.74,16.75,628.9,19.19,40.8,2.15,8.84,904,65.44
1839.8,82.4,101.95,1736.5,1104,325.8,11.26,40.67,55.26,61.71,18.21,647.9,19.29,37.6,2.27,7.2,928.4,73.76
2559,86.02,105.24,2173.7,1363.3,374.1,13.77,30.35,68.8,114.56,34.7,1127.5,28.46,45.6,3.11,6.6,1054.6,89.91
1872.3,92.71,115.65,2155.2,1238.5,427.4,18.2,29.75,78.76,118.72,20.51,907.1,30.33,42.3,2.13,9.04,930.6,71.7
2929.2,92.26,114.42,2168.3,1321.5,467.9,23.1,25.63,85.83,109.85,40.04,958.9,28.11,48.1,2.66,9.81,1275.2,58.8
2394.3,89.53,112.78,2385.2,1416,474,23.07,24.16,85.57,151.77,34.62,1231.3,34.94,43.4,2.53,9.04,1051.3,73.41
2569.1,86.73,106.48,1965.3,1185.7,404.2,17.66,40.73,69.54,92.79,29.38,776.8,25.35,42.7,2.43,10.66,1126,57.15
1540.9,92.22,113.82,1867.9,1072.7,372.9,21.31,45.41,70.77,95.76,17.44,859.3,26.27,34.7,1.8,11.99,884.4,53.69
2524.6,87.42,106.6,2207.9,1311.8,402.8,13.62,27.39,69.1,122.83,30.55,1016.3,29.87,49.6,2.87,6.64,1044.9,84.34
2649.9,88.73,108.44,1808.8,1156,352.6,12.28,39.42,55.38,66.91,25.41,686.8,19.55,42.9,2.91,8.1,1090.4,74.74
2772.7,68.2,67.47,2166.7,1248.9,462.4,23.4,27.46,85.74,115.08,39.51,965.8,30.34,45,3.16,11.19,1190.7,55.35
807.1,83.02,93.57,1382.5,1000,220.7,5.21,54.52,29.3,14.97,9.4,294.2,8.75,33.6,1.74,5.9,414.7,88.09
1833.6,85.36,102.8,2029.4,1216.5,348.8,12.52,35.8,67.49,111.11,22.18,996.2,27.52,40.2,2.55,6.07,865.4,98.18
2360.3,81.09,97.97,1790.3,1142.3,265,7.88,34.19,54.31,64.39,22.8,791,18.38,40.5,2.92,5.01,1003,91.33
1044.8,82.78,94.33,1435,1024,203.4,6.57,51.3,29.3,23.6,8.5,483.8,9.74,33.7,1.92,6.03,529.8,93.27
895.3,86.65,99.51,1414.2,1004.5,193.1,6.42,52.97,35.91,22.17,7.5,409.2,10.54,27.4,1.75,5.61,446.8,89.06
808.9,83.27,98.4,1389.2,1000,223.6,7.07,53.51,39.21,12.34,8.5,385.7,8.55,33.7,1.58,6.42,426.9,81.03
2467.1,49.3,47.92,1859,1195.9,290.6,9.88,40.97,59.96,76.44,32.15,734.8,20.62,44.5,3.75,7.12,1025.6,81.04
2183.1,86.71,104.78,1954.9,1201.1,342.5,9.42,36.02,63.55,100.81,22.97,862.9,24.25,43.1,2.79,5.89,956.2,91.69
3030.9,92.2,108.26,2045.5,1271.7,390.8,18.3,35.34,69.79,98.19,35.96,934.4,26.05,48.5,3.07,8.88,1251.3,71.92
2570.5,88.17,110.39,2367.9,1473.7,417,16.68,27.12,81.41,140.72,36.94,1237,33.98,47.1,2.97,7.51,1070.9,86.03
1885.6,84.08,103.76,1789.7,1113,265.3,7.94,36.32,44.8,68.95,15.89,652.1,20.29,38.4,2.69,5.42,889.1,93.45
2378,90.92,112.78,2209.3,1311.1,436.1,23.71,27.36,84.24,135.82,32.41,1099.2,33.81,44.5,2.37,10.04,1072,63.03
2362.7,89.47,107.49,2046.7,1231.7,406.8,15.4,31.86,71.97,101.96,24.1,951.8,27.21,42.1,2.63,7.82,1025.7,74.74
2396.3,89.79,109.88,1768.7,1081.8,342.4,16.38,42.57,59.76,62.42,21.96,644.9,19.91,35.5,2.36,10.59,1059.3,58.2
2920.1,89.47,111.86,2297.4,1425.4,453.3,21.59,17.91,78.18,126.96,43.39,1044.5,31.5,47.4,2.97,8.02,1208.7,69.9
837.7,84.01,101.41,1416.4,1000,240.1,12.9,57.6,36.69,11.22,10.8,280,9.35,31.3,1.39,9.64,460.1,54.69
1074.8,85.4,100.08,1774.7,1101.1,295.6,9.94,42.47,56.28,69.93,10.71,616.9,21.32,32.4,1.95,6.76,556.2,83.76
2485.4,89.88,111.99,1908.6,1209.2,351.5,15.19,39.24,57.84,83.03,32.16,790,22.3,41.4,2.61,8.25,1054,79.46
1301.8,92.56,112.63,1632.4,1019,340.5,17.24,54.51,49.58,57.67,10.75,582.9,18.92,30.5,1.8,11.52,779.2,55.19
1082.3,89.15,102.04,1542.9,1000,259.1,9.87,47.42,52.5,40.88,9.98,484.9,13.77,33.4,1.95,7.7,569,80.63
1661.6,85.47,106.11,1938.6,1141.2,325.6,14.12,34.24,64.83,96.07,16.43,780.9,25.74,43.1,2.16,7.51,880.4,75.54
1324.1,82.7,95.48,1482,1091.8,205.6,3.94,54.69,36.01,27.79,9.83,493.1,8.53,36.6,2.17,6.11,706.3,98.29
2606,90.74,112.58,1953.1,1216,375.3,16.24,40.28,64.96,90.13,29.18,849,24.18,42.6,2.68,9.7,1126.9,64.16
1588.8,88.76,105.16,1795.5,1133.8,273.2,6.41,38.56,63.33,71.07,14.41,730.5,21.02,34,2.59,5.61,824.7,94.23
2582.7,87.27,106.25,2087.1,1314.5,374.1,14.3,25.98,73.83,103.13,34.86,953.8,27.02,43.8,2.91,5.81,1080.1,87.91
1780,86.68,104.73,1636.5,1000,292.9,13.62,41.34,53.26,47.72,15.48,452.1,16.63,36,1.92,8.39,931.6,65.71
1742.8,86.65,101.03,1707.2,1114.4,260,8.14,43.1,43.65,53.33,15.43,603.4,19.13,37.8,2.34,6.22,876.6,92.34
1244.3,89.4,104.64,1613.9,1077.6,297.2,11.65,52.93,56.07,57.94,13.03,616.1,17.67,34.3,1.95,8.46,694.7,71.52
2834.2,86.82,108.82,2400.3,1468.2,497.4,21.37,26.68,85.1,156.64,45.91,1354.4,36.72,45.9,3.01,9.5,1210.3,78.07
714.5,84.67,96.45,1409.8,1025.4,248.6,7.54,58.05,33.52,25.49,6.83,429.7,7.92,29,1.62,6.61,381.1,96.65
1413.4,88.49,106.25,1714.9,1016.2,312.3,12.18,41.57,55.57,68.22,13.37,609.9,18.97,34.6,1.83,7.87,797.4,76.02
1082.2,90.64,108.08,1556.6,1000,312.3,16,50.46,42.88,43.29,8.4,426.7,13.99,29.7,1.57,10.18,594.2,58.13
1600,88.39,102.5,2048.3,1221.2,355.1,6.26,32.51,61.61,110.98,15.4,972.3,28.71,42,2.37,5.53,848,95.62
1136.9,81.85,97.1,1450.5,1004.7,231.7,3.41,48.32,36.46,23.77,7.67,393.6,10.51,32.7,1.74,5.57,583.9,87.8
2208.6,89.14,110.03,2245,1320.7,394.3,18.18,30.93,75.6,140,29.4,1033.6,33.09,42.1,2.66,9.12,991.5,77.99
2647.8,86.08,109.17,2392.2,1471.3,452.6,18,27.13,78.19,147.54,38.57,1134.7,35.33,54.7,3.12,7.9,1097.6,83.26
1118.3,87.14,102.86,1410.8,1000,257.7,9.66,51.23,30.57,22.31,9.69,441.6,10.83,25.9,1.78,7.54,587.5,78.17
2633.6,67.94,71.76,2290.2,1316.4,500,26.76,24.92,86.78,135.3,34.59,1111.7,35.01,44.6,2.7,11.3,1135.6,50.02
817.3,83.12,98.6,1385.8,1000,216.5,10.11,54.97,35.97,18.25,9.36,280,10.88,27.6,1.88,8.5,425.4,72.26
1447.3,85.15,99,1732.3,1086.4,265.4,11.52,50.23,45.8,65.31,12.76,567.9,19.13,34.8,2.13,7.38,802.9,77.82
1964.7,90.08,112.45,2109.3,1205.7,416.4,14.45,28.94,67.76,120.61,21.97,977.5,29.98,41.9,2.46,6.99,917,84.06
2126.4,91.28,111.82,1734.1,1129.5,300.7,10.74,41,56.09,58.26,18.56,647.8,18.1,42.3,2.57,7.16,954.8,83.95
1698.4,87.15,105.25,1821.8,1122.3,325.2,10.49,37.55,53.79,75.33,16.55,731.3,20.21,38.5,2.19,6.68,884.8,85.08
1422.4,87.01,103.37,1672.2,1032.5,311.8,14.89,49.39,58.39,62.66,11.49,639.3,19.1,33.6,1.69,9.49,812.8,68.76
1551.1,82.33,99.92,1479.9,1018.5,258.2,12,54.95,46.09,27.42,12.73,377.8,11.48,34.7,1.96,9.27,873.2,66.16
2268.4,84.36,101.78,1859.4,1109.5,344.8,13.67,38.79,58.9,75.1,24.46,685.1,21.97,35.7,2.83,7.85,983.9,78.5
1745.5,86.14,105.91,1595.9,1067,275.2,11.37,52.58,43.15,43.47,16.97,459.5,15.45,35.7,2.26,8.11,900.2,73.31
725.8,88.03,101.4,1434.4,1000,241.7,11.88,54.47,39.01,16.95,7.57,307.4,7.81,33.1,1.46,8.63,406.3,71.61
1672.8,82.85,99.63,2050.2,1201.5,400.4,17.56,33.16,70.41,101.9,19.54,914.7,27.45,40.3,1.97,8.78,899.7,72.76
1692,87.94,105.66,2096.9,1190.4,396.6,17.02,30.5,73.04,125.33,19.66,1008.3,31.2,41.1,2.28,8,871.2,81.74
1123.2,85.87,100.61,1680.1,1012.2,301.5,14.06,44.95,55.6,53.35,10.03,634.9,16.89,31.5,1.64,7.52,594.8,73.24
865.7,82.66,98.54,1396.7,1000,226.9,11.87,60,37.97,14.43,6.72,280,7.94,33.1,1.54,9.24,472.1,70.12
1072.6,91.91,108.18,1679.7,1046.6,311.8,12.97,45.18,51.72,50.88,8.21,576.2,17.82,33.1,1.81,8.42,562,69.81
1233.2,87.58,103.96,1471.3,1000,269.8,9.66,51.82,45.37,30.47,7.07,391.7,11.79,30.3,1.89,8.23,676.8,67.68
1623.2,84.33,98.86,1642.8,1101.1,231.8,7.43,48.74,45.61,50.28,15.27,575.7,16.1,32.7,2.23,6.16,849.4,89.64
1565.9,92.14,115.51,1991.9,1164.9,433,22.36,36.82,71.68,100.82,19.17,865.8,26.86,32.4,1.56,11.65,898.3,52.76
1367.9,86.84,103.5,1665,1078.8,268.6,12.08,47.92,55.92,60.79,13.77,653.5,18.88,33,1.97,7.61,769.7,75.73
1145,89.1,107.64,1703,1000,328.2,16.24,48.67,57.04,57.94,10.31,638.4,17.79,31.1,1.53,10.73,630.1,55.09
2149,83.73,103.84,1870.9,1167.9,283.3,6.99,40.97,55.13,85.53,21.4,894.1,22.3,40.5,2.82,5.78,927.5,94.89
3280.6,90.16,112.82,2328.2,1444.5,462.8,19.47,21.33,81.89,132.53,43.24,1143.9,33.46,49.2,3.3,7.85,1306.8,76.85
3177.1,89.24,108.54,2067.7,1317.3,419.5,15.6,25.94,73.01,91.48,37.97,950.4,24.48,44.3,3.37,7.78,1300.9,74.01
1018.9,88.74,103.02,1470.4,1000,247.1,11.5,51.8,40.09,20.04,8.81,320.7,9.92,32.9,1.62,7.75,526.7,71.42
1900.5,92.36,112.76,1958.8,1175.9,362.9,14.19,40.51,65.69,92.57,21.9,883,25.49,40.8,2.2,8.54,913.2,82.18
1006.6,89.73,106.33,1603.3,1020.8,271,9.96,49.16,48.34,48.15,4.67,597.8,14.5,33.9,1.73,8.18,518,73.48
2382.4,88.79,107.66,2282.8,1335.5,428.4,17.19,26.47,81.64,133.15,32.37,1104.5,33.11,46.5,2.6,7.58,1017.6,83.49
3157.6,86.65,107.19,2091.2,1374.1,325,7.02,32.36,63.2,96.3,43.67,980.1,25.64,47.4,3.45,5.34,1250.4,100
2529,87.37,104.51,2092.1,1280.1,374.3,16.01,29.68,72.77,116.6,30.84,964.9,29.14,45.5,2.93,7.76,1056.6,81.23
1472.2,59.36,61.91,1727.1,1130.2,223.3,8.9,45.93,51.7,70.08,18.4,665.4,20.48,38.3,2.69,5.88,805.7,93.03
3107.7,92.46,111.58,2188.9,1415.7,438.2,18.76,26.54,75.42,113.99,42.95,1122.3,28.22,52.3,3.13,8.6,1267.4,76.18
1638.2,89.3,102.13,1532.1,1001.9,255.7,10.76,51.14,40.44,37.35,12.17,435.8,13.73,33.3,1.98,8.87,899.4,67.85
1680.5,85.35,99.99,1514,1026,227.6,6.33,56.11,44.59,30.41,10.92,407.8,12.32,32.1,2.09,6.59,881.8,82.56
847.3,84.71,98.7,1435.6,1000,241.4,10.55,57,24.87,19.28,10.86,302.6,8.92,34.2,1.32,7.51,448.2,78.21
1247.1,88.42,105.47,1474,1000,281.4,17.51,53.12,44.55,31.44,12.11,411.4,11.1,35.1,1.66,11.16,727,48.92
1399.4,85.65,99.25,1464.5,1000,230.2,8.81,50.79,41.01,24.76,11.98,387.7,11.96,32.7,1.93,7.73,792.9,79.09
2164.1,85.61,100.52,1878.1,1204.6,282.7,8.89,37.36,50.36,82.02,24.22,814.6,20.1,35.7,2.56,5.98,953.7,92.66
2011.4,88.11,109.1,2010.3,1215.6,373.6,14.63,33.19,57.56,104.64,23.41,929.7,27.44,38.9,2.35,8.15,954.3,78.38
1564.9,88.37,101.13,1662.4,1085,297.3,11.68,50.73,51.93,55.61,14.17,612.5,17.11,38.6,1.95,8.95,873.8,75.14
1342.6,86.77,105.24,1670.9,1057.8,312.8,14.56,49.8,48.74,58.09,11.14,619,17.81,32.9,1.92,9.13,755.7,69.69
1575.9,81.19,96.73,1488.6,1032.7,229.8,7.83,52.59,42.95,38.04,13.09,491.9,14.57,33.2,2.03,7.62,839.1,84.97
2411.2,88.93,110.38,2198.5,1325.9,427.7,19.81,33.43,78.66,122.05,33.86,1033.8,31.25,48,2.65,10.04,1062.5,65.12
1684,89.58,106.2,1521,1019.4,261.3,12.28,52.96,43.82,32.21,12.59,494.3,12.64,34.8,2.12,8.74,894.9,75.67
3202.3,88.61,107.24,2180.3,1358.3,414.7,21.5,24.86,76.52,107.8,41.21,994.2,28.88,48.7,3.1,8.43,1312.4,66.93
1179.3,86.81,103.78,1573.7,1046.1,258.9,9.27,45,56.36,44.05,12.07,495.6,15,32,1.89,7.21,623.1,82.73
1551.8,88.25,106.99,1590,1000,311.5,14.45,49.33,52.73,50.83,15.04,556.4,15.54,34.4,1.75,9.83,878,61.04
1262.2,83.92,101.65,1600.7,1045.6,235.5,8.29,48.23,47.56,51.94,10.11,598.7,16.67,34.5,1.94,6.98,664.2,82.31
793.2,85.22,94.24,1490,1034.3,225.9,5.95,48.7,42.62,21.32,6.94,437.8,11.83,33.9,1.61,6.02,412.9,87.09
3026.5,86.81,106.76,2028.7,1313.9,363.9,12.62,30.35,71.23,94.57,37.87,891.5,23.99,42.4,3.15,6.77,1232.8,83.35
771.8,84.43,98.2,1451,1000,256.7,11.01,54,33.63,20.29,8.1,312.2,10.25,34.3,1.61,8.21,414.2,76.27
1113.2,81.32,90.9,1494.3,1000,194.8,8.13,53.4,38.39,25.52,8.33,403.9,10.22,37,1.84,7.91,589,81.76
2232.1,87.37,104.47,1821.4,1118.4,311.7,10.41,40.51,60.51,72.23,24.18,689,19.01,40.3,2.81,6.71,973.8,80.17
1616.6,88.26,106.01,1843.9,1146.4,339.4,13.39,40.78,54.97,83.3,21.53,710.5,23.45,37,2.11,8.08,857.1,78.94
3078.1,94.42,116.14,2284.5,1399.1,463.3,29.09,23.39,81.04,128.92,42.37,1091.7,33,52.4,2.86,10.8,1260.4,58.4
1147.7,84.24,99.89,1599.6,1049.4,238.2,9.93,48.52,39.09,36.7,8.4,428,13.43,37,1.86,7.49,599.2,79.97
2135.9,87.33,107.37,1989.4,1195,406.8,15.22,38.18,66.96,102.96,24.45,1000.9,26.6,39.1,2.62,7.93,964.7,81.57
1348.1,86.09,100.44,1564,1000,236,7.57,53.31,40.83,41.07,9.9,475.8,14.7,32.9,2.07,7.97,745.2,80.78
1329.9,86.14,101.55,1537.3,1000,236.5,13.72,53.6,44.52,32.67,13.69,422.3,13.49,33.5,1.72,8.28,770.9,66.85
869.9,85.29,100.74,1477.4,1000,253.2,9.61,53.52,40.81,32.64,7.99,476.8,12.79,29.4,1.75,8.07,451.6,85.05
2740.3,87.87,106.08,2084.1,1315.5,397.6,17,31.01,71.4,104.07,34.2,986.8,27.11,45.8,2.94,8.13,1147.5,76.08
2879.6,90.58,114.85,2373.8,1425.4,477.1,24.96,21.04,85.36,143.04,42.85,1182.5,33.81,51.9,2.88,9.78,1225.4,63.01
825.2,85.88,101.8,1466.1,1031.9,237.7,7.35,54.41,33.75,29,6.01,455.2,10.7,37.6,1.6,6.24,430.6,89.79
1372.9,87.06,105.01,1702,1055.3,327.6,15.26,45.78,56.41,69.49,14.01,552.7,20.16,30.2,2,9.27,790.9,64.6
2644.1,91.12,114.67,2420.3,1453.7,491.8,25.78,24.04,92.93,154.82,42.11,1274.5,37.13,51.3,2.82,9.94,1105.2,71
1623.7,90.31,108.85,1845.9,1075.9,345.2,16.73,37.76,61.5,82.06,12.99,764.4,21.75,32.4,1.98,9.51,863.4,68.97
1371.2,66.75,66.2,1691.4,1049,315.9,14.32,49.96,56.76,67.97,15.33,657.1,19.9,33,2.16,9.42,772.4,73.05
2258.1,90.16,110.76,2234,1270.2,498.6,28.16,32.16,89.25,134,30.46,1044.8,35.04,45,2.31,12.55,1073.8,46.46
1130.2,89.86,101.22,1406.1,1000,214.7,12.93,56.21,38.33,19.43,8.06,391.3,11.09,29.8,1.84,8.84,620,72.32
2020.5,86.74,102.5,1669.4,1093.1,286.6,10.61,48.71,54.66,63.53,18.94,641.3,18.34,38.6,2.43,8.71,957.6,76.22
2235.8,90.82,108.32,2028,1214.4,357,12.56,38.38,61.82,102.91,24.43,933.3,26.8,40.6,2.84,7.9,972.6,84.77
1695,86.78,105.69,1469.2,1000,237.6,13.5,53.88,46.08,40.91,14.97,396.4,13.76,35.9,2.17,9.42,891.8,66.18
1594.2,89.06,109.43,1846.8,1166.1,346.7,12.35,43.84,65.36,86.27,18.19,790.3,23.16,35,2.19,8.79,867.1,80.13
2634.2,51.95,54.74,2103.5,1266.3,467.5,19,34.8,70.21,105.74,37.53,986.5,26.59,49.4,3.26,10.27,1105.9,61.16
1555.5,82.18,98.87,1488.5,1072.8,221.9,4.1,53.32,43.22,36.71,15.19,452.9,11.66,33.4,2.22,5.85,834.9,93.04
1566.5,88.83,103.76,1816.6,1183.6,293.1,11.52,41.77,52.6,70.74,16.99,742.8,20.48,37.2,2.16,6.58,841.5,92.94
2458.8,87.84,107.74,2195.4,1335.2,397.4,17.35,30.97,78.61,123.65,30.66,1008.7,29.25,42.7,2.35,8.77,1062.4,73.14
2246.3,87.65,102.04,1851.9,1152.4,336.9,10.75,35.06,62.14,78.72,21.55,810.5,21.5,43.3,2.74,7.24,978.7,86.86
1591.1,86.91,106.66,1852.7,1158.3,308.8,12.28,43.12,60.52,84.34,15.16,737.7,22.33,39.3,2.17,8.38,864.5,81.32
1789.9,85.97,101.94,1626.5,1096.9,257.8,6.78,47.94,44.93,54.45,16.45,638.4,16.02,37.3,2.26,5.69,876.3,97.1
2690,88.04,106.64,1864.8,1156.2,324.8,15.16,35.11,64.82,73.21,29.26,705.5,20.56,45.2,2.94,7.8,1112.1,76.44
1255.3,85.91,99.02,1628.5,1039.3,270.5,8.5,45.45,44.38,51.31,12.46,648.3,16.46,31,1.92,7.62,706.2,78.3
1758.4,93.53,111.15,1891.9,1144.8,352.3,16.09,42.69,66.36,90.14,20.03,750.8,25.07,36.1,1.9,9.81,924.3,61.64
3121.9,88.41,111.57,2526.8,1576,453.3,19.88,17.21,91.31,154.22,50.96,1331.9,36.06,55.2,3.06,7.79,1278.2,83.76
2019.6,85.26,103.75,1997.2,1175.7,334.5,15.04,34.54,68.71,105.65,23.69,965.4,26.71,38,2.43,7.3,905.3,85.6
3284.5,87.59,109.6,2054.9,1277,377.7,12.18,33.05,72.47,96.39,38.88,839.6,24.42,45.9,3.62,7.18,1335.9,83.25
1496.4,84.44,100.33,1683.6,1105.3,267.7,9.11,49.7,49.21,58.04,14.59,668.7,16.93,36,2.32,7.32,836,88.01
1048.5,87.71,101.87,1684.1,1132.5,275.8,11.34,43.48,61.09,61.1,12.13,602.6,16.96,35.2,1.73,7.65,533.4,83.07
1749.7,87.97,100.75,1493.6,1013.5,260,7.59,54.97,36.92,30.08,17.15,436.4,11.12,35.3,2.43,7.78,900.6,81.55
2273.2,82.83,101.19,2008,1259.7,340.3,10.19,36.06,61.28,101.5,27.72,934.9,24.82,40.3,3.03,6.69,992.6,88.35
2721.8,90.31,114.71,2281.7,1423,422.2,20.22,22.08,84.84,135.57,37.89,1189.2,32.69,51.7,2.6,7.8,1117.9,80.63
2391.8,52.89,53.81,1901,1107.7,360,14.42,37.57,64.86,81.44,25.65,698,23.82,39.3,3.32,9.12,1060.2,66.87
1788.9,70.54,88.25,2168.7,1251.3,404.8,15.35,24.28,74.85,124.24,23.31,1066.1,31.17,39.6,2.34,6.96,885.3,84.22
1365.2,88.08,104.73,1754.5,1110.7,311.3,8.08,40.4,49.94,64.3,13.09,675.1,18,34.9,2.12,5.83,744.7,88.1
1135,89.37,101.77,1427.3,1017.1,240,8.13,51.8,40.5,20.86,5.62,385.9,8.89,33.6,1.92,6.81,600.7,83.1
2628.7,86.27,106.92,2273.3,1390.6,423.6,16.06,21.04,71.01,130.35,38.71,1134.6,30.32,47.6,2.97,7.53,1093.2,87.95
3116.6,86.01,100.51,2255.4,1438.9,415.2,17.04,22.29,73.8,119.43,45.2,1092.5,28.49,52,3.63,6.56,1236.8,88.62
2631.1,86.52,102.3,1825.6,1199,292.3,7.28,34.85,57.38,64.81,30.45,707.8,20.28,46.1,3.08,5.43,1063.4,89.4
1481.2,82.72,94.72,1502.8,1000,234.9,12.11,52.2,37.86,33.86,12.52,462.5,12.63,33.5,2.11,8.21,825.9,74.47
2933.6,86.41,110.32,2119.8,1385.4,390.5,20.54,24.31,79.02,113.65,39.59,1011.9,27.67,44.6,2.96,8.14,1241,73.91
2135.7,87.07,103.6,1907.9,1156,341.2,11.22,38.52,56.37,82.3,24.67,758.4,22.51,40.6,2.39,7.05,943,88.56
1620.6,88.65,106.85,1914.7,1208.2,323,10.35,35.48,62.06,93.8,16.97,796.5,23.92,40.1,2.25,6.74,858.4,87.9
1877.2,88.69,106.98,1793.9,1118.8,331.1,12.68,46.02,56.86,86.67,13.86,706.3,24.93,38.3,2.3,8.68,935.8,77.16
746.2,85.96,96.5,1389.1,1000,220.5,8.95,53.28,36.54,15.17,4.21,335.5,9.82,30.8,1.42,7.04,401.2,81.98
1418.8,87.63,103.43,1590.3,1074.6,206.1,8.5,43.49,42.9,47.32,13.05,628.2,15.93,31.3,2.17,6.07,788.9,92.09
1938,92.74,116.33,2049.5,1194.1,407.2,21.65,38.97,71.68,110.17,23.07,1007.8,29.82,39.6,1.93,11.01,974.2,54.19
1615,85.62,101.71,1810.5,1162.5,339.7,7.29,42.58,47.01,77.59,18.08,770.8,21.03,38.9,2.46,5.42,833.2,97.85
2615.2,88.7,109.9,2080.4,1309.7,397.4,17.68,32.94,72.23,103.45,35.97,994.2,26.43,45.1,2.98,8.8,1084.5,74.57
2729.9,87.46,112.06,2125.1,1274.8,445.3,22.89,27.57,73.48,111.59,30.73,961.6,29.71,48.8,2.73,9.83,1206.4,54.86
1463.4,87.85,104.5,1775.3,1079.7,284.6,8.38,43.86,51.97,61.39,15.2,681.1,19.53,39.9,2.25,6.58,794.1,89.2
1051.3,85.28,98.62,1685.7,1144.2,278.3,6.44,45.38,49.86,50.79,11.44,598.3,16.73,31.4,1.95,5.19,520.1,99.93
1668,88.8,104,2016.9,1188,363.3,13.7,40.29,70.56,99.59,18.59,896.7,26.12,44.2,2.42,8.18,880.3,78.32
2921.6,89.5,108.73,1943.8,1209,398,20.25,30.88,71.94,86.45,33.17,822.6,24.34,40.7,2.88,9.53,1233.4,60.97
1260.3,86.75,101.72,1618.6,1042.8,261.5,13.11,47.28,47.78,46.56,12.67,531.5,15.67,32.9,1.48,8.87,697.9,68.17
1819.7,90.58,111.21,2102.3,1238.9,398,15.99,30.17,74.06,119.97,22.97,948.8,28.82,48.1,2.19,7.81,922.7,83.18
2338.6,87.99,111.5,2095.6,1248.2,383.4,18.2,34,74.56,111.29,26.92,935.7,28.81,47,2.52,9.57,1042.9,66.75
1999.5,94.15,112.04,1902.4,1174.7,310.8,12.55,37.02,59.65,83.51,22.51,852.7,22.8,42.3,2.5,7,928.1,81.58
827.3,81.35,97.37,1444.9,1008.2,225.9,11.71,51.38,40.71,30.64,8.54,460.6,12.48,29.1,1.67,7.66,433.4,81.87
1658.9,87.39,99.42,1856,1156.3,341.9,10.39,37.47,57.07,85.1,14.26,835.3,22.75,38.7,2.44,5.97,858.6,89.36
1701.3,83.82,99.8,1672,1117.7,276.6,4.73,47.99,50.18,58.74,17.14,624.7,18.78,38.7,2.54,5.95,909.7,92.23
2638.8,88.07,103.06,1710.2,1158.3,282,9.5,42.22,50.09,60.65,25.55,667.9,18.6,39.1,2.74,6.6,1093.5,84.28
2345.7,86.03,106.37,2124,1346.9,357.8,10.04,28.89,67.92,116.75,32.35,994.9,27.84,46.8,2.85,5.99,978.4,96.12
2690.7,63.83,66.54,1815.6,1150.4,365.6,18.6,36.77,63.46,72.72,34.37,724.1,20.25,38,3.16,9.45,1176.7,64.03
2146.8,81.69,100.06,1761.5,1173.6,255.5,6.83,39.39,50.5,70.42,21.95,691.5,19.06,43.9,2.64,4.84,918.7,96.39
3000.8,94.05,118.94,2462.9,1517.4,487.9,25.64,21.39,92.97,152.74,51.54,1331.8,37.06,52.4,2.68,9.23,1262.9,69.32
1210.7,83.07,100.64,1835.5,1172.1,295.2,7.79,39.76,53.96,76.01,10,708.8,21.17,35.4,2.14,5.49,649.5,96.19
854.6,88.1,107.24,1409.1,1000,260.1,13.51,58.24,38.45,19.8,6.85,304.1,11.91,35.1,1.46,9.92,459.7,60.54
2545.6,92.96,114.79,2117.2,1238.5,479.1,27.85,30.25,88.44,112.31,31.34,949.8,29.71,45.5,2.43,11.65,1101.7,48.14
1526.3,91.57,112.09,1812.8,1092.3,321,10.3,44.57,59.81,83.45,14.74,820.7,21.43,39.9,1.97,8.05,833.6,81.19
2086.8,55.45,52.64,1842,1147.7,327.7,13.85,38.79,55.87,81.25,26.57,840.9,21.76,36,3.18,7.79,982,81.37
2324,90.13,107.09,1891,1191.4,350.9,17.01,39.62,65.67,86.87,23.81,767.8,24.1,39.8,2.37,8.9,1040.3,67.85
1707.1,87.63,105.66,1867.4,1148.5,339.6,11.75,39.19,54.98,78.14,19.65,778.7,22.03,38.1,2.27,6.93,863.8,87.17
1748.2,85.63,104.16,1842.2,1159.5,327.8,10.28,45.06,52.94,80.3,21.09,786.8,21.6,34.7,2.06,7.14,874.3,87.02
1057.9,83.92,98.41,1513.8,1040.6,238,8.45,56.45,41.09,31.08,9.09,460.8,13.3,33.6,1.93,7.12,528.9,88.37
2027.8,86.2,104.18,2054.9,1251.1,371.1,14.04,34.3,68.72,109.78,27.77,907.4,28.37,42.3,2.5,8.53,955.6,80.51
3096.5,90.05,113.73,2416.4,1520.7,466.8,23.83,23.25,83.93,131.81,49.38,1163.4,34.2,52.3,3.02,9.61,1314.5,70.3
3225.7,87.33,107.74,2346.1,1464.5,419.1,18.36,18.13,78.11,123.46,45.69,1089.3,31.07,51.5,3.42,6.77,1309,85.65
2599.8,87.67,112.57,2168.6,1328,378.3,15.16,27.16,75.97,123.22,35.07,1047.8,31.13,42.2,2.92,6.81,1076.8,86.87
2365.9,87.51,108.5,2174.3,1301.5,434.9,17.36,32.59,75.35,123.69,26.18,1047.8,31.49,46,2.78,8.65,997.8,80.89
2441.6,50.03,50.89,1869,1075.4,359.1,17.53,36.76,64.91,77.33,26.12,733.1,21.99,41.9,3.08,10.48,1067.9,53.86
2527.2,86.35,104.34,2092.2,1302.5,365.4,11.46,25.95,73.62,114.5,31.52,953.8,26.21,41.8,3.12,6.21,1042.9,92.55
1792.5,84.47,104.2,1719,1041.7,319.5,16.95,45.39,57.33,63.84,16.81,534.6,20.44,32.6,2.11,9.5,915.1,62.92
1515.8,89.37,113.06,1942.2,1095.4,392.9,20.79,35.67,66.42,98.94,14.9,848.2,25.98,36.3,1.71,10.71,872.1,56.47
3117.2,92.84,115.39,2368.8,1407.7,505.5,26.66,20.42,91.71,145.58,44.35,1213,35.82,46.8,2.78,9.74,1323.9,60.95
2107.9,93.24,112.41,2072.6,1237.7,381.1,16.13,35.17,73.92,116.01,21.38,981,30.04,39.8,2.52,8.89,954.9,78.05
1729.1,83.22,95.72,1758.7,1119.2,315.5,7.21,46.21,46.07,77.8,21.58,742.3,22.56,36.6,2.22,6.75,854.9,93.63
799.6,85.91,99.88,1418.3,1000,241.1,10.13,51.58,40.09,17.22,4.45,286.8,10.56,28,1.66,7.71,425.7,75.22
1521.4,84.39,105.87,1737.3,1080.5,356.3,14.18,46.77,56.73,79.59,14.88,734.7,22.11,31.6,2.01,9.22,861.7,69.94
2601.5,88.96,106.02,1953.2,1166.8,355.8,17.03,33.82,61.08,77.99,26.69,684.2,22.66,43.8,2.58,8.1,1122.1,70.35
1176.6,85.22,98.43,1517.7,1028.1,253.5,7.71,56.07,40.44,30.6,9.64,480.1,11.4,30.7,1.98,6.85,620.9,88.08
1284.6,88.37,102.51,1525.8,1000,248.2,10.7,49.47,42.54,28.13,13.15,394.9,11.5,35,1.91,7.82,721.4,69.89
2606.1,85.39,103.56,2158.6,1384.3,341.6,10.1,27.6,72.96,113.43,31.5,1066.4,29.02,45.5,3.26,5.91,1041.3,95.79
1434.3,82.65,96.42,1507.7,1000,258.5,11.48,55.73,44.33,31.36,11.39,454.1,11.4,35,2.28,7.93,795.7,76.87
2898.6,89.68,110.97,2437.5,1478.3,476.6,20.57,22.17,78.91,149.36,46.13,1287.8,34.31,49.8,3.03,8.19,1188.7,81.1
860.6,85.53,96.32,1512.9,1043.2,220.4,6.29,54.37,40.06,33.02,10.37,498.8,11.8,29,1.55,6.26,435.7,95.55
796.6,51.52,50.69,1511.7,1084.4,226.9,6.43,56.84,42.55,26.7,6.29,588.7,11.72,34.9,2.14,6.43,411.1,95.18
2483.7,90.36,112.57,2089.5,1276.9,386.3,16.41,31.57,77.43,116.68,30.55,1015.3,28.71,43.8,2.82,7.72,1018.4,78.31
1682,87.66,107.8,1716.1,1051.9,315.4,14.36,42.9,52.44,61.32,13.47,533.5,18.64,33.7,2.09,9.62,907.5,58.33
2565.2,87,101.33,1965.7,1287.3,316.7,12.1,36.25,62.78,90.44,31.83,834.2,24.02,50.1,2.9,7.62,1068.6,90.88
773.4,83.64,101.16,1379.1,1000,234.8,10.95,59.25,38.75,19.41,3.91,280,8.52,35.7,1.61,9.26,423.9,66.67
2060.1,87.95,108.35,2005.1,1208.7,390.9,14.53,34.27,64.02,105.86,23.96,956,28.99,38.1,2.52,7.89,934.7,81.69
1945.8,88.42,109.63,1900.2,1175.6,342.4,16.43,39.51,66.3,86.31,21.22,816.8,22.85,39.4,2.17,9.35,984.3,70.68
1883.3,88.9,107.3,2086.9,1215.7,385.5,17.6,35.4,77.56,112.34,22.1,916.9,30.35,39.6,2.27,9.25,939.9,69.43
774.3,88.59,101.9,1379.4,1000,218.2,12.7,53.51,38.67,19.13,6.61,280,8.84,29.1,1.62,8.13,422.8,70.87
1276.8,83.5,101.7,1658.5,1000,301.7,13.7,47.22,50.39,49.99,8.63,617,16.26,34,1.61,8.85,723.1,66.87
1549.3,87.32,107.55,1736.7,1057.5,275.8,11.89,42.77,54.88,60.83,14.19,563.1,18.67,37.2,2.41,7.29,847.6,77.11
777.1,64.88,65.16,1411.7,1030.6,228.4,12.02,60,42.15,17.91,6.66,415.7,10.48,34.9,1.96,8.07,411.4,77.74
785.9,82.61,95.39,1367,1005.5,204.1,6.41,53.35,33.29,8.82,4.92,419.4,8.72,28.5,1.94,5.5,421.3,91.21
1202.5,83.71,99.99,1608.9,1023.1,278.9,10.08,45.68,46.05,47.02,10.06,623.6,15.63,34.6,2.04,7.49,653.8,80.48
1019.4,85.3,99.83,1619.5,1049.9,245.5,9.87,51,42.51,50.21,9.12,601.5,14.44,36.6,1.7,7.93,524.5,81.59
1132.8,86.28,105.68,1646.9,1017.3,337.6,19.91,50.3,58.3,60.13,11.85,624.7,19.03,27.7,1.69,11.62,632.9,49.48
2951.9,88.1,107.55,2062.7,1291.1,399.1,17.03,25.78,71.66,102.14,40.16,932.7,26.36,45.1,2.96,7.77,1212.4,75.21
1838.3,85.04,105.35,1936.3,1179.4,299.2,11.38,37.64,62.15,98.64,20.86,853.4,24.71,37.5,2.71,6.68,914.9,88.71
2831.8,84.02,101.89,2122.1,1346.8,429.5,19.15,31.91,81.68,116.43,42.88,1009.7,30.45,48.9,3.07,8.86,1173.8,73.68
2545,88.15,108.08,2001.1,1268.1,374.1,13.72,35.4,69.38,97.26,29.05,885.5,24.31,40.4,2.88,7.32,1070.1,80.03
2874.9,90.84,111.63,2280.7,1357.7,450.9,18.74,27.29,79.17,127.18,37.58,1063.4,33.52,47.4,2.74,8.98,1180.9,71.61
1021.3,85.56,99.86,1521.1,1000,228.2,10.15,50.7,48.36,36.56,8.73,489.4,13.53,31.5,1.88,7.45,501.2,83.64
786.1,82.65,93.69,1476.8,1041.3,166.9,5.81,52.3,27.46,27.25,8.95,426.9,11.04,30.5,1.84,5.28,408.6,93.4
3057.7,88.59,105.14,2279.6,1408.7,443.7,18.45,26.11,76.19,125.64,41.84,1070.2,32.41,49.5,2.96,9.46,1273.1,65.29
836.2,82.88,99.57,1479.5,1015.7,212.9,10.2,51.2,43.08,25.22,7.44,421.9,11.88,27.9,1.58,7.3,420.2,83.99
1369.8,85.45,103.08,1677.1,1071.1,325.7,10.76,45.83,48.71,55.53,15.8,565.2,16.84,32.1,1.8,7.89,775.2,78.27
1556.6,83.97,101.43,1764.9,1103.2,327.7,10.42,42.37,59.16,73.94,19.33,734.6,21.11,34.1,2.14,7.28,868.1,85.12
1874.7,88.72,109.78,1916.9,1107.3,403.1,22.83,41.32,70.98,94.35,22.9,761.2,26.54,39.5,1.91,11.78,994,49.61
1641.9,86.65,104.55,1704.1,1032.3,281.7,12.22,39.36,52.26,61.56,13.71,557,18.05,38.2,2.12,7.18,880.8,72.91
1833.4,87.81,105.48,1711.5,1013.8,309.5,14.55,44.27,52.33,59.97,17.27,589.4,18.75,34.2,2.15,8.94,941.2,63.49
743.9,86.92,100.47,1541.8,1036.2,216.7,6.21,50.47,40.64,32.33,6.96,470.5,11.83,31.1,1.73,6.18,399.7,90.4
727.7,87.75,106.5,1435.9,1000,236,16.76,60,45.1,25.26,3.67,317.1,11.71,27.1,1.5,10.27,421.4,57.22
2568.7,69.15,71.27,2036.6,1275.7,410.5,22.35,37.87,79.62,107.04,32.81,951.9,27.96,40.8,3.02,11.05,1105.4,61.6
2487.6,86.13,101.5,1920.5,1255.1,314.5,7.39,33.73,50.77,84.77,28.95,812.5,22.82,43.9,2.93,4.97,1013.2,98.08
2331.2,88.09,110.16,1836.5,1164,341.7,10.23,43.69,60.72,76.33,25.31,653.9,22.14,43.2,2.74,7.88,1021.1,77.89
719.8,88.89,102.68,1517.1,1000,267.1,11.53,49.61,40.88,24.25,4.9,405,12.02,30,1.64,8.33,405.2,70.15
2506.3,92.72,113.36,2140.3,1323.2,408.2,17.26,31.71,71.8,113.8,29.14,1029.2,29.22,43.7,2.73,8.05,1055.3,78.42
2620.5,90.97,110.7,1746,1072.3,365.7,17.39,40.25,62.43,61.61,27.79,654.6,18.26,37.3,2.62,10.12,1141,55.3
1731.3,88.1,108.11,1791.4,1110.4,341.1,17.11,43.29,57.04,76.97,18.38,584.4,21.56,38.7,1.98,9.94,936.9,64.92
1001.2,88.56,104.76,1545,1000,281.1,10.87,50.27,43.63,34.08,8.93,486.9,11.79,35.1,1.86,8.16,522.3,77.19
2360.3,89.11,110.7,2278.5,1351.8,441.9,19.68,30.04,78.62,137.69,31.09,1097.7,34.81,45.8,2.75,9.31,1034.6,75.63
1881.5,89.23,105.3,1786.6,1120.2,314.3,11.59,40.94,58.86,72.78,18.15,724.7,19.78,37,2.2,8.17,955.9,74
1876.9,83.52,97.23,1731,1091.1,246.9,5.35,44.74,46.91,68.74,18.51,769.3,20.07,37.7,2.64,5.32,882,98.76
1787.5,91.26,109.15,2108.8,1277.8,362.5,10.03,33.23,68.18,110.26,19.9,943.8,27.85,40.6,2.27,6.79,899.6,94.41
3037.9,85.91,111.73,2383.8,1442.8,473.7,22.59,18.51,86.86,143.27,45.3,1143,34.33,50.3,3.13,8.53,1262,78.09
2137.6,55.58,58.98,1861.6,1140.6,359.8,16.07,43.62,60.29,73.82,23.45,762.6,20.59,42.1,2.97,8.76,1039.2,70.99
2358,84.78,106.32,2410.9,1396.4,442.5,21.07,23.91,84.33,154.7,32.31,1146.6,36.47,48.3,2.84,8.74,1000.6,79.67
790.1,83.89,98.37,1437.5,1000,202.7,7.99,55.87,34.23,28.19,5.63,497.8,11.14,27.4,1.66,6.96,409.4,86.45
748.9,86.25,99.83,1446.6,1000,230.4,9.63,55.88,41.47,18.56,3.22,291.1,9.46,36.2,1.5,7.87,415.9,68.21
2923.4,89.12,109.75,2136.3,1324.1,396.7,14.5,27.43,79.56,110.26,35.89,1028.1,26.56,54,3.17,6.5,1211.2,82.42
3174.8,93.21,116.32,2288.7,1398.4,483,25.37,18.22,88.37,125.84,44.4,1090.3,33.65,46,2.83,9.81,1380.5,58.62
2502.5,88.83,109.3,1747.1,1102.7,324.3,10.8,40.3,56.75,62.25,23.63,617.2,19.13,38.2,2.61,8.07,1068.8,66.95
1355.7,83.29,102.75,1684.2,1073.2,262.1,12.1,40.49,51.97,60.59,14.28,679.4,18.39,36.6,1.95,7.4,765.8,81.12
1889,85.64,105.23,1987.9,1147.4,379.6,16.94,38.39,73.5,100.53,19.97,869.3,28.16,41.9,2.29,9.94,969.2,63.16
1664.3,86.7,103.85,1708.2,1082.1,280.4,11.4,41.46,52.17,62.19,16.11,606.9,18.37,31.7,2.26,6.95,884.1,81.61
2533.4,85.09,103.47,1883.6,1188.7,305.4,11.65,35.91,55.38,77.23,23.68,864.7,20.74,46,2.82,6.47,1025.9,90.35
747.5,86.17,102.18,1501.8,1000,254.9,13.74,55.55,50.17,31.31,7.22,404.8,11.52,34.3,1.41,9.8,425.2,63.59
1717.5,87.1,106.27,2019.1,1219.3,366.7,14.85,29.11,62.38,119.01,19.07,919.5,29,42,2.3,7.51,902.4,81.84
1871.8,86.12,99.94,1986.4,1198.6,363.8,11.13,32.87,62.39,96.24,16.3,832.7,25.35,40,2.48,7.19,919.6,84.5
2499.1,91.1,111.73,2341.9,1465.2,441.2,17.61,22.95,83.03,151.75,34.58,1190.1,35.18,44.7,2.81,6.55,1026.5,94.28
2836.6,90.8,110.5,2331.3,1438.8,465.2,20.5,23.4,78.98,134.86,42.69,1087.4,32.49,50.2,2.83,8.38,1191.9,74.94
2076.7,85.2,103.26,2080.7,1304.3,367.3,12.68,32,67.67,115.15,27.65,1010.2,28.13,41.8,2.55,7.09,947.3,87.13
2575,89.79,109.64,2122.7,1344.8,328.2,11.83,27.87,65.79,113.82,36.43,982.2,26.71,47.3,2.94,6.59,1060,92.25
805,87.83,103.82,1488.4,1000,244.2,12.21,55.91,43.54,28.38,6.04,451.6,10.7,30.3,1.55,8.91,431.3,71.8
842.5,86.97,100.8,1424.6,1000,243.7,11.49,55.4,43.52,29.75,9.83,423.8,12.51,28.4,1.53,8.93,438,74.5
736,83.89,96.05,1419.9,1000,222.5,7.61,56.88,33.6,17.43,6.48,408.2,9.53,36.4,1.45,7.23,389.6,85.09
2411.8,91.64,111.32,1966.4,1171.5,374,18.48,34.81,68.79,93.56,24.52,844.2,24.99,47.5,2.53,9.35,1046.3,65.91
2963,90.31,109.23,2246.7,1408.8,443.7,17.17,23.39,77.85,133.84,39.84,1115.5,32.29,45.5,3.28,8.03,1216.3,84.8
702.7,82.56,99.48,1443,1000,237.9,10.07,55.2,40.04,18.47,7.52,408.8,10.47,31.8,1.45,8.55,391.3,76.58
2460.7,94.2,119.82,2108.3,1263.8,455.9,23.56,30.15,79.96,107.8,31.15,902,29.15,41.1,2.48,11.15,1101.5,52.19
3099.2,87.83,109.65,2429.2,1523.7,493.9,22.61,19.73,87.92,144.73,47.19,1326.3,35.34,54.9,3.37,8,1278.2,78.85
877.7,84.63,101.91,1380.9,1000,213.1,8.3,54.86,32.36,17.09,6.95,357.7,8.57,29.3,1.49,7,453,75.56
2774.4,58.43,58.49,2096,1273,342.8,13.1,31.09,60.83,95.33,38.46,908.1,24.99,46.2,3.82,6.77,1159.1,87.81
2909.3,90.64,108.76,2088.3,1347.6,415.7,14.51,31.37,78.24,103.18,38.16,1025.4,25.81,46.1,3.02,8.06,1206.5,77.03
1770.1,59.56,58.89,1401.7,1000,191.6,10.74,50.33,44.27,21.14,14.37,434.4,10.51,36,2.58,6.97,899.4,76.9
1622.1,90.47,108.11,1723.3,1109.2,299.9,11.31,45.72,47.71,71.87,18.58,751.2,19.65,32.4,2.21,7.13,860.3,87.96
1270.2,85.94,102.33,1568.7,1018.3,279.1,11.55,46.22,51.76,39.16,11.06,420.4,14.8,34.5,1.8,8.13,690.6,69.52
2150.6,82.69,97.06,1845.9,1171.9,301.5,9.38,37.53,56.12,79.39,20.54,789.2,21.52,40.8,2.53,6.6,949.5,88.21
1546.6,88.71,106.86,2110.6,1243.2,374.5,16.9,33.31,72.78,124.9,16.65,1000,29.54,41.5,2.2,8.76,859.4,79.87
1465.3,89.25,101.45,1549,1021.5,273.3,13.83,51.39,48.73,44.94,13.46,509.2,15.03,34.5,2,9.08,816.8,67.24
1821.1,87.89,104.27,1717.9,1096.9,275.5,9.3,46.32,60.52,60.46,17.08,661.3,18.19,40.7,2.34,7.34,918.9,83.42
2403.3,89.19,107.53,1928.9,1204.5,350.4,10.19,34.6,64.97,86.23,26.41,779.8,23.9,45.2,2.71,6.88,1058.7,76.53
2251.1,85.54,103.78,2179.1,1339.7,428.4,18.06,29.79,77.19,127.48,31.8,1059.4,32.35,43.7,2.73,9.07,994.3,78.02
1759.8,88.11,101.62,1600.4,1045.6,298.8,7.62,49.47,45.39,48.88,16.1,625.8,15.91,35.6,2.35,7.17,898.7,81.77
780.9,84.42,100.31,1429.3,1000,181.8,6.86,50.82,27.04,22.19,8.37,300.4,11.81,29.3,1.58,6.34,417.7,85.88
2499.6,88.8,106.96,2089.8,1257.1,384.3,19.8,30.95,68.8,108.01,33.56,917.8,27.29,42.4,2.66,9.41,1077.9,63.64
1505.2,89.69,110.05,1884.2,1116,351.5,15.51,43.36,61.18,88.94,14.73,781.2,24.07,41.2,1.73,9.44,867.4,65.95
2556.8,89.52,110.07,1941.3,1179.5,393.8,17.89,31.58,69.12,88.81,29.63,776.2,23.18,39.2,2.75,9.06,1091.1,63.99
1116.7,83,100.59,1492,1016.8,251.2,11.93,50.35,48.35,26.89,7.78,393.8,10.85,35,1.73,7.74,586.3,71.67
1960.2,85.59,100.76,1893.2,1134.9,343.2,11.52,42.18,64.1,91.68,25.13,754.7,23.26,42.7,2.54,8.29,927.2,79.1
2518.6,88.67,110.35,2226.2,1308.8,423,18.68,32.2,73.34,123.96,29.14,1050.1,30.68,47,2.59,9.16,1086.6,68.5
2590.4,91.89,116.45,2137.5,1272.4,420.1,21.37,30.53,78.38,117.95,30.74,1031.8,31.39,47.2,2.49,9.94,1142.5,59.56
1879.6,93.39,111.59,2084,1234.6,384.9,14.64,32.87,73.16,115.22,22.8,939.7,28.32,38.6,2.45,7.48,903.6,88.35
864.2,61.31,62.73,1407.8,1000,194.6,11.79,54.93,42.62,13.16,6.36,326.5,9.68,30.6,1.93,7.5,440.3,78.84
1084.3,86.05,96.32,1455.5,1008.7,220,8.08,50.71,40.46,28.92,11.08,411,11.93,30.4,2.03,7.24,546.5,83.21
2042.9,52.75,54.09,2055.7,1170.1,350,13.9,30.5,73.36,113.13,25.34,994.7,28.93,43.5,3.09,7.2,955.6,82.51
1704.8,87.02,106.75,1783.3,1085.3,306.7,11.73,40.95,52.85,72.16,18.48,613.8,21.66,36.3,1.99,7.69,922.6,73.4
2524.3,88.89,113.49,2095.1,1244.3,433.8,20.55,33.07,72.66,115.72,32.83,991.8,29.49,41.5,2.75,9.98,1099.7,63.35
855.7,84.79,98.3,1357.7,1000,195.2,10.16,59.56,37.28,8,7.67,280,7.36,31.4,1.62,7.75,443.4,78.13
1504.4,88.25,106.94,1932.7,1145.9,335.3,9.82,40.93,61.33,93.78,13.86,841,25.02,40.5,2.32,7.6,826.2,90.4
2560.4,85.62,108.82,2342.2,1414,415.7,19.16,26.38,78.55,142.88,34.5,1215.2,34.53,45,3.02,8.55,1063.8,81.4
2190,90.32,110.59,1821.4,1155.3,331.3,14.37,45.9,60.9,78.58,22.86,708.8,21.62,41.9,2.36,9.84,1000.7,68.13
1504.8,88.81,102.7,1786.9,1123.2,247.4,6.87,40.82,47.67,72.87,14.7,714.9,22.31,37.3,2.21,5.47,797.6,95.17
1589.1,88.29,109.22,1902.3,1077,353.1,15.78,43.27,67.59,89.76,15.49,697.8,23.24,35.5,1.78,10.15,908.9,61.07
884.1,84.72,96.82,1427.2,1005.5,262.5,8.47,57.45,42.49,25.45,6.77,526.3,11.04,32.7,1.72,7.44,439.3,79.37
2787.1,89.61,111.6,2291.8,1422.4,446.2,20.73,30.54,79.9,135.06,40.68,1117.3,33.44,47.5,2.71,8.89,1182.9,74.45
1288.3,86.24,102.87,1639.1,1043.2,292.7,8.51,42.39,47.16,44.64,11.28,566.9,14.55,31.5,2.18,6.81,699.4,83.9
1798.3,89.52,110.27,1923.8,1168.6,373.5,13.99,37.6,66.49,90.38,20.03,837.5,24.6,35.5,2.29,8.32,910,74.13
790,85.3,99.45,1487.4,1000,269.9,10.75,54.33,38.02,26.38,8.45,436,11.27,32.3,1.64,8.32,433.1,75.6
2180.4,86.23,105.82,1979.7,1272.8,332.4,9.72,36.59,58.88,95.84,24.76,854.8,24.54,39.5,2.76,5.56,941.5,96.1
2616.8,89.23,112.14,1923.4,1199.9,348,16.02,38.28,68.47,83.86,29.52,808.4,23.3,41,2.7,9.14,1104.4,67.63
804.4,81.7,96.4,1446.9,1000,169.4,6.83,48.9,35.98,18.14,5.63,437.4,9.24,29.4,1.65,5.75,415.5,89.65
1695.1,87.73,104.82,1596.4,1034,301.6,12.22,53.98,50.74,48.11,16.61,510.1,16.17,37.4,1.81,9.89,911,67.68
1681.7,52.43,49.54,1528.3,1025.5,231.4,12.32,53.26,50.61,41.97,17.62,477,13.43,28.1,2.62,8.61,887.4,73.02
1925.7,86.44,103.52,1833.4,1165.1,291.3,10.31,38,58.38,77.22,24.09,759.2,21.31,38.4,2.45,6.49,895.7,87.02
1174.2,84.72,98.55,1627,1134.7,245.1,6.93,47.45,49.31,48.71,11.73,581.7,14.34,36.3,2.16,5.51,592,99.59
1797.7,89.97,108.9,1586.2,1005.5,241.9,12.89,50.58,46.09,49.19,15.33,485.8,16.98,35.1,2.01,9.37,946.8,66.37
818.9,88.15,105.38,1346,1000,220.7,13.97,59.86,33.16,11.29,7.87,322.6,9.59,31.3,1.48,9.99,445.7,61.29
2184,89.18,109.94,2145.4,1241.3,431,20.38,32,71.43,119.1,25.23,954.2,29.77,44.5,2.52,10.1,1007.8,70.37
2600.8,90.01,112.03,1925.5,1123.8,395.1,17.25,36.7,68.28,82.67,26.77,719.4,21.93,39.9,2.65,9.7,1121.6,59.91
1657.3,52.26,52.91,1537,1000,267,14.5,53.56,40.39,32.8,14.86,444.1,11.44,32.8,2.37,9.67,897.6,61.82
798.4,86.03,101.69,1521.8,1000,256.6,14.35,53.93,42.29,32.21,8.29,476.1,12.15,31.9,1.45,9.89,442.3,68.35
1242.2,86.57,100.04,1658.1,1090.3,295,9.15,46.16,50.27,57.16,13.28,690,16.89,36.1,1.87,6.94,665.1,86.17
1535.8,90.44,109.3,1738.1,1039.1,296.9,15.86,45.85,53.68,64.59,15.61,563.1,19.51,35.3,1.88,9.76,864,63.78
1007.8,83.62,97.72,1475.6,1000,252.9,10.04,52.63,41.76,30.42,6.24,443.4,12.62,33,1.82,7.16,520.3,81.65
2529.8,89.98,112.03,2265.3,1368.4,443.8,20.01,30.22,79.63,134.97,34.91,1120.1,33,49.7,2.66,9.29,1060,74.76
2327.7,88.6,108.77,1858.7,1135.6,349.7,12.02,42.92,53.94,72.91,28.07,633.2,19.96,43.3,2.65,8.36,1007,77.74
3244.4,85.06,108.1,2336.9,1471.8,461.8,18.83,17.56,86.36,132.14,42.26,1222.8,34.37,49.2,3.39,7.72,1302.9,82.13
2774.4,87.08,110.88,2336.3,1385.4,461.7,23.4,23.39,84.58,137.72,36.46,1165.5,34.2,46.1,2.93,8.93,1174.9,69.39
2959,88.12,106.84,2043.4,1285.2,343.2,14.04,31,68.03,96.47,32.61,890.4,25.35,51.1,3.24,7.34,1225.3,80.7
2296.6,85.23,102.3,1898.9,1156,380.4,17.68,36.87,66.46,84.9,24.51,751.2,23.14,39.3,2.56,9.81,1076.3,60.17
788.9,83.51,97.73,1459.7,1000,237.3,12.35,53.51,39.28,33.37,7.51,425,12.97,26.1,1.66,8.79,426.5,72.67
2535.2,91.4,114.88,2328.7,1347.4,485.1,25.25,22,84.41,137.49,32.57,1137.7,35.11,45.9,2.4,10.83,1077.3,53.3
784,89.64,104.41,1451.3,1001.3,239.9,10.74,53.17,40.06,25,4.47,380.7,11.47,32.4,1.64,8.47,422.6,75.16
2162.7,83.43,104.75,2031.3,1257,360.1,13.06,35.28,62.4,97.48,25.99,876.5,25.22,45.6,2.64,8.02,974.5,82.49
2659.3,85.04,105.27,1976.4,1193.7,362,14.68,33.12,70.55,89.26,30.86,781.5,22.83,43.4,3.02,8.42,1119.3,73.92
2800.2,90.27,114.77,2378.6,1482.2,464.8,19.57,19.7,86.95,147.97,42.52,1221.4,34.19,52.4,3.01,8.24,1160.4,82.56
2028.4,88.3,104.43,1737,1090.2,289.8,10.14,38.99,50.1,64.31,21.89,669.6,19.37,38.2,2.69,6.99,945.4,83.12
1350.6,86.65,98.54,1572.8,1049,200.4,6.87,43.9,45.82,41.12,10.03,511.4,14.39,37.2,2.19,5.16,732,94.6
2583.6,87.1,110.49,2397.3,1443.7,494,22.38,18.48,88.74,153.18,39.95,1257.7,36.32,45.2,2.71,8.01,1083.5,82.21
783.4,63.38,63.55,1457.4,1000,215.8,5.58,48.61,42.73,28.85,8.58,497.8,12.03,31.5,1.87,5.32,403.5,91.98
2398.9,84.86,102.71,2312.6,1353.4,403.6,15.89,23.45,75.97,143.92,35.33,1149.2,35.59,46.9,2.87,7.26,1006.7,83.09
1035.8,86.73,100.67,1617.5,1030.3,259.3,8.59,50.2,44.6,57.41,7.62,637.9,16.48,33.5,1.85,7.41,545.1,87.31
2561.9,83.27,103.26,2076.6,1286.1,368.5,12.85,27.87,74.77,111.75,32.9,1005.4,28.84,47.6,3.06,6.82,1044.7,87.25
2332.5,85.28,104.33,1882,1241.3,296.5,8.14,40.09,54.25,84.14,27.23,835.6,23.53,39.7,2.89,6.47,979.9,97.57
851.6,86.69,102.88,1528.8,1000,274.5,14.1,55.51,42.13,34.75,7.72,385.9,14.27,34.7,1.44,9.81,448.5,61.04
2272.4,85.68,105.02,1716.7,1097.9,316.4,13.55,41.55,56.94,63.19,20.48,638.2,18.32,40.6,2.47,7.81,1004.2,78.87
1158.4,82.53,98.94,1598.9,1020,328.8,12.79,48.31,54.16,49.76,12.39,569.1,16.66,30.2,1.91,9.21,615.1,69.47
2420.1,87.06,102.43,2000.4,1222.2,348.1,10.92,31.72,62.71,89.49,26.86,827,23.62,42.1,2.96,6.63,1020.7,82.4
2358.4,50.38,53.92,1782.9,1130.2,281.2,12.13,39.61,57.94,62.95,26.37,698.8,17.9,39.6,3.34,8.12,1046.5,73.8
2643.1,82.2,97.23,1788.4,1181,320.1,12.92,39.58,58.37,75.1,28.2,731.1,20.31,36.6,2.84,7.53,1105,81.1
1216.3,82.33,95.29,1414.4,1001.9,233.4,5.42,51.34,40.19,21.52,12.15,480.1,9.77,32.7,1.97,5.61,647.5,90.46
2221.4,86.31,101.1,1869.5,1165.2,332.6,12.68,42.76,63.52,84.14,23.94,806.7,22.68,38.8,2.53,8.58,976.1,73.37
1096.6,83.95,97.86,1728.5,1082.8,321.6,11.14,38.02,57.39,66.5,9.15,655.9,19.41,33.1,1.79,7.18,589.9,73.77
760.2,83.41,96.62,1351.3,1000,233.6,12.17,58.18,36.67,10.35,5.68,280,7.04,26.4,1.33,9.45,414.7,62.05
1680.5,87.99,106.68,1646.1,1040.7,312.7,11.37,44.23,45.8,54.01,17.22,520,15.37,35.9,2.37,8.71,913.4,73.09
1077.9,89.19,106.13,1772.9,1136,281.4,11.27,44.23,57.35,69.2,12.95,723.8,19,39.4,1.9,7.32,558.9,84.1
2161.1,84.35,101.64,1722.3,1122.1,280.5,13.08,41.98,60.31,71.01,20.85,646,21.08,42.2,2.56,7.8,995.3,75.52
3057.8,91.87,111.94,2088.3,1412.9,365,14.09,29.08,78.61,105.91,43.41,991.1,26.82,52.8,3.21,6.66,1221.4,86.68
2202.2,86.95,106.51,1963.9,1180,395.7,19.89,40.24,66.11,104.5,24.14,830.8,27.61,41.7,2.3,10.01,1006.8,70.42
2901.7,86.82,113.42,2315.4,1452.1,412.1,18.39,23.33,73.38,127.87,43.7,1124.5,31.13,52.7,3.13,8.59,1196.6,78.49
1187.6,86.34,98.35,1635.9,1032,269.4,10.1,45.18,48.95,57.02,12.12,672.1,16.64,30,1.99,6.69,626.4,85.97
1141.3,83.31,94.81,1596.2,1061.3,279.2,11.35,47.04,53.16,52.76,12.62,605.4,16.37,32.9,1.95,7.15,595.8,80.73
2090,85.91,100.55,1896.8,1126.3,323.6,12.21,34.36,59.84,86.1,22.05,796.7,23.43,38.4,2.66,7.96,939.4,77.41
2558.5,86.98,104.01,1879.6,1120.1,354.3,15.36,39.8,70.03,82.26,26.93,722.8,23.26,40.1,2.61,9.2,1117.2,66
1687.3,81.92,95.47,1528.5,1063.1,204.7,5.89,43.49,38.49,27.58,13.17,480.9,12.91,34.5,2.14,5.25,866.1,89.19
746.2,83.46,98.2,1463.8,1037.1,232.4,7.47,54.32,33.14,25.14,6.13,400.8,11.88,32,1.9,5.7,392.4,90.34
1760.9,84.47,101.28,1777.8,1031.7,305.5,12.26,39.73,56.78,73.87,16.02,603.7,21.25,37.3,2.26,7.23,891.5,79.44
1248.1,82.49,96.89,1451.7,1000,241.4,13.09,51.85,32.92,17.74,10.29,372.4,8.27,29.5,1.97,8.64,695.5,70.56
1723.3,89.05,105.78,1836.3,1119,321.1,11.54,37.12,56.7,78.01,16.04,759.3,21.11,38.9,2.12,7.27,872.3,83.68
2399.9,81.79,101.18,1977.5,1244.2,384.6,15.42,34.94,61.54,87.51,27.68,779.1,23.47,42.9,2.83,8,1001.8,75.29
1578.3,86.83,100.6,1619.8,1092.3,251.4,9.85,45.67,49.41,45.58,15.42,524.9,14.16,37.3,2.41,7.25,858.6,81.52
847,86.93,102.29,1428.5,1000,248.9,10.99,58.93,37.72,24.53,4.33,353.3,11.09,32,1.65,8.02,446.6,77.31
2491.5,89.13,109.61,2377.5,1424,427.3,17.69,15.85,80.06,151.21,38.76,1274.9,35.06,49.1,2.75,7.05,1025.5,90.7
2337,90.47,111.41,2249.5,1315.8,410.6,17.72,27.2,75.96,137.6,31.2,1069.1,33.09,44,2.61,7.96,990.3,83.08
2161.4,89.15,108.17,1730.5,1138.5,274,13.41,45.8,55.74,63.28,20.87,673.3,18.99,41.8,2.25,8.44,995.4,71.65
1164,82.08,98.64,1693.6,1072.2,306.5,10.15,50.74,57.63,66.45,10.27,669,18.38,37.2,1.92,8.72,593.3,87.6
3195.4,94.49,118.26,2338.7,1450.1,469.1,22.72,16.55,79.85,120.73,45.61,1118.8,31.16,52.9,3.1,8.9,1307.2,66.59
1540.5,83.66,97.78,1565,1019.2,266.8,12.21,48.28,44.99,39.09,14.24,551,13.44,32.2,2.21,7.6,844,74.67
1631.5,63.99,64.1,2045.7,1201.7,332.3,14.82,37.77,61.15,114.46,21.4,940.6,29.03,39,2.47,8.85,887.9,75.81
2435.3,90.11,110.61,2342.9,1398.5,485,28.49,25.15,88.16,149.54,34.38,1225.5,37.77,48,2.47,11.22,1078.1,55.88
2338.5,83.15,96.88,1862.9,1146.9,323.4,12.99,39.7,62.24,75.45,26.89,723.5,22.82,45,2.82,7.09,1005.4,80.87
1425.6,85.31,100.37,1633.7,1026.7,311.5,10.63,44.15,46.16,52.71,12.73,611.6,15.49,35.9,1.91,7.58,822.7,80.04
1286.1,45.38,49.11,1796.4,1133.5,320.3,9.02,37.73,49.07,72.08,12.97,752.4,21.25,37.9,2.37,6.94,699.4,89.05
1015.5,89.21,107.01,1648.8,1000,342.5,15.04,46.68,57.6,58.55,10.37,592.5,18.16,34.9,1.65,9.01,534.6,65.67
805.9,86.55,100.98,1438.5,1032.9,208.5,9.75,54.94,43.41,16.45,6.61,400.5,8.6,29.2,1.79,7.78,425.2,76.58
2275,87.09,107.84,2052.4,1285.7,366.7,16.76,31.47,63.02,96.91,25.73,860.3,25.18,45.3,2.6,7.76,998,76.79
2294.7,60.12,57.91,2163.3,1381.2,385.8,15.41,29.97,78.89,124.75,37.32,1056.4,29.71,39.3,3.37,7.12,953.5,89.82
1989.8,86.1,103.77,1877.2,1168.5,345.9,14.47,38.02,59.22,87.63,22.24,757.9,24.51,38.4,2.24,8.37,971.4,72.11
2185.5,90.06,109.46,2034.1,1216.4,378.8,18.12,33.03,69.87,104.44,24.95,857,27.82,42,2.53,8.24,1007.1,70.88
2243.4,89.82,108.7,1931.6,1165.8,351,18.3,39.85,65.72,98.42,25.78,829.9,27.02,36.7,2.22,10.02,1026.7,61.71
2540.7,91.48,111.91,1972.1,1206.1,385.6,14.46,40.49,65.26,89.74,29.85,806.3,25.07,36.5,2.69,9.24,1085,68.78
700,49.88,51.11,1428.2,1000,241.1,8.06,50.13,42.67,26.81,8.13,485.9,10.49,27.5,1.87,7.72,394.1,77.66
2664.4,87.78,108.29,1937.9,1231.8,414.9,20.12,32.45,70.35,89.06,32.69,910.3,22.8,44.5,2.78,9.37,1105,68.83
3218.1,90.94,112.83,2195.6,1409.3,434.3,19.77,24.4,75.34,108.82,44.49,994.8,28.81,51,3,8.85,1322.5,66.59
2934.1,85.66,110.07,2057,1280.8,377.3,14.46,28.29,73.25,98.84,35.62,906,25.62,46.4,2.98,8.18,1198.2,77.64
1626.2,85.7,103.2,1833.8,1093.4,362.2,11.86,37.84,51.2,78.91,15.2,635.1,21.08,36,2.35,7.52,894.3,78.4
1032,84.97,99.39,1582,1047.2,237.3,8.75,49.85,40.08,39.36,11.5,493.6,14.7,35.9,1.92,6.8,529.7,83.82
1185.1,88.04,106.45,1760.9,1088.5,294.7,11.46,46.85,49.01,61.22,10.05,682.6,19.86,36.3,1.86,8.24,612.4,78.48
2446.9,56.07,58.71,2113.8,1305.1,413,15.28,34.11,74.76,115.09,30.94,989.3,29.61,43.4,3.57,7.6,1000.4,87.56
800.1,82.89,94.56,1485.5,1014.2,233.6,8.32,49.41,35.72,30.9,7.57,488,11.78,31.7,1.63,6.51,416.2,86.83
1496.7,84.1,96.66,1541.2,1051.8,249.6,8.59,48.76,39.73,39.33,11.5,450.1,15.37,39.7,2.25,6.51,811.3,88.63
1697.8,87.49,109.36,1792.3,1054.9,341.4,17.56,44.01,58.57,76.51,14.99,736.2,23.37,34.3,1.9,10.49,905,57.49
2646.3,84.21,104.79,1852.8,1186.4,318.2,11.52,39.11,59.36,73.94,29.16,731.9,19.91,39.1,2.85,7.14,1136.5,78.32
2361.2,64.92,65.63,2047.7,1226.1,401.1,18.44,23.77,68.21,99.21,30.87,848.9,26.72,39,2.97,8.2,1050,66.61
2467.8,86.92,106.67,2130.5,1308,382.2,16.88,35.95,69.76,116.38,31.89,992.1,29.36,40,2.89,8.38,1058.6,76.46
2527,93.91,114.55,1784.3,1140,334.2,16.45,46.42,54.65,72.98,27.63,775.7,20.11,37.1,2.5,9.96,1078.3,65.54
3273.5,88.07,106.35,2446.5,1503.8,454.5,17.64,16.91,82.54,139.88,47.96,1240.5,33.56,56.1,3.5,7.66,1304,90.29
1780.1,87.39,101.17,1677.9,1116.3,263.9,10.36,46.66,50.98,52.23,16.4,579.6,16.66,39.1,2.36,7.29,892.9,82.18
2632.1,90.17,112.38,2108.6,1351.4,400.1,12.62,31.03,69.95,113.19,31.92,1011.5,26.78,47.9,3.12,6.48,1071.8,89.05
2563.7,90.44,107.5,2028.9,1285.3,387.3,13.81,34.18,63.43,103.59,31.2,894.1,24.24,46.6,2.74,7.72,1082.4,79.51
1551.2,85.31,99.95,1417.6,1000,226.5,10.22,54.06,45.49,27.58,11.84,373.1,10.65,31.9,2.5,7.22,829.5,78.71
803,87.19,102.49,1364,1000,246.1,12.09,57.14,35.16,17.62,6.53,280,8.98,30.3,1.52,8.73,439.2,73.56
2442.8,86.9,105.41,1821.9,1117.4,303.6,9.58,38.36,61.51,77.07,23.76,667.2,20.35,39.8,2.79,7.02,1035.3,82.62
1688.9,86.96,100.07,1620.9,1090.6,227.4,9.31,49.44,47.02,44.21,14.27,581.8,14.29,40.1,2.36,6.67,890.2,85.66
1857.1,87.24,105.45,2026.8,1163.9,367.2,17.98,33.2,75.01,98.58,18.04,823.8,27.11,37.9,2.19,8.45,920.5,69.23
2450.6,93.8,115.43,2220.5,1333.2,437.1,17.27,29.84,78.4,131.42,31.34,1087.3,32.3,42.2,2.66,8.12,1023.2,81.06
2468.1,86.82,103.39,1718.7,1118.9,322,12.36,42.92,49.41,58.92,22.99,624.8,17,37.4,2.71,7.88,1027.6,79.14
1193.5,45.04,44.39,1481.3,1016.7,223.3,8.72,48.21,42.65,31.86,12.47,507.5,10.96,36.6,2.63,6.28,633,85.88
2489.7,88.95,108.77,2209.5,1328.6,399.7,14.45,27.88,75.38,123.97,30.51,1089.4,29.97,45.4,2.69,8.15,1046.2,82.25
3175.8,95.87,121.7,2095.8,1325,468.8,25.45,29.7,84.32,95.35,42.25,933.7,25.57,44.4,2.84,10.8,1346.7,52.74
2468.5,93.06,114.66,2063.9,1219.6,444.2,23.03,32.08,78.7,108.02,27.92,957.3,28.47,43.2,2.52,10.32,1074.1,56.83
1861.9,92.52,112.43,2002.9,1183.8,351,13.01,34.48,60.31,101.29,21.24,874,26.31,41.5,2.38,6.65,880.9,91.11
2935.8,90.05,112.03,2220.2,1404.3,471.4,21.18,27.96,81.37,115.22,39.71,1016.5,28.15,47.1,3.07,9.22,1231.4,72.21
2398.2,56.01,56.44,1969.6,1251,342.5,12.02,36.47,66.34,105.41,31.01,906.1,26.71,41.5,3.56,6.59,1004.4,87.92
1217.6,80.87,91.85,1534,1046.7,237.8,3.64,51.84,37.07,32.3,11.13,484.1,13.12,31.4,2.17,5.6,635.4,91.22
2188.9,88.9,109.43,1872.8,1139.7,369.3,15.57,37.67,57.77,81.21,22.8,726.9,23.03,35.3,2.2,9.89,1036.9,64.38
1924.6,89.92,108.62,2133.4,1284.4,373.1,13.77,30.31,72.17,124.37,24.25,1048.3,30.21,41.6,2.63,7.1,907.5,91.78
725.8,85.01,98.56,1491.2,1054.1,237.3,6.24,54.01,37.4,31.35,6.04,444.6,11.27,34.4,1.74,6.43,394.1,92.63
3281.1,87.51,110.08,2464,1482.2,550.8,28.42,15.6,90.73,134.81,49.45,1230.7,33.78,53.7,3.07,10.8,1361.1,58.71
3016.9,91.18,111.36,2536.4,1537.2,481.5,22.36,18.16,92.06,156.43,47.19,1242.1,38.31,52.8,3.13,8.31,1236.3,83.75
1786,83.24,95.83,1485.7,1000,231.5,7.52,55.53,38.48,24.02,12.22,430.1,10.86,30.7,2.41,7.02,893.6,84.95
1877,85.74,102.54,1883.7,1205.2,345.8,10.22,38.58,51.41,86.83,19.3,885.8,23.24,40.6,2.21,6.42,880.9,89.3
1326.7,86.7,103.61,1631.3,1051.3,266.2,9.85,50.48,48.33,58.76,12.85,589.7,17.25,36.8,2.18,7.16,740.5,88.71
2293.1,90.56,110.6,2041,1154,416.7,20.38,33.62,79.78,106.09,23.59,835.3,26.5,42.8,2.23,9.53,1034.8,63.22
828.1,87.14,98.83,1500.8,1000,249.3,8.13,50.43,46.67,39.96,7.37,529.4,13.85,30,1.83,7.13,432.5,86.77
1561.6,68.01,67.1,1597.5,1068.4,253.4,8.44,45.65,46.99,47.19,14.54,588.9,15.27,33.2,2.63,6.37,824.5,90.56
2484.2,84.18,98.97,1737.6,1153.8,285.8,9.22,40.77,52.54,67.57,23.16,721.6,18.81,43.1,3.17,6.01,1031.3,87.17
765.6,85.48,95.09,1496,1030.7,210.5,6.93,50.88,37.38,18.52,5.62,388.3,10.73,32.4,1.52,6.23,399.4,86.73
3155.9,90.56,109.71,2235.3,1425,404.1,15.7,29.47,76.59,116.25,44.04,1124.2,29.35,53.9,3.3,7.75,1285.3,88.48
1616.9,45.64,44.67,1498.9,1018.7,259.2,10.11,54.39,43.45,28.94,16.51,445.5,10.71,36.6,2.64,8.27,881.2,73.38
2655,88.61,106.98,2024.4,1256.6,366,14.22,32.87,66.27,97.44,31.91,849.3,25.18,46.9,2.69,7.38,1106.9,81.49
2040.7,88.28,108.69,1848.2,1171.5,329,9.1,41.73,60.46,83.79,20.79,838.1,21.32,40,2.45,6.28,950,92.58
2439.7,91.93,113.19,1942.1,1211.1,381.7,14.39,37.22,67.67,91.69,28.22,897.5,24.48,39.2,2.67,8.42,1071.3,71.95
798.3,87.59,104.57,1399,1000,234.7,12.11,57.11,35.52,14.16,9.94,298.1,6.65,32.5,1.76,8.97,435,70.01
1523.8,87.57,106.41,1850.1,1128,354,14.9,43,63.27,87.82,15.16,741.6,24.3,36.5,1.82,10.16,845.5,65
1703.2,84.46,101.54,1577.2,1000,255.1,14.26,42.94,43.12,32.61,13.64,388,12.88,35.7,2.23,8.46,902.8,64.63
2654.6,45.17,47.2,1992,1193.8,412.6,16.13,34.46,71.83,100.03,33.29,886,25.64,41.9,3.42,8.72,1109.8,69.23
2996.1,87.45,105.45,2335.9,1511.7,463.5,22.46,25.55,81.5,133.06,46.96,1205.1,33.92,53.9,3.2,8.15,1252.8,77.89
2954.1,89.1,109.91,2404.7,1404.8,534,30.34,15.18,93.52,132.57,41.24,1252.9,34.75,47.7,2.8,11.38,1294.7,49.81
3086.4,88.6,110.32,2421.4,1487.7,512.5,23.82,19.34,85.4,143.51,46.79,1251.8,35.11,52.1,3.09,10.18,1251.7,73.26
1107.6,82.25,97.4,1480.9,1000,230.7,10.26,52.67,45.45,25.72,7.91,370.2,11.28,34.8,1.85,8.13,574,79.28
1082.8,88.8,108.65,1532.7,1000.8,238,13.06,47.98,48.63,38.43,9.01,484.7,13.66,35.8,1.66,8.99,554.7,71.26
2407.8,83.7,103.34,2076.9,1300,387.7,18.64,30.77,73.71,119.71,30.77,1034.1,29.31,41.5,2.81,8.12,1025.2,81.72
2465.8,88.75,105.24,2204.2,1329,381.8,13.38,28.17,68.65,126.77,31.88,1031.1,30.39,46.4,2.97,6.96,999.1,89.45
1828.6,85,101.27,1807.5,1138.4,304.3,10.15,37.59,59.9,79,20.33,713.4,22.03,39,2.51,7.25,910.3,84.56
2445.6,91.61,111.24,2086.3,1251.6,350.6,11.55,29.88,74.71,108.84,28.72,906.6,26.43,43.9,2.8,6.64,1025.1,89.56
2759.4,88.46,106.68,2167.3,1367.6,436.4,18.56,28.43,80.61,121.88,34.6,1061.9,29.44,47.6,2.96,7.75,1178.6,79.78
1337.2,81.72,95.02,1526.4,1047.2,215.8,4.89,54.15,47.85,48.55,12.37,611.2,16.25,34.8,2.12,6.83,734.5,93.56
1699.6,94.26,113.26,1567.9,1000,287.4,14.31,50.5,49.96,42.17,16.88,437.1,14.4,33.1,1.81,10.28,925,53.26
1486.9,89.3,106.31,1581.9,1000,301.6,14.18,52.21,50.55,43.83,13.54,440.7,15.2,34.7,1.97,9.21,861.7,65
819,85.01,100.72,1480,1000,251.2,13.46,50.24,37.7,25.21,6.61,324.1,10.34,35.1,1.66,8.34,430.3,68.27
2928.2,49.03,51.31,2079.7,1357.3,376.9,12.42,28.67,72.05,106.52,41.79,1031.4,26.71,43.8,4.18,6.08,1173.2,89.02
1120.5,88.71,106.13,1698.2,1000,312,14.72,44.38,54.92,60.54,9.2,637,18.07,35.9,1.52,9.22,608,61.22
2544,85.53,106.2,1795.9,1190.8,313.4,10.93,42.28,66.21,77.05,27.61,804,20.73,38.8,2.82,7.34,1025.9,82.48
2483.3,83.57,104.5,2058.1,1259.3,387.2,13.83,26.79,69.02,103.52,30.14,811.3,26.49,42.8,2.84,6.69,1043.6,81.92
1154.1,89.43,107.23,1602.3,1000,328.6,15,42.21,53.3,45.85,11.2,470.7,15.89,30.2,1.66,10.02,626.4,56.17
2361.7,90.52,111.65,2062.9,1231.5,394.7,16.73,31.17,66.79,109.21,28.07,887.7,27.95,44.2,2.73,7.93,1034.3,72.99
1141.5,86.03,100.85,1522.7,1000,227,9.54,51.84,43.72,33.44,9.21,470,13.82,31.8,1.8,7.54,593.4,76.36
3214.6,93.9,114.17,2009.4,1313.6,387.3,17.79,27.95,71.29,84.82,41.02,926.5,23.58,48.8,2.97,7.96,1335.3,69.15
2357.8,88.39,106.48,1973.5,1275.9,346.1,8.41,34.78,56.89,89.67,26.34,874.7,22.91,39,3.04,5.59,990,94.5
2223.1,88.5,110.52,2127.1,1257.4,419.8,21.19,32.78,78.97,114.09,28.78,934.7,30.1,42.8,2.45,10.53,1056,56.99
1375,86.66,107.94,1514.3,1000,290.2,14.61,48.01,45.88,37.05,14.34,434.9,13.91,35.2,1.87,8.93,790.1,66.26
3273.9,69.06,69.63,2036.4,1346.4,382.9,13.48,33.61,68.16,97.84,39.19,990.9,25.74,48.5,4.05,6.97,1278.1,89.14
757.3,65.11,64.13,1383,1000,228,8.93,55.68,32.48,14.96,8.81,385.5,8.45,28.7,1.69,6.74,402.4,84.1
2966.4,87.74,113.4,2469.2,1555.7,460.6,18.21,15.58,87.72,154.65,50.03,1292.1,34.87,53.6,3.16,7.26,1179.4,88.92
1703.8,84.6,100.14,1941.1,1185.1,328.2,13.65,35.34,62.17,93.05,19.61,835.2,22.93,43.3,2.2,7.56,878.7,87.59
2318.7,85.09,105.58,2030.8,1256.9,420.2,16.27,36.5,65.12,112.6,31.7,933.7,27.32,45.5,2.6,8.94,1032.4,73.02
2988.4,92.87,117.86,2527.7,1538.1,478.3,20.93,20.85,93.43,160.93,49.93,1264.4,38.83,56.1,3.05,8.02,1274.6,81.16
2429.1,90.55,110.39,2134.7,1294.1,392.4,14.94,30.04,73.67,116.59,29.9,969.6,27.4,42.3,2.85,7.28,1012.8,86.08
2516.5,87.15,105.77,1870,1184.2,355.8,13.17,42.85,60.13,80.73,27.77,768.6,23.21,41.7,2.94,8.26,1058.1,77.41
2695.1,88.41,106.97,2159.4,1344.7,415.2,15.69,26.2,76.7,120.85,33.41,1028.2,29.99,45.3,2.91,7.49,1102.7,83.36
1421,65.76,69.71,1497.6,1000,245.4,13.88,50.53,38.43,29.84,13.42,371.4,12.68,32.8,2.18,7.94,822.1,65.2
1276.1,85.67,100.12,1670.4,1083.9,275.6,9.88,46.73,47.6,63.24,15.36,720,17.16,32.8,2.03,7.81,699.1,84.02
1257.6,86.44,104.62,1580.4,1000,308.5,12.08,52.93,52.42,45.38,10.57,541.3,14.85,31.1,2,8.76,697.3,71.49
2530.8,90.99,113.06,2111.4,1285,391.9,19.38,28.81,73.99,108.29,30.76,981.8,29.08,47.9,2.52,8.88,1107,66.28
2383.4,86.53,105.91,2314.8,1370.6,422.2,15.32,21.81,77.95,140.85,32.27,1055.2,32.63,43.5,2.99,7.12,990.9,92
768.1,91.85,110.41,1526.5,1000,287.1,15.51,50.87,47.72,34.95,5.27,366.8,14.5,33,1.48,9.68,434.7,57.88
2917,89.53,110.69,2372.1,1406.4,465.9,24.45,21.84,88.92,136.37,44.52,1096,34.8,48.7,2.81,9.77,1260.9,61.28
2966.7,88.36,105.74,2073.4,1374.6,416.1,12.24,29.92,74.09,106.55,38.93,1041.2,26.55,46.9,3.55,7.12,1195.1,92.5
2239.8,87.89,107.56,2023.3,1306,348,7.99,37.95,65.63,105.57,25.49,899.2,27.48,46.1,2.64,6.11,966.9,91.64
1091.3,90.12,106.92,1809.5,1129.4,315.4,10.3,37.85,53.56,70.55,15.11,669.6,19.92,36.4,1.84,7.75,583.5,80.59
2663.9,89.21,105.9,1883.9,1209.6,349.6,13.08,36.55,66.63,83.24,30.72,793.9,22.85,46.2,2.9,8.02,1097.3,78.37
3255.6,88.57,108.74,2394.7,1536.8,473.3,21.09,24.76,80.77,132.68,52.5,1196.3,32.73,59,3.39,7.7,1315,80.78
1225.9,52.36,51.02,1402.7,1000,230.6,8.7,56.72,35.1,23.41,12.07,421.5,9.63,34.4,2.36,7.12,656.9,78.59
2565.6,83.78,100.95,1733.2,1092.3,305.6,11.23,44.88,59.07,63.97,26.23,600.4,19.22,38.4,3.1,8.57,1116.1,72.81
2314.1,49.6,49.5,1919.7,1166.8,347.3,15.39,32.41,69.48,90.44,27.23,873.7,25.32,39.1,2.99,8.57,1043.6,69.13
1746.3,85.74,102.77,1677.1,1080.4,313.9,13.04,45.32,54.7,56.76,16.43,584.2,18.3,32.4,2.42,8.81,900.7,71.39
1695,85.1,103.76,1972.2,1156.6,354.5,12.15,36.3,67.13,101.4,19.87,890.3,27.03,38.7,2.2,6.56,877.7,87.85
1995.7,87.25,104.69,1710.7,1084.5,325.5,12.33,41.58,59.37,56.91,19.38,659.9,17.84,35.8,2.17,8.17,964.1,71.18
2300,84.74,105.38,1940.3,1172,379,16.61,36.98,77.08,92.05,26.1,838.7,24.25,46.1,2.58,9.65,1024.4,66.29
1041.2,94.62,111.05,1611.6,1000,287.4,16.5,50.82,55.2,40.3,8.23,500.4,15.91,30.8,1.5,10.57,565.6,53.41
856.1,49.73,51.67,1367.9,1000,200.4,7.88,55.64,38.64,11.88,11.18,420.5,7,30,2.11,6.96,444.3,83.25
821.4,81.36,94.62,1431.2,1028.6,209.4,5.56,54.36,33.12,25.77,4.84,490.7,11.42,29.9,1.71,5.6,419.4,95.25
3281,87.07,110.42,2216.3,1391.5,418.6,20.66,26.53,80.62,115.67,44.23,1029.3,27.9,49.6,3.25,9.59,1346.1,68.59
2461.6,83.48,100.48,1833.2,1226.6,262.6,6.9,40.26,55.3,70.25,28.18,811.4,19.22,41.3,2.9,5.33,1013.3,97.8
1303.9,85.73,100.03,1693.4,1070.3,259.4,8.3,44.75,43.74,55.96,10.95,592.3,18.59,30.5,1.99,6.65,710.7,89.24
1809.6,86.4,105.42,2033.2,1190.7,343.3,14.81,33.66,73.5,102.18,19.19,874.8,25.44,42.5,2.12,8.22,919.3,73.73
1435.4,68.86,70,1488.5,1000,247,10.3,49.74,34.37,30.75,13.75,409.2,13.45,34.5,2.19,6.97,793.7,81.93
2421,88.37,106.34,1852.9,1141.7,314.1,12.08,42.1,65.89,76.66,25.03,723.5,21.15,44.4,2.71,8.33,1065.9,76.45
2995.7,91.7,113.36,2330.2,1452.2,470.1,19.51,29.96,85.32,132.4,43.83,1211.1,31.94,52.4,3.34,9.22,1219,78.16
843.7,88.87,106.99,1365.3,1000,226.8,13.18,57.21,40.11,8,4.37,280,7.51,31.6,1.39,9.45,459.9,59.34
2621.7,90.46,113.28,2465.7,1469.3,453,19.19,22.29,82.7,162.96,39.59,1221.8,37.72,52.4,3.04,7.92,1069.9,87.9
2265.3,89.07,110.59,1955.3,1199,396.6,17.84,33.29,71.82,104.48,26.25,885.4,27.77,41.3,2.45,8.96,1046.3,69.31
2677.8,89.47,107.72,1996.7,1255.4,383.9,16.42,33.1,66.59,92.68,31.73,917.5,25.39,47,2.98,8.87,1115.6,71.53
2591,87.85,106.37,2000.1,1163.6,359,18.55,32.37,61.6,92.05,27.84,833.4,25.39,41.4,2.6,9.36,1096.3,66.64
1817.5,87.43,105.8,1756.3,1049.1,354.2,12.7,37.72,61.2,74.89,20.85,688.2,21.35,36.5,2.43,8.34,904.7,74.84
1974.6,93.53,119.68,2031.4,1167.6,428,24.09,32.8,72.2,109.87,22.27,864.1,29.44,35.2,2,11.18,1003.3,47.6
1104.3,87.83,100.48,1703,1029.3,348.8,11.17,48.1,54.32,62.68,9.84,640.6,19.95,32.1,1.67,8.59,562.9,77.96
1204.1,86.94,100.28,1820.9,1108,345.8,12.67,40.93,54.31,73.66,12.41,685.6,21.59,36.5,1.77,8.35,641.9,79.52
1767.3,84.71,103.04,1766.6,1050.6,274.8,10.29,40.74,52.49,67.05,15.61,627.8,19.41,36.1,2.39,7.45,875.8,76.7
1732.3,65.64,63.8,1757.8,1113.5,340.3,15.6,41.61,57.33,73.22,18.39,606.9,21.21,37.2,2.57,8.52,914.9,68.73
1569.4,86.13,100.95,1851.7,1135.5,321.4,10.44,41.12,63.39,83.15,18.16,841.1,22.62,40.4,2.11,6.99,834.3,87.79
1482.3,86.56,103.35,1758.4,1134.9,249.6,7.91,48.64,48.93,68.36,13.73,605.8,20.36,40.2,2.09,5.93,779.4,97.86
2469.6,91.11,115.18,2290.3,1332.5,521.2,28.32,26.78,87.54,142.66,34.28,1108.5,36.52,42.6,2.29,11.46,1118.8,51.93
2319.5,88.07,105.65,2137.3,1344.7,375.8,12.52,32.29,73.1,117.24,30.13,1012.9,28.71,45.8,2.74,6.58,961.8,94.89
1428.6,86.75,101.92,1525.1,1000,226.7,9.39,53.32,40.45,28.81,12.09,337,12.33,34.5,2.02,7.68,819.7,74.06
1561.7,87.08,102.3,1745.1,1101.1,235.3,9.11,43.53,52.04,61.93,16.25,631.5,18.61,41.8,2.45,6.76,839,82
1646.8,57.87,57.41,1637.6,1022.4,317.2,12.09,53.48,50.83,55.18,17.63,543.5,16.54,35.4,2.64,9.27,903.4,74.77
1724.3,85.93,100.51,1643.9,1070.6,281.1,8.65,41.87,53.07,63.97,17.07,677.1,17.58,35.1,2.3,6.16,885.3,88.83
1157.1,86.06,97.32,1545.7,1000,244.8,6,43.92,41.9,36.6,9.66,577.1,13.67,32.3,2.08,5.53,583.7,95.18
1126.2,87.69,102.1,1682.3,1045.3,312.3,11.68,45.08,48.8,55.13,9.59,586.3,17.37,36.7,1.76,8.2,582.2,77.9
2695.4,90.71,112.27,2116.3,1308.7,427.5,21.09,29.48,77.29,111.24,34.97,994.3,28.87,39.7,2.69,9.56,1150,70.72
1162.4,88.4,106.92,1705.8,1065.7,322.6,13.01,46.01,54.89,62.05,12.15,660.7,18.34,36.8,1.84,8.01,617,75.76
784.3,90.69,105.56,1571.6,1000,284.5,15.81,54.31,43.37,30.16,7.01,382.5,11.76,34.3,1.13,10.91,433.7,57.44
1544.7,82.75,97.04,1560.6,1026.9,261.5,13.53,43.87,37.18,36.37,10.86,448.5,13.25,34,2.01,8.44,880.7,68.95
3295.8,88.69,110.62,1955.1,1240.1,381.5,18.34,33.76,67.09,87.87,36.33,819.8,23.62,48.5,3.43,9.52,1354.1,61.32
2010.9,88.13,109.83,2179.1,1270.3,366.7,16.4,25.11,68.4,129.38,26.26,1105.9,30.8,40.8,2.37,7.06,939.7,85.13
1620.2,87,101.53,1513.7,1038.3,234.2,9.62,49.78,42.6,33.87,12.22,433.4,12.48,32.2,2.24,6.61,879.7,79.79
3297,89.1,114.66,2423,1554.2,517.7,23.91,19.54,93.45,138.44,56.3,1261,34.56,50.4,3.28,9.31,1357.8,72.47
1348,50.55,51.02,1674.8,1066.2,319.5,11.75,45.54,62.41,56.22,15.71,578.8,16.78,34.5,2.29,7.89,755.2,76.54
1897.8,85.06,104.46,1873.4,1162.9,286.6,8.57,37.33,55.5,80.68,21.95,728.7,22.13,40.3,2.45,5.61,899.9,91.6
887.5,87.09,102.38,1403.9,1000,231.4,10.03,60,35.5,16.71,10.33,386,10.05,32,1.84,8.62,449.1,76.03
1010.6,86.2,97.33,1532.8,1007.9,259.4,9,47.32,43.37,43.4,8.08,526.7,14.61,28.9,1.84,7.12,501,86.02
2072,87.95,105.94,1952,1244.9,312.3,6.43,31.93,58.83,90.39,27.66,838.7,22.95,42.2,2.61,5.1,937,95.18
2686.8,89.48,107.8,2095,1280.3,346,9.08,29.18,69.68,108.83,30.41,972.3,27.51,46.3,2.98,5.93,1086.5,92.82
1007.4,87.16,102.75,1661.7,1050.2,274,11.94,43.05,58.19,56.84,12.4,637.1,17.94,34.5,1.88,7.62,518.2,75.72
1477.9,87.05,102.62,1578.1,1000,292.6,13.09,57.19,47.63,40.85,12.17,427.2,16.12,37,2.07,10.18,865.1,62.32
2269.4,91.11,111.45,2110,1223.2,386.4,18.39,31.84,74.4,117.76,23.28,990.9,29.81,39.4,2.54,8.82,992.3,74.49
1264.6,81.12,94.02,1464.4,1030.7,197.6,9.51,48.57,42.34,26.25,8.18,452.4,11.92,34.6,2.16,6.17,684.8,83.53
1300.4,87.35,102.56,1488,1000,206.9,10.5,52.38,41.23,30.44,11.07,356.8,13.05,32.5,1.94,8.62,724.2,77.4
2192.8,90.08,110.84,2102.9,1271.6,347.8,13.65,36.41,62.43,109.03,23.71,891.4,28.7,43.4,2.59,7.9,961.4,86.8
1054,87.16,104.57,1658.7,1076.7,269,9.81,45.97,50.31,48.44,9.99,577.9,14.19,32.9,1.69,7.16,545.8,85.14
1684.7,88.32,109,1981.2,1205.8,361.9,14.77,38.87,57.7,102.05,19.94,877.3,26.78,39.9,2.28,8.45,897,78.33
2528,88.48,109.68,2179.3,1308.1,366.7,12.77,28.44,73.48,124.18,32.37,1048.7,30.06,41.8,2.88,6.24,1044.7,89.92
1678,89.64,107.72,1960.4,1201.9,342.4,10.05,37.99,59.5,104.9,19.25,881.9,25.83,38.2,2.32,6.45,879.7,94.19
1488,85.08,99.66,1642.6,1105.5,266.9,6.84,45.46,45.51,57.82,13.59,654.4,15.25,38.8,2.35,5.2,788.3,93.37
1389,87.76,102.06,1694.9,1068.4,311.7,10.24,44.6,54.42,57.3,15.58,573.2,16.89,33.6,2.14,7.4,785.3,75.29
2495.2,84.94,106.85,2145.1,1322.5,392.5,17.91,32.63,80.18,118.59,34.57,1041.3,29.24,44.7,2.64,8.44,1053.5,81.68
1758.3,46.17,45.35,1790.7,1081.8,322.3,11.93,40.7,56.61,71.1,17.83,708.3,20.72,37.5,2.88,7.72,885.7,79.7
2152.5,85.45,103.83,1725,1044.7,292.5,14.67,40.84,56.52,66.01,23.46,652.5,18.7,38,2.59,9.02,995.5,72.35
2098.5,86.04,102.62,2146.8,1283.3,411.3,17.31,34.53,72.64,121.12,25.98,1090.7,30.18,46.3,2.7,8.63,939,86
815.6,89.19,104.42,1452.1,1000,236.3,12.04,54.86,43.83,31.02,6.72,382.3,11.19,29.5,1.32,8.97,435,77.55
1134.8,83.47,100.84,1581.3,1076.7,255.6,7.91,51.09,50.54,40.03,9.71,526.5,13.88,33.9,1.94,7.57,600.4,82.68
2580.4,89.1,106.58,1883.8,1207.1,321.8,11.83,35.81,54.95,74.54,28.34,715.7,20.97,39.4,2.88,5.96,1068.1,86.42
1468.6,68.23,71.91,1479.5,1000,233,6.9,48.94,43.23,26.51,10.93,484.7,10.69,34.5,2.49,6.21,794.6,81.7
2990.7,91.98,112.71,2359,1472.5,444.3,18.21,21.09,83.26,133.82,44.59,1139.5,31.95,51.4,3.35,7.24,1204.9,84.2
1849.9,86.71,106.31,1948.3,1179.3,361.5,15.73,37.16,68.27,105.32,19.76,874.7,27.42,40,2.27,8.57,933.6,74
1464.9,88.27,104.65,1756.7,1094.7,269.6,13.19,40.9,58.5,74.66,14.41,631.4,22.4,33.4,2.12,7.62,825.6,75.58
1394.1,47.74,47.15,1662.7,1085.9,278.4,10.52,49.8,51.37,47.88,16.58,555.7,15.54,37.3,2.44,7.74,748.1,81.24
3137.6,87.06,109.29,2353.7,1456.4,485.5,19.76,24.89,82.13,130.36,45.23,1103.9,31.12,48.2,3.34,8.31,1304.5,78.69
1462.5,83.93,102.27,1656.6,1000,320,13.69,45.92,57.33,57.28,13.08,539.2,17.84,30.3,2.05,9.19,841.5,65.71
1030.9,87.74,105.39,1587,1000,302.8,14.93,50.88,54.07,47.89,8.59,536.1,16.59,30.7,1.61,9.78,534.6,64.95
818.5,82.24,99,1525.1,1045.4,203.3,7.95,43.85,39.41,37.42,5.33,577.6,14.52,30.5,1.72,6.06,426.9,90.83
3091.4,91.89,113.81,1975.9,1251.9,385.1,15.5,33.69,75.91,83.39,35.57,858.6,23.33,46.7,2.89,8.91,1274.9,69.95
3166.1,94.48,118.61,2303.8,1419.6,499.8,24.23,29.56,84.92,126.45,49.7,1138.6,32.82,50.5,2.8,10.68,1326,58.15
2487.9,89.04,105.87,1874.9,1212.6,315,11.46,38.03,60.07,88.08,23.77,854.3,23.51,40.5,2.6,7.46,1040.5,87.11
760.4,87.96,108.51,1536.2,1000,270.2,11.81,47.91,38.43,30.98,7.77,357.7,12.74,33.7,1.52,7.81,426.6,70.72
2655.2,90.57,106.91,1976.1,1219.6,402,15.58,37.38,63.43,89.37,29.59,899.3,24.14,44.7,2.95,7.88,1129.7,80.58
2549.4,87.58,106.13,2004.5,1212.3,361.1,12.79,33.46,65.76,98.94,26.92,863.3,25.49,41.9,2.59,7.32,1072.4,80.14
2259.6,92.95,115.28,2383.7,1366.1,495,26.94,22.71,89.43,158.24,29.54,1236.9,39.64,44,2.24,10.68,1040.2,61.6
1693.8,87.98,109.6,1928.9,1121.4,382.2,18.26,36.65,68.66,92.96,20.22,825.2,24.78,34.8,1.97,9.92,924.1,62.88
2589.2,88.57,110.92,2062,1237.3,365.4,21.36,27.96,75.33,115.49,32.47,952.8,28.59,44,2.8,9.04,1096,62.23
2558,91.43,113.65,2241.2,1308,431.5,19.8,25.42,77.63,124.57,36.66,1096.9,30.84,45.1,2.67,9,1096.2,72.22
2418.7,91.16,108.18,2124.4,1269.8,410.6,16.13,27.33,72.62,112.52,29.93,1031.1,28.31,44.4,2.71,8.42,1034.4,72.97
1268.4,88.18,104.33,1615.8,1039.1,319.8,14.67,47.64,60.41,51.4,13.77,608.8,16.96,34.7,1.82,9.72,720.8,63.09
3258.1,84.69,107.25,2149.6,1341.5,413.4,18.59,24.98,78.23,100.54,42.24,1057.2,25.45,48.9,3.16,7.97,1316.2,76.47
830.7,61.72,65.53,1547,1022.2,220.9,6.44,48.24,39.55,37.97,7.94,456.3,11.31,30.3,1.98,6.42,426.9,92.69
700,84.87,96.9,1456,1000,224.6,9.08,54.13,39.79,31.93,5.9,392.1,11.38,31.8,1.69,8.2,391.7,76.06
2539.7,92.54,111.33,1914.9,1192,314.5,12.7,37.96,55.35,77.4,28.2,739.2,21.08,41.8,2.88,7.63,1016.1,79.4
1900.8,58.39,60.41,1950.1,1236.1,331.3,11.72,30.31,65.36,96.42,22.34,876.9,23.78,35.8,2.84,6.98,904.2,93.06
2612.1,87.8,108.9,2226,1329.8,449.9,20.21,27.34,79.74,127.07,34.63,1079.9,30.83,44.7,2.69,8.71,1109.1,75.05
795.4,84.63,98.21,1436.8,1002.5,161.6,9.75,53.2,29.98,17.3,7.01,417.9,9.98,34.1,1.73,6.69,417.8,87.16
1206.7,89.15,102.62,1689.9,1129.8,319.7,7.72,43.99,50.71,64.52,12.42,674.9,18.09,37.1,2.22,6.7,636,88.75
1753.3,92.61,108.9,1618.1,1006.8,245.9,11.94,45.71,46.84,46.95,15.4,525.5,16.19,33.3,2.06,7.71,925.4,76.17
831.2,84.14,99.84,1484,1052.1,195.9,3.82,52.68,44.59,29.35,8.72,517.8,12.2,31.6,1.72,5.91,426.8,91.67
1783.5,57.92,59.32,1932,1186.7,317.4,13.52,39.64,63.56,96.1,23.29,871.1,25.6,40.4,3,7.83,903.4,82.86
3173.9,91.77,115.17,2289.7,1385.5,527.8,28.58,19.78,88.07,126.83,40.32,1134.1,32.9,48.2,2.88,10.84,1377.8,52.36
1282.5,85.23,99.36,1606,1046.9,265.5,10.94,44.92,48.04,45.14,14.48,508.9,14.53,30.3,2.09,6.22,706.6,81.91
1665.4,88.77,107.84,1952.6,1183.5,400.2,15.46,37.26,59.78,100.38,22.17,865.2,26.81,35.7,2.07,8.87,867.5,79.07
1936.8,88.33,109.86,2046.8,1197.4,386.4,17.73,32.34,78.34,112.79,26.39,921,28.88,46,2.11,9.54,923,65.5
1534,84.88,102.32,2066.9,1223.6,392.6,14.77,37.22,72.69,119.43,17.38,962,30.22,39,1.88,8.6,838.5,78.98
2735.9,66.04,63.2,2148.9,1309.5,416.8,20.06,28.43,80.37,121.24,37.1,1042.1,30.93,45.9,3.5,9.26,1172.2,69.41
813,85.52,103.29,1566.7,1021.8,242.4,9.05,50.81,38.3,37.29,7.83,466.6,12.98,32.4,1.67,6.89,425.7,79.4
1566.2,89.24,103.8,1696.2,1099,290.4,13.68,44.4,62.69,67.04,17,650.5,17.96,37.2,2.31,8.16,881.4,68.76
2282.3,89.58,112.64,2171.7,1310.6,440.4,20.77,29.96,71.1,123.19,32.06,927.1,31.26,46.2,2.31,8.72,1026.1,68.8
2070.5,90.89,113.4,1992.8,1147.6,397.8,20.33,31.93,72.43,101.02,20.57,879.1,27.6,39.5,2.38,10.64,1018.9,58.74
1649.6,84.86,98.84,1761,1100.5,295.4,12.67,44.07,54.54,73.08,17.66,689.8,20.08,35.7,2.3,7.3,867.1,81.85
2582.6,89.69,107.96,2441.1,1470.8,468.8,19.02,20.61,81.26,149.97,42.03,1260,36.72,49.3,2.97,7.87,1080.4,82.41
1275.4,87.16,100.32,1548.2,1038.9,226,7.61,50.28,42.55,35.84,10.44,453.8,12.79,33.7,1.88,6.15,694.6,87.95
2541.5,87.08,109.53,2024.3,1242.3,375.8,15.77,33.55,70.24,101.57,28.78,879,25.94,47.4,2.85,8.64,1096,76.4
1362.2,84.11,97.56,1688.5,1104.9,235.4,8.81,47.48,50.25,63.07,14.78,717.5,18.6,40.2,2.28,6.21,716.5,97.82
2813.7,85.2,103.56,2074.7,1304.7,341.6,11.12,28.77,66.23,105.99,33.8,922.6,25.26,47.7,3.54,6.09,1118.1,98.45
845.8,88.05,102.9,1510.5,1041.1,206.1,9.57,60,37.13,34.88,7.45,438.5,13.41,36.9,1.68,8.45,448.1,77.52
1520.7,89.3,107.32,1897.8,1111.2,344.9,15.42,38.19,61.06,87.54,18.73,790.5,25.37,35.3,2.09,8.72,869.4,73.23
3282.2,91.34,117.87,2366.4,1475.4,495.8,22.35,22.01,86.91,137.95,50.4,1185,34.52,50.1,3.1,8.91,1343.2,72.13
715.9,83.51,96.22,1349.6,1000,169.8,3.45,53.64,36.97,21.15,5.94,454.2,9.87,25.5,1.87,5.55,379.2,96.23
1295.1,86.58,100.45,1613,1000,257.3,12.99,49.52,51.23,41.49,10.81,397.8,15.12,34.9,2.13,8.88,736.8,69.88
2415,84.55,103.76,1805.3,1119.4,324,13.2,42.64,51.84,67.66,25.08,676.7,20.7,40.6,2.78,7.66,1064.2,70.18
2557.2,88.21,108.04,1972.9,1228.4,366.6,11.28,34.61,65.18,92.45,28.83,863.8,24.2,40,2.75,7.19,1053.1,85.19
1110.3,86.12,99.94,1701.1,1070,285.6,11.34,46.85,54.01,62.25,8.67,634.7,18.63,35.5,1.74,7.52,579.2,80.35
2501.6,90.19,113.16,2413,1405.4,464.7,22.32,24.48,85.79,162.21,35.48,1251.1,39.33,47,2.6,9.67,1082.9,74.51
2494.7,84.46,100.96,1901.1,1275.5,327.3,10.46,36.47,64.18,80.09,27.65,765,22.52,44.7,3.24,6.13,1063.9,88.15
1646.7,84.97,98.34,1712.1,1105.1,257.8,9.49,46.83,48.56,67.14,19.04,698.8,18.83,39.3,2.33,7.06,866.5,89.82
1780.1,88.76,104.08,1882.2,1161.3,334.8,11.2,32.96,64.34,80.84,20.26,786.7,22.04,40.3,2.49,7.01,893,85.43
1093.3,85.93,102.4,1604.4,1039.2,257.9,10.68,48.55,50,51.97,10.68,553.7,17.24,33.2,1.93,7.66,557.9,86.13
2038.2,92.3,111.39,2087.5,1253.5,397.2,15.16,31.44,71.57,121.14,25.79,939.7,30.19,41.1,2.49,7.55,955.7,83.19
1624.2,89.2,105.25,1788.7,1073.8,362.8,16.18,46.02,66.05,77.37,19.51,731,22.15,38.3,1.94,10.16,904,57.47
2672.7,95.67,119.93,2230.8,1282.9,491.6,25.71,26.23,85.12,122.72,35.8,1053.2,33.53,42.1,2.55,10.89,1169.2,54.22
1745,53.75,55.57,1966.9,1208.9,353.5,15.06,33.89,62.73,98.46,21.74,850,24.67,40.8,2.98,7.81,876.4,82.54
3087.3,86.12,98.68,2080.5,1362.9,353.6,11.27,26.86,68.41,96.32,37.85,975.5,24.31,50.6,3.68,5.05,1244.9,96.97
1137.8,89,103.64,1535,1000,304.6,14.81,48.03,47.59,42,9.26,478.8,15.37,35.8,1.52,9.62,607.5,61.03
1602.5,85.4,97.73,1968.7,1187.3,333.7,10.36,34.78,61.83,102.88,17.07,948.4,26.6,35.3,2.38,5.74,831,95.63
2892.7,92.37,113.48,2346.2,1447.9,467.5,24.04,19.62,85.23,134.18,45.65,1230.4,32.85,51.4,2.98,9.2,1226.4,68.56
1419.1,84.43,103.63,1500,1047.8,246.5,6.58,47.28,44.75,30.61,14.24,466.5,12.04,33.9,2.28,5.26,801.4,91.53
1582,85.58,105.8,1684.3,1108.5,255.5,8.67,45.26,59.33,67.6,16.64,703.4,19.68,36.2,2.03,6.73,842.7,85.37
797.2,84.66,98.44,1370.5,1000,194.6,10.34,60,34.02,11.82,6.02,323.9,7.83,33.6,1.69,7.4,417,80.32
2231.3,85.61,102.77,2165,1325,342.8,12.85,31.74,71.01,133.13,28.41,1073.2,31.63,45.3,3.03,5.85,949.4,98.21
1763.3,88,103.7,2018.8,1182.4,366.3,12.18,33.58,64.38,109.27,19.91,961,27.28,32.9,2.44,7.16,904.6,89.2
1592.9,83.78,99.15,1717.1,1058.2,314,11.2,42.16,49.56,65.21,15.4,615.5,18.45,37.1,2.12,7.68,826.9,77.93
1603.7,79.2,94.82,1684.1,1111.7,279.2,5.18,42.73,49.75,51.99,17.42,594.3,15.02,34.2,2.37,5.78,833.2,90.1
1951.3,86.91,105.89,1762,1089.5,265.3,9.08,41.8,49.32,75.1,20.8,664.8,20.64,38.7,2.49,6.2,952.6,91.09
1679.4,90.1,111.69,1990,1114.7,419.9,25.21,28.94,77.23,106.85,15.09,866.2,29.33,35.8,1.9,11.25,943.3,48.12
2451.1,87.5,109.35,1968.5,1191.1,353.3,16.8,33.16,72.17,97.16,24.59,858.1,24.9,39.9,2.66,8.49,1028.9,76.79
1682.8,86.9,102.2,1445,1003.7,208.9,9.06,56.01,42.16,28.36,15.8,384.7,11.15,34.1,2.8,7.94,889.6,75
1834.8,90.29,104.97,2163.7,1294.4,382.5,14.16,33.06,66.14,126.29,22.05,1042.3,29.75,44,2.33,7.36,895.4,90.16
2453.8,88.06,107.43,2055.1,1296.9,335.5,7.8,31.28,65.99,110.64,32.41,953.1,26.04,42.3,2.81,6.57,1031.5,90.95
1921.7,89.06,109.59,1797.2,1066.9,340.8,15.93,38.14,60.02,74.85,14.81,748,21.21,39.6,2.22,9.1,976.3,68.26
2240,89.64,112.76,2514.9,1444.3,444.4,20.88,19.42,80.33,173.16,33.16,1274.2,40.41,46.7,2.64,8.28,992.7,83.58
1469,86.63,104.88,1699.5,1047.9,291.3,12.2,46.26,50.35,57.23,13.59,578.1,18.11,35.7,1.91,8.42,812.5,80.69
1377.2,86.92,100,1612,1095.9,259.1,11.02,49.04,46.7,39.94,15.29,504,12.93,40.1,1.88,7,773.9,84.17
1665.7,89.03,106.94,2083,1255.8,386.8,13.33,32.01,69.37,106.31,21.48,978.5,27.6,40.2,2.23,6.56,865.5,81.88
1620.8,50.68,53.73,1783.3,1120.2,332.2,11.58,44.57,48.8,69.12,20.04,672.4,20.07,37.8,2.46,8.44,861.7,75.12
1682.4,82.58,97.96,1513.2,1000,241.2,9.52,52.6,44.81,31.7,15.02,523.3,11.82,35.7,2.44,7.67,847.8,86.41
854.3,86.25,101.34,1502.1,1000,270,6.56,48.66,44.17,22.04,6.9,398.1,10.74,33.6,1.59,7.1,434.5,78.64
2604.7,90.85,114.88,2404.2,1408.4,452.2,20.92,19.58,79.82,150.31,33.53,1217.1,36.02,50.6,2.89,8.38,1079.8,75.71
1048.2,84.62,99.44,1737,1000,305.5,11.03,40.27,57,72.03,7.59,733.2,21.04,32.4,1.84,7.01,518.7,87.87
2386.7,85.26,100.92,1754.7,1125.7,300.9,11.78,38.57,57.9,60.14,24.23,674.4,17.88,39.8,2.79,8.12,1036.7,76.28
1600.3,85.57,101.31,1835.6,1104.3,304.1,9.98,45.03,49.14,74.52,15.1,685.9,21.17,37.2,2.35,7.09,837.5,85.4
2238.5,88.5,106.3,2073.3,1270.1,354.7,12.08,34.71,73.18,112.21,25.33,980.3,29.38,42.1,2.94,6.36,918.9,95.23
1366.2,59.44,60.05,1517.4,1057.6,214.2,10.25,48.32,45.2,33.05,11.88,473.1,12.72,30.3,2.35,6.05,747,83.49
2432.7,89.24,106.9,2115.7,1308.8,414.5,13.77,33.26,72.03,114.48,33.29,985.1,28.66,45.7,2.89,8.33,1019,84.54
1599.6,86.52,105.62,1698,1068.9,271.7,15.94,49.69,54.94,66.92,14.17,630.5,20.01,35.8,2.08,9.18,865.3,73
1279,87.48,104.29,1568.6,1007.9,241,7.78,51.48,45.69,44.16,9.7,476.7,14.49,39.5,2.11,6.69,711.9,84.95
1180.4,89.09,106.71,1639.4,1047.4,299.5,10.95,44.51,51.34,56.82,12.76,657.4,17.27,32.7,1.79,7.81,620.6,81.31
2920.1,89.67,114.1,2308,1421.9,495,26.16,23.49,87.55,140.05,46.06,1289.8,35.6,46.6,2.73,10.16,1257.8,65.82
740,86.02,99.26,1381.3,1000,219.6,4.38,52.56,30.88,8,6.36,352.5,6.9,29.7,1.8,5.69,393.4,89.87
791.2,81.77,93.39,1335.4,1000,200.8,5.25,60,27.47,14.74,6.1,331.9,9.76,30,1.4,6.77,410.7,90.38
785.9,83.56,96.89,1549.4,1044.2,215.2,8.35,47.73,41.36,37.6,5.87,466.2,13,33.8,1.83,6.88,409.1,83.85
2680.3,84.63,107.69,2492.8,1486.3,463.5,22.58,19.61,85.96,166.58,39.92,1384.5,38.32,49.4,2.92,9.03,1111.7,80.49
3188,90.39,109.31,2523,1561,490.2,20.5,21.31,87.74,153.88,50.65,1235.7,38.01,55.6,3.28,8.4,1276.3,80.4
2366.6,58.97,60.62,2162.3,1322.2,363.9,14.57,31.66,70.6,116.81,35.11,1027.5,28.44,43.7,3.36,8.07,1023.6,79.52
2868.1,53.97,51.92,2131.6,1362.5,374.2,13.79,28.5,72.03,108.24,41.82,1018.3,26.71,46.5,3.83,7.27,1161,90.34
1847,91.74,114.98,1815.5,1077.1,340.1,17.86,42.03,68.42,82.7,16.32,692.1,23.83,37,2.14,9.98,938,59.05
1281.5,89.83,106.92,1585.8,1062.9,313.5,9.61,51.05,46.94,46.6,10.34,561.4,15.43,34.8,1.99,8.1,721.1,75.59
1901.3,87.79,102.85,1845.2,1195.5,253.5,5.6,37.01,58.31,83.88,23.52,844.7,23.09,36.7,2.39,5.7,899.5,97.61
2169.6,89.14,107.53,1973.6,1210.3,376.9,11.95,38.93,63.86,97.53,22.74,894.1,25.37,42.5,2.41,7.73,965.6,84.18
2522.7,85,106.24,2354.5,1441.7,463.8,20.87,25.15,90.92,155.16,38.79,1302.6,37.18,48.4,2.77,8.69,1070.3,75.53
1724.9,84.97,104.43,1770.6,1128.9,279.6,9.91,48.78,50.89,74.57,18.74,793.8,20.57,42.4,2.37,7.76,874,89.12
2385.7,89.47,110.41,2140.8,1317.9,364.6,12.37,26.02,69.92,116.11,31.51,990.8,28.43,44.5,2.8,5.74,985.9,92.92
2364.3,50.75,49.35,1997.1,1248.9,324.2,10.49,33.73,62.55,94.25,32.23,878.7,25.01,43.8,3.47,5.49,1001.3,89.86
2933.3,91.48,114.1,2244.2,1323.2,484.6,26.54,26.6,91.93,129.5,40.22,1131.5,33.35,44.5,2.72,11.31,1264.1,53.1
1687.6,81.52,98.76,1719.6,1114.7,260.8,9.64,50.75,56.41,67.78,15.74,671.8,20.01,38.5,2.45,7.1,854.7,89.32
2995.5,88.05,107.67,2014.5,1348.8,344.6,12.04,33.2,65.6,93.86,41.93,1031.7,24.78,46.4,3.34,6.85,1189.4,86.34
1089,85.14,101.81,1645.4,1016.6,302.6,15.93,43.7,51.37,55.71,9.83,563,17.24,33.1,1.77,8.83,572.1,67.95
1207.3,87.51,101.96,1496.9,1000,251.6,11.23,47.37,50.27,35.77,9.25,439.3,13.91,34.7,1.94,7.47,661.6,73.87
1079,88.72,101.72,1508.9,1000,288.9,13.83,49.83,42.97,31.87,8.48,408.5,11.35,28.9,1.63,9.3,566.8,63.9
2459.2,87.17,103.82,2098,1309.8,367.4,13.43,37.25,64.51,108.76,28.73,953,27.86,39.9,3.05,8.49,1072.5,84.19
2583.4,91.84,109.62,2044.6,1296.6,382.2,13.62,38.58,68.34,104.49,35.04,876.7,26.32,44.3,2.85,7.22,1082,84.97
2664.7,85.89,100.97,1833.3,1153,340.5,12.69,37.93,60.58,70.55,31.42,802.4,19.72,41.5,2.89,8.03,1130.7,79.42
2219.8,53.02,53.85,2045,1267.2,360,14.98,33.84,72.9,112.38,28.13,975.1,27.26,44.4,3.25,8.12,999.9,80.9
2175.2,89.15,114.11,2148.7,1209,415.8,20.41,30.93,79.85,117.14,23.18,950.9,30.8,44.4,2.32,9.52,1045.8,60.7
2466.9,86.14,105.45,2007.8,1245,376.2,15.44,34.37,65.68,100.59,26.77,909.5,27.72,42.1,2.77,7.92,1029.6,80.93
1719.2,82.42,99.87,1860.4,1167.9,313.9,8.29,39.94,55.64,78.85,17.95,742.6,21.37,37.9,2.48,5.94,830.3,95.23
1592.2,89.62,105.94,1804.8,1089.9,306.2,12.14,39.31,59.38,78.27,14.86,727.1,21.88,33.8,1.95,7.62,857.5,77.8
1362.6,89.34,108.15,1650.9,1062.3,319.8,12.86,50.04,51.4,60.42,11.71,646.3,17.11,35.9,1.87,8.34,767.8,80.23
1682.1,83.69,99,1627.8,1067.4,229.6,7.81,44.22,45.16,40.55,14.01,550.8,15.06,38.6,2.39,6.05,871.6,87.02
2090.3,85.72,105.32,1937.1,1201.5,299.3,9.51,37.15,65.42,95.09,20.48,838.7,25.13,40.7,2.71,6.54,955.7,86.76
2613.8,86.94,109.23,2116.7,1301.9,376.2,16.07,33.99,79.82,115.19,32.34,995.9,28.81,47.4,2.99,8.46,1109.2,80.51
2439.9,90.01,110.33,1857.2,1114.6,355,17.04,40.31,62.27,79.5,27.2,749.1,23.27,38.2,2.58,9.21,1067.5,67.79
2728.3,88.07,113.12,2446,1480.7,465.9,19.78,18.27,80.5,154.76,43.28,1224.6,36.45,49.4,3.03,7.32,1126,89.23
2559.3,92.67,114.02,2245,1330,480.6,25.17,28.1,76.8,129.45,36.64,1067.7,32.93,49.1,2.65,11.05,1109.4,53.19
2576.2,45.51,44.81,1755.2,1054.4,351,14.55,39.25,57.74,59.75,24.62,586.5,18.63,41.2,3.2,8.88,1084.5,66.96
1506.3,83.38,99.37,1687.7,1083.5,276.9,8.19,42.94,43.31,59.98,16.47,675.9,17.47,36,2.13,6.06,829.6,95.02
2664.7,85.75,104.82,1758.3,1105,356.7,16.94,41.87,59.01,60.43,26.42,580,19.78,37.4,2.73,8.96,1144.3,63.63
1853,87.49,107.78,2024,1207.3,359.5,16.48,33.29,71.62,110.92,18.48,939.1,28,40.9,2.16,8.57,913.4,76.5
2059.3,87.07,109.68,2061.9,1277.9,361.8,11.22,29.47,68.15,114.89,26.36,923.7,28.68,40,2.67,5.86,925.7,92.83
1961,86.48,102.65,1759.3,1137.4,280.8,9.96,48.11,52.68,76.33,20.87,793.1,20.68,39.9,2.61,6.2,910.3,89.89
2902.6,86.69,109.44,2428.3,1517.4,436.9,21.92,20.17,84.33,152.47,46.24,1234.5,36.57,51.1,2.97,8.38,1189.6,79.83
774.5,85.07,97.95,1413.9,1000,226,8.21,59.43,44.27,23.53,7.2,446,10.21,28.9,1.78,8.11,405.7,79.4
2147.3,89.61,107.12,2070.4,1222.3,390.3,15.85,36.63,72.36,110.32,25.86,907.3,27.59,41.4,2.6,8.97,947.9,83.17
1733.8,82.95,95.09,1595.8,1056.9,258.9,7.47,49.6,48.27,54.29,17.02,620.8,15.72,41.7,2.43,7.34,880.7,85.42
2433.8,86.82,107.44,1888.6,1143.4,362.8,15.44,39.16,67.31,84.29,23.71,852,23.22,41.5,2.79,8.71,1050.8,67.6
875.4,88.94,104.74,1417.9,1030.8,212.4,7.7,47.59,38.37,21.45,9.37,528.6,10.44,33.7,1.61,6.1,452,89.07
1417.3,86.44,102.81,1643.2,1054.8,296.4,11.27,42.8,47.16,54.76,16.58,593.1,17.42,31.8,1.92,7.81,803.1,76.87
1725.1,86.79,105.46,1783.2,1148.5,299.8,9.2,44.42,54.95,74.44,18.28,752.2,20.63,39.8,2.71,6.32,875.6,90.87
1777.9,85.75,101.2,2000.9,1232.8,362.4,13.44,34.65,62.45,115.07,20.88,943.8,29.06,36.9,2.24,8.05,870.2,92.36
1012.3,85.94,101.38,1521.4,1000,272.8,10.73,46.15,47.75,42.96,7.17,552.4,14.09,30.5,1.73,8.19,523.7,71.15
844.3,86.29,100.61,1410.5,1000,227.5,11.5,57.67,38.47,18.14,8.89,282,9.46,32,1.55,8.88,450.9,69.66
2694,88.13,107.2,1841.3,1182.3,308.5,10.37,37.23,54.5,71.15,33.8,745.1,19.44,47.4,2.95,6.22,1115.1,87.37
2156.7,88.27,108.3,1852.9,1128.4,342.8,15.16,44.31,69.68,88.54,20.08,767,23.18,37.2,2.25,9.49,1007.8,63.13
2942.3,91.77,116.8,2287.2,1360.8,509.3,29.73,22.54,93.03,131.02,43.77,1167.4,33.52,49.1,2.56,11.53,1307.2,50.07
1798,88.99,109.91,1789.8,1076.9,320,12.72,43.87,55.36,68.07,18.68,695.8,18.4,35.8,2.36,8.62,923.8,69.43
2694.8,70.31,86.55,2120.5,1362.1,357.1,9.97,27.43,66.66,111.6,34.31,1025.3,27.02,42.5,3.34,5.29,1091.9,98.75
2174.9,87.66,105.5,1785.5,1106.9,362,14.01,40.29,54.51,70.69,19.99,707.8,20.69,40,2.53,7.7,982.7,75.25
824.9,87.25,102.77,1417.9,1000,222.7,15.51,57.68,36.51,8,3.87,280,7.93,37.3,1.44,9.25,434.3,62.68
2665.2,87.91,105.23,1839.6,1158.3,337.1,12.59,37.38,58.93,70.11,31.68,785,18.84,43.3,3.11,7.5,1122.7,75.18
1752.4,89.54,107.54,1745.8,1123.6,284.7,13.19,42.87,53.3,66.46,16.31,634.9,20.69,35.7,2.3,8.26,912.7,76.22
3158.3,85.91,104.05,2254.8,1397.1,457.8,20.46,29.6,82.23,119.43,46.28,1084.3,30.82,49.3,3.27,9.05,1310.9,73.45
2458.8,89.18,106.95,2030.8,1259.7,375.9,16.73,31.25,73.53,97.75,28.37,911.4,25.14,44.9,2.64,8.14,1061.1,73.67
1115.4,86.05,99.96,1536.8,1028.7,273,9.58,50.99,48.01,34.58,10.4,535,11.71,30.6,2,6.9,573.5,83.33
2686.5,88.65,105.13,2215,1376.2,429.2,15.29,27.98,73.45,120.6,35.61,1091.3,30,48,3.18,7.52,1092.3,84.92
3261,89.59,116.35,2127.3,1346.9,445.6,22.78,25.92,84.48,105.33,40.63,911.5,28.28,46.9,3.07,9.84,1381.2,57.32
875.2,90.49,108.91,1501,1000,235.9,10.66,50.61,44.47,27.81,7.52,420.6,11.25,31.6,1.52,8.31,461.5,72.95
3115.4,90.65,113.3,1998.7,1299.8,383.7,13.17,38.99,67.39,92.28,40.36,875.9,24.32,45.6,3.04,8.72,1273,74.68
2798.9,91.1,113.44,2089.7,1270.4,415.3,16.67,29.92,75.48,112.05,34.01,916.6,28.7,45.1,2.79,8.52,1192.5,74.77
3101.3,64.55,66.5,2388.6,1520.1,435.9,15.64,20.12,85.52,143.7,52.05,1253,34.42,53.7,3.97,7.12,1228.2,88.98
1279.6,90.52,106.39,1734.3,1051.8,307,14.27,43.44,53.95,63.1,12.49,687.5,19.86,32.5,1.75,8.07,700,77.8
1617.7,92.66,111,2064.5,1204.4,352.2,13.82,31.12,72.85,117.61,17.83,961.3,28.55,43.3,2.28,7.43,882.6,82.92
1548.3,84.3,96.71,1739.5,1084.5,293.1,7.11,51.01,57.14,77.53,14.79,711.7,20.69,33.4,2.55,7.51,844.7,88.27
1726.9,83.31,100.43,1539.6,1044.8,244.6,8.45,49.22,43.59,29.5,17.9,465.8,12.07,36.6,2.27,6.94,887.9,79.1
2341.3,89.95,110.06,1939.8,1133.7,367.3,20.18,36.56,65.62,92.63,27.99,748.7,25.2,44.6,2.29,10.8,1055.6,61.29
1587,87.24,100.19,1619.1,1028.5,306.8,14.15,42.06,50.71,53.67,13.52,505.4,14.5,38.1,2.18,7.94,873,72.32
2356.4,89.72,109.8,2087.9,1225.2,442,22,33.16,75.39,106.85,27.86,933.5,28.79,42,2.33,10.44,1023.2,54.79
1289,66.55,65.52,1579.5,1000,242.4,10.99,54.84,43.93,46.42,10.1,559.3,16.76,34.1,2.15,8.13,714.2,69.85
2054.6,87.63,102.02,1877.5,1158.7,329,10.35,38.35,67.48,79.36,21.74,779.6,22.54,37.4,2.59,7.5,950.8,83.01
2734.1,84.73,105.52,2392.8,1447.5,459.1,20.93,24.7,87.1,138.71,42.61,1138,35.24,50.7,3.09,9.07,1140.8,74.58
1849.3,86.47,98.14,1810.4,1170.4,306.8,5.91,40.2,52.32,70.48,16.48,764.1,19.8,36.9,2.65,6.09,894,93.85
1723.2,85.56,98.88,1557.9,1052.6,224,6.14,44.9,43.31,28.77,13.75,588.2,12.14,38.5,2.27,5.71,888.5,89.78
1883.7,85.47,102.2,1738.2,1092,282.4,11.04,41.35,54.99,57.09,18.3,622.7,16.37,38.1,2.28,7.31,922.4,77.09
2535.5,86.31,100.82,2153.3,1314.4,402.9,13.78,28.06,70.78,121.54,31.07,984.4,28.56,43.8,3.32,6.6,1022.2,91.76
1168.5,84.78,97.43,1567.1,1000,227.6,8.61,46.28,39.06,34.71,7.81,565.4,12.29,34.4,1.84,5.83,614.5,86.28
735.3,81.64,95.18,1398,1000,175.6,7.1,56.76,37.3,12.99,6.55,394.4,6.53,29.8,1.56,7.72,392.8,86.24
1915.6,86.69,105.22,1961.7,1169.1,337.6,14.59,34.97,67.3,93.73,21.74,806.5,25.42,40,2.18,8.3,944.9,69.21
1142.1,83.18,102.11,1547.9,1000,276.3,14.65,52.37,47.82,32.52,8.97,457.8,12.3,30.4,1.61,9.46,615.1,64.05
2337.7,51.3,51.77,1926.6,1222.3,306.6,7.81,33.84,55.7,82.47,29.97,829.1,22.15,40.8,3.51,5.67,1025.1,91.29
1254.2,83.07,100.3,1669.7,1045.1,271.9,9.58,40.89,49.23,60.14,14.32,672.2,17.79,36.2,2.21,6.15,646.8,91.26
2637.5,85.9,103.89,2145,1313.2,378.6,17.68,29.57,71.61,108.07,33.7,928,28.26,50.4,2.72,8.15,1105.5,73.11
787.4,88.08,98.9,1473.5,1006.9,227.3,8.8,53.38,44.05,24.71,7.33,488.1,11.42,35.7,1.89,6.7,407.5,92.92
1351.9,83.36,97.83,1510.1,1009.2,238.7,5.73,49.34,37.83,29.23,12.25,433.3,11.29,36,2.16,6.03,731.7,89.8
1449.4,85.82,103.11,1485.6,1000,291.5,13.87,52.17,42.94,25.01,11.84,327.8,10.55,33.8,2.07,9.74,851.2,61.74
1503.2,86.4,104.51,2027,1140.2,336,16.25,34.75,74.48,110.55,16.36,910.1,27.5,39.6,1.97,8.83,854.3,73.2
2660.9,88.85,108.7,2156.5,1317.7,400.4,16.07,30.62,70.38,116.01,32.04,925.8,29.33,45.7,2.81,8.1,1107.9,78.85
1848.6,88.91,105.36,1827.6,1156.7,311.4,11.7,42.92,53.69,83.49,19.96,730.5,22.41,38.8,2.31,8.1,923.4,73.1
1698.2,71.36,86.93,1834.8,1121,337.7,12.41,38.48,53.76,77.81,16.31,703.2,20,37,2.47,6.56,868.7,88.78
787.3,83.56,99.02,1473.3,1000,245.9,11.45,54.32,39.51,24.15,5.09,398.7,10.65,33.7,1.51,8.63,425.1,70.12
1590.7,86.01,106.25,1947,1136.5,340.9,11.26,34.64,64.96,103.99,16.73,938,26.42,38.4,2.22,6.36,840.9,90.49
2196.6,67.21,68.94,1840.5,1147.9,371.2,17.29,44.37,65.23,81.23,26.52,714.5,23.46,36.4,2.75,10.22,1027.2,56.37
2905.8,84.72,107.65,2093.3,1299.6,420.7,19.84,26.28,80.11,102.22,37.22,984.2,26.33,46.9,2.63,9.67,1241.9,65.27
2384.1,88.85,109.59,2358.2,1431.5,437.5,16.91,23.16,74.2,149.73,33.11,1214.3,34.3,51.4,2.77,7.71,1018.2,88.7
2333.1,86.1,106.69,1892.6,1150.2,352.5,15.06,38.57,65.67,83.48,25.61,784.3,23.1,41.6,2.65,8.68,1020.4,66.24
1175.9,91.58,108.76,1704.8,1063.2,318.5,8.34,43.61,52.27,55.66,14.18,613.1,16.99,32.8,1.83,6.99,609,84.79
2067.4,85.02,100.43,1911.4,1206.9,318.3,9.71,43.52,55.34,83.07,21.51,762.9,21.68,41.1,2.62,6.82,918.1,89.1
2414.3,88.72,109.73,2188.9,1314.9,384.3,13.77,29,72.92,120.99,32.81,1031.1,29.81,45.1,2.94,6.79,1021.2,91.5
2447.1,88.54,110.35,2352.4,1390.8,414.2,16.47,21.4,80.49,142.88,34.23,1189.2,33.5,49.5,2.78,6.32,1031,85.82
1140.6,86.3,103.16,1446.8,1000,211.1,13.52,57.55,37.57,20.34,9.64,406.7,10.54,33.9,1.75,8.98,613,71.27
1517.8,85.01,101.95,1750.4,1085.9,300.1,10.71,42.15,54.52,60.02,15.65,653.2,18.84,35.3,2.22,6.83,815.6,82.68
2787.6,87.55,107.05,2446.1,1523.6,452.5,18.64,17.87,84.69,153.55,44.97,1287.4,34.57,54.3,3.33,6.81,1156.6,93.62
1813.9,85.17,103.31,1882.5,1127.7,339.9,15.72,39.98,58.7,86.65,23.52,716,24.27,33.5,2.3,9.16,921.8,67.44
1781.3,85.63,102.32,1585.6,1028.5,260.6,11.86,43.32,46.31,39.78,16.6,419.3,14.2,30.6,2.17,7.7,921.8,69.96
1102.8,84.04,93.42,1679.6,1103.9,284.1,4.79,41.27,45.47,52.57,10.16,658,15.41,37.1,1.8,5.12,564.8,92.64
1438.5,90.77,105.86,1506.7,1000,276.7,12.12,52.37,44.37,36.73,11.3,411.1,13.47,28.6,2.02,9.29,820.4,62.75
1092.4,91.85,107.18,1553.2,1000,262.1,13.69,47.13,48.25,39.71,7.38,484.7,14.83,36,1.54,8.98,579.6,61.56
784.4,85.76,100.36,1481,1000,246,13.36,55.26,46.55,31.93,8.12,444.5,13.39,32,1.31,9.67,431.5,63.08
1075.4,85.34,97.7,1667.3,1118.1,267,7.1,43.81,54.53,58.79,10.57,681.8,17,35.9,1.83,5.63,559.8,95.44
2473.8,83.7,100.27,1887.7,1154.5,352.8,13.91,36.29,67.3,78.15,26.26,743.2,21.66,43.8,2.67,7.99,1060.1,75.15
2005.2,86.97,105.32,1983.4,1218.1,342,15.81,34.78,64.46,94.17,24.36,839.3,26.48,46.1,2.35,7.8,979.8,74.36
2364.7,87.02,106.37,2230.1,1295.6,463.3,18.17,27.85,78.61,130.63,30.79,1144.6,32.48,44.6,2.57,8,1040.6,78.75
2812.3,91.57,113.39,2041.9,1301,393.6,14.87,33.18,68.83,94.36,34.45,935.6,24.74,47,3.02,7.7,1170.2,81.3
2456.9,84.76,101.69,1942,1223.5,301.4,7.98,31.81,57.99,85.61,24.22,860.4,22.71,40.3,3.19,4.91,991,97.65
1324.1,85.3,99.24,1561.8,1042.7,210.7,5.9,49.83,42.1,48.37,13.18,664.8,15.88,31.1,2.18,5.24,724.6,95.73
1602.2,87.71,105.78,1714.3,1091.3,282,9.45,39.66,56.29,61.33,15.4,645.9,17.92,33.2,2.06,6.82,843.4,79.73
1296,85.1,101.92,1454.8,1000,254.8,15.62,58.34,41.77,36.16,10.4,374.5,12.63,36.2,1.66,10.52,764.7,57.12
1872.8,86.03,102.63,1759.9,1148.6,321.3,8.69,40.49,50.86,76.34,19.78,800.3,19.73,37.8,2.4,6.87,907.1,88.62
1796.8,85.77,105.79,1683.4,1068.6,298.9,12.49,43.63,61.59,64.51,15.82,638.7,19.66,40.2,2.2,8.98,886.5,69.6
2995.3,86.53,109.52,2123.8,1339,445.6,21.56,38.65,75.93,105.09,39.08,1002.5,26.88,44.7,2.84,10.11,1254.9,68.49
2313.2,88.4,106.53,2098.2,1318.4,330.1,9.01,29.67,70.25,126.14,26.29,1094,28.88,42.7,2.96,5.72,982.2,98.52
1193.7,83.58,96.4,1575.2,1038.3,259.5,8.48,50.93,46.47,43.24,13.41,544.2,13.42,34.1,1.83,7.51,639.3,77.06
1591.1,82.39,97.08,1669.7,1055.5,222.4,9.3,48.19,49.2,53.65,12.36,628.1,17.74,37.8,2.21,7.64,865,82.14
2588.9,90.71,113.33,2002.5,1244.7,405.3,18.04,37.35,77.91,97.06,29.16,890.7,27.86,41.4,2.45,10.4,1118.9,54.29
1791.3,88.64,101.26,1516.4,1000,266.5,12.45,50.93,47.75,23.98,16.88,323,10.91,33.1,2.44,8.05,902.2,70.66
2629.3,90.81,109.75,2318.9,1392.9,393.6,13.95,24.17,82.88,134.52,40.92,1182,32.7,46.1,3.14,5.87,1060.3,95.66
1735.5,83.39,101.96,2160,1238.9,368.4,12.54,31.48,65.39,125.91,19,1074.6,31.12,45.4,2.71,6.83,877.4,89.29
1675.1,85.7,98.02,1660.2,1039.5,248.7,9.06,43.49,48.86,45.08,13.94,534.3,13.68,36.1,2.29,5.6,865.2,86.04
1540.8,83.32,100.05,1639.9,1143.5,213,5.71,47.45,46.79,43.94,13,533.5,15.08,38.7,2.37,5.36,838.6,93.3
1126,89.6,104.47,1611.9,1063.4,280.2,11.48,48.84,50.69,51.87,12.79,576.8,16.53,32.4,1.57,7.7,579.3,80.91
2116.8,89.03,106.16,1997.7,1141.3,393.3,17.55,35.57,69.75,103.06,23.73,823,27.2,38.9,2.41,9.8,998.8,66.88
3176.8,88.67,109.32,2255.5,1419,456.4,23.4,25.53,88.51,124.07,48.53,1086.8,31.67,48.3,3.13,9.99,1330.1,63.9
2333.1,90.14,113.38,2384.9,1413,461.1,22.75,24.92,91.4,159.29,35.01,1231.1,37.32,53.1,2.37,9.25,1003.7,72.36
829.5,66.8,69.66,1396.8,1000,225.2,7.56,54.8,32.41,19.95,4.58,349.1,10.77,31,1.69,7.29,425.2,80.15
2112,84.82,105.39,1880.2,1096.7,358.5,17.11,44.96,63.19,82.32,18.36,696.7,23.79,32.9,2.24,10.24,1010.1,57.87
2916.7,60.98,63.66,2505.4,1550.8,467.6,20.97,12.32,83.88,160.32,51.94,1293.8,36.77,50,3.79,7.21,1215.9,91.38
2332.4,83.74,100.88,1923.7,1235.4,323.6,7.8,34.89,62.29,87.75,26.52,836.2,22.83,36.8,3.11,5.85,999.6,91.1
780.9,79.83,96.93,1396.1,1000,231.7,11.09,54.49,34.77,19.35,5.89,280,8.84,27.9,1.58,8.47,408.1,75.73
1498.6,85.97,104.71,1663.4,1044,263.4,14.13,44.89,50.14,58.59,14.37,602.2,18.52,30.1,1.94,8.42,793.1,79.79
1749.5,91.51,105.46,1757.7,1115.1,276.2,11.92,43.6,54.44,70.38,19.04,717.5,20.21,40.1,2.34,7.63,906.1,79.71
839.1,82.11,94.9,1412.8,1000,216.8,7.25,53.15,35.16,18.6,9.42,407.4,10.01,30.6,1.81,6.09,428.8,89.82
1495.1,87.78,104.63,1616,1065.9,283.4,9.41,45.89,46.44,52.64,12.59,514.9,16.58,32.1,2.19,7.46,840.6,82.4
1677.2,49.63,47.8,1741.8,1109.5,302.9,10.85,44.65,56.64,71.58,15.43,623.6,20.73,42,2.88,7.95,863.8,83.04
1912.9,82.93,103.23,2065.3,1230.4,386.1,15.19,36.05,69.48,118.32,22.73,935.3,30.55,39.9,2.33,8.46,932.8,79.67
2422.7,86.04,105.23,1957.1,1233.3,318.1,10.1,33.85,64.27,86.36,27.47,821.8,24.11,47,2.9,6.42,1030.9,87.51
2416.6,85.45,104.55,2121.9,1234.3,399.6,17.78,33.84,68.59,110.44,28.31,990.1,28.91,42.1,2.7,9.86,1050.8,66.66
1208,82.39,99.67,1624,1047.7,250,8.18,46.13,45.61,45.99,12.55,579.7,14.51,33.9,2.04,6.28,637.4,85.91
1975.6,89.3,107.34,1800.8,1135.9,296.7,11.58,47.63,61.61,69.8,20.55,748.3,19.18,40.1,2.31,9.27,949.4,75.05
1515.9,84.88,102.07,1560.8,1066.8,249.7,11.32,51.73,40.35,33.32,15.49,520.6,13.35,39.3,2.24,7.53,844,80
1611.7,91.86,110.87,1816.3,1099.7,380.6,16.36,43.92,66.9,77.26,16.8,750.9,22.23,36.5,2,9.02,888,65.95
1397.8,92.82,110.83,1690.4,1028.3,335.4,16.91,44.43,64.78,62.93,12.83,606.1,20.84,37.9,1.76,10.27,827.1,59.08
1916.9,87.09,106.55,1784.4,1117.8,305.9,9.41,39.59,52.07,70.56,20.54,664.2,20.35,35.9,2.36,6.91,913.5,84.64
1583.3,84.91,101.1,1682.9,1086.3,291.6,6.82,44.21,44.64,67.54,13.85,642.8,18,41.6,2.22,6.26,817.2,94.2
2642.3,89.52,112.54,2150,1330.9,401,15.36,27.65,78,114.32,33.5,980.7,29.22,47.1,2.76,7.81,1127.9,81.8
2573.8,88.59,109.64,2063.6,1226.9,392.3,15.74,33.18,74.54,100.52,29.5,959.5,26.04,43.4,2.53,8.95,1075.6,74.91
1596.3,88.91,110.99,2067.3,1264.6,371.8,12.24,35.92,69.75,111.03,17.95,1009.4,28.22,40.7,2.18,6.98,837.7,89.57
2489.7,88.99,105.35,1922.9,1232.3,319.4,8.86,38.64,62.05,82.07,28.76,764,21.37,43.6,2.73,6.4,1035.3,86.62
2131,85.02,103.12,1992.1,1244.8,350.5,11.68,37.88,66.58,102.2,24.59,821.8,25.94,43.7,2.69,6.65,952.3,91.29
2843.8,86.29,104.03,2153.3,1378.7,424.8,12.16,28.42,69.36,116.78,37.57,1094.9,28.42,48.7,3.34,6.15,1141.2,93.84
2220.7,86.3,102.37,1813.1,1170.2,306.4,11.87,37.39,55.04,73.44,23.03,699.1,20.37,36.9,2.81,7.79,998.7,75.31
1649.9,86.12,103.57,1720.5,1098.5,289.5,11.66,49.56,49.65,69.49,14.48,670.2,18.91,41.5,2.2,8.52,876.9,78.07
2220.2,89.26,105,2051,1218.3,346.6,10.64,32.49,71.18,105.5,28.15,872.8,27.05,40.2,2.63,6.63,979.7,86.73
1428.5,85.16,99.72,1569.7,1000,236.5,9.26,46.85,43.68,35.43,13.45,531.9,12.24,31.1,2.01,6.95,766.8,83.86
1484.5,83.97,103.34,1795.3,1124,326.1,12.26,41.5,54.22,80.68,16.31,692.5,20.37,34.4,2.03,8.08,843.4,83.87
2410.3,88.26,109.89,2177.4,1328.1,430.5,19.25,30.52,76.37,123.31,31.19,1081,29.86,47.2,2.85,8.74,1035.3,76.16
1509.9,85.78,100.92,1793.8,1134.8,309.2,8.48,43.73,58.93,77.36,16.91,721.1,20.74,35.3,2.08,6.51,826.3,90.04
1455.4,88.47,103.5,1592.4,1050.8,261.1,9.76,49.47,49.52,47.77,9.79,563.6,15.48,34,2.12,8.14,794.4,81.89
2483,88.63,110.96,2208.4,1389.9,397.8,16.48,27.93,71.46,127.39,32.87,1030.5,31.39,51.2,2.81,8.3,1050.2,75.18
854,86.49,102.18,1455.6,1000,158.3,3.87,47.42,33.91,24.01,7.62,466.4,10.84,33.7,1.9,4.63,427.5,93.8
2895.9,71.14,90.26,2193.4,1408,397.6,13.12,25.99,71.6,112.01,40.87,1046.1,28.13,49,3.61,6.74,1207.9,87.63
1949.6,86.96,106.73,2173.5,1307.8,407.4,17.08,34.1,76.59,127.32,25.15,1036.9,31.28,40.9,2.56,8.65,919.9,83.68
1695,90.13,108.95,1905.3,1176.8,313.3,11.76,35.21,57.6,95.4,17.07,820,24.83,38.8,2.15,7.21,889.8,82.71
744.9,86.33,99.15,1503.7,1007.6,237.3,6.7,50.97,41.83,33.07,8.2,486.9,12.77,32.7,1.74,6.78,390.4,91.06
776.6,85.9,99.73,1352,1000,184.7,7.4,58.78,35.79,19.6,4.36,323.1,11.07,28.8,1.63,7.38,407.1,85.15
1667.6,83.72,100.88,1610.7,1003.4,310.2,12.33,49.52,45.16,45.18,16.83,489.3,15.48,32.2,2.22,8.3,890.2,70.99
1523.6,90.51,113.53,1925.2,1110.9,411.9,21.7,41.79,71.14,101.36,17.1,864.3,27.65,38.1,1.72,11.13,897.7,54.6
815.4,87.32,101.26,1420.2,1000,256.8,11.73,58.33,37.74,21.08,5.15,280,10.45,30.7,1.7,8.74,428.4,64.78
2738.4,95.63,117.81,2148.3,1290,462,22.72,27.23,77.82,110.26,34.11,1006,29.84,48.9,2.46,9.72,1161.8,57.89
2081.2,84.91,104.97,2112.3,1284.4,379.9,14.8,30.65,77,121.41,27.4,1065.1,29.29,39.8,2.59,7.58,927.2,83.99
1709.4,70.74,87.89,1990.5,1220.9,321.1,13.34,34.81,59.19,110.23,20.47,876.3,27.3,38.9,2.31,6.97,868.5,82.67
1782.6,85.04,101.13,1807.8,1144.7,307.5,9.68,39.17,59.14,84.07,20.37,790.1,22.53,36.3,2.4,6.64,872.8,90.82
2557.5,89.18,111.36,2353.6,1396.7,483.5,24.87,29.27,81.47,139.17,32.28,1244.4,33.62,48.5,2.77,10.19,1068.3,67.74
2687.1,94.87,114.31,2253.1,1382.6,455.8,22.95,23.74,87.68,120.94,33.24,1085.9,31.85,46,2.52,9.93,1146.7,59.94
2064.6,87.85,106.12,1854.4,1098.4,337.8,15.75,36.88,70.35,80.13,17.99,718.7,22.25,40.3,2.32,8.47,956.8,65.1
1608.1,88.95,103.74,1611.5,1000,298.8,13.54,52.3,51.37,40.23,14.23,465.5,13.82,38.4,2.06,10.66,877.1,63.85
2550.6,86.89,105.32,2164.8,1346.1,375.7,15.8,33.14,67,125.51,32.25,997.5,29.63,46.2,2.83,7.31,1061.7,91.92
2253.5,90.57,109.19,2304.2,1375.7,397.4,13.9,21.67,75.72,139.67,32.03,1080.6,31.81,47.3,2.42,6.7,984.7,89.27
1203.8,82.98,95.75,1443.1,1005.1,207.3,5.8,53.94,41.51,25.29,13,525.8,10.3,31.4,2.04,6.12,638.5,87.19
2512.6,92.61,114.2,2288.6,1335.7,400.9,16.68,20.41,80.12,133.49,32.68,1125.5,30.8,48.7,2.79,7.42,1027.4,86.34
840.7,87.66,104.65,1405.5,1000,235.9,13.63,57.95,38.63,16.72,8.87,287,8.33,29.4,1.51,8.89,437.9,68.2
1850.7,83.27,102.87,1992.1,1240,361.8,11.22,37.7,68.21,99.82,22.41,918.1,24.64,40.9,2.44,7.4,890.2,85.51
1409.1,85.78,101.36,1583.5,1006.5,319.7,15.4,48.03,51.21,42.21,10.05,580.5,14.77,34.5,1.87,10.18,819.5,60.38
755.6,87.57,100.93,1421.8,1039.3,197,4.36,59.27,36.86,21.75,7.63,437.1,9.81,29.9,1.63,6.38,403.7,90.27
2334.8,86.73,103.45,2185.1,1327.5,351.1,14.62,26.63,66.77,118.48,25.87,992.3,29.35,46.9,2.77,7.43,1010.6,88.26
1070.4,64.11,64.03,1627.8,1039.6,323.4,14.01,43.71,54.81,58.29,10.95,578.5,16.97,32.8,2.04,8.71,570.9,65.26
1030.1,87.41,102.35,1429.9,1018.4,184.5,7.14,55.06,37.28,23.19,7.83,408.6,10.3,33.4,1.87,7.06,513.9,85.94
1505.9,82.83,95.62,1481.9,1047.7,221.1,2,52.07,33.35,28.73,14.26,467.4,11.15,33.9,2.4,5.43,809,95.76
2123.5,48.96,49.28,1812.8,1109.9,334.9,16.65,38.43,59.97,76.05,21.1,737.9,21.77,35.4,3.03,9.27,992.6,65.81
1087.9,89.24,104.14,1376.8,1000,204,7.58,52.57,43.06,19.22,9.82,432.2,9.38,33.9,1.84,6.22,552.3,86.9
1376.2,85.2,101.49,1735.6,1158.9,262.6,9.15,43.17,47.98,57.07,15.4,633.2,17.33,38,2.01,6.28,775.2,92.28
3005.2,94.27,116.86,2360.3,1496.2,526.9,29.09,26.4,92.18,136.83,45.86,1230.8,34.29,52.3,2.75,11.22,1259.3,56.3
2512.3,88.18,104.82,1755.4,1097.2,317.9,11.17,38.51,57.78,63.17,23.52,627.2,19.25,38.3,2.89,7.91,1061.7,75.27
2577.7,89.26,106.47,2092.7,1288.9,404.3,16.38,33.16,74.11,109.62,35.75,975.5,29.42,46.1,2.83,9.41,1111.3,72.64
1698.9,70.26,84.71,1474.7,1007.3,226.8,9,53.26,41.15,37.6,16.89,475.8,14.12,33.2,2.58,7.87,858.8,84.2
795.9,80.06,93.84,1408.9,1000,232.1,10.84,55.88,37.48,18.72,7.86,337,9.88,31.8,1.59,8.95,429.2,64.76
1583.3,69.45,73.21,1898,1154.9,387.4,14.99,40.37,63.76,95.85,20.46,810.6,25.49,42.1,2.49,9.34,864.2,71.59
816,57.66,61.16,1464.1,1006.2,195,8.86,52.84,48.05,34.43,9.78,402.9,13.38,30.7,1.79,7.51,431.8,74.44
2641.5,88.64,105.34,2102.8,1326.7,355.1,14.37,27.83,71.46,108.91,33.21,929.5,27.1,47.2,3.04,7.53,1062.9,84.71
1006.1,81.98,95.68,1610.5,1042.5,293.9,8.66,50.95,56.06,51.32,8.21,678,15.48,32.2,1.91,7.51,516.1,81.15
2091.5,86.34,103.19,1800.1,1174.8,322.1,11.79,43.47,61.46,69.3,18.31,758.7,19.49,40.9,2.57,8.61,977,78.53
2554.5,85.72,99.97,1921.6,1225.6,322.1,11.51,34.22,64.94,85.92,29.45,841.4,22.17,42.4,2.96,6.49,1045.7,94.97
721.3,84.8,97.47,1541,1041.3,254.1,7.26,53.55,45.34,26.52,6.32,421.9,10.84,34.2,1.7,7.11,383.4,88.44
2817.1,89.21,109.99,2285.4,1382.9,435.4,20.91,29.1,88.11,134.13,37.86,1075.8,34.37,46.7,2.99,8.97,1184.7,73.56
1694.8,87.6,104.79,1798.9,1104.8,292.5,8.45,36.77,58.43,79,17.58,751.7,23.28,36.1,2.15,6.58,857.1,89.15
2506.4,86.42,105.37,1701.5,1115.4,287.9,14.43,43.75,52.35,56.38,24.9,572.6,17.51,43.7,2.73,8.24,1057.5,75.77
1285.9,81.15,95.94,1453.9,1009.5,222.2,7.56,45.85,38.14,22.11,8.17,422.4,9.21,33.6,2.12,5.24,717.9,89.15
1681.1,85.64,101.62,1678.4,1061.2,273.9,10.86,45.85,47.69,58.47,14.5,651.5,17.83,40.1,2.12,7.86,884.3,78.98
1790.2,86.98,104.87,1773.4,1132.9,300.8,12.58,44.47,57.18,74.72,16.81,772.5,20.88,37.6,2.31,7.95,891,78.09
2152.1,86.47,104.44,1753.7,1137.1,293.2,11.44,43.66,60.99,72.9,21.5,748.8,19.5,36.6,2.49,8.22,978.6,80.33
2262.4,90.39,113.28,2418.5,1417.1,435.7,19.77,20.67,74.1,149.12,32.79,1106.7,35.88,47.3,2.64,7.31,972.1,83.17
802.5,85.94,97.31,1470.2,1000,242.8,12.77,53.73,42.18,27.38,4.72,377.3,11.46,32.4,1.53,8.76,424.5,69.16
2247.3,90.65,111.21,2394.8,1441.8,435.5,16.53,26.7,83.13,160.69,36.57,1295.3,36.72,47.6,2.61,7.54,966.8,86.86
2389.8,84.68,100.51,1775.1,1172,314.1,10.24,41.3,55.04,66.23,22.89,685.1,18.48,37.5,2.73,7.07,1012.2,83.14
1015.7,87.22,102.52,1622.9,1035.2,263.8,9.92,47.59,54.34,55.07,8.1,700.6,17.69,28.8,1.83,7.72,521.2,83.74
1999.4,86.43,105.88,1936.9,1191.1,319.8,10.1,36.08,58,84.47,21.74,854.7,21.98,44.7,2.37,6.58,943.4,85.46
2153.4,84.79,103.42,1915.5,1191.7,345.5,11.95,39.67,63.06,87.68,21.22,790.7,23.44,38.8,2.6,7.67,983.7,80.41
1516.2,87.51,104.34,1552,1000,278.4,12.31,52.08,43.26,34.96,14.92,472.4,12.86,34.7,1.78,8.9,848.9,63.96
1008.5,62.53,62.32,1573,1004.5,335.6,11.84,41.15,49.33,50.33,11.69,578.9,15.49,34.5,1.94,7.64,516.7,72.89
1347,85.23,101.69,1803.4,1140.7,315,7.81,43.33,57.61,73.55,16.22,757.4,19.97,39.1,2.28,7.12,741.3,89.03
1512.3,84.69,101.37,1646.6,1072.6,286.5,14.09,46.55,45.15,46.95,13.82,547.1,16.24,27.7,2.06,8.7,838.2,73.71
2124.8,87.47,104.06,2248.9,1308.7,406.8,14.01,26.18,79.54,127.88,28.79,1003.6,31.9,40,3.07,6.82,935.7,96.93
1020.1,81.64,95.98,1433.6,1010,220.7,5.29,54.79,32.42,22.96,8.02,407.7,10.12,28.9,1.99,6.22,513.7,89.7
1156,69.88,71.48,1417.8,1000,247.1,10.54,57.54,37.37,28.05,10.53,370.1,11.55,33.8,2.07,8.46,614.2,73.33
2078.8,89.93,104.81,2072.8,1262.7,332.4,12.34,33.22,69.53,111.89,27.41,926.8,28.02,41.2,2.55,7,958.8,83.47
1616.9,83.71,100.8,1887.3,1181.4,358.2,12.8,42.98,64.82,92.04,16.2,818.3,24.26,35.6,2.17,7.94,880.1,83.92
1692.7,84.04,100.63,1542.1,1042.7,251.6,9.04,46.47,51.7,41.21,14.99,570.1,14.58,36.6,2.16,6.41,881.8,79.89
2571.1,86.92,108.36,2150.9,1342.5,384.8,15.6,29.99,78.84,117.75,30.93,976.1,30.34,48,2.83,8.26,1104,74.76
773,70.52,84.66,1530.5,1050.7,222.2,7.36,52.45,38.83,31.38,5.66,539,12.15,32.7,1.63,7.57,414.6,81.87
2537.4,90.24,107.49,1839.9,1182.4,329.5,10.16,43.45,56.69,74.05,30.54,798.2,18.91,38.2,2.8,7.23,1023.2,88.33
852.8,86.9,102.33,1415.1,1000,246.7,9.1,57.59,39.54,11.9,7.98,288.7,9.59,32.2,1.4,8.05,444.1,70.17
2518.9,88.24,108.96,2060.6,1294.2,384.3,16.35,29.88,70.59,106.57,31.69,904.1,27.71,42.4,2.84,7.91,1046.5,79
3115.6,85.71,103.21,2192.8,1348,433.2,21.87,27.81,75.86,103.4,40.62,1028.6,26.91,47.6,3.31,9.62,1278.5,70.05
3187.5,96.14,117.31,1989.5,1226.5,437,23.98,32.62,79.02,92.04,35.4,886,25.89,45.4,3.12,11.62,1369.5,48.07
1633.7,89.75,107.92,2000.2,1238.6,323.4,13.57,40.19,67.79,108.26,17.4,847.9,27.38,40.9,2.14,7.94,867.9,86.18
2279.5,51.99,54.12,2127.1,1277.9,408.6,16.76,36.15,83.05,129.59,29.62,992.1,32.61,42.9,3.35,9.36,1037.5,71.36
1520.1,87.06,105.93,1984.3,1152.2,342.3,12.32,33.5,63.98,100.54,16.5,858.8,24.11,37.5,1.98,6.13,828.6,88.58
1672.6,87.01,105.64,1812.5,1100.8,287.2,9.09,44.77,57.39,80.69,16.17,754.3,22.91,38.3,2.29,7.12,861.4,87.22
1369,86.45,102.73,1488.5,1000,244.6,12.07,57.53,42.14,29.98,11.96,348,11.8,33.3,1.95,9.8,762.4,65.67
2209.8,85.9,103.24,1898.9,1177.3,323.7,10.96,32.61,54.3,83.48,25.19,741.8,23.39,34.3,2.54,6.73,987.8,80.61
1984.2,86.45,106.24,1785.2,1147.5,300.5,10.02,44.4,50.84,73.15,22.06,758.1,20.58,37,2.56,7.21,924.3,89.93
1621.2,83.66,96.62,1481,1038.1,231.6,10.49,51.67,44.09,24.15,14.38,369.3,10.25,34.8,2.27,7.07,866.6,81.76
869.3,82.14,94.73,1435.9,1026.1,222.1,4.33,52.55,32.51,27.83,8.63,414.4,11.43,34.8,1.77,5.15,452,93.64
2914.2,87.94,110.82,2122.9,1368.8,376.2,11.79,27.18,65.48,98.27,42.03,987.8,25.99,46.7,3.11,6.36,1211.3,87.36
2338.7,85.43,106.91,2001,1193.7,393.4,17.78,38.74,65.32,97.86,27.61,875.9,26.88,39.8,2.5,9.3,1055.1,65.19
1058,88.16,105.8,1467.7,1000,244.9,15.42,56.11,45.75,30.08,8.61,404.6,12.68,33.2,1.66,10.53,558.7,56.28
1870.4,89.04,108.32,2108.4,1227.6,402.3,16.05,30.01,73.17,120.06,24.8,1018.3,29.48,38.2,2.27,8.25,910.5,80.91
2321.1,91.14,114.38,2116.5,1233.3,389.7,19.1,24.19,74.44,109.79,31.24,953.1,29.2,44,2.43,8.89,1040.3,63.76
2354.1,90.27,115.14,2104.9,1266,378,12.05,34.22,67.9,108.4,28.82,966,28.58,41.8,2.72,7.86,1001.5,82.04
1088.2,87.88,106.15,1657.3,1000,315.2,15.94,48.06,59.08,56.56,9.2,611.7,18.34,32.6,1.47,10.48,590.8,57.03
842.4,87.23,101.03,1506.7,1034.6,233.6,10.31,55.14,39.72,36.61,6.38,405.4,11.81,33.2,1.62,7.82,439.8,81.83
818.3,86.42,102.43,1418.1,1000,219.1,10.07,54.37,37.59,20.39,5.71,358.5,10.39,32.3,1.47,7.98,423.5,78.71
1484.1,81.74,101.23,1457.1,1000,213.6,10.62,52.61,51.49,32.96,12.78,428.9,12.62,36.1,2.19,8.01,855.7,71.01
1774.1,87.09,104.18,1860.1,1204,294.8,7.89,39.03,57.07,82.19,16.44,785,22.91,39.4,2.61,5.04,879,93.31
1497.5,88.28,102.75,1444.8,1000,248,14.08,56.83,47.18,24.59,12.14,316.1,10.53,31.5,1.98,9.3,833.9,64.39
1134.9,84.24,100.61,1745.7,1116.9,312.6,10.01,42.44,51.1,67.22,12.26,680.1,18.19,35.6,1.84,6.96,588.1,84.9
1470.6,81.17,94.42,1553.2,1033.1,230.4,6.84,51.46,38.62,39.74,12,465.5,13.58,39.5,2.04,7.23,814.6,86.11
2368.3,88.05,109.49,2117.4,1291.3,390.7,15.62,31.49,69.65,107.27,29.56,934.5,28.71,46.9,2.82,8,1038.8,78.23
2138.8,56.05,55.02,1896.3,1133.9,357.8,16.14,43.5,68.81,90.24,27.77,744.8,25.48,36.7,2.83,10.1,1002.8,61.9
1665.9,85.35,104.66,1908.4,1106.3,335.3,13.47,35.85,61.49,94.01,18.05,852,25.3,33.8,2.04,7.75,894.7,76.58
2705.5,90.5,112.47,2425.1,1430.8,490.3,22.37,20.66,89.07,147.41,39.71,1248.5,37.36,48.7,2.85,8.92,1130.9,78.15
2691.6,86.48,109,1986.7,1214.9,387.6,17.6,36.76,73.42,97.25,29.67,828.9,25.51,39.5,2.65,9.05,1132.8,62.62
1273.2,88.99,100.75,1562.1,1026.3,260.3,10.24,51.31,46.41,45.36,12.25,513.6,14.37,30.3,1.99,8.01,688.1,76.53
1569.5,85.35,104.21,1879.4,1101.4,335.6,13.42,40.1,62.03,89.82,16.32,818.1,23.06,39.3,2.12,8.6,877.5,74.15
2068.9,90.27,109.34,1905,1176.1,377.5,17.05,35.48,70.25,90.82,22.36,851.4,24.34,42.7,2.48,8.64,984.7,76
2415.2,91.08,112.81,2128.7,1219.7,411.1,19.32,32.67,78.13,115.8,27.24,882.1,29.31,44.7,2.65,9.89,1064.8,65.6
2566.2,87.02,104.91,2054,1269.6,419.7,17.35,31.5,75.34,105.89,31.09,981.5,26.6,48.3,2.64,9.23,1121.4,68.17
2631.6,87.47,109.14,1845.3,1137.8,349.7,13.58,39.08,61.81,73.19,26.23,722.1,21.43,35.7,2.73,8.22,1132.3,70.78
1681.2,85.1,101.69,1642.3,1046.2,318,14.06,48.92,51.1,51.06,13.79,529.5,16.6,35.7,2.05,9.74,924,60.4
1799.3,88.09,108.62,1987.6,1164.9,371.7,17.31,40.77,76.52,100.64,20.02,827.1,27.76,37.4,2.16,9.97,915.6,66.96
778.7,87.03,100.12,1508.7,1018.6,216.7,7.5,53.69,48.13,34.64,7.26,556.1,13.82,34.4,1.7,6.78,423.9,81.96
1523.3,83.56,97.86,1462.7,1000,259.7,7.48,57.78,41.41,35.51,12.17,435.4,12.35,31.1,2.14,7.53,837.2,85.6
2647.4,91.81,111.15,2170.1,1332.7,406.8,17.44,31.43,74.25,113.81,36.85,1054.2,28.96,47.3,2.67,8.37,1098.1,78.42
2434.2,92.37,110.87,2472.3,1453,447.7,20.57,22.85,83.52,167.9,36.9,1276.4,38.59,51.1,2.96,7.89,1011.6,86.94
1628.7,83.84,97.62,1542.1,1012.5,261.3,8.81,47.76,47.01,35.04,13.68,447.6,11.91,36.7,2.13,6.44,867.2,83.13
3054.7,92.17,117.14,2179.5,1322.2,476.8,24.88,27.84,80.58,107.53,42.76,968.2,30.76,51.1,2.9,10.89,1277.6,55.9
899.8,85.19,96.3,1476.5,1000,189.8,5.64,52.51,34.41,24.53,8.68,474.2,11.15,35.4,1.59,6.11,461.3,87.26
1886.3,66.47,69.4,1732.9,1079.5,300.7,13.87,41.81,63.82,58.96,18.91,603.1,17.94,37.2,2.8,7.94,930.4,67.77
756.9,82.97,92.73,1408.6,1000,241.9,8.01,56.01,41.7,14.49,4.3,359,10.03,27.4,1.67,7,407.6,82.06
1436.6,86.97,104.59,1556.3,1056.5,254.8,9.74,48.76,49.53,44.8,12.16,546.2,14.73,35.9,2.02,6.89,799,79.85
2375.3,88.86,107.63,2095.5,1226.5,409.5,19.65,36.15,74.06,118.7,25.9,940.9,30.66,46.2,2.66,10.26,1049.7,63.74
3004.1,91.21,109.91,2256.8,1422.9,402.1,18.16,26.74,79.44,123.94,44.74,1071.3,31.67,52.8,3.19,8.04,1222,80.3
1634.1,84.98,101.77,1964,1206,327.8,9.84,39.98,62.41,94.49,18.81,785,24.21,34.7,2.35,7.19,851.7,89.93
1988.7,95.38,114.8,1944.8,1160.7,327.2,12.86,36.46,63.73,96.78,19.5,867.2,25.65,37.1,2.38,7.82,966.6,81.61
2690.5,88.58,107.34,2331.5,1420.3,494.4,21.64,21.84,80.25,132.63,40.4,1156.5,32.92,50.4,3,8.18,1148.6,76.53
2221.4,89.31,107.84,1859.8,1163,339.6,14.49,46.75,58.13,79.51,22.93,691.5,21.21,41.6,2.57,8.88,1010.1,72.32
2695.7,91.51,116.83,2341,1354.1,538.3,32.16,21.43,97.38,135.28,36.14,1196.9,35.86,47.3,2.64,12.26,1195.5,44.62
2444,87.24,108.3,2449.7,1441.6,458,17.77,23.73,83.73,165.67,33.6,1246.5,38.26,49,3.02,6.46,1025.7,92.6
2806.1,87.84,108.49,2416.6,1473.7,509.8,21.66,21.19,86.25,145.11,44.79,1291.9,35.49,48.7,2.99,8.82,1195.3,75.01
1971.1,86.63,105.43,1916.3,1195.2,333.8,13.63,36.8,67.83,95.18,19.06,859.2,25.55,41.7,2.45,8.05,917.7,85.49
1973.3,90.25,111.86,1701.6,1010.1,317.3,17.44,44.1,52.01,57.29,19.26,545.1,17.34,39.6,1.96,11.08,993.2,49.71
2147.9,90.92,115.18,2051.1,1201.1,405,17.21,39.6,72.26,113.74,23.59,947.7,28.17,41.3,2.25,9.3,955.4,76.55
2732.4,90.27,115.66,2090.2,1282.6,472.3,29.18,30.41,86.67,103.15,34.67,934.1,27.57,40.9,2.45,11.69,1232.4,44.48
2456.9,88.76,105.09,2011.3,1271.6,381.4,16.16,33.3,64.65,102,26.77,872,26.07,42.3,2.57,7.98,1080.2,76.77
2505,94.12,120.07,2243.5,1295.1,501.4,29.8,25.12,80.56,123.64,33.05,1055.9,33.02,46.1,2.32,12.05,1124.5,45.79
2966.5,89.07,114.55,2482.2,1503.9,519.4,27.57,19.3,96.67,143.84,47.84,1303.7,36.48,53.4,2.68,9.91,1227.7,61.58
1315.9,58.02,57.5,1730.7,1107.8,283.6,6.56,44.5,49.91,70.8,14.95,797.1,19.65,34.1,2.65,5.88,719.4,91.98
1961.8,86.89,105.73,1762.8,1136,296.5,10.62,42.82,66.28,73.73,20.23,816.3,20.7,36.6,2.25,7.86,925.1,79.67
1336,49.78,49.16,1607,1036,272.7,8.18,50.51,49.13,46.55,11.15,567,16.03,34.5,2.34,7.07,731.4,83.56
1929.5,92.58,111.23,2129.8,1315.1,386.1,17.71,28.89,74.18,125.29,25.11,1021.7,29.29,44.3,2.29,8,927.2,86.75
799,84.3,95.66,1457.5,1021.2,237.1,7.61,47.09,42.62,31.18,5.38,481.5,11.28,32.4,1.68,6.28,419.9,84.78
2248.6,84.66,100.67,1852.8,1206.6,314.9,6.66,33.33,52.31,70.46,25.63,680.9,21.01,41.5,2.86,4.47,963.6,92.94
1475.5,85.05,100.8,1523.1,1021.7,229.3,7.38,51.78,49.49,42.17,11,493.7,13.35,34,2.22,6.3,797.2,91.29
1236.3,82.97,96.2,1491.3,1000,266.7,9.5,48.31,43.53,28.17,12.01,464.6,11.29,31,1.85,6.85,668.2,82.74
1561,89.82,107.16,1757.6,1050.8,341.1,14.75,45.78,61.77,78.84,14.67,702.4,22.26,30.4,1.98,9.38,870.5,64.81
2505.3,81.83,96.14,1889.6,1234.4,280.3,8.27,33.78,61.79,76.66,29.5,831.8,21.78,40,3.06,4.86,1003,96.76
1787.4,91.66,111.19,1970.6,1178.8,349.7,13.55,36.9,63.19,102.24,20.31,872.7,27.07,38.4,2.36,7.83,897.4,80.79
2216.1,90.43,109.25,1969.5,1172.2,407.8,21.62,35.16,71.72,96.52,29,839.6,25.87,42.4,2.22,11.13,1038.3,56.92
760.4,47.23,49.09,1402.7,1038.8,181,4.72,56.9,32.7,21.48,3.82,421,9.05,30.1,1.97,5.28,396.4,93.63
1862.1,48.03,48.29,2076,1141.8,421.9,20.06,30.13,78.15,109.26,22.41,923.2,29.54,43.7,2.75,9.3,933.3,59.63
2110.9,84.32,104.44,1882.2,1150.2,276.2,9.55,38.36,58.24,85.76,23.34,758.5,22.56,39.2,2.5,6.67,970.1,86.75
1543.4,85.38,103.66,1787.7,1118.5,322.7,10.46,42.15,55.16,69.3,15.88,730.1,18.59,35,2.04,7.02,803,85.16
2884.3,87.3,113.1,2330.9,1392.6,442.9,19.98,24.33,87.21,136.63,44.17,1215.6,33.98,50.5,3.01,7.88,1184.7,81.04
1025.1,83.48,96.56,1512.5,1033.9,245.5,8.13,47.71,45.76,48.04,9.27,614.8,14.38,36,1.79,7.2,509.4,88.55
2567.4,87.78,106.57,2258.1,1364.5,424.8,16.17,23.52,79.4,135.21,34.19,1151.5,31.99,50.6,2.88,7.63,1068.4,83.28
788.7,80.48,94.34,1512.2,1000,249.2,9.09,47.88,33.17,32.08,5.09,493,12.86,33.5,1.74,6.41,414,89.67
1600.6,87.62,101.33,1731.4,1132.7,285.3,11.35,46.93,55.07,64.27,21.1,678.9,17.74,38.9,2.28,7.79,871.7,82.84
2895.2,89.35,107.11,2037.7,1356.3,367.3,11.83,33.47,68.91,100.71,35.22,1017.4,26.88,46.8,3.27,6.46,1158.3,92.29
2611.1,87.99,108.37,2200.7,1343.1,384.7,11.53,30.73,68.99,119.16,37.29,1033,30.15,46.9,3.17,6.73,1067.8,94.01
3233.4,92.2,115.69,2396.3,1479.5,475.3,24.66,17.37,94.63,137.67,49.6,1224.4,32.88,52.9,2.91,9.45,1350.3,63.53
1636.8,86.76,108.7,1931.1,1066.7,372.3,18.08,34.94,68.18,103.92,18.75,818.1,27.57,34.1,2.08,9.54,881.6,59.81
1930.7,86.63,102.2,1902,1214.2,301.6,9.61,32.87,57.66,79.05,21.59,799.9,22.2,41.9,2.41,5.6,943.4,87.62
3137,93.02,113.89,2311.8,1497.3,438,18.8,23.36,80.31,129.05,46.01,1176.1,32.49,47.8,3.15,8.58,1259.8,75.79
1616.2,83.86,99.68,1616.3,1047.9,293,10.36,50.44,52.97,53.54,14.78,579.3,17.29,33.5,2.11,7.7,869.6,81.05
1636.6,68.71,70.56,1866.5,1142.4,332.7,13.92,43.79,62,87.97,18.86,828.7,22.35,36.8,2.58,8.32,875.5,80.35
2658.6,85.25,105.03,1750.4,1183.7,259.1,10.87,42.15,55.92,60.63,29.84,618.4,19.29,42.3,2.95,7.3,1107.1,81.36
1603,86.06,106.15,1974.5,1190.6,349.6,12.69,32.19,69.5,105.93,18.87,813.8,26.26,40.3,2.32,6.39,841.8,88.71
1180.6,84.8,99.92,1472.4,1000,256,11.43,49.5,39,26.54,13.3,398.2,11.01,33.5,1.67,7.91,642.2,74.77
2510,86.6,104.37,2114.8,1300.7,366.6,15.39,32.18,70.8,117.16,31.1,972.1,28.48,45.7,2.95,7.01,1009.8,90.46
2027.4,67.2,70.87,1675.1,1089.8,321.8,16.63,47.95,55.04,59.45,22.13,540,19.16,34,2.59,10.01,985.4,60.84
2926.2,90.59,112.68,2450.4,1471.9,444.1,19.94,18.44,84.47,147.14,40.21,1253.3,35.03,56.4,2.99,7.61,1203.4,78.71
779.7,85.65,97.25,1413.9,1000,221.4,9.43,58.31,36.37,27.87,8.88,432.4,11.5,30.1,1.72,8.37,415.9,73.58
2070,85.75,101.15,2054.3,1260.5,310.2,8.03,32.14,63.21,101.68,24.79,895.8,24.32,45.6,2.57,5.62,931.9,98.57
1076.9,82.78,95.6,1671.4,1032.5,302.8,9.55,47.23,53.38,56.51,9.99,653.9,16.31,33.8,1.81,8.13,569.5,74.05
2535.7,89.65,109.62,1932.8,1264,333.4,15.69,38.25,64.18,89.32,25.73,799.7,24.38,44.4,2.58,9.16,1069,74.25
2564.1,87.86,105.81,1808.1,1196.6,304.4,9.58,45.58,61.57,72.8,27.26,737.5,19.39,41.6,2.9,7.19,1069,87.3
1666.9,85.39,102.08,1788.9,1036.3,335.6,13.83,47.73,56.55,78.99,16.15,681.2,21.24,34.9,2.11,9.63,899.4,67.81
843.3,57.99,55.53,1404.1,1000,244.6,11.25,53.01,36.41,13.41,7.54,313.8,9.34,27.5,1.8,8.11,442.2,69.49
