Engine RPM,Coolant Temp C,Engine Oil Temp C,In-Cylinder Temp C,Intake Air Temp C,Throttle Position Percent,Engine Load Percent,Intake Manifold Pressure kPa,Intake Air Mass Flow gps,Engine Torque Nm,Ignition Timing deg BTDC,Lambda,Exhaust Gas Temp C,Engine Oil Pressure bar,Vibration Hz
707.2,91.42,104.1,1659.5,26.2,15.16,15.57,40.8,3.45,19.11,9.1,1.019,560.2,1.06,423.1
3470,91.36,99.97,1891.2,44.7,26.82,32.92,53.2,20.04,46.85,13.9,1.015,818.9,3.57,1522.2
2515.1,89.42,100.88,1869.8,42,55.92,60.39,74.2,21.05,79.63,6.5,1.017,847.5,2.48,1054.3
2982.7,62.65,60.04,1963,42.6,53.75,58.06,69.7,23.88,82.73,10.4,1.008,900.6,3.16,1299.4
1680.3,91.47,104.43,1897.9,36.1,53.94,58,69.9,13.51,71.82,4.8,1.023,746.8,1.72,940
1804.7,93.49,105.2,1853.4,35.9,40.52,46.19,62.6,13.1,56.61,8,1.014,739.3,2.03,1000
2636.5,89.31,96.56,1940.4,39.4,30.95,36.76,56,17.1,50.76,12.6,0.965,853.5,2.37,1219.4
2533.7,94.85,100.99,1920.9,40.2,45.37,53.33,66.4,19.6,69.07,9.8,1.005,812.5,2.49,1106.9
2007,92.59,103.73,1824.4,39.2,29.27,31.29,52.2,12.21,41.06,11.1,1.002,676.1,2.19,942.7
1933.9,49.87,47.22,1917.4,44.5,49.28,54.75,67.3,14.65,69.72,7.5,0.996,759.3,2.73,983.1
2137.6,89.66,100.94,1869.3,41,30.66,36.93,57.9,13.59,45.58,11.9,0.991,789.8,2.23,985.8
848,94.3,102.14,1673,29.4,21.26,24.33,46.4,4.99,30.96,7.7,1.002,557,1.49,434.9
711.3,48.2,49.63,1720.3,34.5,20.74,22.14,45.1,3.8,28.53,8.5,1,585.2,1.31,401.9
757.7,92.72,104.17,1795.2,31.4,34.55,41.46,58.5,5.38,53.14,5.6,1.015,632.9,1.33,399.8
2593.9,94.64,108.43,2081.5,45.6,74.4,77.58,86.3,23.27,95.61,8,0.993,981.2,2.05,1184.2
854.8,87.67,102.24,1714.1,33.5,30.46,37.14,56.1,5.45,44.77,3,1.003,639.5,0.87,493
2401.5,90.2,98.08,2021.1,39.1,64.75,68.16,77.2,21.63,90.07,7.7,1.011,841.1,2.38,1059.3
4644.9,91.84,100.89,2133.5,49.7,46.47,52.47,65.7,33.02,68.72,15.2,0.993,1026.2,3.78,1557.5
4098.9,93.04,103.13,1989.6,49.8,35.67,43.43,59.9,26.37,63.1,13.8,0.991,950.4,3.2,1606.5
2059,89.6,98.6,1850.1,34.4,25.44,30.2,50.6,12.32,37.37,12.7,1.001,684.8,2.18,962.9
2697,92.7,103.38,2067.7,45.7,64.14,69.78,80.3,24.81,93.1,5.5,1.007,868.5,2.81,1134.1
2629.1,89.88,102.52,1884.2,40.1,35.04,36.67,54.5,16.06,50.18,10.5,0.988,765.3,2.51,1131.8
805.1,94.4,103.8,1799.8,33.6,26.04,30.23,50.7,4.93,37.37,7.4,0.997,631,1.22,485.6
2753.9,90.06,98.79,1944.7,45.6,72.64,76.92,83.8,25.81,107.07,3.7,1.002,895.3,2.47,1160.2
2551.6,86.02,94.13,1914.4,41.6,31.84,35.66,54.6,16.2,48.47,11.9,0.998,740.6,2.76,1076.8
1697.4,93.81,104.67,1816.7,37,28.15,34.74,53.6,10.41,41.92,8.5,0.998,702,1.67,1011
3830.7,40.79,42.17,1799.1,45.8,15.73,17.4,42,18.48,26.41,15.4,1.001,751,4.41,1413.6
3350.2,91.62,98.96,1986.4,43,50.44,54.93,66.6,24.73,83.27,12,1.011,889.7,3.5,1350.5
3701.2,48.93,48.06,2044.9,44.6,47.98,53.35,64.6,26.92,79.04,12,1.01,925,4.34,1441.8
2634.5,92.05,104.32,2002.7,40.9,56.61,63.44,74.4,23.15,86.84,6.3,0.981,822.8,2.69,1084.4
3538.1,99.64,111.4,1843.9,40.6,9.9,10.39,38.3,14.82,12.23,16.9,1.016,760.3,2.78,1484
1901.1,91.57,99.77,1967.8,41,56.99,61.61,73.8,15.97,76.98,7.8,1.005,810.5,1.96,995
2771.7,93.48,104.51,1913.6,42.3,48.21,54.28,68.2,20.51,73.73,9.4,1.012,840.1,2.47,1207.5
1948.7,95.67,107.88,1779.1,42.8,29.99,37.19,55.3,11.56,44.17,8.3,1.048,741.4,1.41,1079.1
3842,92.28,101.99,2003.7,43.8,38.72,43.35,61.4,27.47,61.6,14.9,0.997,892.3,3.14,1528.7
2150.2,94.27,107.97,1958.2,38.5,40.24,45.3,60.3,15.03,57.04,8.6,0.935,848.1,1.81,1092.8
4062.2,92.1,101.62,1996.2,45.5,39.7,47.6,62.4,28.56,67.65,12.9,0.989,890.6,3.93,1457.1
3463.1,95.64,107.26,1872.5,45.2,14.81,19.16,42.4,17.01,24.76,16.5,1.012,789.8,3.53,1382.5
2825.5,89.38,101.54,1979.9,41.4,43.23,49.02,64.1,20.44,67.88,11.3,1.01,829.3,2.55,1245.4
2684.2,92.49,103.99,1975.2,41.3,54.63,59.7,72.7,20.56,73.69,7.7,0.987,902.4,2.67,1232.3
761.9,94.72,106.22,1841.8,31.3,36.28,42.19,60.1,5.33,49.97,5.8,1.008,615.1,1.04,424.3
2718,92.11,101.99,2218.8,43.2,84.52,87.8,89.9,28.02,122.15,5.6,0.899,926.7,2.67,1134
3884.1,89.95,102.86,1954.2,49.8,29.83,35.03,55.6,22.39,51.59,15.7,0.996,901.3,2.92,1599.5
2578.8,94.4,105.85,1915.5,43.3,40.61,45.97,61,18.25,59.78,10.6,0.979,838.6,2.38,1164.3
770.2,86.05,95.3,1660.4,31.4,16.08,18.41,42.9,3.71,23.64,9.3,1.019,534.1,1.32,420.6
2332,88.93,99.2,1902.9,37.3,52.26,54.77,67.1,18.78,72.14,8.4,1.012,780.4,2.58,1010.6
2822.9,88.74,100.45,2041,46.2,47.1,51.02,66.5,20.52,62.44,11,0.959,931.8,2.23,1424.6
3253.3,97.01,111.66,1927.9,44.3,42.31,43.75,61.2,21.11,61.19,12,1.027,881.1,2.44,1485.3
846.7,89.73,101.09,1782.3,37.7,36.69,40.61,58.3,5.36,51.52,5.4,1.007,671.2,1.5,475.6
4075.7,95.59,106.15,2021.9,44.8,41.78,48.5,62.3,28.07,67.16,14.9,1.019,932.9,2.75,1574
2508.4,92.45,102.74,1939.4,41.7,29.07,34.96,53.6,14.91,44.68,11.3,0.957,848.2,2.38,1172.3
3375.1,67.49,66.33,2043.9,49.3,61.01,66.71,76.4,27.75,91.66,8.2,1.01,949.9,3.86,1402.2
737.6,92.76,101.43,1878.3,36.2,58.82,61.61,71.7,6.37,72.92,3.1,1,704.9,1.41,438.1
2426.4,97.05,106.41,1835.1,38.1,18.87,22.71,48.2,12.42,26.78,12.7,1.03,744.7,2.48,1203.9
2867.3,97.85,110.38,1975.9,43.5,47.65,54.43,67.7,22.06,72.47,8,0.973,846.6,1.98,1317.3
3784.9,92.58,100.05,2109.6,45.9,56.98,63.16,74.1,28.44,87.12,13,1.017,1003.9,3.17,1559.3
2648.8,43.73,44.15,1834.6,40.5,14.78,17.56,43.6,12.61,20.66,14.5,1.014,718.1,2.81,1193.7
2624.5,90.1,98.16,1886.3,41.1,44.89,49.02,66.3,20.02,68.35,7.9,0.992,809.2,3.03,1075.5
1539.9,44.88,46.31,1766,37.6,16.54,18.25,45.1,7.46,22.09,12.8,1.021,612.8,2.24,870.6
2801.1,95.22,109.16,1884.6,40.1,36.12,40.35,56.8,18.05,52.51,11.4,1.014,776.9,2.71,1215.7
4567.8,95.89,106.49,1977.7,45.7,23.48,26.97,49.3,25,39.76,18.2,1.005,905.6,3.22,1638.2
2261.1,92.46,101.88,1964.4,36.7,56.24,64.14,73.6,19.63,89.12,6.4,0.986,832.1,2.38,1002.1
3323.6,93.72,103.06,2045.1,39.3,67.5,72.11,81.2,29.98,96.6,8.7,0.982,998.2,2.63,1548.5
3933.1,93.17,100.65,2088.6,50.2,70.27,73.08,82,33.68,97.26,9.4,1.031,999.8,3.54,1482.7
2116.6,68.46,67.51,1753.4,37,15.62,17.57,42,10,21.75,13,1.006,671.8,2.52,1071.3
2085.7,91.74,98.77,1905.2,42.7,38.7,44,60,14.36,55.14,9.4,1.009,733.3,2.59,958
4351.5,89.17,103.63,2052.5,47.4,51.78,57.11,68.9,32.93,80.54,12.6,1.02,961.2,3.63,1506
2323.2,92.91,106.74,1893.8,41.1,44.31,50.59,63.4,16.09,65.7,9.2,1.017,773.9,1.71,1120.9
3778.4,90.28,99.73,1846.1,41.3,17.52,20.65,43.8,19.46,32.97,15.6,0.991,803.8,3.68,1401.6
2955.7,91.39,103.61,2063.3,44.6,75.2,77.98,82.5,26.48,104.31,6.3,0.978,1032.4,2.29,1314.9
748.6,88.04,100.07,1746.4,35.1,21.14,28.29,48.6,4.42,34.09,8.1,1.009,569.6,1.38,419.9
2403.4,97.4,107.05,1846,36.5,18.32,20.52,44.7,12.08,23.37,13.3,0.943,842.8,2.17,1183.4
873.5,93.4,98.11,1750.9,30.9,20.6,22.75,46.5,4.93,31.26,9.9,1.001,567.6,1.7,438.5
4066.6,94.99,108.67,1821.3,47,25.62,29.74,48.8,22.34,44.47,12.9,1,865.7,2.65,1717.3
815.9,88.74,97.35,1942.9,35.8,67.54,70.13,79.6,7.44,87.46,2.9,1.004,758.7,1.33,453.3
2648.5,86.92,96.71,1900.5,35.7,28.13,36.2,54.9,17.32,53.06,12.9,0.981,765.6,2.89,1089.9
3282.8,96.33,106.54,1956.2,42.8,52.8,57.36,68.4,24.93,80,9.8,1.009,921.4,2.58,1432.2
1932,90.28,98.94,1868.8,35.6,35.8,43.98,59.5,12.94,52.53,8.3,1.001,824.1,2.02,1035.5
2474.6,94.69,106.55,1943.4,42.5,51.95,56.94,69.9,18.94,70.03,8.7,1.01,831.4,2.07,1141.9
726.6,87.89,104.6,1751,32.5,31.94,36.37,56.7,4.62,43.67,6,0.964,708.1,0.92,481.7
3818.8,93.91,109.25,1853.2,44.1,12.21,17.21,38.6,16.33,26.28,17.3,1.016,824.9,2.85,1561.4
1249.3,92.09,104.78,1756.1,35.6,21.62,23.77,43.5,6.02,30.65,8.8,0.991,670.5,1.3,738.2
3501.6,96.29,108.33,1943.4,47.2,15.18,16.88,43.1,15.51,24.27,17.5,0.972,900.8,2.69,1482.4
2494.4,90.98,103.32,1900.9,42,38.31,42.68,59.6,16.97,56.16,10.1,0.988,788,2.53,1077.4
2034.1,85.04,92.11,1831.5,32.2,21.06,24.49,46.6,10.62,32.64,12.9,1.006,641.7,2.13,968.6
2699.1,94.58,101.05,2093.5,46.2,72.82,77.66,86,27.2,109.93,6.8,1.008,882.4,2.86,1116.8
1333.4,44.56,46.05,1770.3,35.3,20.51,25.59,46,7.01,32.72,8.1,0.984,612,2.03,763
2532.6,95.35,105.01,2052.4,41.8,59.37,64.93,75,20.75,85.65,8.8,1,876.3,2.44,1151.4
1818.7,95.04,107.24,1864.4,34.6,28.16,34.49,53.2,10.81,39.71,9.6,0.981,826,1.39,1040.8
3269.7,88.92,97.41,1903.6,39.2,32.16,40.61,57.5,22.44,57.86,12.4,1.02,805.6,3.58,1244.3
2212.6,92.16,99.98,1791.3,35.8,31.44,36.72,56.4,13.73,43.95,10,0.986,825,2.13,1112.9
3864.9,91.75,100.2,1941.3,46.1,26.11,31.92,53.9,24.05,48.4,13.9,0.992,858.7,3.72,1435.7
889.5,85.25,97.06,1818.7,31.8,38.79,46.35,62.1,6.7,59.06,5.8,1.018,623.9,1.65,457.2
3345.9,93.62,105.73,1991.2,44.4,50.8,55.29,71.1,25.82,77.88,10.2,1.019,902.1,2.47,1466.5
2263.1,93.22,106.59,1900.5,40.1,41.46,48.88,62.2,16.3,65.3,10.7,1.001,761.6,2.09,1017.1
2933.4,56.19,58.94,1851.9,37.4,36.36,38.26,56.5,18.45,52.93,10.9,1.001,803,2.94,1292.3
2358.5,88.36,98.8,1931.5,42.2,48.45,53.62,68.6,18.09,71.19,7.5,1.001,842.7,2.45,1053.7
1682.2,90.16,98.55,1881.3,38.9,47.12,54.72,68.1,13.86,68.85,8.7,1.004,713,2.08,836.7
1772.2,92.7,96.94,1791.1,39.4,18.54,22.88,43.4,9.46,29.6,12.1,1.017,658.8,1.97,945.5
877.1,88.75,99.8,1785.6,32.6,21.86,26.74,49.2,4.94,29.41,8.4,0.986,702.6,1.24,534.2
3155.2,93.71,106.89,1891.5,35.5,25.42,29.91,50.8,19.09,40.96,12.5,0.983,872.7,2.46,1406
4037.8,60.88,62.6,1907.7,45.4,18.79,19.5,41.5,17.34,25.87,16.1,1.007,865.5,3.47,1502.2
3556.6,93.8,104.63,2030.7,41.6,54.02,59.16,72.2,29.12,87.04,10.3,1.014,918.2,3.38,1401.4
791.5,89.54,98.38,1824,35,40.98,48.05,64.2,5.57,52.72,5.1,0.993,740.8,1.19,443.8
828.1,89.27,94.82,1756.5,34.7,29.48,32.3,52.8,5.29,39.97,7.4,1.001,579.5,1.32,432.6
2455.9,91.46,104.95,1976.4,44.5,68.09,73.94,82,21.02,94.71,5.5,0.983,925.2,2.06,1119.3
2630.6,92.69,104.61,1908.8,45.1,33.12,37.13,57,16.51,47.44,12.4,1.01,763.5,2.31,1172
4539.4,98.94,110.88,2083.3,53.3,40.35,43.68,59.4,29.31,59.3,17.1,1.015,934.9,3.53,1549.6
3542.4,93.82,100.77,1909.8,45.4,42.98,47.03,60.2,24.01,65.57,11.4,1.01,871.3,3.42,1429.5
1730.6,96.58,111.45,1705.8,35.7,40.78,44.93,63.4,11.92,52.09,3.7,0.968,790.2,1.2,1018.9
2378.1,95.02,102.24,1862.9,41.4,16.44,21.8,45.7,12.49,27.09,12.3,0.954,829.1,2.3,1147.2
850.1,91.61,97.74,1773.4,34.5,19.49,25.5,45.2,4.62,31.96,7.6,0.988,594,1.51,439
3053.3,97.46,105.71,2067.9,42.8,59.47,63.87,77.1,25.93,84.88,9.4,1.014,918.7,2.59,1381.4
1867,87.65,99.19,1937.9,42.5,61.99,68.6,75.7,16.44,86.25,4.2,1.003,822.1,2.23,956.5
2436.8,89.44,97.91,1904.1,42.2,37.01,42.38,60.6,17.21,57.8,10.3,1.001,787,2.44,1122
2689.8,93.72,102.53,1874.5,39.3,32.07,35.6,56.4,17.4,46.43,13.3,1.023,802.7,2.38,1196.5
2039.6,91.46,98.87,1785.2,39,14.2,15,40.4,9.5,22.32,12.1,0.989,650.4,2.27,938.3
3134.1,91.27,102.27,1986.9,40,58.23,63.57,74.5,27.16,86.29,8.8,0.998,873.6,2.94,1293.1
1824,90.99,105.7,1885.6,34.9,34.53,40.77,59.7,12.52,52.3,6.9,0.969,782.7,1.73,998.3
2788,89.73,99.6,2099,42.4,69.54,71.82,79.6,25.2,95.9,8.5,0.968,977.7,2.52,1322
3212.9,93.77,106.32,2008.9,48.1,58.17,63.6,77.3,26.87,87.43,8.4,1.012,938.9,2.98,1298.2
2130.1,89.22,100.44,1732.8,42.4,10.89,14.33,41,10.08,18.43,13.7,0.986,650.2,2.12,973.2
1695.4,92.93,106.84,1834.4,36,40.98,44.78,61.8,11.67,54.9,8.3,1.04,725.4,1.46,1030.2
2340.2,59.79,61.11,2026.1,37.9,62.02,67.28,76.4,20.2,88.39,7.7,1.022,856.8,2.76,1085.2
2740.8,96.55,108.16,1812.2,40.8,58.52,61.53,72.9,22.11,77.42,6.9,0.963,957.3,1.86,1362.7
2869.8,90.16,98.43,1913.6,43.5,35.69,39.45,55.4,17.31,51.13,9.1,0.963,870.5,2.08,1352.7
820.8,94.06,104.97,1698.8,32,21.04,25.01,47.6,4.55,30.96,7.4,1.033,591,1.31,441.8
1389.9,89.5,96.99,1917.4,37,56.04,62.01,70.8,11.27,82.36,4.5,1.018,732.6,1.76,791.7
1406.1,50.09,51.97,1892.3,36.3,50.24,53.27,64.3,10.07,61.34,6.9,1.011,758.1,1.93,834
2825.1,92.35,105.69,1869.6,47.9,26.63,31.22,51.5,16.19,42.78,11.1,1.022,797.8,2.58,1296.3
1796.3,90.25,100.4,1842.6,38.6,41.38,48.52,62.4,12.69,62.74,7.1,1.001,748.1,1.69,961
2973.3,94.15,102.68,1805,39.1,19.68,24.25,46.9,14.77,32.44,11.6,1.036,776,2.45,1335
3383.3,90.98,98.81,1876.5,41.7,17.11,18.24,41.2,15.65,26.96,16,0.973,807.5,3.35,1377.4
2769.5,91.31,100.91,1946.8,45.9,32.31,35.97,55.9,16.62,45.01,10.2,0.964,908,2.66,1247.9
3107.5,90.35,96.69,1994.7,43.3,69.83,73.4,82.3,28.84,101.32,7.3,1.017,915.6,2.63,1344.8
2168.2,93,102.32,2053.9,40.5,67.97,72.08,80.8,19.32,93.89,7.6,1.003,851.1,2.26,1116.8
2830.8,89.94,100.44,1953.5,43.7,49.33,53.07,65.5,21.28,70.58,10.9,0.996,861.9,2.59,1277.9
2867.7,92.84,99.05,1900.6,43.3,26.93,30.92,50.6,16.74,42.94,11.6,0.999,773.9,3.06,1176
4178,92.23,100.82,2055.5,47.8,49.56,54.4,66.9,30.89,80.43,13.3,0.986,978.6,3.74,1492
1788.7,95.25,105.7,1967.5,41.4,51.44,55.36,66.4,13.83,67.95,7.5,0.985,781.9,2.14,921.7
882.5,91.11,99.84,1818.3,34.8,48.05,52.82,66.8,6.91,62.28,3.9,1.013,665.5,1.43,457.6
2073.7,55.18,57.65,1944,37.6,47.86,52.5,66.8,16.04,71.04,8,0.987,761.2,2.71,989
2699.6,98.16,106.05,1928.8,39.7,30.73,36.03,54.8,16.46,45.84,13,1.005,782.1,2.27,1155.7
3537.3,97.3,106,2079.9,45.5,61.04,68.54,75.3,29.13,92.14,10.8,0.991,975.4,3.31,1546.4
2858.2,97.11,105.92,2002.3,40.8,57.78,63.84,74.3,24.49,89.65,8.5,1.024,896.7,2.44,1267.1
2114.3,91.84,98.89,1840,39.7,30.95,39.29,57.9,14.08,51.51,8.9,1.008,742.9,2.38,1018.9
2543.9,90.38,100.01,1802,39.8,14.32,15.89,39.5,11.61,17.78,14.8,0.996,677.5,2.33,1057.3
3430.2,93.81,105.1,1888.1,44.8,35.64,41.97,58.6,20.59,57.45,12.4,1.029,850.1,2.39,1500.5
3062.9,94.25,106.84,1990.4,41.9,52.19,56.27,67.5,23.25,77.56,10.6,1.007,852.1,2.63,1310.7
2369.5,96.5,105.26,1941,40.5,46.61,51.16,68.8,17.06,57.88,8.1,0.992,892.7,1.93,1198.5
3761.3,99.59,112.2,1902,44.4,36.44,40.86,59.4,22.65,50.77,12.2,0.976,981.6,2.57,1651.7
805,90.61,99.86,1910.6,37.2,62.29,67.67,78.5,6.79,77.82,1.8,1.025,792,0.93,473.1
2279.9,95.17,105.05,1796.9,42.2,27.87,30.32,52,13.41,42.08,10.1,1.005,734.9,1.93,1115.8
2345.9,43.82,41.1,2085.4,42.1,77.75,80.56,84.7,22.86,108.5,5.5,1.008,878.9,2.94,1036.3
2123.7,95.21,110.82,1869.8,39.5,30.77,32.27,53,12.16,40.3,11.1,0.99,747.2,2.03,1062.5
3675.6,90.4,101.53,2077,46.6,57.83,62.21,71.7,29.66,89.04,11.4,1.021,929.9,3.64,1436.1
2249.1,94.91,108.12,1823.7,36.6,23.42,24.09,48.5,11.77,29.38,11.4,0.968,793.9,1.67,1122.9
3153.6,93.21,103,1795.5,42.2,20.29,23.05,47.2,16.43,30.78,12.8,1.018,795.9,2.95,1366.4
2965,90.92,99.15,1899.7,43.7,26.99,31.07,50.3,17.23,43.31,13.9,0.998,751.4,3.15,1251.6
826.4,93.68,100.25,1796.3,34.6,39.08,44.75,62.1,5.8,52.97,7.2,0.995,678.9,1.27,464.5
788.8,91.23,104.72,1773.2,34.1,38.51,43.06,59,5.47,47.49,4.5,1.023,660.1,1.37,480.4
2370.5,93.54,101.78,1916.5,42,39.43,45.16,63.6,16.86,58.27,12.3,0.997,763,2.64,1070
2592.6,90.73,102.93,1884.2,39.6,30.65,36.92,55,16.58,48.88,11.1,1,830.5,2.2,1144.7
3867.1,90.58,97.97,1912.2,45.6,17.96,21.06,46.1,19.88,30.93,17,0.993,822.2,3.45,1485
3369.8,93.3,103.68,1992.3,45.7,46.53,53.42,68.3,25.24,77.44,11.8,1.025,849,3.33,1330.1
3037.9,92.4,100.8,1885.5,41.6,20.63,24.33,45.8,16.11,29.3,14.1,1.012,756.5,2.88,1310.2
3799,101.56,111.06,2117.5,47,72.03,72.95,78.7,31.94,96.21,8.6,0.979,1093,3.06,1573
2709.7,91.98,108.79,2019.2,47.2,73.58,77.78,82.2,25.7,104.58,7.7,1.028,877.4,2.33,1157.3
2445.1,89.62,99.74,1933.3,40.5,34.37,39.18,55.9,15.1,50.18,10.3,0.979,798.8,2.21,1111.3
2763.3,91.12,100.02,1998.6,46.6,63.93,68.92,76.5,24.44,96.16,7.5,0.985,890.2,3.2,1163.8
2345.9,97.03,108.91,1959.2,42,39.46,44.41,61.2,16.1,56.56,9.7,0.966,901.7,2.14,1057.4
2591.7,90.72,101.86,1946.9,42.7,58.88,63.54,72.9,20.82,84.82,6,1.01,857.4,2.68,1128.7
3564.2,90.96,105.01,1894.9,48.1,24.39,25,47.1,18.42,33.69,14.7,0.995,888.6,2.22,1587.7
802.4,43.12,40.3,1871.6,35.3,49.89,54.62,66.5,6.29,67.31,3.3,1.01,693.3,1.62,455.3
3278.1,95.95,105.91,1997.3,41.2,57.41,62.64,73,27.36,88.87,9.4,1.02,920.7,3.2,1325.9
2970.5,92.46,104.62,1945.9,41,50.13,53.74,67.8,22.84,71.62,9.6,1.019,857.1,2.45,1286.2
2388.2,87.86,96.12,1882.8,36.6,31.42,35.84,54.8,15.64,49.65,13,0.999,755.9,2.66,1072.8
756.6,92.05,105.16,1880.9,35.7,50.37,55.03,69.8,6.18,63.52,3.8,0.979,758.9,1.3,492.1
3451.9,94.17,105.35,1996.9,43.6,52.18,59.19,70.5,27.36,84.42,8.8,1.028,908.9,3,1401.9
2325.2,88.99,98.05,1932.8,42.3,57.11,59.9,72,19.48,81.5,8.2,1.004,801.9,2.43,988.5
895.8,93.58,105.2,1717.5,34,27.24,32.39,54.2,5.49,37.26,5.8,1.013,617.7,1.27,519.6
2492.2,92.73,102.56,2044,36.4,69.03,73.96,81.4,24.17,100.46,7.4,1.01,849.8,2.75,1023.9
2851.1,97.87,109.3,1804.7,40.7,20.56,23.79,48.6,15.73,28.66,13.8,0.972,791.9,2.38,1386.9
2648.1,88.92,99.58,2042.2,43.5,69.96,73.15,80,24.52,101.17,6.9,0.995,875.3,2.88,1093.3
2273.4,92.01,102.34,1881.7,37.9,37.95,42.32,57.9,15.01,57.23,9.6,1.022,746.3,2.38,1009.5
2082.8,90.7,100.37,1857.8,37.4,43.3,50.14,67.4,15.82,63.05,6.1,1.005,772.7,2.01,1046.9
2596.8,91.38,103.18,2000.5,45.6,65.53,69.7,79.7,24.14,93.32,5.7,1.007,852.1,2.72,1114.7
861.1,88.34,98.78,1754.8,35.5,26.67,30.7,52.5,5.12,37.83,8.4,1.004,611,1.31,501.7
2318,60.45,61.93,1782.2,39.6,17.99,22.23,43.9,11.88,29.6,12.7,1.008,681.4,3,1089.9
1587.2,90.42,101.62,1777.6,36.6,20.51,20.15,44.5,7.6,24.55,12.7,0.995,672.4,1.58,969.5
2923,93.66,104.58,2041.8,44.1,57.5,66.41,75.9,24.88,90.86,9.9,1.014,903.7,2.85,1257.9
2654.9,94.26,108.76,1956.9,40.9,40.18,45.26,62,17.63,57.13,10.1,1.023,841.3,2.21,1337.2
3472.4,93.34,105.29,1970.5,44.2,31.8,35.82,56.6,20.66,47.92,11.3,0.957,954.6,2.23,1666.1
2125.6,91.03,102.21,1887.5,42.1,45.76,49.81,63,15.22,63.82,7.5,0.997,737.3,2.08,955
2869.3,91.92,95.37,1960.6,39.6,49.08,54.01,67.3,21.53,69.88,9.8,0.979,892.9,3.15,1247.9
2039.3,90.13,102.12,2037,40.1,68.29,72.65,81.9,19.96,96.44,6.5,1.006,814,2.4,946.5
2605,87.38,96.49,1773.8,38.1,19.41,21.59,45.1,13.84,23.35,12.3,0.998,754.2,2.05,1183.3
2976.5,92.28,100.45,1843.4,44.5,21.75,22.9,43.7,15.07,28.73,14,0.996,736.4,2.87,1336.9
759.3,93.51,103.59,1795.4,31.3,38.65,44.54,63.8,5.15,52.97,4.8,1.017,695.3,1.13,431.9
3122.2,94.29,104.06,1782.7,34.3,11.18,14.15,40.6,14.18,22.9,16,1.011,736.4,2.95,1321.3
2740.8,93.43,104.86,1785.5,37.3,16.23,18.63,42.6,13.65,21.19,13.5,0.993,716.7,2.27,1160.1
2198.8,94.14,108.51,1937.5,35.5,40.15,46.86,62.6,15.85,60.54,8.4,0.976,849.1,2.06,1077
829,89.76,98.83,1777.5,30.1,49.07,51.4,64.7,6.52,66.12,4,1.011,665.7,1.22,466.6
1881.1,47.07,44.52,1868,40,45.6,50.45,64.5,13.64,61.42,5.8,0.985,829.7,2.14,1038.9
2576.8,87.61,96.47,1836.3,36.3,21.64,24.94,50.1,14.13,32.41,13.1,0.982,777,2.31,1188.6
3361.7,94.43,105.93,1988.7,44.5,67.99,73.29,83.3,30.62,102.2,7.1,1.021,976.1,2.74,1481.2
2459,43.5,42.87,1911.7,45.6,41.74,47.09,62.8,17.19,62.35,10.3,0.989,811.6,3.05,1175.5
2541.5,90.72,102.47,1956.7,37.8,39.18,45.39,62.1,18.56,61.95,11.1,0.999,825.4,2.75,1080.6
2581.5,87.95,98.98,1936.5,38.9,54.02,56.54,67.7,20.65,72.62,7.6,1.026,860.7,2.76,1139.1
730.4,88.73,99.48,1851.4,36.7,50.1,56.19,67.6,5.85,71.49,4.8,1.036,662.4,1.43,391
770.8,92.93,101.26,1806.2,35.3,41.79,49.05,65.4,5.77,58.58,4.6,1.003,712.7,1.51,470.2
1347,90.29,102.62,1861,32.2,41.18,49.76,63.5,10.07,64.88,7.6,0.989,666.9,1.85,714.6
2375.4,88.73,100.45,1928.3,37.6,46.21,50.53,66.1,18.66,63.77,9.8,0.986,835,2.49,1044.5
3493.9,93.05,103.38,2056,50,57.39,63.48,76.8,29.71,91.41,8.4,0.999,937.6,2.74,1484.5
3220.4,49.55,51.48,1957.2,45.8,43.79,48.52,64.1,22.8,65.74,10.9,1.023,838.2,3.59,1318.5
3925,94.08,105.75,1883.7,42.5,12.48,14.57,41.2,17.16,15.17,17.8,0.978,932.9,2.3,1733.6
1465.5,88.91,97.9,1851.9,37.6,35.59,38.49,54.9,9.4,50.83,8.3,1.004,651.5,1.99,773.7
1659.4,89.92,100.11,1892.8,37.8,55.06,59.67,71.9,14.16,75.61,5.2,0.968,813.6,1.82,914.3
3280.8,95.03,103.8,1872.1,42.6,17.13,23.21,46.7,16.28,36.54,13.8,1.005,786.3,3.02,1330.1
775.3,94.07,107.15,1803.2,31.3,26.14,33.08,54.6,4.64,34.63,7.5,0.986,715.3,1.07,481.2
2896.9,91.2,98.5,1768.7,42.3,14.37,13.53,36.5,12.3,18.5,13.4,0.994,725.4,3.08,1207.4
2985.1,92.83,102.42,1999.7,44.6,42.24,48.93,64.6,20.93,64.14,11.4,0.984,883,2.85,1340.9
3360.9,94.39,104.95,2022,38.7,64.61,68.52,77.8,30.3,101.93,9.8,0.997,918.9,3.23,1355.7
2523.6,93.31,107.18,2022.7,39.6,61.35,64.31,77.6,20.41,76.4,7.5,1.013,933.5,1.94,1261.9
4990.8,88.18,102.16,2151.1,56.4,69.61,75.41,82.9,43.5,100.22,12.1,1.014,1099,3.99,1518.6
2008.2,88.57,98.65,1802.4,36.5,24.24,28.51,49.7,11.83,37.3,9.5,1.003,672.6,2.43,925.2
4413.6,90.69,100.19,2117,44.7,56.43,62.02,72.9,35.78,90.34,13.3,1.01,969.5,4.08,1467.6
754.6,91.29,100.3,1751.9,30.7,14.91,17.96,44,3.54,17.61,8.2,0.956,659.6,1.03,448.1
1906.4,97.16,109.57,1751.9,36.1,17.42,18.81,44.7,8.76,22.4,11.2,0.995,711.5,1.35,1029.4
3415.1,93.87,105.94,1893.4,41,28.06,32.93,51.6,19.58,45.65,14.4,1.031,827.7,2.91,1408
2714.2,91.82,101.59,1827.1,38,24.1,28.75,50.7,16.06,41.59,12.8,1.038,738.3,2.66,1124.7
3211.5,94.76,103.87,1934.7,40.2,44.94,51.87,66,24.81,71.55,11,1.009,880.8,2.97,1406.4
756.7,93.31,104.98,1679.9,38.5,15.4,19.4,42.9,3.6,24.35,8.8,1.026,572.5,1.27,430.7
2337.2,94.72,103.5,1769.7,37.3,9.3,12.68,37.1,9.82,14.28,13.9,1.019,701.3,2.32,1109.3
2722.8,95.94,103.75,1918.3,40.3,24.23,28.79,51.8,15.33,35.58,14.3,0.99,827.6,2.81,1327.2
3090.2,91.98,104.26,2016.7,48.1,65.16,68.76,77.2,26.42,91.9,8.7,0.982,966.8,2.95,1395.8
4434.6,90.56,100.7,2139.6,50,65.2,69.52,79.1,37.35,95.5,13.2,1.016,1019.2,3.64,1535.6
2697.8,91.8,102.38,1889.7,39.7,27.41,34.27,52.5,16.33,48.75,12.7,1.022,755.5,2.66,1192.3
2530.5,93.78,106.09,1878.1,37,26.08,32.19,53.1,15.1,40.39,10.4,0.97,864.2,1.98,1234.6
1793.3,89.63,97.61,1806.8,38.8,29.73,34.11,53.7,10.79,42.58,10.3,1,694.4,1.97,937.8
2631.5,89.93,98.06,1866.9,38.5,28.12,32.27,50.9,14.9,43.12,11,1.021,737.3,2.83,1102.6
3047.2,92.4,104.28,1923,47.4,63.14,70.04,78.2,26.33,93.84,6.5,1.023,948.5,2.3,1404.4
2434.2,96.09,107.7,1810.9,33.4,13.09,13.95,39.7,10.5,18.66,15.3,1.007,742.1,2.15,1171.1
1547.1,94.93,107.45,1841.1,39.7,23.07,27.65,48.3,7.84,33.43,9.4,0.96,808.6,1.37,1010.6
5000,98.62,110.2,2103.1,57,60.35,65.13,74,38.95,84.97,13.2,0.996,1067.3,3.94,1639.7
2887.1,94.21,105.16,1869.4,39.3,24.03,28.7,49.9,17.18,38.95,13.2,1.004,745.2,2.85,1184.4
1613.3,95.28,101.79,1731.3,33.8,12.09,14.7,38.8,7.26,17.72,11.7,1.01,590.2,2.27,919.2
1871.2,87.55,98.15,1824.8,38.5,38.04,42.2,58.2,12.6,52.51,5.9,0.994,773.2,1.97,988
4385.4,92.86,101.3,1978.8,47.1,38.25,42.95,59,29.48,65.44,15,1.001,897.8,4.02,1426
2515.3,94.16,107.33,1870.8,36.3,34.12,38.98,56.7,16.65,51.53,10.3,1.001,772.5,2.51,1091.7
2585.2,95.38,104.36,1881,40.7,38.35,46.83,64.6,18.7,59.69,10.1,1.01,814.3,2.22,1153.6
3188.7,94.96,103.78,1947.7,44,36.62,40.96,58.1,20.59,58.59,13.1,1.007,818.4,2.98,1338.9
1818.4,91.79,99.13,1777.6,36.9,17.76,22.58,47,10.01,29.88,10,1.008,655.2,2.15,930
728.1,89.29,98.03,1788.5,37,34.86,41.97,57.5,4.96,51.54,6.9,1.028,625.6,1.28,405.5
2476.2,94.62,104.96,1976.3,48.6,62,65.97,78.5,21.46,89.08,7.3,1.005,885.8,2.32,1122
2889.5,92.31,102.74,1927.4,42.1,43.81,50.22,66.9,22.2,68.14,10.5,1.002,844.1,2.27,1304.8
2200.4,89.87,94.56,1981.6,43.7,51.81,58.65,72.1,18.14,77.86,9.2,1.004,795.5,2.62,975.9
2089.6,91.39,103.17,1824.5,40.2,23.66,30.77,51,12.55,41.51,10.1,1.002,693.5,2.28,959.7
3342.1,66.34,69.24,2051.5,44.8,63.77,65.84,76.5,27.88,88.09,8.4,0.994,978.6,2.86,1467.2
2173,92.97,102,1908.4,39.4,46.68,52.04,65.3,16.9,74.48,7,1.009,776.8,2.47,961.7
2915.1,89.06,102.63,1848.1,44.4,18.23,21.24,45.4,14.1,27.31,16.6,0.994,798.3,1.92,1391.1
801.2,91.77,100.38,1740,36.5,40.34,46.46,63.5,5.76,53.78,5.4,1.011,675.9,1.14,483.1
2293.2,91.99,102.29,1834,40.4,20.06,24.77,47.5,12.49,33.08,11.8,1.002,714.3,1.91,1070.3
2850.8,90.46,99.97,1860.4,38.6,20.34,22.74,43.7,14.78,30.27,12,0.985,743,1.81,1417.4
1802.4,95.71,104.9,1909.2,37.2,59.24,65.1,75.7,14.86,75.24,5.1,0.989,843.2,1.98,967
2586.8,95.57,110.29,1911.7,46.1,37.05,44.42,62.2,17.52,53.36,11.7,0.989,840.9,2.09,1217.9
3517.4,56.73,54.2,1975.6,42.2,39.21,40.71,58,22.84,57.55,14,0.993,867.1,3.74,1435.7
3148.5,65.9,63.71,2044.8,48.7,53.05,58.59,69.7,23.01,80.02,11.6,1.001,892.1,3.44,1401.6
3131.4,92.31,102.92,1938.5,46.9,32.25,36.82,55.9,18.76,50.61,12.9,1.002,804.7,2.73,1317.9
2927.5,97.18,105.51,1855.3,38.1,27.73,31.11,48.6,15.86,39.32,12.2,1.026,771,2.89,1217.8
1691.3,92.58,101.52,1817.8,34.7,37.86,42.79,59.5,11.22,48.79,6.7,0.989,716.3,2.02,909.1
2507,97.66,108.12,1867.2,45.7,27.5,31.94,52.1,15.22,42.09,11.3,0.988,762.3,2.41,1115.7
3285.3,92.83,103.84,1989.9,42.6,49.39,52.5,64.5,24.49,74.13,10.5,1.003,865.1,3.37,1339.8
3532.5,94.95,107.57,2024.9,45.8,45.22,52.3,67.8,25.96,75.47,14.1,1.004,891.8,2.53,1498.6
2209.9,89.23,97.23,1944.2,36.3,34.02,38.4,57.8,15.2,50.31,9.4,0.947,849.4,2.13,1048.1
2162.1,92.79,106.13,2066.9,36.9,75.53,78.33,84.8,21.94,105.4,7.2,1.009,860.4,1.99,1014.9
3037.3,92.89,103.09,1953.2,43.9,35.94,40,57.3,19.46,54.14,12.8,1.013,812.7,2.83,1289.2
890,94.07,102.85,1646.3,26,13.33,18.86,44.7,4.62,21.96,7.4,1.017,562.7,1.58,525.1
1718.3,41.85,41.64,1966.3,36.3,64.84,70.22,79.9,15.65,86.69,4.6,0.986,804.7,2.67,938.7
2413.7,54.3,52.77,1925.4,38.6,40.72,45.85,63.6,16.76,59.11,10.5,0.973,867.9,2.34,1107.8
2457.1,89.74,96.66,1808,34.6,26.16,30.71,51.8,14.14,38.48,10.1,1.039,730.5,2.57,1081.2
3478.3,93.16,101.38,1862,42.3,28.4,32.54,50,19.82,47.28,15,1.001,811.2,3.53,1318.8
2342.3,91.3,101.13,1997.5,42.3,70.23,74.22,83.2,22.02,96.53,6.6,1.006,867.7,2.35,1055.4
2053.5,93.18,103.73,1919.6,42.7,47.48,53.79,65.8,14.89,68.26,6.5,1.01,780.2,1.58,1047.7
2480.4,97.66,108.9,1905.4,47.6,40.22,45.35,63.2,17.02,59.25,10,0.997,797,2.05,1177.6
2783.3,93.99,99.63,2010.1,38.2,59.36,63.59,74,23.26,85.24,11.2,1.021,862.5,2.96,1168.3
2068.4,88.22,98.46,1804.2,41.7,31.65,35.12,54,13.01,42.36,10.6,1,712,2.22,991
3201.7,92.13,101.96,1928.6,40.2,24.08,30.46,52.9,18.77,40.44,14.2,1.025,822.8,3.07,1397.7
3004.2,89.38,99.5,1950.9,41.4,38.95,44.86,60,21.04,59.69,11.8,1.018,807.2,3.03,1239.4
4353.4,96.47,105.68,2053.6,46.1,64.81,67,75.4,35.93,95.52,11.7,1.015,1006.6,3.84,1502.5
2141,92.34,100.39,1783.4,30.8,16.44,20.16,42.2,10.86,23.43,12.2,1.013,685.1,2.17,1026.3
3122.9,89.52,102.28,2072,48.1,67.88,71.07,78.5,26.71,97.41,8.6,1.015,949.2,2.68,1304.6
2073.3,96.04,105.58,2028.6,41.7,67.99,71.51,79.6,18.88,95.27,5.9,1.014,810,2.41,983.5
2229.5,87.79,96.77,1815.8,36.8,20.48,25.44,47,11.78,33.57,10.9,1.002,751.4,2.26,1116.8
2258.6,89.92,98.36,1755.1,37.4,21.26,23.71,45.9,12.31,30.61,12.1,1.002,665.2,2.58,981.9
2677.6,90.81,97.09,2023,42.7,78.67,82.92,88.2,24.82,109.9,5.5,1.025,902.2,2.58,1152.9
731.3,92.18,97.76,1691.6,25.1,16.15,18.3,43.2,3.9,24.74,7.4,1.004,540.9,1.14,402.6
2916,92.55,103.26,2062.9,43.4,67.82,71.17,78.6,25.43,97.5,7.9,1.002,914.7,2.53,1225.4
4620,93.85,103.59,2036.3,48.1,39.77,46.01,60,30.45,63.8,14.8,0.984,979.1,3.54,1550
1588.5,91.41,104.23,1911.4,41,49.72,56.65,69.4,12.49,74.14,5.6,1.023,718.1,1.55,883.5
1453.2,94.39,105.69,1857.4,38.7,38.94,45.04,61.4,9.81,53.44,7.3,0.981,732.9,1.81,887.1
3868.5,47.22,47.99,1860.5,41.1,7.97,9.11,36.3,14.88,15.59,18.3,0.997,803.2,4.08,1532.2
4000.3,97.02,106.01,2105.9,43.3,85.78,90.07,92,39.64,119.09,7.6,0.875,1166.6,2.9,1713.9
1969.1,90.9,102.19,1874.1,37.5,47.71,52.51,65.9,14.87,65.14,6.5,1.021,785.1,1.49,1103.9
2223.1,88.36,97.79,1989.6,43.2,55.54,59.71,71.8,18.63,81.39,8.1,0.992,772.8,2.73,949.8
701.8,90.89,100.32,1846.1,37.2,49.99,54.23,67,5.5,68.56,3.5,0.991,642.2,1.08,397.6
860.3,91.93,103.02,1848.9,35.2,46.66,51.74,65.1,6.75,64.65,5.1,1.007,678.5,1.21,462.8
2001.6,95.49,104.6,1845.7,33.2,18.1,23.62,48,10.74,31.16,12.3,1.012,735.2,2.27,1046.7
2807.7,94.34,100.3,1880.6,38.5,27.98,34.38,53.9,17.79,48.85,12.8,0.99,744,2.97,1136.1
2592.4,40.67,38.94,1842.6,42.4,24.36,29.29,48.4,14.09,37.12,11,0.995,748.6,3.4,1218.5
1621.5,89.57,96.87,1763.1,34.4,22.99,26.26,48.9,9.13,32.4,10,0.997,619.3,1.77,867.3
2644.1,91.81,100.3,1823.8,38.6,24.4,29.14,50.3,15.27,40.42,12.6,1.013,711,2.66,1079.1
1943.4,91.15,102.19,1805.7,37.9,18.78,24.52,45.4,10.49,30.17,11.5,0.995,682.2,1.92,942.1
2130.6,89.97,98.69,1791.6,37.1,27.72,33.55,52,13.25,44.81,9.1,0.997,718.2,2.43,1055.4
2640.4,91.03,98.95,1889.5,48,50.3,54.75,67.8,19.84,72.83,6.7,0.999,835.3,2.82,1114.3
2028.6,88.88,101.47,1889.5,37.1,42.71,49.5,64.4,14.96,63.06,7,0.999,785.9,2.22,1071.7
2081.6,93.7,103.56,1969.9,40.7,64.65,68.31,76.7,18.14,88.4,5.5,1.017,831.4,2.12,1020.1
2854.8,87.05,98.92,2072,37.2,71.12,75.32,83,27.59,102.96,8.2,0.999,922.8,2.64,1184.7
2420.2,92.52,101.39,1908.2,38.7,64.33,70.22,78.3,22.47,90.02,5.3,0.975,913.7,2.32,1114.7
2644.6,97.26,110.24,1940.7,39.8,45.12,51.47,67.4,19.54,68.99,9.2,0.998,864.5,2.04,1208.2
706.4,92.4,103.15,1696.3,30.8,16.65,16.81,41.4,3.31,19.91,7,1.002,606.7,1.13,449.8
3267.2,87.07,99.18,2100.2,46,68.64,72.61,81.5,30.54,103.12,9.3,0.998,917.9,2.96,1344.9
740,89.37,98.1,1764.4,33,36.01,40.99,59.3,5.06,49.88,5.2,1,667.7,1.22,416.5
2067.1,91.97,101.38,1920,36.5,44.39,51.28,64.5,15.88,66.54,7.8,1.039,769,2.31,967.1
710,86.01,95.75,1662.5,37.5,20.54,23.16,45.7,3.77,27.13,6.1,1.021,580,1.41,421.9
3610.3,91.53,99.39,2062.1,51.5,65.97,70.76,79.6,30.54,102.77,8.9,1.012,950.9,3.41,1410.1
787.4,91.13,101.05,1733.9,30.7,17.99,20.78,45.6,4.16,23.91,7.4,1.036,572.9,1.32,445.2
2214.6,90.89,96.11,1976,40.3,45.56,51.47,64.8,16,63.97,10.7,0.983,811.4,2.53,1052.7
1822.6,93.09,104.57,1960.1,39.3,36.05,40.91,60.8,12.32,51.34,8.9,0.964,858.1,1.5,969
811.9,91.94,102.98,1796.3,37,26.59,30.73,50.8,4.65,41.26,6.6,0.927,747.5,1.19,460.1
745.5,91.55,99.46,1738.4,35.2,19.92,23.5,47.5,3.98,31.24,8.6,1.015,577.4,1.51,412.9
4211.3,94.18,107.22,1974.8,44.2,46.15,50.72,66.4,31.31,69.63,12,1.019,932.3,3.64,1601.3
2364.2,92.42,102.32,1818.4,40.4,24.18,27.09,47.6,13.28,38.02,10.9,1.004,691.2,2.53,1038.9
858.3,49.56,53.55,1727.7,29.9,23.59,29.58,48.2,5.01,38.52,7.9,0.984,597.9,1.56,460.1
2455.6,88.65,101.36,1819.2,35,20.6,22.96,48,12.46,30.31,11.7,0.985,835.6,2.1,1278
2792.5,97.45,110.1,1902.4,38.2,32.26,36.78,55.7,17.49,44.98,11.6,1,797.2,2.42,1185.5
2451.2,93.55,105.31,1825.4,41.2,36.82,42.28,62.6,16.43,52.61,8.1,0.997,858.5,2.17,1129.6
2429.9,92.25,101.97,1937.3,40,53.54,59.38,70.8,19.44,75.54,8.1,0.991,871.3,2.49,1195.2
2311.4,93.7,104,1964,39.2,47.8,53.56,67.2,18.38,72.62,9.2,0.987,753.2,2.47,1024.3
881,93.79,99.45,1868.9,41.5,58.03,63.98,73.8,7.61,76.51,2.7,1.01,715.2,1.28,461.5
3218.1,93.3,105.92,1921.2,43.9,42.7,47.55,62.7,22.27,67.16,10.5,1.018,875.1,2.83,1326.3
828.1,92.89,104.38,1654.8,33.2,14.7,17.28,41.8,4.05,24.93,8.3,0.998,554.1,1.41,440.3
772.8,91.97,100.25,1780.6,32.9,30.77,35.39,52.6,4.73,46.58,6.4,0.991,635.4,1.37,453.4
1830.1,89.63,99.08,1927.1,38.9,62.58,67.06,75.2,15.3,81.63,4.5,1.042,795.1,1.96,955.6
1735.7,90.08,98.65,1783.8,34.2,18.89,25.48,46.7,9.81,34.46,10.8,1,631.2,2.12,891.7
1332.5,98.38,105.89,1876.1,43.7,50.75,54.13,66.9,9.9,65.31,5.8,1.015,745.6,1.59,803.6
790.1,88.62,97.9,1833.2,33.9,39.78,44.61,61.6,5.62,56.87,4.2,0.993,588.8,1.38,411.9
2617.9,91.72,102.39,2004.5,41.6,70.02,72.75,80.4,23.62,93.48,6.1,1.005,888.9,2.6,1134.8
1879.4,91.96,101.4,1763.7,34.9,25.66,29.48,49.5,11.01,37.7,10.8,0.997,658.3,1.85,935.4
2271,97.14,111.5,1889.8,46.4,33.99,41.25,59,14.53,52.16,8.3,1.01,805.9,2.28,1090.7
1906.4,91.91,98.35,1888.3,42,48.44,54.23,69.5,14.96,67.02,7.4,1.038,799,1.81,1023.7
2983.5,96.71,110.44,2049.5,47.1,59.88,64.81,75.3,24.44,83.47,7.9,0.989,950.7,2.52,1297.5
1433.2,94.2,103.04,1751.3,39.1,25.91,33.61,53.7,8.66,41.3,8,1.034,676.7,1.7,859.9
4192.9,91.71,104.59,2274.5,51.2,84.85,89.8,92.5,43.98,127.76,9.1,0.917,1049.5,3.95,1431.7
1800.2,88.6,101.02,1737.1,38.5,9.64,12.02,38,7.78,14.48,14,1.009,616,1.63,1057.2
3109.1,90.11,101.84,2041,45.3,52.64,58.95,69.6,24.37,77.51,11.4,1.003,917.8,2.88,1281.1
2666.5,90.53,100.89,1875.4,43.4,33.21,41.95,56.8,17.65,62.76,11.3,1.004,763.8,2.86,1083.3
2472.1,90.03,99.45,2012.4,36.1,63.17,69.72,80.1,23.02,91.73,6.8,1.013,870,2.83,1071.3
2702.3,91.63,99.7,1859.9,39.7,28.92,34.44,51.2,17,47.79,10.7,1.009,777.2,2.86,1128.6
4529.6,95.8,108.59,2017.2,48,30.86,35.3,57.5,28.24,48.62,16.2,1.012,925.4,3.23,1552.4
860.9,91.03,100.84,1792,34.2,20.49,23.69,48.7,4.76,22.81,8.3,0.939,740.9,1.16,485.8
3283.9,89.61,99.36,1862.8,41.9,30.6,32.94,52.5,19.21,42.97,12,1.007,839.4,2.98,1392.6
2394.6,92.96,104.86,1921.6,45.6,37.25,42,60.2,16.78,51.96,11.2,0.991,768.4,2.12,1126.2
2080.8,94.89,103.41,1733.4,42,14.38,20.29,44.8,10.36,24.9,12.4,1.038,633.5,1.89,1039.4
2200.2,85.77,91.94,1873.6,39.4,40.09,46.3,61.6,16.26,58.85,7.5,0.992,749.5,2.52,987
5000,94.52,100.26,1931.5,47.7,22.4,26.3,48.8,25.35,35.19,17.8,1.018,938.6,4.11,1614.2
767.6,95.33,107.78,1841.8,33.8,54.98,60.53,71.4,6.52,78.23,2.7,1.044,666.6,1.25,413.7
1713.3,92.75,104.14,1831.9,34,37.01,40.98,57.5,11.74,49.32,8.1,1.016,713,1.53,974.9
2265.5,89.67,100.99,1935.6,41.1,48.7,54.45,67,17.95,67.67,8.7,1.017,778.2,2.63,983.8
3535.8,88.42,94.02,1866.8,45.3,20.7,25.7,46.1,19.35,36.52,13.4,0.981,808.1,3.48,1356.1
3237.2,93.71,102.44,1856.7,42.5,27.84,30.43,50.9,18.13,46.72,13.6,1.02,763.3,3.21,1261
2880.1,88.49,99.85,1996.2,40.2,46.15,52.56,66.9,20.61,71.34,10.4,0.973,906.6,2.54,1311.3
886.9,89.66,101.84,1801.7,32.8,29.15,32.89,52.6,5.39,37.54,9,0.986,696.5,0.88,521.2
2816.6,91.96,102.58,1933.5,38.9,41.14,48.13,61.8,20.23,67.34,9.3,1.005,826.7,2.49,1196.5
3138,94.46,107.6,1874,43.4,29.25,34.94,55,17.87,47.99,11.8,0.991,872.7,2.56,1413.7
4421.5,92.54,101.42,1935.3,50.2,32.31,38.03,56,27.22,53.03,16.3,1.008,875.3,4.05,1449.9
3292.5,97.87,105.68,1842.4,41.9,15.63,17.22,42.5,15.01,21.08,15.9,1.003,794.3,2.76,1494
3078.9,89.04,100.87,2216.9,44,88.04,90.45,91.7,31.18,120.9,4.5,0.88,999.2,2.64,1361.3
2431.1,97.86,111.73,1954.7,44.7,40.18,43.88,61.2,15.56,50.76,9.4,0.972,894.1,1.62,1268.5
1771.7,91.12,103.25,1798.2,41.1,15.29,20.39,43.9,8.67,24.42,12.6,1.016,637.4,1.98,914.2
1318.6,95.22,107.83,1867.3,37.3,42.26,45.96,60.8,9.29,57.36,7.9,1.005,684.6,1.53,759.5
2997.1,96.66,109.11,1954.3,44.9,54.91,59.48,74,24.65,80.34,9.1,0.999,928.7,2.65,1372.2
3853.6,94.04,104.26,1989.7,48.6,46.23,53.76,68.7,30.37,77.97,11.3,0.991,904.8,3.62,1462.4
756.9,92.65,102.14,1794.1,32.7,20.05,23.19,46.3,3.95,28.54,9.4,0.961,644.5,1.24,445.6
2578.9,86.33,93.77,1956.9,41.9,47.36,52.79,67.4,20.54,72.85,9.1,1.016,807.1,2.88,1148.5
3508.9,92.36,100.1,2113.6,44.2,74.43,77.31,83,32.82,111.86,8.6,0.987,963.1,3.35,1381.2
728.3,89.83,99.05,1752.8,31.6,36.02,41.82,58.7,4.83,51.22,3,1.02,616,1.37,427.3
3084.9,56.59,55.34,1931.1,44,36.26,40.23,56.9,19.41,52.38,11.3,1.006,823.1,3.13,1367
1101,93.82,105.84,1772.5,30.1,31.64,37.68,56.3,7.19,45.95,6.1,1,691.5,1.51,613.6
2532.7,53.94,52.28,1953.9,37.7,52.18,55.15,70.3,18.9,66.83,6.9,0.977,944.5,2.19,1230.8
2397.5,89.72,103.82,1855.6,38.8,31.31,40.76,57.2,16.09,54.44,9.9,1.033,749.8,2.01,1063.8
2133.2,88.72,97.38,1878.8,36,39.09,43.72,59.8,14.43,57.91,8.5,0.999,740.9,2.31,972.1
870.2,87.48,100.38,1812.3,38.8,45.86,52.46,65.7,7,65.56,5.1,1.002,647.5,1.39,448.7
2656,92.31,100.82,1828.7,37.2,16.54,21.14,46.2,13.91,31.19,15.3,0.985,709,2.68,1138.5
2197.3,93.26,104.26,1834.3,43.2,20.7,25.58,48.9,12.29,32.62,11.5,0.992,695.1,2.34,1036
3263.8,91.62,99.58,1901.4,41.8,22.37,29.59,51.2,19.17,40.95,14.5,0.987,821.4,2.96,1482.9
3180.2,87.88,92.42,1968.3,44.1,55.27,61.5,72.3,26.95,91.74,11.6,1.011,873.5,3.29,1286.6
2078,88.98,96.9,1932.1,41.9,46.42,51.08,65,15.57,68.3,9.8,1.013,750.7,2.5,906.3
2115.2,91.49,98.75,1862.7,42.5,48.88,55.27,66.3,15.96,72.89,7.3,1.005,782.7,2.13,995.8
3386,88.41,101.85,2103.5,45.1,61.83,65.04,75.9,28.52,94.12,10.7,1.006,898,3.16,1333.4
3192.9,92.56,104,2034.2,46.4,63.24,70.27,78.5,27.62,93.85,7.5,1.009,931.2,2.73,1395.1
3214.7,91.25,101.92,2115.5,45.5,72.75,76.18,80.8,28.91,106.39,9.1,1.004,949.2,2.56,1388.7
3193.8,85.83,98.47,1912.2,43.4,38.79,48.38,64.3,23.77,66.02,10.4,1.01,817.2,3.21,1314.6
803.4,86.69,97.35,1811.9,33.7,41.7,49.41,65,5.61,59.53,5.3,1.011,705.2,1.23,461.4
715.4,93.16,104.38,1769.4,38.5,46.26,51.6,66.9,5.41,60,3.2,1.037,655,1.3,404.3
2363.7,95.58,106.31,1813.7,45.7,18.66,19.62,42.2,11.14,27.11,13.8,1.026,727.3,2.24,1075.5
3557,94.5,104.26,2095.2,45.3,83.79,84.8,87.4,33.25,118.71,8.1,1.012,1007.8,3.03,1445.3
761.9,90.46,100.11,1751,37.5,28.33,30.21,51.4,4.48,41.1,7,1.002,637.2,1.42,439.8
1903.4,88.27,97.21,1900.1,40.8,41.71,47.86,62.3,13.79,63.15,7.3,1.021,753.1,2.06,961.2
2426.5,91.18,96.64,1905.6,35.5,36.56,43.18,59.1,17.12,61.53,9.6,1,756.5,2.41,1044.8
2574.3,95.38,101.25,1808.6,42.4,24.81,31.47,50.3,14.85,43.09,9.9,0.986,782.7,2.63,1156.7
3184.4,90.09,97.43,1844.4,44.9,22.72,28.02,48.9,17.06,40.27,15.2,1.006,785.9,3.02,1318.3
1491.6,89.55,97.46,1832.5,34.3,30.65,35.8,56.2,9.91,42.87,9.7,1.01,691.7,1.88,891.7
2694.1,90.97,100.15,2116.2,42.2,91.53,92.11,95.3,27.85,117.83,3.4,0.884,978.9,2.74,1222.5
2474.6,91,101.12,1802.8,40.6,18.59,23,46.2,13.05,28,10.2,1.008,748.5,2.32,1092.1
762.4,87.58,102.39,1932,31.2,57.29,62.17,73.1,6.62,73.58,2.5,0.966,754.9,1.18,458.4
2512.6,85.92,98.69,1872.1,36,32.21,39.59,52.8,15.82,53.32,9.9,0.996,750.8,2.55,1109.7
2402,96.9,105.72,1917.9,42.9,44.17,50.44,66.6,17.89,65.44,7.9,1.014,817.8,2.26,1141.8
3025.3,61.19,59.28,1856,43.7,21.92,25.19,46.4,15.81,33.97,12.1,1.012,741.9,3.23,1288.6
3773.2,90.5,102.4,2122.3,48.8,85.88,87.32,90,36.22,123.46,5.1,0.906,1036.5,3.09,1579.2
4322.2,96.31,106.2,1894.5,47.5,13.43,18.02,44.1,21.36,28.26,18.7,1.013,849.7,3.78,1514.9
2309.5,92.12,98.82,1810,40,24.22,26.33,48.3,12.78,30.72,10.9,1.021,715.2,2.61,1045.9
3773.1,92.02,99.17,2076,46.9,55.27,63.49,72.9,31.19,95.46,10.7,1.01,928.4,3.84,1422.6
3520,93.95,106.22,1938.5,44,36.49,46.09,60.7,23.03,62.59,12.4,1.018,847.1,3.13,1478.8
4790.4,91.65,103.44,2075.9,51.9,44.06,51.56,66,33.29,65.37,16.7,1.007,990.2,3.43,1555.6
4201.9,88.12,97.51,1990.4,41,41.96,45.91,60.6,27.54,60.21,14.7,0.989,940.6,3.9,1536.1
3130.9,95.84,108.23,1990.5,45.4,47.61,53.06,66,22.62,69.41,10.9,1.018,927.3,2.94,1333.6
2672.6,92.3,102.28,2015.7,43.6,69.99,73.17,81,24.66,98.51,6.6,1.013,905.3,2.51,1162
2315.2,95.19,103.85,1926.2,43.1,47.93,53.13,66,17.2,69.02,6.9,1.004,800.4,2.35,1109.9
3935.5,86.36,98.42,2046.9,46.1,57.24,60.6,71.4,31.49,87.47,10.7,0.995,945.8,3.13,1531.1
4168.2,91.17,97.37,2159.6,50.3,67.18,71.33,79.7,37.47,102.14,12.4,1.012,977.3,4.22,1404.2
703.2,91.6,100.83,1747.6,33.4,17.92,20.65,44.7,3.71,24.04,10.4,1.021,536.5,1.45,403.1
2223,92.82,104.79,1876.6,45.6,35.64,38.28,58,13.22,50.24,10.7,0.978,798.7,1.67,1177.6
1547.3,97.7,107.35,1856.8,35.8,37.38,43.81,61.1,10.18,48.64,6.6,1,766.5,1.49,1036.1
2786.8,90.03,96.53,1812,38.7,12.31,15.78,41.2,12.77,22.63,13.7,0.974,773.5,2.43,1270.8
1989.8,89.07,98.22,1865.5,30.5,29.43,33.64,51.6,12.47,42.37,10.1,0.985,706.4,2.19,991.6
1748.9,93.31,105.77,1856.6,36,45.24,52.09,68.8,13.2,65.02,6,1.014,775.7,1.4,1002.2
2909.8,60.73,64.46,2009,45.7,52.3,58.15,70,22.43,73.28,7.8,0.975,978.6,3.29,1277
1799.7,89.38,98.22,1757.2,32.5,14.8,16.94,41.7,8.85,19.83,10.7,0.987,661,2.08,934.1
3248.3,93.27,104.99,1910.9,41.1,29.4,35.86,54.4,20.58,51.98,14.6,0.999,780.1,2.87,1316.7
3444,92.38,99.42,2057.4,41.9,59.14,64.01,74.9,28.26,93.08,11.3,1.018,924.2,3.37,1440
4504.5,87.61,94.81,2053.4,50.1,46.51,52.31,64.9,32.88,74.96,13.9,1.008,952.6,4.4,1430.3
2619.3,89.64,101.16,1963.9,42.8,54.03,60.04,70.5,20.5,77.95,8.2,1.013,814.1,2.72,1167.4
1169,89.87,98.34,1701.3,32.5,14.19,17.13,42,5.61,20.58,9.4,1.009,551.2,1.67,627.1
1476.4,89.43,96.94,1761.7,35.6,23.73,30.72,51.3,9.01,34.11,8.9,1.005,650.6,2.01,823.5
2135.3,96.72,111.78,1943.6,33.3,41.42,46.36,63.3,15.16,50.76,8.6,0.97,853.1,1.47,1093.7
756.1,57.04,54.67,1681.6,33.3,17.34,19.91,44,3.7,26.92,9.1,1.022,600.6,1.37,471.7
3323.7,93.63,101.43,2061.3,42.6,54.99,59.58,72.6,26.73,84.45,10.6,0.983,925.1,3.31,1315.9
2710.4,91.22,100.49,2012.8,43.7,54.73,58.87,70.6,21.36,79.02,9.2,0.995,852.3,2.66,1146.5
2603.1,90.75,98.89,1896.8,42.8,29.18,34.61,53,15.14,44.06,11.2,0.987,760.2,2.56,1129.9
2092.3,91.5,104.42,1815,35.6,35.64,36.76,54.7,13.71,48.51,10,1.022,699.4,2.52,991.6
3420.3,93.93,100.01,2020.1,40.8,27.12,31.21,53.5,19.28,42.24,16,0.977,837.2,2.85,1545
3208.5,96.91,109.29,1895.8,46.5,30.02,37.5,55.7,20.46,55.25,12.1,1.011,811.9,2.98,1340.2
2443.2,91.21,104.31,1869.3,41.1,34.83,41.25,60.3,16.23,50.67,8.9,0.993,856.8,1.86,1165.3
2910.2,90.29,104.8,1957.5,44.6,46.86,53.85,68.7,22.35,69.37,9.6,1.004,885.4,2.71,1278.6
2088.1,94.9,103.24,1988.7,43.8,59.78,64.59,74.4,18.41,85.49,5.4,1.001,791.5,2.44,953.1
1886.5,91.62,100.9,1950.8,37.7,62.23,66.75,74.9,15.73,79.98,6.7,1.003,839.8,1.83,1000.6
2614.2,91.49,102.36,2111.3,47.5,80.27,82.93,88.2,26.45,114.5,6,1.008,893.5,2.76,1129.8
745.8,89.01,96.28,1668.8,30.9,22.27,24.52,48.2,4.14,31.35,6.6,1.004,570.9,1.4,416.4
1878.4,92.47,101.33,2006.9,42.3,70.9,74.73,84.2,18.25,100.18,4.5,1.013,819.9,2.06,914.1
2070,92.1,101.29,1950.7,42.9,72.29,73.86,82.5,18.5,91.05,3.1,0.99,866.7,2.3,1093.7
2784.4,88,99.94,1906.5,44.1,46.51,50.57,65,19.62,69.07,8.8,1.009,815.3,2.54,1266.9
1761.2,89.15,98.39,1845.9,34,28.84,35.26,54.7,10.86,39.13,9.9,0.985,757,1.93,1067.6
1984.9,89.99,97.16,1974.2,41.2,68.52,73.35,81.1,18.49,91.54,3.6,0.973,935.9,2.25,1032.4
1457,90.22,104.3,1806.2,36.5,27.74,34.69,53.2,9.21,43.71,8.3,0.998,644.7,1.82,848.6
4740.7,94.14,100.73,1994.9,51.2,31.08,35.73,53.6,28.01,44.67,16.4,0.982,981.9,4.01,1505.9
749,90.94,103.87,1829.9,34.5,46.52,54.56,68.2,5.44,62.17,3.3,1.009,715.6,0.92,458.9
2124.7,44.41,43.27,1939.9,41.7,53.43,57.56,70,16.53,73.77,7.7,1.02,831.1,2.92,1065
1269.9,49.47,48.52,1916.3,35.5,55.26,60.62,73.4,10.25,71.4,6.8,0.981,826.8,1.69,755.1
890.8,88.58,98.78,1837.6,37.6,43.92,47.75,63.3,6.53,57.78,4.9,1.015,664.1,1.12,481.7
3693.5,98.13,108.91,2069.9,40.9,78.57,80.33,86.9,35.59,113.38,6.3,1.001,1034.6,2.99,1502.7
3154.8,88.22,96.22,2032,50.8,65.5,72.71,80.7,28.59,105.63,8.3,1.006,930.9,2.95,1374.4
866.1,87.96,96.91,1880,38.6,65.68,70.79,80.5,7.67,85.06,2.6,1.025,743.8,1.35,472.8
3027.2,96.53,105.06,2063.2,47,66.81,69.57,77.7,25.3,93.95,9,1.003,930.8,2.6,1311.7
807.3,92.38,100.15,1869.2,33,64.26,69.26,77.4,6.82,82.37,2,1.01,778.1,1.16,467.9
2748.1,94.66,103.3,2022.9,45.9,62.98,67.46,74.8,22.79,87.84,7.5,1.017,914.6,2.42,1314.7
2817.5,91.67,104.97,2019.6,44.9,54.13,59.11,70.2,23,81.04,8.2,0.991,872.3,2.77,1160.2
2493.6,90.04,97.36,1809.1,35.5,18.07,19.96,44.3,12.28,26.92,12,1,723.6,2.66,1072.9
1353,41.66,42.74,1920.5,38.7,57.68,62.42,74.3,11.49,74.94,5,0.987,742.9,2.22,789.4
1719.9,90.6,101,1874.4,42.3,42.1,48.73,64.8,12.48,65.09,8.2,1.01,715.4,2.18,897.4
730.9,87.04,93.17,1736.6,34.7,25.52,29.06,48.8,4.36,38.3,8.8,0.995,544.9,1.24,391.3
1449.5,92.66,102.01,1701.4,33.1,17.11,19.89,44.7,7.03,24.45,8.7,1.002,686.7,1.91,905.3
1727.9,89.84,101.04,1782.7,37.4,21.55,27.22,46.7,9.04,33.87,8.3,1.022,673.7,1.86,972
3413.1,93.75,106.02,2099.9,51.1,73,76.67,85,30.42,98.8,9.1,0.966,1102.6,2.46,1639.7
2027.8,93.21,101.29,1840.6,37.8,30.3,38.65,56.2,12.54,46.15,7.1,0.966,773.3,1.63,1070.6
2661.5,91.12,101.23,2010.7,46.5,48.79,58.5,71.5,22.02,78.35,8,0.998,828.2,2.59,1089.9
2137.9,90.79,98.56,1830.2,40.8,21.35,26.95,46.8,11.65,34.19,12,0.987,687.4,2.28,994.2
2169.4,94.89,103.59,1928.4,33.8,50.69,56.94,70.2,17.52,78.48,8.2,0.999,770.5,2.43,1041.7
2237,92.29,102.61,1824.9,38.4,28.77,37.96,55.9,15,50.94,9,1.034,720.5,2.36,1005.6
2234.2,92.15,101.14,1942.3,44.3,43.02,48.73,62.4,15.7,63.07,7.4,0.992,766.8,2.22,1020.9
2800.4,92.35,104.05,1814.6,42.1,21.02,26.8,45.7,14.97,36.69,13.6,0.995,735.3,2.79,1169.6
3418.4,92.07,105.08,2084.2,44.7,78.92,82.25,87,33.8,110.33,6.1,0.986,1048.9,3.02,1433.1
2854.9,93.43,101.92,1934.3,42.5,47.25,52.89,69.7,22.33,68.87,8,1.013,823.8,2.96,1226.1
1764,92.81,107.66,1816.4,37.5,23.89,27.17,48.1,8.99,31.4,12.1,1.013,702.1,1.8,989.7
3727.3,93.04,104.19,1994.1,43.1,28.07,34.57,53.4,22.21,48.05,14.5,1.017,869.2,3.09,1489.7
2698.4,92.43,101.94,2056.3,42.3,69.01,72.37,79.6,24.4,97.28,6.8,0.995,860.5,2.77,1110.4
2908.6,92.43,101.56,2009.8,43.9,56.53,61.82,73.8,25.19,83.82,8.6,0.989,859.2,3.01,1161.1
1854.9,97.63,111.9,1769.4,39.1,16.58,22.6,45.5,9.41,25.53,9,0.948,806.9,1.72,1051.1
2630.5,89.27,96.57,1919.5,36.9,36.18,42.75,59,17.23,63.35,10.7,1.008,785.9,2.77,1107.9
1633.5,90.42,102.56,1948.7,35.6,66.54,69.29,80.5,15.44,88.31,4,0.993,795.6,1.43,894.2
3333.5,88.11,102.71,2085.5,42.9,66.78,73.89,81.9,29.17,107.58,9,1.012,947.7,3.02,1329.1
3559.8,95.2,104.38,1849.9,44.7,13.18,14.23,38.3,15.64,22.27,16.8,1.012,770.1,3.28,1394.8
3276.3,93.81,105.27,1926.4,39.9,37.74,42.26,60.2,22.78,61.04,12.4,1.003,812.2,2.98,1320.1
4499.4,92.07,101.56,2069.7,52.9,45.21,49.71,63.6,31.17,67.44,13.7,1.001,986.8,3.98,1515.3
815.8,91.22,98.71,1763.1,35.3,12.11,14.34,39.1,3.79,17.42,10.9,0.992,585.3,1.67,436.1
771.5,89.03,98.72,1833.3,37.2,43.56,49.03,64.8,5.74,60.52,4,0.994,630.4,1.81,404.3
3623.1,94.56,105.07,2016.4,44.9,52.36,56.39,70.7,28.76,80.41,11.5,1.005,898.3,2.99,1489.1
3060.9,93.85,103.83,1870.9,44.8,26.75,30.55,51.4,17.27,44.48,13.7,0.986,836.8,2.52,1317.3
3353.3,100.93,111.91,1986.8,44.2,32.07,35.74,56.1,19.01,42.11,13.9,0.996,963.8,2.04,1512.1
2749.1,96.02,105.48,1911.3,43.7,22.94,24.92,47.3,14.33,34.77,13.9,0.953,820.1,2.55,1249.6
2851.9,93.13,100.37,1964,36.5,60.71,66.07,76.6,24.72,90.02,7.3,1.003,903.4,2.8,1314.5
2594.7,94.63,107.53,1913.2,39.9,45.57,51.5,63.8,19.24,67.06,7.7,0.988,860.8,2.13,1193.2
820,86.1,94.54,1877.9,35.1,47.29,53.46,70.2,6.54,65.07,5.2,0.987,704,1.15,483.9
1962.1,98.5,110.18,1951.3,39.9,69.3,71.28,77.9,17.53,85.12,5.4,0.97,932.9,1.89,1127.3
2525.1,92.58,99.93,1832.2,36.9,22.49,25.38,46.7,13.67,33.73,11.3,0.988,694.1,2.65,1079.5
792.8,90.95,99.75,1818.8,30.2,37.47,44.69,61.3,5.84,55.76,7.4,0.996,668.5,1.38,436.5
777.9,98.68,112.37,1772.7,35.2,42.65,46.68,63.5,5.21,48.73,4.7,1.011,730.9,0.96,487.3
781.7,96.68,108.11,1757.6,30.9,24.91,29.01,49.3,4.31,34.51,7.1,0.98,644.1,1.4,450.2
4080.5,95.77,110.96,2049.4,49.6,53.44,60.56,73.1,32.87,85.47,10.8,0.977,1014.8,3.5,1542.7
3609.6,96.49,108.61,2081.1,52.2,50.47,56.9,70.2,26.31,77.84,9.9,0.946,1077.4,3.03,1635.1
883.2,92.83,99.05,1783.4,34.4,34.42,38.12,55.8,5.56,46.86,5.6,1.029,649.2,1.39,463.5
1820.5,93.72,100.48,1919,39.9,56.36,62.11,73.8,15.13,78.03,6.7,1.018,790,1.7,979.4
820.4,95.42,102.6,1832,34.7,31.2,37.26,57.9,5.62,45.21,7.5,0.985,622.9,1.47,476.4
729.7,91.18,102.53,1717.9,32.7,23.42,26.89,48.4,4.09,28.04,8.1,1.019,564.9,1.32,431.5
4377.2,90.18,103.38,1952.8,52.4,21.06,25.52,48.7,21.82,33.87,16.5,1.014,898.2,3.02,1589.2
2533.4,94.47,109.62,1906.4,38.4,41.86,48.21,63.2,17.2,57.07,9.4,1.027,813.1,2.08,1157.4
2547.9,95.75,106.49,1943.3,40.9,43.97,50.63,66.1,19.43,64.27,10.5,1.015,821.3,2.71,1135.6
2970,92.93,104.34,1969.9,45.3,49.94,56.67,69,22.53,77.18,8.7,0.997,877,2.86,1300.4
3223.1,89.16,100.05,1803,41.7,21.58,22.12,47.7,17.76,35.38,14,1.025,779,2.87,1343
4453.8,93.52,101.82,1974.7,48.6,33.26,38.4,55.6,26.83,53.45,17,0.995,931.8,3.91,1466.7
2673.7,88.89,99.81,1936.9,37.4,49.34,54.12,67.1,19.58,72.79,8.4,0.995,837.2,2.82,1184
2066.5,89.71,97.04,2052.5,37.3,59.29,66.17,75.1,17.76,83.81,8.4,0.988,818.3,2.36,991.7
892.1,90.42,99.87,1822.6,34.5,24.87,31.8,54,5.66,37.07,8.5,0.99,666.9,1.33,486.2
2066.1,93.43,105.16,1692.9,35.6,12.7,13.14,38.1,9.33,18.14,11,1.014,656.9,1.99,1132.8
2843,89.14,99.28,1958,41.4,42.91,50.5,66.2,20.78,74.02,10.4,1.023,788.2,2.92,1223.1
3034.9,90.81,99.61,2011.7,46,56.29,59.92,69.5,23.26,84.53,9.3,0.999,852,3.05,1248.6
2207.7,90.07,97.78,1803,39.8,21.82,24.29,44.7,11.76,34.18,13.3,1.017,645.5,2.68,985.9
2736.9,95.29,102.85,2006.1,45.5,56.6,60.21,70.9,22.13,86.74,9,1.005,832.6,2.65,1103.9
825,87.69,98.86,1704.9,33.5,14.34,17.26,42.5,4.28,20.96,8.3,1.004,545.6,1.43,454.8
1976.2,87.56,99.54,1778.7,38.4,21.66,25.1,49.3,10.08,29.74,10.9,1.012,679.3,1.98,1000.6
3117,92.13,106.16,1800.6,43.3,26.91,31.36,52.3,17.51,39.51,12.2,1.044,770.4,2.33,1395.7
3241.8,95.69,105.61,2011.6,43.5,51.06,58.43,68.7,24.82,82.51,9.6,0.997,875.1,3.28,1314.5
3945.9,93.99,101.57,1893.5,42.5,22.91,27.77,49.9,21.25,36.23,16.2,1.025,900.8,3.5,1513
3215.4,92.67,105.49,1986.3,44.3,37.94,45.79,60.9,21.79,59.41,11.7,0.986,883.4,2.67,1402.1
3184.9,96.91,104.17,2054,43.3,56.49,61.42,73.8,26.22,82.96,11.3,1.012,951.5,2.82,1377.4
3190.2,94.84,107.26,2166.6,51.3,78.53,82.25,89,29.8,108.41,7.3,0.94,1117.6,2.87,1372.4
779.4,91.41,101.18,1750.6,29.5,25.56,31.34,52.6,4.78,35.33,7.8,1.008,661.5,1.21,451.8
4004.7,94.94,107.97,2061.6,45.4,42.07,49.97,64.1,27.08,67.57,11,0.95,1088.6,2.81,1655.6
2210.7,92.69,100.48,2028.4,40.9,57.92,61.31,72.1,16.85,72.44,7.8,1.001,911.9,1.61,1119
2208,92.03,102.26,1780,40.9,17.36,20.15,44.7,11.08,25.56,12.4,1.021,672,2.09,1041.9
2031,94.36,100.25,1803.8,40.9,35.49,45.38,62.9,14.76,57.03,5.2,0.967,755,2.07,1046.6
1904.3,95.89,106.57,1871,40.2,30.7,34.66,55,12.25,39.93,9.9,0.987,756.7,1.92,1017.4
2647.1,88.79,100.72,1973.1,37.4,46.98,55.22,66.7,20.24,76.61,9.4,0.988,840.9,2.59,1096.6
1597.8,94.79,103.69,1849.7,36.9,38.97,44.98,62.1,11.31,56.17,6.4,1.018,773.5,1.84,968.7
3449.6,92.15,100.97,2082.1,40.7,61.53,65.46,74.1,28.64,87.65,10.4,0.966,927.1,3.14,1431.3
2012.6,94.38,102.74,1831.4,39.5,44.89,49.46,63.6,14.42,63.7,6.5,1.01,782.5,2.25,1026.1
2325.3,89.34,96.53,2019.8,42.3,68.75,73.6,81.2,22.59,99.83,6.7,1.01,837.3,2.55,1006.3
786.8,91.77,101.36,1684,35,16.65,21.28,45.2,3.79,23.56,7.8,1.036,586.1,1.07,474.7
4347.1,90.38,98.95,2140.1,49.1,74.78,79.34,85.4,40.43,114.4,10,1.018,1067.3,3.82,1475.7
3210.1,88.38,99.34,1929.3,41.2,27.09,32.07,50.5,18.64,47.14,12.8,1.015,800.8,3.18,1323.9
1770.5,92.62,100.43,1957,36.6,56.71,62.73,73.8,14.82,77.14,5,1.018,816.1,1.61,1030.4
2303.1,94.29,103.56,1970.9,41.2,63.05,65.54,73.6,18.57,81.52,6.8,0.997,914.7,2.42,1085.5
740.8,93.35,109.27,1916,34.1,59.58,62.99,73.8,6.05,78.55,3.6,1.006,731.3,1.36,424.1
1784.5,89.6,102.05,1927.6,39.8,62.31,66.98,78,16.04,83.04,3.7,1.012,814.5,1.85,939
1379.6,93.07,101.78,1770,32.5,19.97,23.18,44.2,7.02,26.02,9.3,0.999,669.8,1.43,855.5
828.6,91,98.77,1724.3,32.9,18.71,19.39,43.6,4.13,23.88,9.6,1.006,601.5,1.44,465.4
2320.7,94.3,104.66,1959,37.1,47.45,52.49,67.1,17.96,65.68,8.2,0.972,892.5,2.28,1113.8
2734.1,89.17,102.68,2003.6,45.6,56.54,61.94,75.7,22.85,82.33,9.4,1.02,865.7,2.74,1140.5
843,92.99,101.39,1758.9,28.8,24.25,28.88,51.6,5.21,33.09,8.8,1.006,575,1.22,442.9
1872.1,89.26,100.76,1861.8,34,36.11,42.5,58.8,12.97,55.42,8.5,0.988,728.5,2.22,928.7
2726.8,91.2,100.9,1956,37.8,50.49,52.03,66.3,20.58,66.4,9.8,0.989,860.9,2.67,1118.8
4507,94.94,106.66,2062,47.1,45.22,50.76,65.4,33.07,73.63,13.8,0.991,1014.8,3.69,1569.8
2569.6,93.43,101.62,1917.6,40.8,48.42,53.32,65.4,19.36,74.14,8.3,1.002,817.3,2.76,1082.7
2792.6,94.96,104.91,1803.9,37.1,17.89,22.91,46.6,15.71,30.92,13.1,1.008,759.5,2.67,1165
1973.1,90.33,99.18,1938.2,34.9,56.45,63.16,74.1,17.08,83.97,4.5,0.99,790.4,2.36,935.9
2451.5,89.48,97.38,1874,40.6,36.61,38.67,56.9,16.68,52.65,10.4,1.003,723.3,2.73,1035.5
2308.4,95.4,106.47,1813.9,38.5,24.35,29.59,49.9,14.09,38.39,10.8,1.009,700,2.55,976.1
2180.9,91.25,99.4,1874.6,43.4,26.67,33.44,52.9,13.05,46.08,9.6,0.983,729.7,2.54,1020.3
1861.4,94.62,105.64,1868.3,40.7,41.4,49.41,65,12.94,61.38,7.7,1.008,799.8,1.87,1020.5
2022.5,94.93,104.68,2012,42,72.96,78.07,85.4,18.72,95.55,3.6,0.997,897.9,2.06,1032.7
1788.9,91.75,98.6,1904.1,37,55.72,60.67,71,14.49,78.99,6.6,1.032,760.1,1.95,912.7
3110.7,91.82,104.09,1864.3,45.8,14.59,18.76,43.7,14.34,22,14.5,1.008,838.3,2.84,1465.5
2921.7,48.06,48.74,1930.3,43.8,34.77,37.17,55,17.91,47.91,11.9,0.981,883.5,2.86,1282
2639.3,96.43,106.62,1872.1,39.9,27.16,30.63,53.2,14.79,39.01,12.5,1,777.8,2.1,1214.9
3838.6,90.56,95.45,2079.3,51.4,58.92,65.05,74.7,32.08,95.88,11.7,1.024,930.2,3.85,1407.4
2021.5,96.32,109.4,1918.5,39.7,69.47,73.82,84.6,18.37,86.83,2.9,0.981,945.4,1.47,1153.7
1960.7,90.97,100.51,1942.5,37.6,56.21,60.36,73.4,15.95,73.52,6.7,1.013,799.3,1.79,1046.7
1846.2,96.79,109.44,1813.3,37.3,27.82,32.3,52.4,10.49,37.98,9.9,0.989,710.1,2.06,1012.8
1614.8,88.48,97.75,1796.8,37.7,24.97,30.71,52.6,9.18,35.95,9.2,1.006,676.9,1.51,940.9
1903.4,90.67,97.25,1972.2,38.5,77.59,79.38,85.4,18.97,98.52,3.9,1.002,841.7,2.02,943.2
2641.8,92.04,99.79,2049.4,39.4,82.48,84.6,90.3,27.13,111.22,4.7,1.004,912,2.51,1139.1
2239.3,88.42,99.78,1777.7,32.8,15.43,16.83,40.9,10.75,24,13,1.022,652.6,2.55,985.4
3707.5,92.78,106.71,1881.4,42.3,15.46,18.02,41.8,17.98,30.61,14.8,1.01,782.3,3.37,1384.7
2892.1,95.04,109.55,1969.9,42.9,55.76,58.43,71,23.02,77.15,9.1,1.002,892.4,2.33,1283
876.4,92.32,101.64,1714.8,32.5,20.68,25.03,48.8,4.77,29.33,8.5,1.008,576.3,1.4,497.5
2764.3,93.52,105.04,1917.8,37.5,44.78,48.81,64.7,19.86,64.76,12.2,1.02,843.2,2.58,1265.8
3213.3,90.39,102.82,1923.6,45.5,27.34,33.27,52.3,18.81,47.21,14.1,1.004,804,3,1357.8
3618.4,93.68,102.25,2062.7,48,66.17,71.46,81,29.86,97.31,9.1,1.025,987,3,1533.3
4750.7,92.78,99.72,2001,46.8,27.59,30.22,53.7,27.73,44.52,18.8,1.001,916.5,4.42,1486.3
2336.8,89.27,99.03,1862.2,44.5,34.24,37.68,56.2,15.23,49.78,9.4,0.994,744.9,2.57,1040.3
3560,93.82,102.93,2264.7,52.5,86.28,88.97,92,37.19,128.59,9.3,0.881,1028.2,3.27,1423.9
2424.8,88.49,97.24,2041.1,40.6,71.4,74.58,81.9,23.18,100.83,6,0.996,869.5,2.51,1025.1
2036.3,93.66,107.21,1969.3,38.4,56.36,61.13,73.4,16.79,73.63,8.5,1.026,817,1.56,1086.3
2043.4,95.95,109.02,1835.7,36.9,32.5,37.39,53.2,12.65,48.56,10.7,1.007,739.3,1.61,1006
1992.9,88.23,97.25,1877.2,39.8,57.39,60.47,71.2,17.51,77.67,6.4,1.023,770.3,2.4,916.9
2316.2,92.81,100.16,1836.2,39.7,26.39,30.32,48,13.33,39.17,11.9,0.988,697.3,2.75,1026.1
2536.8,92.27,106.82,2098.2,41.7,63.1,66.9,76.7,21.24,82.71,8,0.968,988.1,2.19,1197.9
3535.5,91.19,101.01,1897.8,43.8,28.95,34.97,54.1,21.66,53.62,13.6,1.031,814.4,3.33,1407.9
2106.8,94.99,107.39,1908.8,35.3,59.12,64.8,74.6,18.83,84.71,6.2,1.002,828.2,1.96,1032.4
2244.3,91.12,100.75,1959.5,37.6,49.89,57.51,69.3,17.87,74.6,8.7,1.009,814.1,2.2,1032.7
2269.2,94.39,106.49,1968.3,38.9,61.43,63.68,75.8,18.64,69.5,8.6,1.007,891.9,1.93,1194
2652.7,98.07,110.72,1908.8,43.1,32.83,37.45,54.6,15.48,43.06,9,0.994,813.9,2.23,1155.3
2607,48.24,48.27,1939.5,40.6,43.63,47.52,64,19.13,63.3,10.7,0.999,774.5,3.65,1091
2697.3,93.5,101.43,1932.3,40.3,45.03,47.94,63,17.93,61.72,10.6,1.017,890,2.43,1180.6
1472.5,90.89,100.29,1883.7,39.4,41.86,46.68,62.4,10.53,56.12,6.1,0.999,737.3,1.68,857.3
2744.9,55.1,56.47,1837.3,40.6,30.23,34.45,54.2,16.24,50.13,10.8,1.012,749.2,3.19,1192.8
1995.6,91.84,99.94,1893.8,37.6,39.68,45.92,60.8,13.95,58.88,9.2,1.014,733.3,2.06,948.5
2293.2,93.79,104.62,1838.1,42,28.36,32.87,54.6,14.25,43.53,10.9,1.018,731.8,1.8,1085.5
2272.3,90.44,101.98,1868.4,45.6,37.59,42.74,59.3,15.27,55.22,11,1.037,737.4,2.54,996
2292.4,94.82,105.48,1904.5,38.4,38.84,47.84,64.8,16.14,60.54,7.6,1.009,795.9,1.86,1087.2
3218.5,88.97,100,1919.4,48.9,37.33,42.96,60.4,20.93,60.88,11.5,0.995,838,2.94,1396.2
1964.6,93.39,101.01,1816.4,37.9,32.77,38.74,53.3,11.93,47.22,7.3,0.987,715.7,2.02,972.5
2393.2,92.54,104.11,1919,39.3,32.35,39.35,59.6,14.84,49.4,12.4,1.017,818.3,1.85,1243
2568.3,89.69,98.37,1784.4,42.5,13.86,14.52,38.1,11.2,23.28,14.2,0.98,700.7,2.81,1023.3
2597.8,69.21,70.48,2080.5,44.9,87.28,87.16,92.4,27.02,115.31,4.6,0.912,930,2.77,1110.4
2518,86.44,93.98,1935.2,37.3,37.86,41.18,57.9,17.11,57.72,13.1,1.01,733.5,2.85,1049.7
830.6,91.67,100.87,1819.5,31,42.35,47.38,61.8,5.89,56.3,4.7,1.019,645.4,1.14,465.3
869.1,88.94,101.1,1819.9,35.8,44.09,50.73,65.8,7.08,61.88,5.8,0.997,645.1,1.16,436.3
826.1,90.81,98.27,1926.3,34.2,56.01,61.63,71.9,6.66,69.7,1.4,0.961,802.3,1.17,509.2
3138.7,88.08,98.33,2005.2,46,64.16,64.91,73.9,26.02,95.2,8.6,1.022,888.3,3.42,1261.8
3250.8,92.87,102.27,2022.3,46.9,51.2,58.22,70.8,25.21,77.99,11.9,1.008,888.9,2.93,1421.5
2235.4,88.95,98.07,1829.2,42.5,23.25,30.65,49.7,12.66,41.57,11.8,1.018,684.7,2.56,1019.3
2155.4,93.28,104.22,1830.6,42.1,38.3,46.06,63.8,15.79,58.49,8.3,1.029,757.4,2.13,1022.7
2723.6,94.62,102.7,1885.6,42.2,29.64,29.19,52.2,15.69,33.36,12.1,1.015,759.1,2.47,1162.3
3630.5,44.37,43.08,1988.4,43.5,36.03,42.5,60.4,22.73,54.01,13.5,0.975,930.4,3.58,1670.1
4132.1,98.19,111.27,2057.6,45.8,76.04,80.2,87.6,38.02,112.08,10.4,1.017,1042.4,2.79,1618.7
2874.8,88.74,99.02,2072.2,45.8,66.64,70.43,80.9,26.22,97.95,7.1,1.038,905.1,2.99,1246.7
1995.1,88.44,101.29,1860.4,44.6,34.76,41,57.1,13,48.03,8,1.018,755.6,1.31,1054.5
2309.2,88.76,97.92,1873.4,46,68.95,71.81,79.2,20.12,96.5,3.9,1.015,842,2.65,988.9
3129.6,91.31,101.94,1849,39.6,26.81,32.2,53.4,18.27,44.68,12.3,1.006,829.3,2.75,1403.4
2413.9,91.72,101.84,1902.7,36.3,56.26,61.48,72.1,19.26,82.11,5.8,1.009,835.5,2.18,1058.3
1780.8,92.23,100.03,1841,40.7,33.24,38.87,57.2,12.04,50.6,8.9,1.018,682.7,2,922.1
3131.7,92.83,105.99,1861.2,47.6,14.36,18.66,40.9,13.5,27.81,14.5,0.99,753.2,2.61,1287.5
844.4,87.86,93.63,1758.7,35.3,27.26,31.27,51.9,5.09,37.97,7.3,1.003,563.1,1.44,438.9
2025.1,93.8,105.33,1731.7,37.1,12.03,14.74,39.3,8.88,17.33,12.6,1.032,650.6,1.79,985.8
2627.8,97.5,108.48,1844.2,41.1,25.03,27.31,48.7,14.76,32.83,12.4,0.997,781.5,2.26,1152.7
2677.7,96.41,108.15,2181.8,47.2,89.27,92.24,93.8,27.33,126.71,3.3,0.865,973.6,2.48,1215.3
2737.1,94.28,103.92,1942.3,39.8,49.93,54.36,66.2,19.62,66.17,8.6,1.015,867.6,2.33,1169
4151.3,92.59,100.5,1989.9,46.4,21.36,26.37,48.4,22.05,40,18.1,1.022,864.9,3.62,1528.5
3577.2,91.83,100.32,2049.8,44.5,69.05,70.88,80,32.43,102.06,9.9,1.011,930.9,3.13,1401.6
2104.7,92.94,103.45,1985.5,40.5,55.63,61.01,70.1,16.02,74.28,6.4,1.011,870.1,1.83,1076.3
3207.8,92.69,103.03,1840.1,41.2,16.88,18.77,41.6,15.12,25.28,15.3,0.996,738.9,2.79,1368.5
3656.4,93.27,102.26,2041.7,44.8,70.31,75.04,82.6,32.85,102.78,6.6,1.009,1003.2,3.28,1436.5
3596.2,53.06,52.71,2008.6,51.4,37.97,45.58,62.1,23.6,61.97,12.9,1.015,910,3.64,1581.3
2256.4,90.72,104.76,2013.6,41.7,53.92,58.74,70.3,17.71,69.83,9.6,0.985,880.9,2.09,1076.5
3039.5,95.13,106.04,1929.9,40.4,58.89,61.9,70,24.06,85.79,8,1.008,894.8,2.77,1405.9
2820.3,93.18,102.79,1909.1,47.3,38.31,43.35,57.7,18.65,61.24,10.3,1.005,823.1,2.8,1183.3
3357,93.28,101.6,2054.7,43.8,53.73,59.66,72.2,27.23,83.53,11.1,1.011,903,3.21,1258
1950.2,94.66,106.69,1893.2,38.2,48.71,56.13,69.2,15.04,72.16,6.9,1.008,764.4,2.1,922.3
3253.7,96.67,103.23,1860.9,41.3,10.62,14.2,40.5,14.91,20.92,14,0.984,809.1,2.94,1355
2648,86.41,94.53,2020.2,42.2,52.49,59.35,72.5,22.43,79.7,8.9,0.988,847.3,2.85,1144.4
827.4,89.15,95.59,1687.6,39.3,13.94,17.39,40.3,4.03,23.2,9.1,1.018,515.9,1.52,417.3
798.1,95.07,105.75,1815.9,29.5,29.36,37.39,56.4,4.99,44.37,7.9,1.025,654.9,1.29,487.8
2527.7,95.83,105.33,1924.1,40.6,36.27,44.2,62.5,16.25,56.91,8.2,1.009,815.9,2.11,1153.2
2166.6,92.72,105.46,1869.2,38.6,26.46,32.26,53.1,13.43,39.58,11.4,0.996,714.9,2.17,1054.9
2395.5,90.67,99.37,1810.7,42.4,17.9,20.1,43.6,11.75,29.35,13,1,670.5,2.68,1037.2
2414.6,91.37,103.09,1942.3,39.2,36.95,41.02,57.8,16.56,52.21,11.3,0.987,736.4,2.7,1007
3013.7,92.8,103.38,2014.5,47.6,52.42,54.76,66.7,23.38,80.81,9.1,1.001,836.8,2.86,1248.1
3446.3,94.96,103.33,1990.4,39.7,52.12,56.17,67.9,26.97,81.06,11.4,1.004,877.4,3.3,1360.9
3565.2,89.72,102.25,1895.4,47.3,20.46,26.58,48.3,19.21,36.83,13.5,0.975,897.7,3.27,1576.3
3696.8,90.09,95.83,2033.4,46,51.37,55.46,70.2,29.6,82.14,13.5,1.031,904.6,3.67,1359.7
1540,94.34,106.3,1842.5,39.3,35.39,42.02,59.2,10.29,50.83,6,0.976,788.1,1.65,930.6
1974.3,90.84,101.15,1861.6,40.4,45.43,49.43,66.1,14.53,60.72,8.1,1.005,796.8,1.96,1032.8
841.5,91.76,100.46,1795.5,29.9,36.59,39.71,56.9,5.67,47.96,5.9,1.007,624.9,1.47,459.3
3530.4,92.22,105.16,2091.5,44.2,77.67,79.94,83.4,32.89,110.37,6.3,0.985,1023.8,2.98,1431.1
3562.6,94.52,104.83,2083.7,40.2,77.69,80.27,85.3,34.47,112.43,6.8,1.014,1008.4,2.9,1440.5
2356.5,89.78,102.38,1961.3,40.7,53.34,58.36,69.6,18.39,77.28,6,1.016,806,2.7,1011.6
797.6,87.7,98,1751.3,31.1,33.43,39.06,57.4,5.38,49.3,5,1.012,616.5,1.35,443.3
1956.8,97.54,107.27,1840.2,37.8,30.33,35.5,54.4,12.42,42.67,10.2,0.998,717.8,1.97,982.3
2330.1,91.46,102.28,1832.6,38.6,16.6,20.58,43.9,11.45,27.44,13.6,0.991,720.8,2.3,1067.9
2701.4,96.32,109.9,1788.1,41.4,10.11,10.97,39.3,11.7,15.64,12.9,0.975,782,2.63,1238.5
2900.8,87.69,98.58,1994.3,40.7,52.09,58.99,71.4,24,79.03,9.3,1.004,863.1,2.8,1263.4
3124.1,91.32,100.75,1907.3,43.5,62.96,67.63,78.1,27,95.97,5.4,1.014,924.7,2.81,1379
2916.1,91.86,99.89,1845.2,41.6,23.7,26.08,49,17.03,37.65,12.7,0.996,724.9,3.06,1161.5
3548,93.03,99.25,1959,41.2,29.77,35.1,55.6,22.66,48.74,14.5,1.006,816.1,3.66,1391.4
3061.2,89.11,97.86,1906.4,40.8,34.74,39.4,58,20.66,54.96,11.6,0.986,812.3,3.08,1277.9
4037.9,94.67,103.67,2128.8,46.8,52.63,57.94,69.4,30.26,72.19,13.3,0.937,1104.1,2.86,1683.1
2625.2,86.18,94.15,1827.1,37.5,27.83,33.29,51.7,16.46,46.8,12.9,1.014,732.3,2.84,1065.9
3195.5,92.32,103.82,1878.6,45.1,22.42,25.72,47.6,16.75,33.91,14.8,0.997,792.1,2.88,1342.1
2602.4,93.76,108.24,1880.4,43.5,54.45,57.49,72.7,21.99,73.64,8.8,1.007,838.2,2.11,1199.8
3892.9,93.42,101.32,2033.6,40.3,47.28,51.72,64.1,28.4,72.83,12.5,1.021,898.5,3.68,1409.2
2461.2,85.89,94.12,1825.2,37.7,21.74,26.05,44.7,13.16,37.35,11.3,1.01,691.4,2.7,1008.3
2485.8,89.84,101.1,1932.2,38.3,39.55,46.64,61.5,16.29,57.06,8.9,0.986,873.3,2.41,1187.4
2802,97.49,108.11,2121.6,44.1,66.25,71.38,79.6,24.64,93.79,9.7,0.997,875.4,2.72,1205.4
2555.8,93.86,105.86,1929.6,40.7,38.59,44.09,60.2,16.98,58.42,9.3,1.001,806.4,2.3,1252.2
3201.1,96.72,110.83,1926.5,48.8,81.91,83.94,88.3,30.34,111.4,2.6,0.974,1033.9,2.8,1451.3
3450.4,87.9,97.84,1945.6,46.2,41.24,47.19,61.9,24.27,62.65,11.4,1.015,875.1,3.1,1488.1
2457.2,91.78,102.69,1764.8,36.5,20.32,24.31,45.3,12.87,34.78,11.9,1.02,686.8,2.45,1049.4
2040,91.32,97.8,1861.7,39.8,31.61,37.97,55.5,13.23,44.91,10.8,1.021,715,2.39,983.6
2328.8,90.35,106.13,1772,37.2,22.47,27.3,50.3,13.13,34.09,9.7,1.028,710.8,1.95,1064.9
832.7,64.96,62.03,1701,27.7,24.52,29.36,49.9,4.84,34.84,6.7,0.995,623.9,1.75,492.2
2492,90.45,98.85,2038.1,43.2,70.71,76.89,84.1,23.22,100.74,6.3,1.014,884.5,2.41,1080.7
1684.2,93.74,101.97,1946,33,60.34,63.44,74.5,14.02,75.13,4.3,0.938,922.5,1.87,979.9
2617.6,94.77,104.66,1933.7,34,29.19,33.73,55.5,15.53,42.95,11.9,0.978,844.8,2.16,1229.5
4195.5,90.7,100.07,1943.9,48.4,24.12,28.8,47.6,22.28,45.39,16.2,0.958,898.8,3.99,1489.6
2473.8,91.96,101.17,1957.4,46.8,67.36,72.26,81.2,20.67,93.5,6,0.999,922.7,1.7,1135.8
4485.7,95.87,104.78,1926.5,50.2,14.68,16.28,40.6,18.78,20.46,18.6,0.997,900.9,3.61,1584.4
2308.9,63.81,64.61,1898.9,41.4,44.84,49.03,64.2,16.19,62.82,9,0.994,804,2.23,1090.9
2603.6,87.75,102.63,2023.2,35.9,58.22,63.98,74.7,20.67,77.03,8,0.993,979.2,2,1301.9
2757.7,93.02,101.34,1890.5,45.3,28.12,34.62,53.3,16.83,46.12,11.6,1.028,764.8,2.88,1186.9
3945.3,98.35,104.99,2019.7,46.9,37.46,43.81,61.2,27.15,58.68,15.4,0.996,929.3,3.45,1514.5
3299.3,93.94,100.27,1806.2,40.8,15.53,17.2,39.9,15.6,26.95,16.3,1.01,713.4,3.33,1285.1
1996.4,96.1,105.78,1842.8,42.5,32.35,37.63,56.2,12.62,46.04,8.9,1.016,745.2,2.37,1014
2644.2,96.92,107.47,1825.7,37.4,34.59,39.95,60.4,17.13,51.21,10.5,1.041,799.8,2.03,1225
3079.1,94.6,102.65,1990.5,40.8,27.14,33.73,54.1,17.65,43.12,12.9,0.949,910.5,2.5,1446.1
3302.2,93.32,100.98,2046.2,47.8,64.37,69.78,80,29.23,98.33,10.3,1.028,936.8,3.09,1388.4
2400.5,62.11,63.15,1930.7,40.7,57.56,63.13,73.5,20.07,79,6.2,1.001,863.7,2.7,1093.6
722.4,91.67,103.03,1864.7,31.1,53.9,59.28,71.8,5.83,66.54,3.5,0.987,772.3,1.03,462.2
3662.3,94.89,102.43,2205,44.6,83.32,86.65,88.8,37.35,121.63,8.4,0.921,1029.9,3.5,1427
3798.4,95.45,104.17,1935,44.3,20.26,21.73,48,20.44,30.12,16.8,1.006,833.4,3.13,1487.2
1726.6,94.63,104.91,1745.3,35.9,15.48,17.69,42.1,7.78,22.11,12.3,1.007,679.7,1.66,971.9
724.8,90.76,98.25,1819.1,31.7,41.76,49.73,65.8,5.63,61.64,5.1,0.999,643.1,1.51,398.8
2244.6,90.76,100.45,1859.3,40.6,39.43,43.71,57.1,14.87,60.01,9.5,1.017,797.5,2.14,1087.5
1790.3,92.31,101.85,1926.4,36.6,58.45,63.68,75.3,16.03,82.13,4.3,1.037,772.1,2.14,896.1
2633.4,91.9,101.65,1849.3,41.1,27.29,32.3,54.3,16.92,46.83,9.9,0.996,734.8,2.56,1106.5
2371.1,92.13,101.97,1821.9,45.4,14.95,18.03,40.4,11.44,25,11.7,1.002,653.3,2.56,1028.6
2494.3,90.83,100.4,1845.6,40.9,29.28,32.27,50.4,14.45,48.46,11.3,1.008,714.8,2.72,1037.8
4028.7,92.71,102.79,2246.7,47,92.6,93.81,95.3,43.49,133.44,7.3,0.898,1109.5,2.87,1510.9
2267.2,90.72,100.7,1856.1,37.3,35.04,40.91,59.9,15.18,51.32,10.1,1.003,744.6,1.84,1070.7
2460.2,95.53,100.09,1942.1,35,49.19,56.23,70.1,19.27,68.22,7.8,1.01,870.7,2.18,1133
2300.6,97.37,106.33,1921.8,38,38.76,48.01,66.1,17.11,58.23,11.2,0.985,851.6,1.83,1204.9
2109,84.09,89.58,1816.1,39.2,24.48,27.45,46.5,11.29,35.01,10,1.028,713.3,2.25,1004.4
2557.4,53.14,53.38,1862.8,35.5,28.7,34.22,54.8,16.68,53.96,11.2,1.003,722.7,3.38,1034.8
4792,60.24,63.39,2141.7,46.2,63.06,67.23,77.4,41.63,90.03,12.9,0.984,1073.6,4.84,1489.1
2047.6,92.68,101.8,1783.7,48.2,22.95,28.59,48.9,11.27,35.87,9.8,0.992,675,2.11,1041.9
2244.6,92.62,102.01,1891,40.5,30.01,33.59,54.3,13.73,43.13,10.2,0.979,741.9,2.13,1029.1
2852.6,91.63,102.5,1987.6,43.8,53.08,59.9,71.1,22.87,81.91,6.7,0.995,855.7,3.1,1177.5
2082.1,88.4,100.14,1817.9,37.7,29.53,37.67,57.3,14.13,47.28,8.6,1.029,735.4,2.18,957.8
1660.1,89.98,98.66,1860.8,35.5,40.23,44.47,63.1,12.77,57.37,7.7,1.014,693.1,2.01,845.8
2467.3,93.77,101.75,1890.7,41.7,30.48,33.66,53.2,15.21,43.79,10.3,1.007,756,2.74,1050.2
3520,92.83,98.13,1893.8,46.6,24.72,29.46,50.8,19.73,40.14,13.9,1.003,862.1,3.54,1441.6
2804.1,90.44,101.58,2011,40.5,78.79,82.9,86.8,27.73,118.48,3.5,0.998,926.8,3.05,1181.6
1987.4,89.79,98.5,1856.8,45.4,44.54,47.49,59.9,13.14,59.54,8.1,0.985,752,2.14,952.7
1589.4,85.25,91.18,1843.5,36.5,44.38,48.55,64.7,11.96,64.27,5.2,1.006,706.5,2.02,844.9
3431.1,95.13,108.02,1947.9,45.7,67.2,70.64,79,30.29,99.04,7,1.009,954.5,3.1,1441.9
1948.9,89.22,99.01,1882.1,36,39.06,45.76,60.5,13.47,58.06,8.9,0.985,731.6,2.13,981.3
3762.8,94.35,104.12,1873.2,44.7,13.61,15.51,41.7,17.38,21.74,18.6,1.005,821.9,3.56,1478.2
2319.1,95.58,107.29,1918,39.4,57.22,60.98,74.1,19.35,76.33,6.8,1,847.9,2.35,1096.7
1790.5,90.01,98.63,1921.3,38.2,50.4,55.36,70.4,14.69,71.36,8.4,0.993,785.2,2.36,956.1
3275.4,91.69,99.9,1926.8,43.2,39.74,43.83,59,21.03,66.7,11.5,1.001,868,3.33,1334.8
2808.9,91.53,102.42,1959.3,45.4,48.48,53.33,65.9,20.8,72.99,9.2,1.025,839.6,2.21,1197
1785.3,96.7,108.42,1844.2,38.4,59.11,64.9,75.2,14.6,81.53,4.3,1.046,838.2,2.14,989.5
839.7,91.55,101.87,1769.7,36.6,35.92,40.78,59.2,6.02,54.69,7,1.024,588.6,1.48,430.3
4101.8,94.83,107.67,1970.6,45.8,25.51,30.82,52.2,22.8,41.87,16.1,0.995,876.1,3.26,1447.5
2079.8,97.4,112.69,1847.9,44.3,65.16,71.23,80.7,17.51,81.62,2,0.994,877.7,1.51,1115.2
3002.4,94.3,104.64,1768.6,34,11.2,16.23,44.3,13.89,24.62,13.7,1.023,771.9,2.43,1462.7
2371.3,89.89,98.42,1884.1,34.2,36.92,44.18,63.1,18.08,62.25,10.2,0.999,753.7,2.39,1016.1
2274.6,91.16,99.2,1835.2,41.3,23.01,24.88,47.2,12.79,31.29,13,0.994,674.7,2.36,1040.4
2169.4,91.15,97.39,1965.3,40.7,58.64,63.73,74.1,19.35,86.71,6.2,1.022,792.1,2.53,951.1
3539.8,60.56,58.12,2044.7,47.6,58.49,62.4,73.8,26.15,83.74,11.1,1.013,989.9,3.53,1585
2444.7,58.43,61.46,1983.5,40,50.46,56.96,68.3,19.08,71.12,7.9,0.987,876.8,2.81,1094.4
2627.6,92.43,98.96,1911.4,38.9,35.22,40.39,57.9,17.27,51.37,11.8,0.999,764.9,2.8,1120.6
3548.8,96.95,109.45,2153.2,55,72.34,75.98,83.6,33.67,110.67,9.2,0.991,957.6,3.21,1386.9
2997.3,98.52,108.73,1880.4,36.4,29.89,32.16,52,17.96,41.87,12.7,0.989,848.9,2.02,1296.6
2988.2,96.14,102.95,2058.5,49.7,66.84,71.86,79.1,26.52,100.82,7.3,1.016,930.3,2.86,1239.9
2468.2,96.64,101.65,1834.8,37.3,25.01,28.91,47.7,13.78,45.21,12,1.001,708.1,2.99,1091.7
1536.5,86.5,98.76,1689.9,33.3,17.38,18.8,42,7.58,20.48,7.9,0.992,636.6,1.52,898.3
835.5,89.9,97.8,1879.5,35.6,42.45,49.57,66.1,6.69,63.04,6.7,1.004,641.2,1.49,429.1
2768.2,86.95,94.5,2129,48.5,79.1,81.89,90.1,28.03,112.45,6.9,1.008,925.3,2.66,1202.6
2703.3,91.69,101.71,1814,40.5,23.99,29.28,52,16.38,36.68,12.4,1.009,727.9,2.91,1121.8
2355.6,94.86,105.66,1909.7,35.3,24.88,30.42,51.4,14.13,37.88,11.3,0.994,807.3,2.32,1121.4
2118.4,89.52,96.03,1788.1,42.4,28.66,35.66,55,13.21,42.53,10.4,1.037,713,2.27,991.5
1749.7,91.12,98.7,1755.9,39.7,26.21,30.05,50.8,10.4,37.86,9.6,1.009,685.1,2.14,977.9
3761.8,94.46,102.57,1996.2,39.8,45.56,51.06,67,29.49,78.25,13.5,1.018,867.6,3.78,1334.2
1876.3,92.19,102.61,1877.8,34.5,28.38,28.93,50.6,9.85,32.85,9.6,0.937,825.3,2.14,988.5
799.6,94.49,104.9,1903.1,33.5,44.95,51.63,67.2,5.71,54.86,4.2,0.957,779.4,0.98,494.4
2360,88.84,97.94,1868.2,41,32.41,34.28,53,14.59,41.18,11.9,1.013,731.2,2.37,1021.6
1892.9,95.34,102.74,1853.3,35.9,52.84,58.33,70.5,15.53,71.29,4.8,1.006,788.2,2,1033.9
4799.7,91.16,101.94,1923.4,44.7,10.28,11.41,35.6,19.18,20.67,22.3,1.014,838,4.46,1525.9
859.2,90.55,99.39,1933.6,36.4,61.03,66.84,76.2,7.86,84.3,1.1,0.993,733.1,1.16,448.6
2892.1,89.48,99.13,2034.6,41.7,43.01,48.02,61.4,20.51,69.34,11.5,0.98,802.4,2.95,1205.1
1982.5,95.32,109.94,1938.5,35.3,54.02,59.96,71.1,16.15,75.61,4.8,1,832,2.14,993.4
5000,95.76,104.69,1992.7,52.1,44.31,50.46,64.7,33.23,67.18,14.5,1.039,1035.3,3.79,1598.5
1713.2,93.72,102.57,1875.7,41.2,36.57,39.58,57,11,47.2,9.5,0.988,747.4,1.76,1002.6
2953,93.07,99.9,1988.6,44.5,44.86,50.14,66.7,21.23,64.76,11.2,0.956,954.2,2.86,1488.6
1895.7,91.43,105.09,1867.1,34.5,50.88,57.84,69.8,15.8,75.81,6.6,1.017,764.8,1.97,925.6
3481.2,92.76,102.19,1859.7,45.6,19.24,25.43,47.7,18.52,33.48,13.4,1.022,770.2,3.42,1361.7
2109,93.34,100.57,1753,41.4,18.63,23.44,47.8,11.58,31.64,11.4,1,649,2.19,1019.7
2824.4,92.78,100.98,1860.5,41.7,25.84,29.71,49.8,16.01,40.47,13.5,0.979,740.3,2.69,1170.6
871.6,90.29,100.61,1845.8,34.9,51.48,55.17,70.6,7.09,66.4,3.6,1.003,704.9,1.34,486
1703.8,91.21,101.25,1895.5,37.1,48.46,52.21,70.3,13.13,64.19,7.4,1.007,722.9,1.92,965.7
2748,95.86,109.44,1816.9,40,35.21,40.57,56.6,17.31,52.09,12.7,0.991,802.6,2.08,1342.2
2492.3,91.06,97.43,2016.4,40.3,57.77,60.89,72.3,21,82.4,9.3,1.015,834.1,2.63,1028.2
2147.3,89.84,97.81,1747,41.1,15.69,15.55,39.5,9.56,21.64,11.9,1.002,616.1,2.44,978.2
2206.3,87.53,98.31,2006.4,41.4,66.74,68.64,78.6,20.45,89.79,6.7,0.997,839.8,2.3,978.2
2738.9,93.15,107.32,2019.9,44.7,66.29,69.82,78.2,24.8,93.41,7.4,1.015,913.1,2.2,1253.8
3445.7,95.3,107.49,1911.9,46.3,25.77,32.92,51.2,19.9,48.44,15,1.01,843.8,3.28,1386
1930.1,92.15,99.01,1969.1,39.1,61.78,67.44,77.4,17.08,86.94,5.7,1.02,786.1,2.27,944.7
3214.5,95.73,107.52,1925.6,43.1,24.58,29.2,48.2,17.87,42.62,15.4,1.023,792.4,2.95,1334.7
3214.9,93.18,100.48,1979.8,45,40.38,46.18,60.5,22.53,66.54,11.8,1.014,813.3,3.16,1331.6
1717.4,89.87,100.36,1842.9,32.7,32.18,35.21,53.7,11,46.62,9.6,0.985,685.9,2.26,905.5
2543.5,91.96,99.67,1923.2,38.1,39.53,45.44,61,18.43,63.31,11.4,1.008,779.1,2.8,1023.6
2399.5,88.89,96.85,1959.9,38.8,60.34,66.23,76.1,20.36,90.28,5.6,1.014,858.7,2.08,1065
3957.5,92.83,101.09,1989.9,42.9,38.94,44.3,60.9,26.51,61.12,13.2,0.99,895,3.55,1574.7
1860.9,89.87,95.57,1767.8,32.4,10.62,14.84,39.1,8.86,19.87,13,0.995,617.3,2.28,875
3055.2,45.32,44.64,1903.2,48.6,32.06,37.13,56.7,18.06,47.5,12.9,1.009,894.5,2.74,1543.9
3309.7,90.68,102.36,1902.9,42.8,36.51,41.92,60.2,23.82,60.5,13.1,0.997,815.7,3.55,1261.1
1689.2,94.59,105.07,1984.4,44,71.06,75.62,83.4,15.64,96.32,5.3,0.994,793,2.04,934.8
2399.8,88.77,101.1,1907,29.9,50.2,55.99,68,19.1,73.19,8.9,1.001,818.5,2.41,1036.5
2125.2,95.55,105.65,1808.3,30.9,18.37,20.89,43.1,10.26,24.85,12.4,1.015,685.8,2.01,1050.4
2202.4,55.67,53.56,1859.2,43.4,28.2,32.78,53.8,13.48,44.74,10.5,0.988,702.6,3.05,946.8
838.5,88.67,101.89,1841,32.2,46.91,52.37,65.9,6.32,63.73,5.3,1.005,701.3,1.06,454.7
880.2,94.03,102.38,1826,39.6,46.76,50.1,64.8,6.07,60.33,4,1.015,677.2,1.29,505.7
727.6,88.69,98.11,1889.1,31.4,39.77,46.41,61.7,5.3,57.58,5.8,0.999,638.8,1.5,393.1
2967.5,69.83,72.8,2051.1,39.7,61.6,66.32,76.9,26.19,88.49,8.9,1.024,894.1,3.29,1295.3
2363.3,92.85,101.7,1909.9,35.5,60.62,64.41,73.5,19.3,84.18,7.3,1.005,836.8,2.43,1112.8
2133.7,90.18,96.42,1767.2,38,19.86,22.53,44.5,10.82,29.76,11.3,1.03,656.4,2.45,1039.9
2516.1,97.12,110.29,1994.8,38.7,65.79,70.21,80,22.15,85.42,6.6,0.968,1009.8,2.03,1228.9
1695.3,49.96,53.71,1887,41.7,48.52,55.34,67.4,12.99,69.8,7.8,1.005,750.6,2.1,922.7
2282.7,91.47,100.11,1905.8,41.4,33,38.27,58.4,15.05,52.38,11.6,0.998,755.6,2.49,1054.5
4651.1,94.73,102.59,2146,49.1,50.23,52.72,67.9,34.92,75.04,15.4,0.998,986.1,4.12,1520.3
3241.1,90.29,99.88,2199,46.8,85.84,87.52,93.4,34.56,121.37,6,0.87,984.3,3.06,1385.5
2869.7,90.76,98.93,1924.4,40.9,41.99,46.55,62.1,19.41,63.89,10.7,1.008,831.3,2.85,1248.9
3026.3,97.36,111.54,2044.3,41.5,64.93,67.74,74.4,25.43,90.14,8,1.01,998.2,2.09,1420.6
3331.2,90.77,101.72,2073.8,47.3,60.48,64.5,74.8,28.41,97.73,9.2,0.978,952,2.8,1383.6
3412,66,68.67,1972.4,48,33.7,40.16,59,21.81,56.22,13.6,1.023,824.5,3.56,1395.7
2495,93.71,103.91,1759.3,40.1,14.51,19.75,41.5,11.95,26.5,11.7,0.997,707,2.83,1013.4
744.4,91.89,100.33,1657.3,31.7,15.04,17.84,40.4,3.57,21.17,8.4,0.986,570,1.15,450
1438.2,89.19,99.99,1877,35.4,27.95,31.77,52.3,8.42,37.96,10.6,1.008,707,1.85,906.8
3352.5,93.04,99.66,1958.3,47.4,57.55,62.89,74.9,27.44,89.28,8.4,1.032,936.2,2.83,1498.6
4184.3,93.41,98.88,2026.6,45.9,38.86,41.41,57.1,27.96,59.39,14.7,1.008,897.6,4.08,1421.4
899.1,94.67,103.92,1721.1,37.3,13.91,15.74,41.2,4.11,16.24,10.4,0.998,551.3,1.53,490.9
2280.1,69.56,70.39,2007.3,46.2,54.45,61.17,72.7,18.64,76.9,7.8,1.021,795.2,2.47,1108.2
2708.7,89.01,99.51,1842.8,43.1,26.12,29.08,50.6,15.77,41.49,12.1,0.996,728.2,2.65,1133.1
819.2,91.22,104.73,1740.5,32.9,21.84,27.94,49.9,4.82,36.23,7.1,1.017,579.9,1.46,418.9
2575.2,91.76,101.35,1881.7,37.2,17.3,20.19,41.8,12.26,27.73,12.8,0.975,834.8,1.74,1293.8
2630.8,87.67,98.68,1852.8,39.2,17.17,19.16,46.4,12.89,26.15,13.1,0.984,805.5,2.37,1290.7
3585.9,90.38,99.1,1846.3,44.7,10.49,11.86,39.4,14.82,15.03,18.1,1.014,824.4,3.31,1470
2655.3,90.89,98.45,2015.6,43.3,49.26,55.91,69.5,21.82,77.71,10.7,0.987,816.8,2.63,1126.2
2070.6,92.02,103.45,1806.7,35.7,26.16,29.92,50.1,12.16,39.68,11.6,0.999,678.8,2.41,971.4
1928.6,93.63,103.88,1771.1,40.7,20.8,22.05,43.2,9.85,27.63,12,0.975,635.9,2.19,993.8
3908,94.51,105.28,2075.3,48.7,55.14,59.19,70,27.75,80.56,12.4,1.022,974.3,2.48,1582.6
1958.4,96.13,102.98,1867.7,38.2,24.03,31.72,53,10.79,37.13,10.1,1.009,750.4,1.84,1100.9
782,91.6,102.89,1695.7,31.9,15.57,15.25,40,3.58,15.74,8.5,0.992,552.4,1.13,461.6
3048.9,92.95,104.57,2031.4,41.7,76.58,80.36,86.7,30.32,105.86,5.9,1.012,947.3,2.21,1417.3
701,90.39,96.88,1692.2,38.8,10.63,12.15,37.7,3.02,16.6,9.8,1.036,530.8,1.23,401.3
2922.3,93.36,103.36,2110.4,44.8,71.67,74.66,81.8,27.09,108.98,8.9,0.982,903.4,2.89,1222.2
757.1,91.79,98.13,1820.1,36.1,44.56,50.89,65.9,5.71,62.07,4.7,1.021,653.7,1.1,415.3
3817.3,93.02,102.73,2060.5,46,74.57,76.52,84.5,36.33,110.68,10.2,1.02,1007.7,3.25,1488.9
1309.6,92.92,102.48,1930.2,34.3,53.83,58.85,72.2,10.99,71.39,5.1,0.996,708.7,1.73,741
2403,94.45,107.87,1872,44.7,19.54,22.14,45.2,12.29,25.36,13.5,1.005,781.3,2.34,1135.3
3293.6,89.29,100.34,2043.1,44,52.54,56.43,70.6,25.94,79.98,12.2,1.011,903,2.81,1430.7
3390.2,95.16,106.28,1770.3,40.9,8.32,10.72,38.3,14.78,15.82,15.8,1,758.5,2.91,1436.1
3141.7,93.84,105.48,2016.2,45.9,53.62,61.28,71.7,24.73,80.3,10.4,0.991,946.3,2.19,1395.1
3834.9,96.63,106.53,2160.9,46.4,73.88,76.4,83.2,35.7,107.44,10.6,1.018,1006,3.39,1512.8
2269.4,91.6,104.38,1865.1,38.9,32.28,40.08,59,15.68,54.67,9.8,1.023,725.5,2.21,1091.2
816.2,52.85,50.82,1818.4,40,30.86,35.53,55.9,5.32,45.64,8.2,0.994,624.4,1.87,425.1
2094.3,91.98,102.83,1994.9,41.5,77.05,79.17,86.1,19.98,98.93,4.4,1.008,882.5,1.92,1044.5
2973.6,91.96,101.7,1915.2,43.7,33.55,40.32,56.8,17.87,56.41,11.1,0.993,832.4,2.82,1426.2
2312.7,93.84,103.06,1973.6,40.2,53.77,57.58,71.8,18.2,76.55,9,0.995,843.4,2.42,1055.1
882.1,88.87,97.85,1853.1,40.3,42.83,49.83,65.9,6.42,59.18,4.4,0.985,704,1.75,466.2
1535.2,57.46,59.8,1846.9,41.5,42.16,47.82,64.1,11.3,62.87,7,1.005,732.4,2.07,868.7
3986.7,89.79,101.24,2018.6,48.4,43.41,50.2,64.7,29.51,74.68,12.9,1.014,913.2,3.84,1413.4
772.9,87.54,97.44,1730.9,30,21.93,26.37,48.3,4.44,31.45,8.3,1.012,607.4,1.1,434.2
2663.2,92.44,103.83,1931.1,44.4,34.45,42.93,61.4,18.74,59.47,10.9,1.016,767.5,2.59,1153.6
2176.2,99.64,107.02,1842.2,40,33.8,37.18,55.1,13.26,44.96,8.7,0.974,810.1,1.87,1185.4
2714.7,96.45,106.37,1819.2,41,21.14,25.69,46.9,14.49,32.49,13.5,1.015,765.8,2.62,1227.6
3267.4,90.97,99.91,2086.8,44.3,56.84,62.94,71.9,26.22,89.76,10.2,1.013,898.2,3.15,1386.9
3515.8,91.82,104.15,2067.3,43.1,71.99,76.49,85.4,33.84,108.61,8.6,1,993.7,3.4,1405.6
850.5,95.12,105.57,1815.6,33.7,36.81,41.9,60.6,6,48.18,5.5,0.993,643.3,1.42,463.5
2545.7,92.77,103.57,1846.8,32.7,19.54,23.21,44.8,13.54,34.65,13.4,1.001,709.8,2.46,1091
2653.8,91.34,103.11,1969.6,45.3,42.18,49.34,61.1,18.32,64.99,10.9,1.039,809,2.56,1137.2
2755.7,89.58,93.88,1830.5,41.7,31.18,34.07,52.5,16.83,49.32,13,1.017,744.2,2.93,1154
2525.8,93.49,99.46,1820.6,37.5,21.69,23.03,45.9,13.09,30.87,11.1,1.007,708.4,2.43,1052.1
1915.4,89.18,103.76,1988.3,39.6,58.8,64.01,75.2,15.99,76.85,4.6,0.991,817.2,1.71,979
3865.8,92.05,104.27,2236.6,47.6,84.23,88.15,89.4,38.92,126.38,7.8,0.882,1037.9,3.29,1516.8
4499.7,94.45,98.37,1845.9,45.2,13.37,17.49,42.2,20.08,25.37,17.3,1.009,897.9,4.32,1518.1
3548.3,96.42,104.43,2071.8,47.5,66.84,71.49,80.3,30.22,94.42,9.4,0.972,1068.5,2.9,1636.1
808.4,88.54,101.39,1703.8,34.7,14.96,17.84,44.5,4.01,21.29,7.8,0.982,627.6,0.99,484
2038.3,90.4,99.7,1874.8,41,29.08,32.23,50.7,11.76,42.98,12,0.981,765,2.18,1050.1
2094.8,94.58,105.93,1943.3,36.8,45.29,49.73,63.2,15.05,65.75,9,1.012,758.1,2.35,987.9
2374,86.85,96.09,1818,41.9,24.85,29.48,45.9,12.26,38.57,12.2,1.028,697,2.85,1007.1
3779.3,93.42,103.21,2063.7,44.9,57.38,63.23,76.4,29.7,87.51,11.2,1.027,970.6,2.71,1519.5
3083.7,94.12,106.19,2003.8,49.5,49.64,53.93,67.3,22.19,72.5,9.4,1.006,884.4,2.57,1348.7
2500.8,65.68,62.85,1910.5,41.7,51.04,53.92,66.9,18.55,67.94,8.6,1.008,809.7,2.72,1099.2
2141.4,88.31,100.31,1866.1,41.1,40.62,43.72,59.5,13.77,56.09,9.1,1.019,779.8,2.25,1013.3
2024.1,85.37,97.19,1941.8,40.2,58.76,62.11,74.8,17.98,79.93,5.8,1.011,796.3,2.21,977.8
2339.5,93.02,101.77,1796.7,36.5,17.62,21.49,45.5,12.65,30.02,12,0.986,686.3,2.2,1062.8
2339.2,96.13,106.14,1971.9,37.4,37.62,41.32,59.7,15.21,47.2,11,0.975,889.4,1.89,1132.4
3613.1,89.68,103.72,1944.2,43,33.53,37.24,54,20.77,51.11,14.7,1.003,830.5,3.18,1492
2903.5,98.27,112.26,1897,44.5,19.92,24.32,48.4,15.05,34.64,14.6,0.976,774.8,1.82,1345.2
2700.1,94.5,103.08,1982.3,41,63.41,65.41,75.1,20.74,83.61,7.6,1.005,913.4,2.6,1302.6
2230.3,94.92,106.25,1742.4,39.3,16.74,21.65,48.3,11.57,29.15,11.1,0.978,756.7,1.65,1116.2
1753.1,88.51,92,1814.4,34.1,22.54,27.67,49.8,10.11,33.57,11.3,0.98,722.7,2.24,946.3
1195.7,92.67,103.68,1846.9,33.3,42.16,47.52,61,8.88,59.33,5.7,1.011,678.1,1.63,647.5
3017.8,92.59,102.17,2049.1,44.6,60.47,65.59,79.2,27.12,93.46,11.2,1.004,891.7,3.1,1275.9
733.4,89.35,98.3,1812.3,33.2,50.21,54.94,68.7,6.12,72.14,3.5,1.016,658.3,1.37,397.8
3158.7,93.37,105.81,2056.5,46.6,55.61,61.16,72.5,26.04,84.47,10.4,0.988,877.7,3,1290.9
2383.2,93.8,102.55,2030.6,39.6,62.36,70.18,78.1,21.68,91.62,6.3,1.01,853.7,2.53,1124.2
4430.4,97.34,105.84,2122.6,47.1,63.87,67.1,75.6,37.73,98.59,12.8,1.011,1007.9,4.24,1441.7
2933.8,94.56,104.03,2017.8,40,70.7,74.31,82.7,28.25,104.21,6.1,1.011,912.8,2.73,1269.7
3521.3,94.47,102.58,1906.3,47,36.6,43.62,62.5,22.7,61.73,11.3,0.993,872.8,2.12,1550.1
3252.8,92.83,102.68,2025.4,44.6,50.55,59.1,69.4,25.62,83.29,8,0.982,917.5,3.23,1331.1
2338.2,92.05,98.23,2049.6,35.7,69.14,74.29,82,22.43,94.5,7.5,0.997,904.6,2.61,1059.2
3522.6,90.89,100.28,1952.4,45.9,33.92,39.27,55,21.7,59.89,13.4,1.01,828.2,3.5,1342
1988.2,90.32,100.23,1787.9,37.7,11.82,12.42,39.2,8.45,11.71,13.2,1.012,679.2,2.31,1034.8
790,90.66,101.2,1897,31,59.34,63.71,74,7.29,77.21,2.3,1.014,723.6,1.03,435
1641.9,90.05,99.7,1900.5,38.3,51,54.79,68.3,12.38,67.5,5.1,0.979,819.6,1.64,986.1
2689.7,69.83,68.15,1862.8,37.6,25.82,30,52.3,16.68,40.45,13,1.021,720.1,3.02,1137
3586.9,96.56,109.14,1999.9,47.8,41.78,46.24,63,24.91,62.66,12.6,1.005,869,2.61,1476.7
798.2,65.37,63.59,1873.2,32.9,56.16,63.75,75,7.08,80.18,3.3,1.031,721,1.44,431.2
2163,89.95,97.39,1912.5,42.6,41.59,44.92,62.1,15.6,58.62,9.8,1.001,734.6,2.47,1000.5
2521.1,89.44,96.78,1911,40.6,44.07,49.88,65.2,19.49,64.43,8,0.989,791.1,2.7,1069.5
2286.5,94.19,104.52,1969.9,38.1,62.01,66.07,77.1,17.98,79.13,6.6,1.004,872.4,2.44,1151.6
2696.6,93.12,102.75,1989,41.7,63.6,68.24,78,21.75,84.08,6.3,0.967,1037.1,1.87,1284.3
2607.1,43.92,41.93,1983.7,40.7,47.05,53.6,67.4,20,72.64,10.4,1.004,821.4,3.18,1112.8
1928.1,98.54,108.59,1815.9,41.8,23.29,27.03,48.5,10.26,31.26,11.4,1,726.2,1.58,1026.2
1501,85.32,95.2,1866,42,42.96,49.23,64.6,10.61,60.44,5.6,1.019,687.4,1.81,833.2
3627.3,88.44,99.65,1847.6,40.2,17.41,22.5,48.5,18.75,32.12,16.4,1.005,827.4,3.07,1630.5
2941.5,91.26,100.79,1857.5,38.9,18.38,21.16,45.2,15.66,23.63,13,0.96,835.5,2.26,1352.7
2243.9,88.89,99.97,1849.1,37.2,25.12,32.08,51.9,13.68,41.96,12.5,1,707.9,2.53,1019.4
1765.8,94.46,103.46,1835.4,35.6,33.94,38.59,58.9,11.76,47.77,7.6,1.003,731,1.72,968.2
2159.6,93.82,103.66,1973.8,44.1,68.26,75.27,81.7,18.88,91.09,5.8,1.007,891.6,1.75,1083.1
2892.6,90.99,103.02,1801.7,38.9,12.63,14.64,39,12.67,20.84,15.5,1.019,727.1,2.53,1249
3259.9,96.06,107.71,1984.3,47.9,45.02,50.74,66.2,24.58,71.45,11.4,1.016,897.8,3.04,1383.1
2584,94.32,103.19,1749.4,40.7,13.11,17.09,42.3,12.32,20.07,13.5,1.015,726.7,2.56,1140
1914.1,90.83,103.19,1857.8,36.7,31.11,35.89,54.9,11.39,44.13,10,1.014,720.5,1.46,986.4
2425.6,96.15,111.36,1759,40.2,12.91,14.78,42.5,11.1,15.27,12.7,1.006,719.9,1.99,1175.4
5000,94.37,104.83,2143,51.4,59.88,66.3,76.7,42.73,89.64,12.9,0.997,1062.7,4.23,1563.9
4049.6,90.39,102.21,2051.9,47.7,58.15,66.1,76.5,34.9,97.44,10.8,0.983,971.6,3.55,1517
1622,94.06,103.46,1890.4,36.9,32.92,38.88,56,10.56,50.63,10.1,0.981,681.9,1.92,920.5
1237.4,92.47,102.89,1817.2,40.5,42.57,46.04,63.2,8.99,53.72,6.6,1.016,678.5,1.65,716.2
3132.6,91.89,104.02,1912,45.5,45.54,50.83,66.8,23.61,71.76,7.2,1.013,888.5,2.61,1395.8
2271.8,92.36,105.6,1808.3,39.7,18.99,21.05,46.9,11.35,27.44,11.6,1.009,697.2,2.01,1047.9
2681.9,94.5,101.93,1959.5,40.2,25.66,31.95,52.7,14.9,39.03,11.3,0.965,909,2.53,1249.3
714.9,91.71,102.06,1757.4,33.7,20.29,25.02,47.9,3.94,33.12,8.2,1.012,564.4,1.43,435.2
1352.4,88.71,98.43,1840.9,35.2,27.01,30.46,50.8,7.94,32.89,9.4,0.967,700,1.88,811.5
3260.7,92.93,101.27,2133.1,43.5,83.01,86.35,89.6,32.14,125.48,5.6,0.873,987.4,3.07,1350.7
889.3,89.77,100.53,1957.8,41.1,58.38,64.23,77.7,7.57,83.23,5.1,0.997,720.3,0.97,484.6
784.4,91.36,103.55,1728.7,30.3,22.35,25.08,47.5,4.37,31.69,6.1,0.993,599.9,1.31,452
2119.2,90.35,103.76,1745.8,33.7,9.87,10.31,37.4,9.31,15.69,12.4,1.015,655.8,2.23,982
1787.2,93.36,102.08,1772.6,37.6,13.42,15.17,38.5,8.23,17.08,11.5,0.975,626.9,1.65,942.8
795.2,96.88,104.64,1817.2,32.8,43.53,49.02,63.8,6.01,58.21,4.1,1.016,675,1.09,461
2979.4,90.09,97.97,1950.5,48,40.53,48.75,61.8,20.52,69.42,10.3,1.002,827.6,2.85,1248.5
1445.8,93.42,102.99,1791.4,33.9,16.35,20.38,43.5,7.35,25.28,10.8,0.994,636,1.68,881.2
1872.2,92.39,105.23,2018.2,41.7,62.48,67.48,76.8,16.09,79.43,5.4,1.016,868.2,1.53,1115.2
827,92.82,100.67,1722.9,34.7,28.86,33.24,52.8,5.21,38.89,6.2,0.994,636.2,1.31,470.1
2217.1,93.43,102.92,2004.1,40.6,71.35,73.78,83.6,21.72,93.83,4.8,1.009,847,2.13,1036.5
3574.7,92.12,100.46,1897,39.4,20.01,24.05,47.1,17.9,32.41,16.3,0.995,831.2,3.17,1531.7
3037.1,96.89,105.01,1869.4,41.5,14.76,16.75,41.1,13.83,25.12,16.4,1.007,751.4,2.07,1438.5
2051.7,91.95,102.95,1877.8,42.9,28.04,32.3,51.8,11.75,39.66,13.7,1.004,676.2,1.99,989.1
2106.4,92.29,98.67,1927.1,41.2,40.36,47.53,62.1,15.19,65.11,8.3,1.001,730.4,2.49,967.9
795.1,92.64,100.13,1912.9,34.2,57.92,62.52,74.8,7.25,79.14,2.9,1,685.6,1.46,415.1
1998.7,89.3,98.89,1807.8,29.9,19.3,27.01,46.8,11.5,35.54,10.4,0.996,675,2.57,926.5
1639,90.01,102.52,1743.2,32.9,20.7,23.04,45.7,8.74,27.76,9.3,0.985,696.5,1.76,944.1
3198.3,91.88,104.32,1868,45.2,23.09,27.91,49.7,17.16,37.76,13.1,1.057,782.5,2.57,1384.5
1582.8,88.96,95.77,1783.6,37.8,24.76,28.88,48.5,8.98,36.74,9.4,1.009,638.7,1.78,868.1
2040.6,89.4,94.92,1848.4,43.4,39.15,45.06,58.2,13.58,59.89,9.4,1.013,717.9,2.36,967.8
1889.4,90.68,97.27,1822.2,38,20.32,23.75,46.2,9.62,27.96,12,1.016,691.9,2.1,1055.3
3782,94.18,106.29,2036.2,47,59.57,60.66,70.8,29.66,87.08,12.1,0.996,929.6,3.24,1407.4
1865.1,94.41,104.18,1895.7,37,25.72,29.21,51.7,11.27,33.4,11.6,0.971,801.2,2.02,1049
2815.8,92.11,100.83,1951.4,41.4,30.51,31.55,53.3,16.77,38.55,12.4,0.987,860.8,2.35,1332.7
709.3,86.5,95.23,1675.6,27.5,15.92,18.28,42.3,3.71,25.4,8.7,1.005,554.7,1.13,384.6
2162.2,92.8,106.33,1806,34.1,26.98,30.68,51.4,12.99,38.56,11.2,1.008,683.1,2.34,1023.5
2168.7,88.54,96.53,1790.5,40.4,15.82,17.86,40.1,9.86,24.58,12.4,1.002,648.6,2.26,966.4
1750.5,91.91,98.55,1837.1,41.7,32.53,36.78,57.9,11.49,45.36,8,1.019,674,1.95,903.2
2462.3,93.84,106.08,1882.6,37,43.56,50.11,64.1,17.59,65.02,10.5,1.006,782.8,2.26,1098.8
2864.9,92.3,102.49,1848.7,44.6,29.44,32.74,54.2,16.58,45.07,11.4,1.016,806.9,2.83,1345.2
2290.8,91.41,103.16,2026.2,45.9,81.85,83.31,85.9,21.69,106.67,3.4,1.011,902.9,2.12,1058
1731.1,94.39,104.38,1884.5,35.6,31.29,36.61,56.9,10.6,44.11,8.1,0.978,816,1.55,1048
3365.1,88.04,99.51,1987,43.9,51.39,57.7,71.3,27.63,83.83,10.4,1.016,894.3,3.37,1315.9
2636,93.4,102.07,1817.3,38.7,13.54,15.45,40.8,12.5,24.7,13.9,1.004,677.9,2.74,1087.6
1270.1,89.36,98.76,1796.2,37.4,25.21,30.72,50.6,7.41,38.78,8.4,1.005,665.3,1.47,736.6
4481.1,91.97,103.82,2041.2,49.8,33.74,40.23,60.4,30.62,59.37,17.2,1.008,908.1,4.29,1436
2172.2,92.3,102.92,2043.9,45.3,66.06,69.06,78.5,18.52,93.44,5.9,0.998,829.4,2.48,997.9
2522.3,95.61,106.32,1830.7,44.1,17.76,22.05,45.6,12.83,26.9,12.9,1.005,739.5,2.62,1155.5
1941.2,92.34,101.84,1806.1,37.2,14.44,15.51,42.7,9.1,20.19,11,0.985,762,1.58,1065.1
3119,90.77,100.62,1979.1,37.2,42.73,49.86,63.4,23.6,73.37,11.6,0.991,854,2.82,1337.5
846.9,92.39,101.95,1779.6,30.4,30.25,36.61,57.3,5.21,45.97,5.7,1.024,649.8,1.15,494.5
3074.9,94.37,104.13,1945.1,41.6,56.43,62.85,75,26.37,89.79,8,1.016,863.3,2.96,1260.5
1730.4,87.88,97.57,1818,39.8,22.48,27.3,48.4,9.48,36.49,10.5,0.989,645.7,2.03,875.9
2235.5,95.7,106.24,1891.6,41.6,30.57,36.52,53.6,13.34,47.75,10.2,0.996,728.8,1.76,1195.9
2702,96.76,108.91,1916.4,42.6,34.52,41.58,57.7,17.97,52.71,11,0.994,805.6,2,1219.2
1789.3,92.09,104.1,1742.6,36.5,8.13,10.89,36.7,7.4,11.43,12.5,0.998,602.2,1.71,1010.7
3148.1,91.81,101.97,2001.6,46.4,57.83,59.59,69.6,24.24,82.36,9.2,1.03,887.5,2.7,1332.4
1976.1,92.8,99.95,1714.1,36.7,11.61,15.02,41.3,9.7,19.03,12.3,1.018,607.6,2.36,947
3183.8,92.59,100.27,1938,42.1,33.56,40.28,58.1,21.46,56.17,13.2,1.018,810.3,3.13,1327.6
2604.4,95.81,103.37,1861.4,41.8,21.58,24.57,48.3,13.74,31.66,11.2,0.987,800.3,2.45,1240.4
1918.9,40.72,41.68,1778.2,36.6,17.95,20.45,44.4,9.89,26.8,11.4,0.982,677.9,2.58,966.2
864.8,89.53,98.19,1731.8,28,25.89,30.14,50.6,5.27,37.5,8.7,0.988,609.5,1.53,454.9
2279.7,90.17,98.96,1816.9,34.1,24.11,27.85,47.1,13.12,37.82,10.1,0.987,697.9,2.69,985.2
2911.3,91.48,97.51,1823.1,41.6,15.69,21.4,44.2,14.81,29.8,14.5,1.005,723.2,3.13,1229.9
1809,88.66,96.09,1841.1,37.4,23.47,27.02,47.4,10.18,34.87,10.1,1.003,654.3,2.26,873.6
3268.3,91.2,102.68,1863,42.9,22.67,25.55,44.6,16.98,33.43,12.5,0.998,800.4,2.98,1330.7
790.1,51.73,54.21,1692.8,33.8,13.14,11.25,38.4,3.45,15.85,9.7,0.984,578.9,1.32,457
1973.7,88.64,94.31,1741.8,30.3,15.67,17.35,38.2,9.32,21.15,12.6,1.006,628.1,2.61,921.1
1650.7,92.88,105.06,2001.3,38,67.98,72.23,81.5,14.27,86.64,4.9,0.996,805.6,1.59,966.3
3246.6,92.37,105.14,1852.8,36.7,26.06,30.11,50,18.85,41.13,14.7,0.997,805.3,2.49,1450.5
2965.3,92.37,103.66,1892.9,40.7,26.98,33.43,55.1,17.92,47.45,14.6,1.007,781.4,2.69,1246.3
2850.4,89.33,97.42,2019.1,49.3,74.32,77.29,85,27.02,102.76,6.5,1.02,887.6,2.78,1252.2
2714.2,96.07,107.28,1853.4,37.1,32,38.86,58.4,17.18,48.93,10.5,1.007,794.3,2.66,1333.5
3480.7,98.26,111.66,2009.7,42.6,41.8,47.04,63.6,23.82,67.71,12.4,1.016,868.2,2.37,1472.2
3437.9,93.75,106.6,1947,45.8,39.37,44.58,60.5,22.1,62.98,14,1.015,897,3.2,1548.1
2124.1,95.61,108.58,1971.3,36.5,54.02,61.76,71.8,16.68,73.68,6.1,0.972,919.8,1.63,1108.8
3108.2,91.41,107.84,1891.5,41.6,36.49,39.87,57.4,19.68,56.05,11.7,1.02,821.7,1.92,1380.8
3150.7,96.35,105.2,1968.6,44.9,42.36,51.11,66.2,21.87,72.14,10.3,0.969,904.6,2.73,1454.1
2276.8,95.84,105.99,2073.2,38.6,58.03,62.69,72.7,17.62,77.39,8.6,0.979,907.7,1.57,1108.9
5000,96.34,106.68,1954.4,45.2,29.95,36.39,54.6,30.03,51.63,18.5,1.019,953.7,4.13,1600.3
778.2,91.78,103.44,1823.3,30.7,30.78,38.17,56.2,5.23,46.9,5.8,0.976,664.9,1.08,429.1
1683.1,88.73,100.04,1742.6,32.1,26.02,28.49,48.5,9.64,36.07,9.1,1.005,638.5,2.04,884.6
1632.3,91.33,100.59,1770,36.2,28.29,33.95,53.5,9.92,42.19,6.4,1.033,670.3,1.87,881
2591.1,91.99,102.84,2115.1,48,74.65,77.99,85.5,24.13,105.01,6.4,1.022,897.6,2.62,1149.2
2766.8,47.67,50.72,1838.4,41.2,42.64,45.88,61.7,19.2,61.41,9.1,0.993,823.4,3.06,1202.1
4425.1,94.16,103.8,1907.5,49.7,23.9,26.84,48.7,24.67,38.32,17.3,1.015,859.9,4.05,1422.3
2366.3,62.61,62.25,1981,41.5,54.22,60.86,73.4,19.29,80.1,6.9,1.002,848.2,2.73,1086.3
738.8,93.27,102.34,1773.9,32.3,27.57,31.01,49.6,4.26,36.14,8.7,1.003,587.5,1.33,416
2360.8,89.56,97.34,1831.2,44.3,30.7,36.13,56.2,14.62,47.83,11.5,1.017,734.4,2.76,1047.7
2662.2,91.44,100.33,1809.8,41.9,15.99,19.45,45.8,13.45,24.2,12.8,1.017,748.2,2.7,1195.7
2210.4,93.07,105.53,1861,37.1,37.51,44.95,62.1,15.26,51.41,8.3,0.976,837.2,2.09,1104.2
1794,93.27,106.89,1936.1,37.3,48.85,54.77,70,14.07,62.71,6.9,0.983,824.3,1.37,1028.8
2427,90.65,99.88,1876.2,43.4,27.5,31.46,49.9,13.5,39.23,10.1,0.991,706.3,2.59,1109.9
3441.6,92.81,103,2018.4,47.1,41.75,48.91,64.3,24.02,69.78,14.9,1.001,861.7,3.22,1340.1
2844.5,97.19,110.84,2040.2,44.5,71.16,74.95,83.3,26.7,98.89,5.2,0.978,1012.1,1.83,1346.6
3717.8,68.96,72.33,2127.1,49.1,69.44,72.6,80.6,34.85,107.94,9.9,1.013,949.1,3.96,1365.3
2673.1,90.64,98.2,2008.7,44.5,68.24,71.13,80.1,22.56,89.66,5.9,1.041,871.6,2.55,1216.5
4149.3,99.63,113,1909.7,47.1,20.8,24.36,47.4,21.38,29.61,15.9,0.97,957.9,2.36,1777.2
2781.2,93.13,103.15,1856.3,42.4,27.89,31.46,52.7,16.17,39.41,10,1.01,800.6,2.77,1236.2
2203.6,87.15,95.61,1931.7,42.2,51.66,55.03,67.3,16.99,70.27,9.2,1.024,777,2.29,1026.6
2420.7,88.9,94.76,1800.5,42.3,21.92,22.3,47.1,13.01,27.6,13.7,1.029,694.3,2.75,1112.1
3275.6,91.03,102.89,1840.7,40.5,21.91,25.23,47.9,17.62,38.54,14,1.016,736.9,2.97,1342.7
1834.2,47,45.72,1897.7,32.2,36.11,42.73,60.5,12.69,46.72,8.8,0.959,823.1,2.57,976.3
2165.8,90.28,101.38,1886.7,42.2,67.54,72.7,81.5,19.54,88.97,3.1,1.009,842.9,2.04,1078.8
1538,94.84,103.16,1831.5,39.9,40.96,44.48,61.8,10.15,51.84,5.6,0.978,813.7,1.34,986.1
2666.2,93.8,101.2,1841.8,33.1,22.78,28.85,48.7,15.24,40.26,12.9,0.987,744.6,2.79,1082
2643.1,90.95,101.93,1918.7,39.9,41.45,46.69,61.3,18.33,62.76,9.8,0.992,794.8,2.82,1161.8
3034.6,91.97,103.57,1955.5,48.5,42.13,46.45,62.6,20.57,62.52,8.7,1.002,853.7,2.35,1356.2
3571.8,91.53,99.2,1912.2,45.7,27.35,30.08,51.6,20.59,45.29,15.1,0.999,820.8,3.47,1378.7
2921.3,54.66,55.22,1968.5,39.3,59.31,62.27,76.3,25.62,89.07,8,1.007,865.8,2.81,1214.1
3313.5,89.67,97.74,1894.2,41.9,21.86,26.02,47.5,17.98,38.45,15.7,1.002,765,3.03,1388.5
779.2,89.27,98.36,1867.9,36.2,53.52,57.34,67,6.11,69.7,2,1.007,675.4,1.46,427.9
2612,92.36,101.86,1826.9,41.7,21.79,27.93,46.2,13.79,40.8,11.7,1.013,711,2.66,1047.2
4185.4,69.76,72.69,1957.6,48.1,30.46,35.12,55.9,25.71,51.87,14.9,1.015,885.9,4.37,1466.5
2359.3,93.03,101.59,1869.2,35,24.29,29.91,52.6,13.73,41.33,10.5,0.993,823.6,1.85,1209.7
4842,90.9,101.79,1884.9,46.3,12.88,15.12,40.1,21.14,22.02,18.4,1.021,869.4,4.44,1533.8
2580.1,94.33,107.69,1991,49.3,63.02,66.37,75,20.92,84.26,7.2,0.972,971.8,1.67,1179.4
2399.5,92.8,103.98,1816.1,46.2,24.4,27.57,47.1,12.92,37.31,14.2,1.001,680.1,2.59,1002.1
3247.8,94.4,102.84,1848.3,44.5,16.26,16.41,40.9,14.6,21.7,14.8,0.988,737.6,3.2,1346.2
779,89.74,98.73,1801.8,42.1,16.33,20.16,45,3.83,21.67,10.7,0.942,672.1,1.15,470.4
3626.7,99.75,111.69,2092.4,39.6,57.11,61.64,75.6,29.9,86.78,10.6,1.01,942,2.65,1576.4
2986.9,91.31,100.38,2031.2,41.7,61.49,67.87,77.2,26.81,99.41,8.6,1.012,879.5,3.14,1239.7
2352.4,90.93,100.56,1834,35.9,20.49,24,47.4,13.04,34.71,11.7,1.005,764.1,1.87,1098.1
4793.3,97.31,110.65,2145.5,53.5,60.59,68.49,76.4,39.16,92.56,11.2,1.01,1056.6,2.62,1771.4
2123,93.89,104.59,1916.7,43.4,42.45,47.35,64.9,14.86,56.47,9.1,1.03,779.8,2.1,1085.9
2621.1,91.58,99.83,1798,40.9,18.17,22.31,44.2,13.23,28.79,12.3,0.994,750.9,2.45,1181.1
3337.6,40.36,37.49,1867.5,42.9,19.6,24.44,45.6,17,33.34,13.4,1.011,815.9,3.83,1439.6
3499.2,66.74,65.48,2040.8,45.7,63.32,66.76,80.1,28.88,82.75,8.4,0.984,1009.9,2.76,1684.2
2400.6,93.77,101.8,1881.3,40.9,37.34,42.2,61.7,16.72,56.6,10.7,1.008,740.8,2.6,1051.3
2354.4,94.88,102.85,1829.5,39.9,28.01,31.81,53.1,13.98,42.53,12.3,1.04,697,2.25,1039.7
2795.6,99.84,110.9,1886.4,42.4,28.11,33.98,56.1,18.23,44.94,11.6,1.001,831.8,2.21,1331.3
1729.1,92.23,102.86,1763.3,37.2,18.56,22.54,47.1,8.98,26.15,11.2,1.017,659.7,1.52,1027.5
3240.5,57.33,61.22,1723.6,47.8,12.07,11.18,37.1,13.03,14.91,14.9,1.018,735.6,3.33,1440.9
2720.2,94.35,104.07,1965.9,42.8,45.89,51.07,64.1,20.52,72.38,10.2,1.004,786.5,3.09,1084.9
767.2,91.87,103.43,1853.6,27.7,40.37,49.22,66.8,5.9,56.55,3.4,0.959,792.9,1.01,490.1
781.6,92.94,100.27,1686.9,28.7,22.42,24.83,47.2,4.22,24.72,7.1,1.003,615.6,0.92,466.5
2205.2,95.27,109.18,1825.6,39.3,29.04,33.19,51.9,12.67,45.47,12.2,1.009,714.1,1.99,1051.5
1676.8,98.42,109.45,1935.9,39.4,43.4,49.21,64.2,11.78,61.05,6.5,1.012,756.8,1.29,940.3
3940.2,92.85,101.46,1888.7,47.2,20.85,23.58,45.6,19.55,34.57,14.5,1.013,817.4,3.3,1497.7
3898.6,100.06,107.5,1954.8,49.2,30.55,33.76,56.4,22.59,47.36,14.9,0.998,921.9,2.95,1563.2
809.5,92.06,99.17,1903.5,35,49.49,51.5,66,6.34,65.71,5.9,1.018,680.2,1.49,429.2
2366.9,93.18,103.06,1935.4,37.2,60.62,69.38,77.5,21.5,89.1,6.1,1.029,866.5,2.3,1104
3343.7,56.12,58.8,1952.3,43,33.66,41.03,59.2,21.93,55.35,13.8,1.001,813.7,3.62,1334.5
3096.8,91.5,100.8,1991.7,44.3,63.5,65.76,74.5,27.22,91.86,8.2,1.01,894.7,3.07,1283.1
3432.9,95.68,104.88,2074.3,45.5,73.07,76.27,82.9,30.55,103.27,6.4,0.976,1047.1,2.25,1473.8
4704.4,95.62,108.52,2017.3,54,27.47,32.59,51.7,26.99,44.49,19.3,1.014,980,3.2,1622
810.7,91.1,100.41,1893.9,35.1,59.75,63.18,73.5,6.78,72.05,2.7,1.026,731.7,1.48,446.1
3095.8,43.44,40.68,2053.1,45.2,69.77,75.31,83.2,29.14,103.59,8,0.992,943.1,3.28,1321.9
3160.5,90.27,98.04,2030.1,46.9,59.56,64.16,72.8,25.73,88.99,9.5,1.007,903,3.04,1325.1
4206.8,92.56,101.02,2056.8,49.2,56.01,61.76,74.1,33.57,88.54,12.6,1.025,946.4,3.44,1539.6
2250.4,92.75,100.25,1939,41.4,53.09,57.86,70.6,18.26,73.85,7,0.994,812.8,2.45,1097.3
3003.7,93.78,105.47,1993.8,42.4,51.27,57.67,69.5,24.26,79.88,10.4,1.013,884.5,2.77,1367.4
1450.8,89.46,95.97,1786.3,35.5,29.53,35.67,53.9,9.36,46.59,8.3,1.007,635.4,1.95,800.9
773.7,94.99,101.6,1721,34.3,22.92,27.21,47.5,4.31,36.47,8.1,1.015,569.4,1.58,407.7
1800.8,90.29,100.46,1975.1,39.5,67.42,74.33,81.7,16.27,87.7,3.3,1.006,864.8,1.48,1073.8
2513.5,96.63,109.3,1863.1,45.6,23.57,26.42,49.6,13.08,31.02,12.6,0.97,872.9,1.81,1242.2
736.5,91.42,102.01,1908.3,35.5,49.46,53.17,65.9,5.64,61.06,3.3,0.962,798.3,0.81,428.8
2676.2,90.9,100.14,1927.3,43.8,51.49,58.58,70.5,21.67,78.26,7.4,1.024,841.3,3.01,1097.2
858.5,92.23,99.77,1751.7,34,30.56,36.51,54.6,5.57,42.97,6.9,1.03,612.1,1.29,466.7
804.2,87.9,96.8,1726.3,25.5,31.65,37.44,56.1,5.49,45.15,4.9,1.017,596.6,1.4,426.9
3035.2,89.14,99.36,1900.6,38.7,37.15,43.42,60.1,21.37,61.18,10.3,1.008,794.8,3.13,1234.3
3998.2,90.78,101.78,1937.2,39.8,26.74,34.4,52.8,23.81,49.44,15.1,1.005,871.5,2.95,1595.3
804.8,95.35,104.23,1760.7,30.7,27.93,33.41,55.4,5.03,40.85,7.7,1.034,600.4,1.4,486.5
2245.9,95.78,109.08,1962.4,44,57.17,64.57,73.7,19.33,85.42,6.5,0.999,811.4,2.21,1018.9
2621.7,97.1,106.29,1774.5,36.6,16.93,20.74,45,14.13,29.57,13.4,1.03,711.7,2.3,1154.8
2581.8,88.77,100.18,2024.1,43.7,56.2,59.56,72.1,20.91,79.25,9.5,1.009,826.5,2.09,1152.6
877.8,86.33,93.35,1808.4,28.7,39.91,44.03,61.1,6.49,56.9,4.2,1.016,646,1.32,467.3
2067.8,88.21,98.34,1900.8,39.7,41.43,49.58,65.2,15.01,62.45,8.6,1.001,810.9,2.15,1047.3
1561.3,92.03,103.22,1871.1,36.9,35.81,38.59,58.2,9.48,42.26,8.5,0.998,731.4,1.34,987.9
3307.6,87.4,95.22,1971.2,42.3,37.23,43.57,62,22.63,61.27,13.1,1.01,861.8,3.14,1290.9
2468.8,90.38,100.95,2014.2,42.1,80.01,81.64,87.9,25.32,108.8,3,1.004,905.6,2.4,1076.9
2357.8,92.7,101.34,1847,42.9,28.22,31.92,52.1,12.96,38.28,10,1.013,750.8,2.32,1142.1
2633.7,89.12,96.33,1957.9,41.6,42.57,48.09,63.3,19.48,67.83,7.2,0.997,804.6,2.91,1068.5
3709.2,96.11,107.62,1966.6,44.3,35.72,43.69,61.2,25.24,64.06,12.1,1.015,914.6,3.23,1498.7
2565,91.96,107.22,1795.9,36.2,13.6,16.49,40.1,11.74,22.45,11.8,0.999,698,1.51,1188.5
2756.6,92.26,103.36,1969.7,41.3,46,50.19,67.1,21.51,68.11,12.3,0.989,800.2,2.22,1242
708.4,91.78,99.08,1884.9,38.1,54.96,59.5,70.9,5.88,77.63,3.5,0.989,693.8,1.38,398.1
2469.1,89.79,100.71,1983.9,36.5,41.48,48.64,66.3,18.98,65.85,9.8,1.001,796.8,2.67,1037.2
2477.4,93.89,104.8,1859.8,41.6,43.15,47.98,64.4,17.89,64.66,8.9,0.993,796.4,2.31,1117.3
3255.7,89.35,96.89,2201.1,49.9,85.22,85.62,90.1,32.31,123.05,6.3,0.897,973,3.29,1337.6
2819,95.75,105.3,2236.4,41.8,85.97,89.34,91.4,28.14,114.13,5.5,0.881,1052.9,1.77,1256.5
3021.2,90.99,101.12,1982,46.9,39.53,43.51,61.9,20.91,61.07,11.6,0.992,866.3,2.84,1287.8
3325.4,92.12,102.56,1861.4,41.5,13.6,14.79,38.7,14.2,17.47,15,1.006,770.8,2.72,1475.6
1934.2,92.21,100.85,1882.4,43.8,42.76,46.64,60.4,13.48,60.68,7.4,0.99,715.6,2.25,947.2
2619.5,93.74,103.24,2071.7,46.9,73.02,77.31,84.8,24.95,104.14,6.3,1.013,891.6,2.59,1087.5
3351.6,90.49,100.65,1828.4,46.6,17.79,20.65,44.6,15.49,26.35,14,1.002,786.9,2.96,1379.6
2276.9,93.61,102.82,2009.7,39.5,44.72,51.87,65.7,16.83,67.24,10,1.001,783.5,2.61,1041.2
2276.2,90.92,99.43,2063.1,46.3,72.57,77.72,83.8,22.07,104.5,5.7,0.999,858.3,2.51,977.3
2279.1,92.52,106.66,1852.9,41.5,36.87,42.54,59.1,15.29,52.57,8.2,1.016,762.6,1.78,1152.9
4930.8,59.64,58.47,2033.3,49.7,31.33,35.38,52.2,28.48,49.87,17.8,1.033,931.4,5.13,1527.4
2557.8,94.89,102.89,1731.5,38.6,9.93,9.54,36.3,10.52,11.48,14.9,1.029,694.6,2.6,1205.2
1996.2,94.88,106.38,1971.1,37.9,72.24,76.56,81.8,18.47,98.24,3.3,0.967,843,1.94,1003.1
2408.3,92.72,101.14,1908.2,40.9,50.67,55.11,69.2,18.98,71.38,7.2,1.012,794.4,2.77,1034
2009,90.93,101.84,1844.6,37.1,28.95,34.55,55.3,12.41,40.77,9.9,0.994,726.6,2.1,998.5
2120.5,66.28,65.73,1857.2,37,38.32,42.47,59,14.59,53.71,8.3,1.001,729.6,2.56,966
4289.4,95.08,104.88,2171.6,41.7,77.09,79.76,84.9,41.33,113.8,11.1,1.002,1024.8,3.53,1493.4
3271.2,48.79,50.8,1922.8,45.3,38.34,45.16,60.6,21.61,63.05,11.4,1.004,868.3,3.6,1527.7
700.2,91.88,103.39,1916.1,32.6,52.52,59.07,73,5.62,68.3,4,0.963,808.5,1.1,422
2056.5,90.99,102.1,1781,39.2,20.76,26.61,48.8,11.73,36.06,10.4,1.019,657,2.4,982.8
2898,93.02,101.96,2044.9,36.7,73.5,76.36,83.6,25.55,99.92,6.7,1.006,933.5,2.45,1251.9
718.8,56.91,58.96,1748.3,32.5,27.85,33.92,52.2,4.34,42.98,6,0.995,612.5,1.64,401.1
1662.2,91.94,99.27,1766.6,36,29.15,35.77,55.4,10.54,40.97,6.3,1.051,673.2,1.91,929.9
3193.5,92.93,103.91,1888.4,42,22.4,28.21,51.6,17.88,40.9,14.1,0.997,784.9,2.85,1339.5
2269.5,93.4,101.42,2036.4,41,71.52,78.03,86,22.04,93.95,6.2,1.015,912.6,2.14,1044.9
760.6,95.45,104.29,1627.4,33.8,14.86,15.39,41.3,3.45,14.7,9.1,1.047,560.6,0.9,455.5
3162.2,94.31,105.03,2024.6,41.6,53.32,57.2,69.9,23.93,80.05,9.3,0.989,911.5,2.5,1322.5
3412.8,94.71,102.46,1884.2,45.1,30.78,37.08,57,21.7,51.09,14,1.02,841.7,2.68,1483.3
2575.1,94.28,105.18,1968.3,44.8,55.9,59.77,71.3,21.26,78.72,7.1,0.996,827.5,2.65,1090.5
2199.2,95.19,106.21,1897.8,42.7,30.42,37.93,54.9,13.42,46.8,11.2,0.992,749.4,2.05,1066.8
2460.2,93.38,96.75,1928.6,42.5,48.45,54.7,66.8,18.77,68.2,7.7,1.008,795.9,2.9,1041
706.8,89.63,97.87,1736.4,40.4,25.85,29.46,49.6,4.03,34.12,7.3,1.011,583.2,1.33,390.8
3167.3,91.92,103.81,2006.7,43.6,53.65,58.24,70.6,25.3,79.42,8.7,0.976,935.5,2.75,1444.5
1851.9,91.08,103.24,2033.9,37.8,61.95,66.16,76.5,16.59,77.74,6.5,0.995,840.4,1.96,1005.6
2527.8,92.04,103.55,1796.4,36.3,31.09,36.21,56.3,15.58,44.48,10.7,1.002,780.9,2.21,1236.4
2738.1,88.77,96.96,2016.5,40.4,75.07,76.9,84.4,26.63,105.64,6.5,1.031,900.8,2.88,1117.8
3145.4,96.52,107.23,1930.6,46.7,34.46,39.64,57.8,20.51,54.54,10.7,0.969,890.4,2.9,1408.6
2851.2,92.62,99.01,1968.1,39.6,49.91,54.88,68,23.27,77.38,9.5,1.02,816,2.87,1183.9
3135.4,89.71,96.69,2046.6,42.9,65.26,70.57,78.7,27.81,97.09,7.5,1.01,932.7,3.46,1349.7
2479.8,92.8,99.75,1833,42.8,27.03,32.01,52,14.49,44.06,12.3,1.002,698.6,2.7,1095
1555.8,49.06,46.15,1808.1,35.4,32.67,36.02,54.5,9.72,44.97,8.9,0.999,701,2.12,909.2
3013.9,93.23,104.76,2162.1,49.2,75.79,80.63,87.4,29.71,113.17,6.1,1.008,941.3,3.18,1253.3
2758.4,94.07,106.2,1843.6,46.5,20.08,22.78,44.5,13.89,31.36,13.2,0.997,735.6,2.58,1213.1
820,94.39,106.08,1729.5,31.1,18.32,21.35,45.6,4.13,24.27,8.2,0.988,670.1,1.09,494.2
2961.2,96.46,109.64,1836.5,39.7,22.97,26.86,49.3,15.68,37.38,13,1.022,784.3,2.08,1321
4153.5,91.46,96.38,2081.8,46.9,41.3,47.18,63,28.28,63.68,15.4,0.992,974.5,3.53,1635.2
1987.1,90.52,98.89,1862.9,37.9,39.29,46.14,61.1,14.38,58.52,8.1,0.984,760.9,2.45,956
818,93.92,106.6,1912.8,30.5,57.93,61.39,73,7.13,75.31,5.1,1.016,727.7,1.45,444
2194.8,89.31,99.92,1939.6,44.8,51.68,57.81,70.8,17.17,69.28,6.8,0.996,862.9,2.14,1086.8
2074.5,90.37,98.52,1833.6,41.9,27.63,33.46,52.4,12.5,43.09,10.1,1.005,757.2,2.54,980.8
2250.4,89.36,101.4,1874.4,38.7,31.54,39.16,56.3,15.37,55.03,11.3,1.02,714.3,2.29,970.3
3383.5,97.73,108.95,2041.5,45,57.65,63.03,74,27.48,83.81,10.4,0.998,956.9,2.66,1390.4
1518.4,90.55,98.77,1911.8,42.3,57.45,63.68,73.7,12.66,79.25,4.6,1.017,778,1.6,927.6
2204.3,95.89,111.12,1765.1,38.2,25.73,30.64,50.9,12.22,37.37,11.3,1.011,706.2,2.33,1085.9
2533.7,93.34,98.81,1937.9,40.5,54.5,61.75,70.2,20.53,83.23,7.7,0.996,832.9,2.81,1030.6
1883.5,91.44,102.57,1927.1,44.1,61.33,67.66,76.6,16.46,88.69,3.8,0.996,803,1.98,905.5
2815.8,94.41,105.31,2012.2,44.4,63.37,68.45,78.1,22.12,85.26,6.8,1.014,941.1,2.01,1330.3
2167,94.78,106.44,2058.1,44,65.01,68.96,79.2,18.25,88.82,7.4,1.02,851,2.04,1051.2
2474.8,97.01,107.4,2167,39,82.94,85.41,90.1,23.74,102.27,5.3,0.858,992.9,2.14,1180.2
2587.4,92.3,100.12,1782.7,39,10.48,13.22,37.3,10.95,17.34,14.1,1.017,652,2.35,1083.3
1603.5,90.87,101.6,1874.3,42.6,42.06,47.3,63.2,10.75,58.67,7.7,1.01,725.7,1.77,927.2
2469.3,92.24,102.93,1806.7,39.1,19.52,24.6,46.6,13.66,32.05,10.1,1,707.5,2.62,1082.6
3337,91.49,97.87,2034.6,44.4,66.83,70.07,79.5,29.88,98.5,6.9,1.012,926,3.36,1319.5
3554.3,88.33,98.97,2003.4,38.3,48.39,54,66.1,27.1,77.12,13.3,1.011,873.7,3.36,1398
2731.3,91.85,100.42,1835.1,42.5,15.67,18.98,42.9,13.25,27.71,12.8,0.999,686.6,2.93,1182.9
2675.2,89.04,101.3,2019.7,43.1,62,67.91,76.2,24.08,91.81,6.8,0.987,886.7,2.81,1110.3
2966.6,91.67,100.67,1760.2,40.4,10.92,9.56,36.1,12.23,12.56,15.8,1,694.9,2.88,1274.6
1983.5,91.9,101.75,1943.7,36.9,72.74,77.52,84.2,19.01,93.37,4.2,1.032,888.3,1.96,1046.5
3827.4,91.95,103.92,1882.1,45.9,14.82,15.49,38.4,15.84,22.07,17.9,1.014,791.4,2.62,1462
735.4,93.06,104,1620.8,27.6,11.48,10.94,36.4,3.13,11.89,9.1,0.997,522.7,1.15,418.8
1470.8,96.27,107.38,1749.8,36.3,24.52,27.61,49,8.09,34.05,8.5,1.028,631.1,1.6,912.1
2457.5,90.14,100.35,1968.8,39.1,41.38,46.65,62.9,17.63,58.36,11.7,1,791.6,2.22,1042.8
3031.5,95.56,109.63,2131,43.3,76.06,77.74,85,28.59,104.66,8.1,0.993,979.8,2.35,1359.6
3192.8,89.81,96.58,1924,45.2,39.7,46.45,61,22.65,67.19,10.6,1.011,804.2,3.44,1300.4
2035.6,91.51,98.74,1932.9,35.7,46.17,54.06,68.3,16.75,69.03,8.5,1.012,761.9,2.51,920.5
2733.9,92.02,100.34,1773.9,42,17.87,20.74,44.7,13.14,31.36,14.4,1.027,731.4,2.23,1271.5
1437.7,91.36,99.06,1814.7,33.9,32.62,40.86,59.2,10.02,52.56,7,1.007,685.9,1.98,834.7
862.2,97.44,111.24,1726.5,32.7,20.63,23.37,47.2,4.46,28.41,8.1,1.018,614.8,1.14,489.6
2874.7,87.33,90.5,1817.4,38.2,15.81,16.94,40.3,13.48,24.5,14.3,0.998,697.5,3.23,1154.5
4063.8,97.27,107.39,1923.8,45.2,19.23,20.31,42.5,18.41,28.78,17.7,0.992,880.8,3.52,1554.6
2511.4,93.71,99.35,1960.6,42.1,46.43,53.78,68.7,19.52,70.15,9.6,0.988,789.5,2.64,1053.4
3312.6,66.64,65.91,2132.5,45.4,78.4,81.36,86.6,32.02,119.37,8.7,0.988,985.1,2.86,1403.9
2896.7,92.26,108.27,1932.9,42.3,37.72,43.25,59.4,19.01,60.78,12.4,0.996,839.7,2.38,1336.2
3279.8,91.92,99.34,2016.3,41.8,47.49,53.17,65.6,25.02,73.67,11.8,1.001,876.6,3.45,1310.2
2591.1,90.41,99.41,1931.5,41.4,43.35,49.57,63.9,18.62,64.31,8.4,1,800.7,2.39,1174.1
3662.6,93.8,102.56,1920,46.1,20.88,25.14,46.9,19.05,36.74,15.4,1,831.2,3.36,1516.1
728.3,89.3,98.83,1740.2,36,23.67,29.34,52,4.37,34.9,6.1,1.041,600.9,1.45,414.5
2657.3,95.75,105.32,1873.5,41.3,24.24,26.84,47,14.66,36.9,13.3,1.009,718.2,2.73,1131.3
3961.3,95.83,104.36,1933,39.8,31.26,37.73,56.1,25.9,53.49,15.7,0.985,855.6,3.84,1393.4
3614.8,95.19,108.82,1960,43.7,35.87,43.1,59.4,22.76,58.64,14.2,1.01,895.8,2.9,1426.3
1936.3,84.98,94.89,1886.9,43.6,52.61,57.9,71,14.51,64.77,6.1,1.026,826,2.3,1055.7
2730.6,91.06,103.04,1904.8,42,40.56,44.9,60.3,18.85,61.83,11.5,1.017,792.6,2.54,1121.5
2776.5,94.46,104.48,1856,39.2,14.93,16.16,39.4,12.12,20.78,14.9,0.972,781.4,2.29,1203.6
2134.3,90.35,98.3,1964.5,39,52.2,55.45,68.9,17.82,75.33,8.4,0.996,767.2,2.42,946.2
4669.1,95.06,104.86,2136.5,47.6,78.56,80.88,85.1,43.73,113.01,10.2,1.016,1096.8,3.8,1581.7
2759.4,90.14,95.9,2123.5,41.8,83.63,87.23,93,30.46,120.16,4.1,0.86,947.7,2.92,1162
804.8,92.49,101.45,1834,41,37.63,42.79,59.8,5.29,55.32,4.4,1.012,645.3,1.12,433.9
4249.3,93.53,104.8,2046.1,50.1,51.04,57.3,67.3,29.05,77.32,12.7,1.017,1013,2.44,1643.6
1793.1,86.29,94.7,1843.9,33.5,40.68,47.73,60.3,12.91,62.16,6.9,1.018,692.5,2.49,879.1
2289,53.37,53.27,1903.5,41.7,35.71,41.81,60,14.81,53.33,9.5,1.024,765.9,2.78,1065.1
3268.6,93.71,103.5,1981.7,47.5,36.97,44.51,60.1,21.48,65.05,12.7,1.001,844.4,2.4,1430.9
2490.8,90.65,98.28,1918.5,43.2,38.43,42.41,56.5,16.1,58.82,9.8,1.014,755.4,2.72,1059.2
2500.1,65.3,66.15,1893.7,35.7,40.05,46.43,60.7,18.81,62.64,8.9,1.039,772.7,2.71,1050.9
3738.4,91.27,102.16,2110.2,52.4,61.59,67.31,76.9,32.94,100.39,9.9,0.985,928.7,3.53,1367.7
2197.4,92.2,105.98,1854.9,37.2,40.63,45.01,61.2,14.99,53,7.9,1.02,804.6,2,1048
3142.2,92.87,99.45,2084.4,41.8,76.29,81.22,87.4,31.12,115.25,8.1,1.002,933.2,3.06,1343.5
2864.6,94.97,112.44,1875.3,39.4,22.64,26.5,48.2,14.7,32.64,14.5,0.999,821.1,2.31,1307.4
3857.2,62.84,66.6,2149.1,54.2,93.91,95.5,96.6,40.58,133.82,6.6,0.931,1078.1,3.3,1552.8
1934.8,93.35,106.52,1777.6,41.4,18.69,23.28,47.9,10.51,30.96,9.8,1,644.1,2.14,956.1
2152.9,94.14,107.08,2018.8,35.9,61.51,68.39,78,20.07,89.51,6.9,1.022,837.2,2.29,1010.1
821.1,95.71,107.26,1819.1,32.1,48.82,51.65,64.2,6.45,66.35,4.4,1.013,673.7,1.45,462.6
884.2,94.38,103.85,1846.8,32.6,54.9,60.34,72.5,7.96,74.54,3.3,1.018,677.1,1.36,450.3
2906.2,92.81,99.55,1916.6,42.3,20.9,24.61,49.8,15.01,30.5,13.5,0.97,835.5,2.59,1272.1
767.4,95.18,106.01,1851,30.8,49.28,57.1,70.5,6.18,62.91,2.6,0.973,790,0.99,469.6
2569.6,89.94,98.05,2003.2,39,52.43,57.23,68.8,21.24,78.04,10,0.998,825.7,2.93,1068.1
705,93.35,102.28,1863.2,36.4,38.3,42.83,60.3,4.6,49.28,6.2,1.022,655.5,1.21,428.4
2844.2,94.42,105.56,2175.4,42.2,86.96,89.78,92.4,29.12,121.48,5.4,0.916,953.5,2.65,1288.6
2149.3,68.08,70.15,1819.5,39.8,28.55,33.12,53.6,12.72,43.52,9.5,1.027,692.3,2.43,1019.6
2729.5,92.22,103.8,1873.8,35.9,26.18,31.21,49.9,15.01,43.83,12.4,1,762.6,2.42,1245.1
2653.1,92.04,100.94,1945.9,49,49.92,54.93,67.4,19.82,73.6,8.5,1.039,838.5,2.82,1131.8
1952.5,96.87,106.03,1909.5,41.3,43.91,48.31,62.4,13.05,61.88,7.4,0.993,777.8,1.55,1046
1859.3,95.29,105.76,1940.5,44.6,69.06,72.87,79.7,16.87,92.53,4.3,1.033,809.4,2.03,983.8
1602.7,90.4,100.23,1941.2,38.1,71.99,77.37,84,15.4,99.51,2.3,1.01,796,1.81,893.5
2518.6,94.88,104.44,1782,40.1,20.31,31.45,51.7,14.86,39.42,10.1,1.036,733.5,2.95,1060.4
1876.5,91.65,101.64,1773.3,30.1,23.87,28.27,49.5,11.27,34.49,8.3,1.004,707.7,1.98,988.2
797.4,91.15,99.28,1735.7,29.7,23.25,26.94,48.9,4.61,32.02,7.3,1.028,587.9,1.36,441.5
821.8,87.58,93.51,1844.7,39.3,53.49,57.08,69.6,6.76,70.75,3.3,0.996,674.9,1.62,429.7
1845.2,91.97,101.52,1871.4,35.8,42.99,48.27,65.6,13.07,56.33,6.8,1.017,796.5,1.95,963.6
2176,84.97,99.21,1836.5,36.3,32.82,39.41,55.2,14.31,52,8.9,1.005,744.7,2.4,962.8
2405.9,87.13,96.55,1814.4,38.8,25.75,31.59,49,13.88,40.34,9.6,1.011,715.5,2.49,1078.5
3256.1,89.8,99.1,2228.3,44.9,92.98,94.96,96.2,36.63,134.15,5.9,0.916,1010.3,2.95,1342.9
2117.4,93.9,107.77,2062.9,41.6,60.45,63.74,74.3,17.66,75.01,7.3,0.961,919.1,1.57,1170.7
1584.8,90,97.04,1961.2,41.4,62.33,66.14,76,14.26,87.23,4.3,1.017,776.4,1.92,841.6
1459.7,90.73,99.49,1942.9,37.9,67.29,69.28,77.2,12.98,83.57,4,0.999,806.7,1.73,906.7
863.2,90.09,97.55,1734.4,34.1,36.65,43.2,59.4,5.6,51.13,5.6,1.028,715.3,1.07,507.5
1666.2,90.4,97.42,1974,36.9,57.61,63.59,76.7,15.22,79.18,6.1,0.993,769,2.24,852
2492.1,94.46,107.51,1862,39,26.88,33.03,55.8,15.12,39.68,10.2,1.02,786.3,1.87,1255.8
1976.9,95.28,103.02,1684.6,38.7,10.8,14.99,39.6,9.4,19.4,10.7,1.009,649.1,1.85,972.2
4227,90.1,99.9,2103.8,44,58.72,63.28,75.4,34.7,92.29,12.5,1,981.6,3.88,1438.3
2001.7,92.11,105.31,1901.5,35.4,52.47,59.09,72.3,16.12,77.21,7.9,0.999,824.7,1.53,1071.8
3869.3,94.22,103.54,1911.5,42.7,17.51,20.63,43.5,18.62,30.77,17.3,1,821.9,3.11,1554.5
2148.9,89.07,98,1935.6,37.8,37.66,40.63,58.3,13.36,51.39,12.4,1.005,800.8,1.83,1111.1
2706.5,93.79,102.38,1948.3,39.6,53.29,58.25,70.7,22.16,77.33,8.2,1.02,850.7,2.35,1154.3
2922.5,98.36,106.64,2087.2,50.8,77.85,78.64,84.8,26.43,104.44,7.3,1.015,961.7,2.49,1381.3
3000.8,93.97,105.33,2191.9,45.6,86.21,87.01,91.8,31.8,119.14,5.9,0.89,1009.1,2.31,1300.7
2570.5,92.06,104.27,1832.9,37.8,23.46,26.9,47.4,14.49,35.33,13.2,0.999,714.5,2.4,1075.4
2022.9,96.89,104.87,1830.9,39.6,28.29,35.9,54.5,12.32,43.81,7.8,0.982,799.3,2.35,1024.3
2872,87.03,98.62,2086.6,48.8,71.59,74.82,81.3,26.08,102.83,7.8,1.011,887.6,2.9,1231.8
3196.4,88.9,94.08,1924.9,35.9,34.72,37.81,53.2,20.5,53.46,14.2,1.003,789,3.66,1262.2
3481.3,91.8,101.57,2095.9,46.7,60.34,63.11,75.1,28.23,90.17,12.6,1.011,985.2,2.91,1471.6
2687.9,95.75,101.83,1885.4,38.8,40.96,48.26,63.9,18.54,63.2,10.6,1.01,811.9,2.69,1147.8
756.3,92.36,107.68,1902.6,35.9,39.27,46.03,62.4,5.31,53.36,6.6,0.98,738,0.95,487.8
2842.4,100.31,112.31,1952.9,43.3,55.6,61.87,73.9,23.95,83.03,7.3,0.993,883.7,2.77,1276.3
2477,61.53,60.11,1824.1,41.3,19.15,24.32,46.1,13.01,29.42,12.1,0.986,757.6,2.79,1099.9
2372.4,89.84,100.47,1861.9,36.9,35.48,41.4,58.3,16.38,59.58,9.3,1.018,749.9,2.69,1061
2041.2,91.17,103.52,1988.2,41.8,66.66,71.03,78.1,18.92,91.01,6.4,1.012,819.7,2.25,942.8
763.3,88.14,94.66,1729.1,38.7,21.63,26.42,46.8,4.38,32.06,8.1,1.001,538.2,1.48,398.9
1897.8,90.07,98.34,1749.7,31,8.95,9.18,36.1,8.12,9.53,13.3,0.991,588.5,1.96,932
2224.4,92.7,103.6,1917.5,41.6,39.31,46.51,61.7,16.25,61.52,9.4,1.029,756.5,2.43,1054.9
878.5,90.53,103.25,1807.4,29.1,20.48,24.81,47.6,4.73,30.73,9.7,0.979,632.6,1.2,490.5
3122.4,88.65,97.52,2043.8,43.6,69.1,76.45,82.5,29.25,102.2,4.3,0.983,1015.7,2.57,1367.3
5000,93.79,105.26,2071.4,54.2,61.82,66.48,77.7,42.02,85.03,12.7,1.007,1068.1,3.82,1639
3534.3,98.07,111.86,2001,45.9,43.09,46.32,62.3,23.2,65.01,12,0.998,913.5,3.09,1466.3
2677.6,93.84,105.35,1987.1,43.2,45.95,54.71,70.1,20.94,70.79,8.3,1.02,849,2.4,1271.8
3000.7,95.24,103.53,2081.8,46.8,60.73,65.68,74.9,26.38,97.16,7.9,1.008,873.8,3.25,1215.8
3017.3,92.85,104.47,1925.6,40.4,49.63,53.41,67.1,23.32,76.06,9,1,872.4,2.9,1336.4
2070.4,90.91,95.85,1741.4,39.2,17.55,19.66,45.3,10.94,22.96,12,1.008,642.6,2.58,970.4
3583.2,93.95,103.38,2215.1,49.1,90.81,92.86,95.1,36.2,130.17,7,0.895,1079.2,3.12,1517
3055,92.79,104.55,1893.8,44.2,29.92,36.22,54.6,19.72,51.22,11.4,0.979,776,2.75,1305.8
2748.2,90.33,105.37,1801.5,39.5,16.49,19.33,41.5,12.36,25.54,13.7,1.008,765.1,2.24,1345.6
2790.3,92.61,107.1,2017.2,41.4,48.26,54.99,67.3,20.64,69.87,11.2,0.992,862,2.23,1276.9
2786.7,96.28,103.16,1982.8,41.4,48.49,55.69,68.9,21.13,71.28,10.6,0.978,852.7,2.36,1247.9
2567.1,95.28,105.08,1795.6,38.6,35.2,38.4,58.7,17.31,50.31,10,1.027,793,2.29,1230.4
2259.9,48.59,50.82,1947.9,40.4,35.41,41.2,58.7,15.68,51.44,9.9,0.937,853.6,2.7,1065.1
3180.8,50.89,53.53,1901.9,43.2,30.94,32.8,55,18.92,45.43,13,1.014,801.8,2.97,1466.1
849.3,89.06,97.72,1790.7,35.2,28.6,33.64,54.1,5.22,39.8,7.8,0.993,605.2,1.39,494.7
2436.6,91.72,98.84,1960.6,35.8,40.74,47.31,62.3,17.73,60.03,10.1,0.972,790.2,2.25,1054.9
1688.9,94.17,106.41,1803,39.8,13.83,18.88,45,8.51,20.79,13,1.004,709.7,1.36,971.6
3414.3,91.96,103.28,1850.1,44.1,20,18.92,45.2,16.53,25.69,15.8,1.012,775.3,2.97,1425.3
3061.3,97.66,108.05,1886.3,38.9,30.82,36.53,55.7,18.88,49.05,12.9,1.004,771.3,2.81,1317.8
4073.9,96.33,103.78,1881.9,50.6,24.81,29.06,50.8,21.26,39.57,14.9,1.019,890.3,3.41,1595.1
3526.1,90.97,100.08,1889.6,36.9,31.27,36.47,56,23.1,50.06,11.2,0.997,849.3,3.26,1416.3
2347.8,91.5,105.65,2036.4,42.5,77.09,79.75,86.8,22.5,104.02,2.2,0.976,946.3,2.34,1124.3
2437.5,90.7,98.55,1982.3,39.6,48.68,54.96,68.8,18.25,67.95,8.4,1.002,868.6,2.45,1145.6
5000,95.47,106.92,2103.3,50.1,36.56,41.22,60.7,32.38,53.26,17.1,0.992,993.1,4.05,1522
2151.3,91.54,99.87,1954.5,41.8,64.72,67.26,75.8,19.14,84.49,6.7,1.019,844.7,2.34,994.8
1639.5,90.09,100.97,1852.5,37,34.07,40.76,60,11.35,48.17,8.9,0.964,765.7,1.97,929.9
2128.9,91.87,102.44,2116.1,41.3,78.7,82.31,87.9,21.76,104.96,4.4,0.968,944.1,2.37,1050.1
2533.1,96.54,110.74,1875.3,41.2,18.6,22.61,48.6,13.18,27.12,13.1,0.99,797.7,1.91,1167.1
3943.5,90.96,99.27,1988.8,48.9,59.06,65.62,75.3,32.01,92.04,9.3,1.038,992.5,3.29,1521
711.3,84.84,95.62,1641.6,31.9,15.47,19.42,43.9,3.62,24.55,8.2,1.032,536.9,1.41,389.4
2044.9,88.06,99.37,2028.3,39.3,75.89,77.06,85,20.35,100.77,6.3,1.004,841,2.16,964.5
3412.8,92.6,103.04,1906.8,36.8,39.08,44.3,61.2,22.84,61.51,10.9,1.016,843,2.84,1515.5
4153.6,93.32,105.1,1920.7,48,31.92,32.19,51.9,23.37,43.71,16.5,1.014,848,3.3,1501.4
2425.6,89.66,100.73,2048.5,39.9,79.16,80.07,85,23.63,98.81,4.2,0.977,938.1,1.9,1150.5
780,90.21,100.37,1736,33.2,24.77,31.09,51.5,4.9,35.58,6.4,0.997,626,0.94,481.4
4903.7,88.26,95.59,2236.8,56.2,87.15,88.87,90.6,50.08,121.43,9.5,0.897,1125.5,4.44,1543.1
2096.5,93.15,103.7,1919.9,42.1,41.72,46.88,62.8,14.74,58.51,9,0.96,865.2,2.07,1052.1
791.4,87.92,98.75,1796.4,37.3,35.95,38.51,58.8,5.47,48.19,6.2,1.005,620.7,1.34,430.9
1761.2,87.48,97.59,1877.3,41.4,41.05,49.15,63.3,12.89,60.45,7,1.018,741.2,1.38,911
2630.6,90.54,99.79,1855.4,40.3,40.13,45.96,63,17.53,59.83,9.2,1.03,819,1.98,1290.7
1950.4,92.7,105,1807.3,38.7,40.93,49.66,63.4,14.22,57.56,6.4,1.012,791.7,1.98,1024.1
2489.9,95.59,105.34,1977.8,37.2,43.82,48.58,65.3,18.19,56.31,8.2,0.983,881.9,2.58,1159
3050.2,92.9,103.91,1909.2,45,37.92,44.4,61.2,19.28,60.8,11.2,1.017,857.3,1.94,1388.9
2818.9,95.14,108.54,1951.8,31.2,48.28,52.39,66.3,19.5,66.59,11.3,1.014,877.1,1.89,1340
3133,91.88,101.41,1883.8,39.8,38.28,42.89,61.4,22.13,61.35,11.4,1.023,822.3,3.16,1257.2
2341.7,91.35,101.59,1906.7,38.5,37.52,42.57,60,16,53.58,9.2,0.982,766.8,2.16,1060.2
3599.8,91.1,105.57,1973.3,45.5,46.63,52.09,67,26.71,71.96,12.9,1,915.7,2.12,1560
3168,92.28,101.73,1838,43.8,14.04,14.14,38,13.2,15.85,16.6,0.999,720.8,3.02,1286.6
771.6,86.91,96.01,1741.1,31,23.05,27.62,47.9,4.21,34.54,7.1,0.99,601.4,1.38,425.5
2728.4,90.5,99.89,1854,35.4,24.04,26.72,48.3,15.46,35.47,12.5,1.02,739.9,2.91,1168.5
2115.8,90.91,99.73,1824.3,42.8,29.61,37.07,56.2,13.49,50.46,9.4,1.013,721,2.55,950.6
2003.2,91.33,101.6,1986.9,33.7,65.23,70.23,78.5,18.38,89.47,7.1,1.005,814.5,2.3,931.1
5000,94.71,105.51,2176.4,58.3,73.73,75.69,82.4,45.48,102.05,12.5,1.014,1096.9,4.6,1543.3
2897.1,93.1,104.72,1954.6,37.4,34.38,40.81,55.8,18.91,53.6,11.9,0.987,837.3,2.21,1366
4808.7,91.3,97.16,1884.6,50.6,10.11,13.44,37.7,19.43,19.16,19.5,0.997,887.1,4.76,1528.5
1972.6,91.86,100.46,1765.5,43.4,12.44,14.59,41,9.39,18.21,11.6,1.003,653.9,2.18,980.2
2484.4,88.78,98.3,2024.6,44.8,70.71,76.75,85,23.66,104.8,5.2,1.012,922.3,2.18,1138.4
3616.6,93.88,102.93,1980.6,49.9,59.48,62.9,74.7,29.28,84.25,10,1.017,954.1,3.08,1603.3
4164.2,95.1,103.96,1910.5,39.6,18.59,21.96,43.2,20.06,26.77,18.1,1.047,846.7,3.01,1620.6
3022.3,93.19,107.48,2031.5,38.4,58.46,64.41,76.3,25.21,89.87,8.8,1.001,942.3,1.96,1397.3
749.1,88.94,97.29,1659.6,32.8,6.85,9.33,35.9,3.15,11.67,9.5,0.998,514.5,1.43,423.8
2585,91.2,100.92,2041.5,44.1,74.27,77.12,84.8,24.36,99.97,4,0.986,924.9,2.54,1142.1
3698.3,92.23,101.82,1969.6,44.2,39.26,44.29,60.9,25.68,64.49,13.4,0.996,903.2,3.36,1472.3
2270,94.1,101.58,1813.8,38.8,23.56,25.67,49.2,12.48,32.64,12.5,1.026,706.3,2.22,1067.5
1881.6,92.09,100.1,1897.2,39.5,51.91,55.25,69.1,14.76,69.22,7.1,0.985,828.9,2.18,996.4
4151.8,98.47,109.19,1986.5,39.7,46.77,52.93,66.1,31.22,77.6,12.7,0.998,922.4,3.15,1524.8
1961.7,93.42,101.26,2010.4,39.9,69.14,75.42,82.7,19,95.06,5.5,0.997,820.1,2.01,940.2
2866.2,88.18,99.46,1900.7,39.2,30.17,36.74,56.1,18.47,50.5,13.3,1.008,765.7,2.4,1233.2
3418.4,97.61,109.74,1993.6,42.2,40.44,46.61,64,24.55,64.66,11.2,0.973,918.2,2.82,1535.5
2299.2,91.01,97.31,1851.9,36,31.03,35.89,53.5,14.57,51.43,10,1.013,706.4,2.4,1065.8
2960.8,91.69,100.81,1893.7,43,22.01,25.39,45.3,15.46,32.03,14.5,0.989,771,2.62,1266
3572.3,95.16,103.51,2238.1,48.5,93.44,94.05,95,38.46,135.22,6,0.917,1026.2,3.52,1398.6
888.6,93.37,101.81,1724.9,30.2,29.96,32.47,54.5,5.52,39.44,7.1,1.003,682.7,1.25,519.1
2490.9,89.35,98.19,1782.7,38.8,14.84,15.93,38.6,11.24,20.52,13.8,1.02,661,2.72,1026.1
2080.3,94.72,107.58,1906,45.6,41.5,42.34,60.6,13.74,50.06,8.9,0.969,849.8,1.83,1108
1950.7,92.15,103.96,1790.7,36.2,30.43,34.58,52.4,11.49,44.05,8.3,1.018,708.3,2.31,968.7
2475.2,92.29,101.94,1849.6,41.9,32.97,35.82,53.2,15.3,45.68,10.5,0.982,750.7,2.42,1061.3
2097.3,93.07,103.68,1937.9,38.5,37.73,44.68,58.8,14.17,57.9,11.6,1.006,765,2.15,1030.3
718.9,91.26,101.11,1926.2,31.4,64.57,67.53,78.4,6.71,81.16,1.4,0.979,736.3,1.31,405.1
823.4,93.18,106.66,1923,36.7,52.09,56.82,71.4,6.23,64.49,4.8,0.98,754.1,1,509.4
2109.5,89.24,100.73,1869.3,39.5,31.89,37.9,55.3,13.75,48.9,9.7,0.984,720,2,959.5
2667.9,96.44,107.32,1996.9,40.6,33.59,39.99,58.3,17.03,48.79,13.4,0.934,891.4,2.07,1313.3
1909.2,94.52,106.86,1850.4,43.9,27.21,31.87,53.2,10.78,32.49,10.4,1.01,760.9,1.38,1135.4
778.5,93.5,102.85,1879,38,51.74,56.52,69.3,6.28,65.47,2.9,0.979,745.7,1.01,448.2
2205.1,43.13,40.25,1894,34.7,32.91,39.45,57.8,15.3,56.54,9.5,0.98,735.1,2.88,982.8
3173.4,87.93,92.4,2010.9,50.4,47.8,53.57,67.8,23.1,75.09,12.3,1.013,879.3,3.21,1348.9
3158.2,92.75,104.41,1918,41,29.11,32.66,52.3,18.41,45.74,14.8,1.01,812.6,2.51,1411
2122.9,94.13,104.26,1830.5,35.8,23.16,29.18,51.3,12.66,34.39,10.8,1.001,764.5,1.86,1103.2
5000,93.39,101.42,1997.1,48.3,26.4,32.15,50.2,27.95,45.89,18.2,1.014,909.9,4.62,1486.3
3473.8,90.27,101.45,1910.8,47.9,57.85,62.67,74.4,27.38,87.65,7,1.024,915.1,2.41,1500.5
3398.8,98.38,110.94,2116.3,48.4,85.1,86.65,91.7,33.64,117.14,5.7,0.874,1042.1,2.99,1530.2
3578.7,91.37,102.64,2040,47.4,56.16,60.63,73.4,28.97,81.77,10,0.976,1014.5,2.72,1548.8
3569.9,89.05,98.13,2119.1,46.8,83.91,85.47,89.9,35.72,121.95,6.5,0.922,1000.2,3.15,1510.9
2940.9,93.31,108.44,1942,41.8,37.27,43.02,61.6,20.65,58.7,12.3,1.006,773.9,3.04,1210.3
2280.8,93.21,106.04,1982.1,46,56.59,61.8,71.4,18.23,79.08,7.9,1.002,817.5,2.12,1073.3
1955,93.5,102.02,1751.7,37.8,16.4,21.88,43.8,9.6,21.15,9.9,0.985,726.2,1.95,1014.6
2426.1,89.25,100.11,1897.9,39.4,67.48,73.06,83.2,22,92.05,7.1,1.025,899,2.13,1111.2
2210.5,93.22,106.08,1828.2,44.5,16.73,21.46,42,10.28,25.6,11.8,1,704.1,1.58,1042.9
3248.6,89.48,102.24,2019.9,45.8,64.53,70.96,80.5,29.04,96.72,7.8,1.032,971.5,3.21,1386.5
2833.6,88.67,95.71,1935.2,40.1,44.82,50.98,65.2,21.11,70.83,8.9,1.015,819,3.03,1202.6
1697.8,92.27,102.74,1750,34.2,16.5,19.37,41.6,8.43,25.46,11.3,1.036,614.3,2.13,894.9
3036.6,91,101.87,2029.2,44.6,61.03,64.15,75.5,24.52,91.76,9.6,1.003,888.9,2.86,1332.3
3292.8,57.63,59.02,1893.9,43.9,26.84,30.28,50.8,19.5,48.29,14.7,0.979,783.2,3.85,1337.7
3739.1,90.59,100.99,1948.9,46.1,43.88,48.3,64.1,24.69,62.14,10.2,0.982,975.6,3.4,1555.5
2771.3,100.05,110.91,1836.4,37.8,17.85,16.64,41.6,12.95,21.82,16.4,0.984,743.6,2.45,1228.7
3256.5,93.34,105.51,1921.3,38.2,32.61,37.98,58.8,21.02,50.18,12.9,1.009,821.7,3.02,1542.1
4235.2,89.35,98.52,2277.1,51,83.34,87.81,91.1,43.01,123.43,8.6,0.935,1106.3,3.82,1462.6
1873.3,93.05,106.27,1898.7,39.8,49.34,55.31,69.1,13.93,64.42,6.8,1.005,816.3,1.39,1090.4
3014.4,89.72,98.81,2106.6,43.4,75.43,80.35,86.8,28.81,106.35,7.2,0.981,1024.2,3.01,1356.5
2264.9,91.86,103.03,1751.3,38.9,13.88,15.19,41.3,10.27,22,12.6,1.006,695.1,2.26,1044.1
1294.8,87.22,96.38,1907.4,36.1,44.84,49.81,67,10.07,63.58,6.5,0.981,690.3,1.79,733.9
1783.3,89.28,97.41,1788.8,36.2,25,27.48,49,10.1,34.87,10.2,1.001,656.6,2.1,946.9
752.2,88.69,100.54,1710.6,30.7,24.67,29.17,50,4.68,33.73,6.8,1.008,589.2,1.45,392.9
1857.9,100.08,110.59,1903.9,37.2,38.24,41.36,60.3,12.45,47.66,7.6,0.992,842.3,1.52,1031.6
3525.8,97.88,109.44,2099.3,45,60.44,63.5,73.8,28.33,87.76,9.3,0.979,1009,2.66,1447.4
2363.2,94.39,103.86,1932.9,40.4,53.44,58.16,68.6,17.75,77.68,7.4,1.009,847.2,2.27,1024
1730.4,89.49,100.73,1854.4,32.2,26.96,33.9,51.7,10.69,43.72,10.4,0.994,649.9,1.97,909.6
2111.2,96.73,107.66,1921.4,43.9,80.65,81.44,87.7,20.56,98.6,1.5,1.024,898.4,2.23,1051.7
756.7,98.06,107.49,1825.5,35.4,39.36,44.52,62.1,5.52,56.68,5,1.01,633.8,1.09,484.6
3592.1,91.85,103.38,2104.4,48.6,59.22,63.36,71.8,28.11,98.21,12.2,1.016,913.3,3.14,1403.5
2457.2,89.44,100.34,1893.6,42,33.89,40.24,59.1,16.31,50.1,11.1,1,805.4,2.1,1121.9
1811.6,94.12,102.83,1938.5,38.2,75.9,79.13,84.6,17.93,102.91,2.5,1.024,837.5,2.2,931.4
3782.9,91.42,97.17,2049.5,43.2,62.6,67.02,75.4,33.39,99.59,10.2,1.009,934.1,3.92,1450.4
3708.5,96.22,107.78,1942.5,43.2,28.55,34.35,55.2,22.82,48.11,14.4,0.994,849.8,2.73,1533.1
2080.3,92.43,100.62,1881.3,33.6,40.34,46.89,61.4,14.84,62.37,9,0.995,753,1.91,1051.6
1636,92.66,105.98,1868.1,35.7,41.4,46.16,60.6,11.36,53.04,6.6,0.998,779.6,1.59,944.7
2072.1,89.02,105.1,1935.9,38.2,44.1,51.96,68.3,14.86,60.81,9,1.003,792.8,1.87,973.4
3196.9,91.35,105.37,1922.1,39.6,34.43,40.99,58.9,20.33,59.76,14.1,1.008,830.4,2.07,1414.2
2623.2,91.36,101.37,1838,40.4,26.45,31.19,53.9,15.48,43.11,11.5,1.013,781,2.65,1182.1
1923.3,87.65,98.14,1928.9,39.3,36.66,42.89,59.2,13.44,58.27,11.2,1.01,705.3,2.06,940.6
3470.9,91.65,100.14,1906.2,44.3,22.4,26.44,48.3,18.41,34.16,13.2,0.987,858.1,3.14,1602.1
4185.2,95.05,109.18,2133.1,51.6,63.14,68.31,77.4,35.51,94.8,11.2,0.969,1066.3,2.6,1594.8
834.1,91.6,101.13,1853,31.7,45.89,50.43,63.4,6.74,60.46,6.3,1.007,669.6,1.53,438.9
1820.2,89.26,99.74,1791.4,37.9,19.65,21.94,44.4,9.32,24.88,11.9,0.99,648,1.91,944.4
2158.9,94.1,101.99,1867.5,39.2,34.57,39.17,57.3,13.45,51.01,10.1,1.018,760.2,2.09,1051.7
840.7,90.47,100.84,1786.3,33,49.07,56.36,69.7,6.99,69.85,2.2,1.021,694.5,1.23,478.3
1967.6,95.8,104.23,1840.2,35,25.75,29.29,47.6,10.54,37.08,10.2,0.983,691.8,1.99,964
2459.5,94.01,108.3,1806.3,35.8,15.31,17.45,42.4,11.8,22.53,13.5,0.978,760,1.99,1210.4
3096.2,90.85,104.35,2183.9,48.7,88.53,90.24,93.2,31.53,124.03,5.9,0.901,1011.3,3.13,1343.6
1829.4,66.83,68.38,1865.2,43.8,45.85,51.67,66.1,13.29,59.97,6.7,0.995,798.2,1.62,1058
3466.4,93.77,103.94,2065.1,52.8,66.91,70.5,81.2,28.03,97.62,8.9,1.001,1005.9,2.23,1518.1
2463.4,92.45,101.44,1903.2,45.2,52.17,57.71,66.8,18.97,77.97,6.7,1.001,804.2,2.56,1053.7
2281.4,94.07,101.96,1717.3,38.8,15.13,18.79,43.8,11,19.8,11.7,1.009,670.4,2.37,1048.3
3490.6,91.59,101.5,2084.3,50,57.34,63.45,73.5,28.01,89.7,9.8,1.009,950.7,3.08,1525.7
3148.9,89.44,97.37,2010.3,47.8,49.21,56.27,70.6,25.14,80.01,10.3,1.004,853.6,2.71,1274.5
2248.9,93.24,102.02,1805.1,40.5,27.42,34.12,52.6,13.47,44.26,8.4,1.013,727.8,2.18,1086.5
2624.8,92.69,103.14,1795.5,38.9,21.69,26.39,50.3,14.7,32.86,10.2,0.982,814.5,2.37,1228.1
3699.2,47.35,46.25,2123.3,45.1,69.34,70.09,78.9,31.11,97.71,10.3,1.008,1041.2,3.72,1501
2774.3,93.54,105.49,1973.5,45.8,48.43,53.88,70.2,20.97,70.72,8.1,1.004,879.8,2.35,1325.3
3762.1,91.57,98.79,1987.5,44.1,37.93,43.49,59.3,25.24,61.12,13.7,0.995,873.5,3.25,1488.6
1954.1,50.36,52.86,1835.6,37.1,62.1,64.59,75.2,16.94,81.45,3.7,1.023,804.3,2.65,1086.3
2894,54.01,56.84,1895,39.6,31.41,38.79,55.7,18.51,55.62,12.7,1,763,3.52,1201.6
3204.4,90.98,97.82,1829.3,40.8,9.53,14.18,40,14.88,20.97,14.9,0.992,708.3,2.74,1324.3
2497.7,41.26,40.67,1848,40.3,36.34,40.24,58,16.88,55.24,9.8,1.009,758.2,3.05,1071.9
2434,48.49,45.87,1829.5,37.5,25.44,29.95,50.4,14.42,40.64,9.6,1.013,703.1,3.46,1007
1804,91.04,99.26,1898.8,39.6,48.28,56.78,69.8,14.3,68.27,6.5,0.985,803.7,2.12,950.7
2836.2,94.14,106.31,2072.5,51.4,78.22,79.92,86.7,26.6,109.22,7.4,1,926.4,2.76,1227.6
2437.2,99.18,110.2,1811.5,40.8,15.57,21.14,46.1,12,23.38,12.8,0.966,836.5,2.22,1182.7
3703.9,102.48,112.31,1966.7,47.9,23.73,28.66,49.9,20.07,39.7,15.9,0.997,857.9,2.61,1489.1
1792.6,89.64,100.49,1750.4,35.4,19.25,24.07,45.4,9.79,31.48,11.2,0.986,635.4,1.95,917.8
4346.9,92.08,104.54,2063.2,52,53.59,60.13,72.2,34.4,86.52,13,1.01,991,3.91,1436.1
755,58.19,56.94,1729.3,29.1,21,23.71,44.9,4.14,33.28,8.7,1.021,551.9,1.68,404.4
2790.1,93.82,108.07,1990.4,40.5,55.55,58.61,70.4,21.88,76.45,9,1.024,860.6,2.95,1185.9
2515.3,91.2,100.59,1977.7,40.2,38.41,43.39,56.1,16.64,59.29,12,1.009,758.2,2.9,1048.4
2684.4,90.3,98.62,1906.6,42.5,27.69,29.78,50.1,16.07,41.52,13.7,1.018,718.1,2.78,1123.1
2432.4,45.51,42.85,1830.7,39,18.92,21.13,43.8,12.25,26.72,13.6,0.99,662.6,3.16,1034.7
3207.9,94.67,107.89,2034.3,43.2,53.71,60.17,72.9,26.1,79.46,10.3,0.966,990.4,2.76,1467
2096.6,88.56,97.69,1766.6,37.5,13.27,16.88,44,10.58,18.68,13.2,0.971,754.8,1.9,1100.4
1840.5,90.68,101.84,1874.1,37.4,45.6,51.48,65.4,13.11,64.11,8.3,1.006,776.3,1.58,1006.3
2394.6,91.83,97.4,1841,41,26.15,33.16,53.9,14.56,42.68,10.5,1.008,754.2,2.47,1076
2450.9,90.93,100.51,1857,40.4,26.15,31.7,48.8,13.7,42.31,10.2,0.962,722.8,2.27,1076.7
1501,89.89,99.58,1706.3,36.1,14.27,18.73,41.5,7.28,22.7,10.9,1.02,610.3,1.85,818.5
2495.4,88.2,100.58,1977.9,44.7,61.49,68.05,75.3,21.02,92.43,6.7,1.014,850,2.27,1084.7
2102.8,88.35,94.78,1754.7,33.9,12.44,17.52,41.5,10.47,24.17,12.7,0.989,638.6,2.64,942.9
2324.9,90.32,96.38,1939.2,42.2,41.44,47.34,63.1,16.99,61.73,9.8,1.007,744.8,2.54,1070.9
3348.6,94.35,105.01,1909.5,48.5,22.57,27.42,47.7,17.33,37.43,14,0.999,809.9,3.31,1350
3321.5,86.61,95.35,2012.1,43.8,48.17,54.92,69.2,26.35,79.25,11.9,0.987,843.7,3.44,1264.2
2260.2,92.63,100.86,2025,41.6,76.81,81.32,85.9,22.97,108.52,4.7,1.013,886.7,2.45,1023.2
2491.8,90.39,98.54,2015.4,42.4,70.58,73.65,81.5,21.83,94.24,4.4,0.988,949.2,2.52,1097.1
2568.4,91.2,104.47,1779.8,38.6,27.13,30.41,50.8,14.7,43.18,11.3,1.033,729.9,2.37,1160.3
2590.7,90.73,103.26,1763.2,40.2,14.33,12.19,37.4,11.09,15.7,13.3,1.001,678.7,2.29,1178.2
3119.7,92.5,101.06,1796,41.4,18.42,20.11,44.5,15.34,28.51,14.2,1.007,778.3,2.87,1376.1
2444.3,89.77,101.25,1833,41.9,18.32,22.24,46.6,12.55,31.05,10.9,0.997,798.6,2.11,1128.2
1959,91.75,99.91,1859.8,39.9,21.15,27.63,49.8,10.42,31.93,10.2,0.997,799.5,2.09,1104.8
3881.3,92.17,102.87,2052.3,51.5,44.16,50.44,65.9,27.34,68.28,13.7,1.003,987,3.52,1513.9
770,91.33,101.29,1787.7,36.6,20.26,24.86,48.3,4.06,25.51,7.5,0.958,668.2,1.33,454.2
2678.9,90.81,100.59,2004.4,44.6,62.37,68.15,77.1,22.68,93.07,6.5,1.044,862,2.67,1161.3
2715.9,93.91,105.39,2046.5,44.8,57.88,64.75,75.7,22.95,86.67,7.5,1.007,886.9,2.15,1231.1
1713.3,89.85,99.91,1928.6,37.6,45.78,52.15,65.7,13.08,63.11,7.8,0.986,771.8,2.01,948.6
1216.9,88.69,98.06,1823.8,35.3,44.2,49.19,63.1,9.18,63.22,5.9,0.994,676.9,1.52,668.7
888.2,48.21,48.73,1724,34.1,20.55,24.68,46.7,4.83,33.38,9,0.994,574.2,1.72,461.7
2626.1,94.48,100.99,1804.6,38.3,34.02,35.5,55.8,15.01,47.87,10.6,0.99,835.8,2.09,1300.2
3149.1,86.77,93.53,2124.6,49.6,76.82,79.92,85.4,31.31,112.13,6.5,0.995,936.6,3.17,1297.9
2560.5,91.18,99.01,1983.5,38.4,63.07,65.48,75.2,22.51,89.48,6.7,1.012,842.6,2.53,1069.5
2001,89.67,101.42,1856.1,37.2,31.4,36.44,57.1,12.59,43.39,8.7,1.005,762.7,2.27,989.4
1311.5,90.44,98.22,1806.2,33.3,28.39,34.44,53.2,8.57,46.46,7.9,0.993,653.4,1.7,707.3
2531.7,97.25,111.5,1867.4,43.4,39.73,45.96,64.2,16.92,57.82,10,1.001,790.6,2.25,1224.2
2922.5,90.62,98.07,1899.3,45.7,29.76,33.23,49.6,15.99,47.82,14.3,0.999,759.9,3.04,1219.1
1743,95.5,104.25,1816,39,65.22,71.75,81,15.68,84.62,3,0.996,874.3,1.81,992.1
2166.6,95.92,106.19,1869.8,30.7,34.23,38.05,54.9,14.15,45.9,8.5,0.957,827.3,2.04,1110.7
3178.2,90.94,96.83,2033.5,44.2,51.78,58.08,69.7,23.96,78.96,10.2,0.946,968.5,3.19,1371.4
778.4,89.94,99.21,1670.2,35.1,14.9,12.45,39.6,3.52,16.27,9.7,1.021,514.5,1.01,425.1
2827.3,89.75,101.47,1871.2,39.6,26.85,32.25,51.4,16.93,43.9,13.3,0.995,754.3,2.82,1184.4
3661,96.07,105.9,1846.4,43,16.75,18.53,41.5,17.6,27.64,18.5,1.015,810.1,3.27,1433
2025.6,91.96,103.67,1832.3,33,24.93,30.14,48.8,11.12,34.04,11.1,1.015,703.8,2.01,959.7
2263.7,88.53,101.03,1899,42.9,39.1,45.6,61.7,14.99,53.78,8.8,1,805.5,2.28,1132
3453.2,93.89,101.84,1975.1,47.4,48.23,53.63,67.6,25.3,72.06,10.9,1.015,913.8,2.35,1503.1
1301.4,90.13,101.68,1826.4,35.9,30.31,34.73,54.2,8.09,42.16,8.8,0.997,697.7,1.25,841.9
1862.5,94.02,104.51,1964.3,43,65.07,71.18,79.2,17.25,90.14,4.3,0.991,822.7,1.93,1011.7
3414.3,90.81,100.03,1966.1,48.8,40.22,44.36,60.6,24.08,66.33,12.3,1.003,850.2,3.18,1351.9
3164.7,93.29,105.35,1983.4,42.1,42.09,49.55,64.4,23.22,66.64,11.6,1.02,845.4,2.68,1324.9
2580.4,90.26,101.41,1946.3,46.6,46.55,52.97,67.4,19.8,70.48,8.4,1.009,771.2,2.97,1043.9
1584.6,94.98,108.19,1740,36.4,13.66,15.82,41.5,7.3,20.49,9.1,1.008,641.8,1.59,934.1
3247.2,94.28,105.62,2080.8,46.8,60.2,64.99,75.2,26.6,83.98,11.4,1.002,950.2,2.9,1443.9
2721.6,44.98,47.17,1891.9,44.8,28.44,34.16,56.2,17.03,44.64,13,1.013,776,3.13,1192.4
3005.9,94.15,107.96,1965,44.5,32.44,39,59.6,19.05,48.46,12.8,0.987,910.3,2.02,1367
779.2,92.08,106.46,1708.7,31.7,14.66,15.91,37.7,3.53,23.03,9.7,1.007,526.1,1.52,395.1
739.8,91.01,102.45,1736.8,34.3,18.4,23.17,42.9,3.57,28.63,8.7,0.999,565.3,1.24,433.2
841,91.66,103.23,1723.2,36,14.35,18.69,42.8,4.07,21.08,9.4,0.982,629.9,1.07,452.3
2208.2,91.65,104.26,1858.6,42.8,44.09,47.11,63.7,16.55,66.58,7.3,1.015,733.5,2.45,972.1
2228.1,97.37,106.39,1919.9,40.5,43.31,47.49,63.7,14.95,56.97,7.9,0.975,876.4,2.1,1066.6
3346.1,94.36,103.4,1824.4,41.1,14.07,17.18,42.6,15.71,23.98,16.7,1.017,765.9,3.1,1431.1
2962.4,94.76,102.39,1870.2,41.6,17.07,20.92,45.2,14.07,26.51,14.7,0.984,824.3,2.45,1381
3111.8,95.08,103.37,1872.5,46.1,11.23,12.1,39.7,13.79,16.78,15.2,0.937,838.5,2.62,1461.7
1898,89.57,98.67,1890.7,39.3,38.64,44.17,59.5,12.83,52.05,8.2,0.987,771.3,1.97,982.6
2015.6,91.54,101.58,1780,37.2,10.36,13.13,40.8,9.37,12.41,14,0.998,689.7,2.18,1010.9
2670.2,92.64,101.15,2015.1,42.3,63.23,67.23,79,23.94,91.6,6.6,0.996,868,2.78,1078.9
3251.4,95.07,107.75,2160.8,46.6,79.21,84.92,90.1,29.79,111.55,7.1,1.017,1005,2.49,1469.5
1887.6,89.32,98.3,1932.4,40.6,57.78,62.22,74.2,15.41,78.69,5.6,1.006,820.2,1.91,937.5
3790.1,93.3,107.06,1897.4,39.7,20.77,23.56,45.9,19.37,31.33,17.1,0.99,818.3,3.03,1593.4
3009.5,94.42,103.9,2022.4,43.8,57.05,61.4,71.4,24.34,88.55,9.6,1.004,874.5,2.76,1247.4
2039.9,91.14,100.13,1782.8,35.9,21.44,24.46,45.4,11.5,25.07,11.1,1.007,666.8,2.25,930.2
2418.2,92.07,98.87,1946,45.1,45.28,49.2,66.8,18.47,62.19,8.1,0.976,863.2,2.23,1103.6
2480.5,93.93,102.75,1800.2,35.7,14.69,15.69,41.5,11.79,18.09,14.3,0.998,739.2,2.24,1217
3172.3,90.83,99.15,2061.7,45.2,64.34,69.58,76.8,27.28,101.62,9.5,0.981,913.7,3.23,1269.5
790.3,89.41,98.79,1660.6,35.1,15.27,17.2,39.9,3.83,23.18,8.4,0.995,529.2,1.57,395.3
869.4,89.06,102.25,1776.7,33,46.17,52.34,66.3,6.45,61.48,3.8,1.022,690.2,1.2,481.8
3558.9,98.75,109.18,2020.6,45.5,58.73,64.55,74.6,28.92,87.05,9,1.019,934.7,3.08,1468.5
2228.8,90.29,100.62,1999.6,38.6,58.13,64.49,75.4,19.42,82.78,7.4,1.027,811.6,2.48,989.5
2410.7,88.15,95.74,1814.9,41.2,30.13,34.61,52.9,14.82,45.11,9.5,1.015,721.2,2.46,1010.2
4248.2,91.02,103.66,2161.6,53.2,79.81,82.85,87.6,40.98,121.94,10,1.007,1037,4.18,1456.9
1639.2,88.1,99.46,1841.4,37.4,43.71,51.02,63.9,12.3,63.24,4.9,1.016,740.5,2.08,926.5
819.5,90.11,101.89,1702.8,35.4,15.16,17.26,40.3,3.9,20.34,9.4,1.016,543.1,1.2,456.9
1724.2,92.92,103.85,1865.3,39.7,47.59,51.81,66.6,13.02,66.97,4.8,0.985,793.8,1.51,999.4
2475.6,89.77,95.05,1840.3,45.2,22.41,29.2,47.2,12.67,34.92,12.4,1.02,736.6,2.4,1164.7
3460.8,93.08,106.52,1986.2,43.6,42.07,49.33,64.3,25.01,66.28,12.7,1.013,915.3,2.82,1413
2709.7,62.85,66.23,1718.2,36.1,10.73,11.83,38.1,12.17,14.7,14.9,0.994,671.3,3.08,1116.8
2842.9,94.35,104.97,1868.9,44.7,24.33,30.2,50.4,15.3,38.31,11.4,0.989,751.3,2.7,1236.4
2365.6,90.01,98.07,1766.6,36.2,12.73,15.3,43.4,11.26,20.27,13,1.008,684.3,2.34,1107.8
2033.2,89.05,101.92,1944.6,42.2,63.68,68.89,77.6,18.01,87.44,6.6,1.015,835.8,2.12,988.9
2612.1,91.33,99.22,1957.8,41.1,65.83,71.08,78.3,24.96,95.86,4,1.007,876.1,2.87,1103.9
1943.1,92.16,101.68,1902.3,38.7,43.56,47.68,63.1,14.42,62.91,8.6,0.987,717.6,2.42,930.1
3613.8,90.13,105.64,2102.1,40.7,62.49,66.58,77.5,31.53,91.98,10.7,0.989,999.4,2.76,1548
2463.5,92.02,95.99,1950.3,42.5,47.32,51.48,65.4,18.05,62.99,10.1,0.982,857,2.6,1163.2
2262.3,68.56,66.55,1918.1,40.7,40.03,46.75,61.3,15.48,57.02,10.2,1.005,777.9,2.74,1031.6
3354,95.38,106.76,1917.1,42.6,39.14,45.82,65.7,23.19,63.4,10.7,1.01,888.5,2.76,1445
2490.5,92.34,103.36,1970,44.1,57.49,62.02,76.1,21,80.14,9,1.023,856.2,2.55,1132.2
3463,92.61,101.74,1918.7,44.8,31.27,35.6,56.9,22.27,53,12.9,0.997,838.2,2.7,1390.4
726.6,95.46,105.1,1829,36,36.11,41.13,58.8,5.03,50.23,4.8,1.011,602.7,1.44,397.2
1826.4,92.3,109.56,1804,38.6,15.5,18.86,44.1,8.93,24.43,11.7,1.009,645.6,1.59,990.3
2536.6,91.66,100.79,2010.4,44.3,67.95,71.85,77.8,22.47,95.37,7.2,1.013,886.5,2.73,1161.8
2945.9,94.33,105.45,1856,44.3,32.92,35.98,52.4,17.25,56.83,11.6,1.022,773.9,3.04,1195.2
2039.4,93.57,103.27,1899.6,43.3,36.42,42.72,58.5,12.99,52.51,9.4,1.006,808,2.12,1055.4
2192.1,91.76,98.87,2004.2,43.8,63.84,66.49,76.1,19.16,86.96,6.2,1.013,832.4,2.2,990.8
3571.3,90.08,102.12,2006.3,42.5,57.43,64.21,73.8,29.31,90.27,10.6,1.021,956.6,2.73,1519.5
3818.9,90.03,100.24,1848.3,41.5,18.23,19.49,42.6,18.87,27.91,16.9,1.008,796.3,3.79,1400.9
1925.2,65.24,68.51,1816.4,38.2,16.43,20.76,43.5,9.54,26.8,11.5,1.011,638.8,2.64,945.7
3291.5,48.98,46.8,1906.7,40,23.17,27.42,46.6,18.08,44.31,15,1.001,750.6,4.1,1344.1
1455.6,89.78,100.91,1772.8,36,33.62,39.06,58.4,10.05,51.59,7.1,1.011,678.2,2.07,831.2
2333.7,89.78,101.4,1794.9,40.3,22.5,24.76,44.5,11.98,32.76,13.4,1.006,710.8,2.58,1013.7
2497.7,94.38,105.26,1950.3,33.5,55.69,60.99,74.4,20.66,80.45,7.9,1.019,863.9,2.29,1173
3635.2,90.57,100.29,1965.2,42.2,37.53,43.04,58.8,24.56,63.01,12.7,1.007,858.6,3.47,1457.6
898.2,89.88,97.92,1693,33.1,14.02,15.44,39.2,4.26,19.87,9,1.014,542.2,1.64,478.7
2589.5,96.02,106.61,1849.4,40.8,34.15,39.23,54.7,16.05,51.22,11.7,1.027,766.1,2.57,1157.3
2105.5,89.61,100.65,1934,41.3,55.16,61.78,70.1,17.13,81.31,7.5,1.002,797.9,2.19,941.4
1999.7,88.12,97.85,1959.6,42.7,53.11,58.79,69.9,15.36,73.37,6.6,0.991,801,2.11,985.5
2955.4,95.99,103.92,1870,42.8,29.35,31.75,53.6,17.65,43.71,11.4,1.016,775.2,2.72,1327.6
842,94.43,104.26,1771.3,31.5,33.69,35.48,53.6,5.16,42.74,7,0.999,689.5,1.23,508.2
3348.6,91.43,106.05,1988,43.2,42.36,49.43,64.3,22.17,60.79,12.6,0.962,974.4,2.23,1618.4
1584.7,87.45,98.24,1796.1,34.9,24.59,29.77,48.2,8.91,39.69,9,1.016,648.6,1.88,935.3
3009.6,91.3,103.49,2075.4,43.5,63.14,70.82,77.4,26.64,91.06,8.2,0.976,982.8,2.56,1351.2
3013.6,42.78,40.75,1875.3,41.8,33.69,35.69,54.2,18.48,47.83,12.8,1.003,807.9,3.25,1333.8
3128.7,93.16,98.94,1940.7,43.2,26.45,32.76,50.6,18.24,43.24,14.9,0.978,814.9,3.21,1273.2
3630.8,91.66,101.32,2013.9,43.2,46.72,54.98,66.7,26.15,74.4,11.5,0.994,987.2,2.99,1488.2
2608.4,92.68,102.47,2000.4,43.7,57.05,61.83,72,21.23,87.92,8,1.017,822.2,2.93,1069.1
2747.1,101.17,111.15,1951.1,44.8,70.14,74.87,82.2,24.27,99.64,5.3,1.018,911.3,2.5,1208.1
3890,92.19,102.94,2034.3,42.1,53.6,58.37,68.9,30.39,84.52,12.7,1.001,931.2,3.56,1443.3
701.2,90.34,102.28,1855.8,35.7,53.53,54.92,70.7,5.72,67.97,3.6,1.013,678.2,1.05,397.6
875.2,91.09,100.44,1693.1,33.2,22.44,25.58,48.2,4.81,28.76,4.9,0.997,652,1.16,492.1
3408.8,93.81,101.45,2089.4,44.9,81.1,84.28,90.1,35.03,122.84,7.8,1.003,1005.4,3.1,1377.8
2817.3,92.88,101.42,2030.6,42,76.97,78.15,83.6,26.75,109.49,6.6,0.995,893.1,2.76,1203.4
2082.1,93.59,103.24,2010.1,40.3,52.66,58.69,72.2,16.94,73.23,8.7,1,814,1.33,1019.1
2963.9,90.88,98.67,1854.4,44,31.89,35.09,54.6,18.85,51.97,12.4,1.016,776.7,2.94,1201.2
1632.6,94.41,105.27,1923.3,36.5,54.9,58.57,72.6,13.54,70.46,7.3,1.019,779.7,1.61,983.1
2267.9,91.7,102.56,1870.1,39.9,41.02,46.09,59,15.29,63.08,7.7,0.987,815.2,2.18,1094.3
3216.9,87.22,94.77,1876.3,39.9,19.85,24.21,45.5,16.89,33.24,14.7,1.008,827.5,2.52,1401.2
2028.5,93.25,106.09,1963.5,41.8,67.97,75.14,81.5,18.41,89.79,4.8,0.971,926.9,1.62,1096.1
2082.2,88.36,100.54,1926.7,40.9,57.65,62.39,73.3,17.31,81.62,8.5,1.002,850.7,2.26,1028.4
1775.6,56.44,55.91,1797.8,38.2,27.59,32.32,51.7,10.35,42.44,10.2,1.032,669.5,2.51,928.8
2150.1,92.47,96.84,1927.9,39.1,46.88,51.46,65,16.37,66.45,8,0.995,781.5,2.55,994.1
3907.6,42.92,41.07,1876.4,40.3,13.09,16.38,38.5,17.06,22.47,17.3,0.996,788,3.97,1489.8
728,90.36,103.25,1686.8,28.3,11.26,12.08,39.3,3.36,12.55,9.6,0.997,554.6,1.35,422
2951.4,90.4,96.16,1963.2,43.7,37,42.87,60.2,20.14,59.62,12.2,1.017,794.7,3.33,1186.7
1901.9,98.77,105.65,1942.1,35.7,36.65,41.06,57.7,11.89,49.15,8.6,0.944,865,1.62,1036.3
2394.5,93.4,102.02,2001.6,38.6,70.42,74.73,83.1,23.63,98.15,6.8,1.028,892.8,2.46,1106.2
4550.8,99.34,108.22,1950.5,48.7,36.29,43.72,61,29.48,54.67,15.7,1.011,958.3,2.79,1701.4
2145.3,91.28,99.61,1861.8,40.2,34.23,38.48,56.2,13.98,51.5,12.1,1.026,705.9,2.47,974.3
2860,91.95,107.43,1917.6,42.4,69.67,75.39,83.3,26.02,102.19,2.4,1.034,950.8,2.49,1332.1
844.2,89.37,98.6,1798.6,32.9,29.61,33.66,53.4,5.37,44.38,5.5,1.001,613.1,1.38,446.3
3249.3,96.31,107.27,1943.4,48.3,35.79,40.6,58,19.7,55.66,11.7,0.998,854.2,2.52,1420.3
2264.6,43,42.01,1819.3,40.2,15.82,18.53,42.9,10.61,19.08,13.7,1.016,774.4,2.92,1110.8
2519.9,94.48,103.48,1833.2,39.5,16.6,21.06,43.6,12.6,25.55,12.9,1.009,703.9,2.67,1055.2
2993.3,95.36,105.62,1786.6,41.1,12.4,10.91,39.1,12.7,14.78,16.1,1.031,741.1,2.39,1328.7
2664.3,89.25,98.77,2010.3,45.6,46.61,53.73,67.8,20.8,72.99,8.5,0.995,810.4,2.99,1104.6
3809.3,92.37,103.51,1978.5,45,45.63,49.57,62.8,27.46,73.74,11.8,1.002,891.8,3.37,1454.8
4563.5,89.31,97.97,2111.3,44.9,54.48,58.26,68.5,34.88,82.88,15.7,0.991,982.2,4.22,1402
2341.7,87.63,97.87,1832.1,35.7,17.95,19.78,43,11.81,27.14,12.7,1.014,658.6,2.61,1004.7
3004.2,94.41,106.63,1907.4,40.4,67.9,70.92,77.7,26.97,98.1,7.7,1.023,894.1,3.03,1281.8
831.6,90.8,104.77,1691.2,28.8,12.01,14.2,39.4,3.94,16.12,8.3,0.998,613,1.24,477.6
2119,90.86,102.11,1875.2,39.5,44.61,50.31,64.1,16.16,66.23,8.4,0.991,736.1,2.43,979.7
3183.4,90.41,98.77,1825.9,39.2,16.08,20.45,42.7,16.2,30.6,15.9,0.995,705.4,3.17,1257.2
2686.4,92.07,99.32,2070.6,46.1,70.66,73.82,81,25.03,102.16,8.1,0.992,884.6,2.85,1154.9
4485,95.31,108.22,2164.2,51.7,82.26,85.11,89.2,43.81,120.02,8.8,0.901,1075.6,3.61,1540.7
2100.7,83.06,92.3,1906.3,34.3,36.94,43.71,61.1,15.38,57.81,11.3,0.995,726.6,2.46,959.5
2006,90.48,98.53,1821.9,40.9,28.32,34.13,54,11.98,43.13,10.7,1.015,680.5,2.4,950.6
3687.9,92.38,106.18,2044.7,46.8,66.46,70.99,82.2,32.13,94.84,8.1,0.987,1078.6,2.86,1588.6
2672.4,88.97,102.35,1843.8,38.7,30.63,37.83,55.9,17.05,47.06,12.2,1.028,772.4,2.94,1205.9
820,88.28,96.09,1815.4,39.7,41.25,46.82,63.1,6.17,58.3,5,0.995,625.9,1.68,436.9
2504.4,91.06,99.81,1831.9,37.9,26.49,31.7,52.1,15.03,45.19,11.7,0.994,756,2.06,1097.2
849,93.47,101.22,1737.9,31.8,15.97,19.57,44.8,4.34,23.59,8,0.982,629.9,1.2,508.8
2014,93.71,103.47,1916.6,44,46.87,53.56,66.7,14.98,69.34,9.2,1.005,760,2.24,937.1
3745.1,94.51,105.52,2036.7,46.6,48.22,53.21,68.3,29.68,77.18,11.5,0.984,903.8,3.42,1373
1652.7,86.18,95.5,1861.3,37.5,41.59,47.35,63.6,12.45,58.07,8,1,714.8,1.82,881.2
4131.3,91.57,99.75,1946.4,46.3,35.05,38.49,54.7,25.67,56.85,15.8,1.06,866.4,3.69,1470.4
1813.2,92.56,105.44,1808.1,39.5,15.44,21.18,44.7,9.11,22.77,9.9,0.995,733.2,2.06,1019.1
3922.5,94.06,103.84,1943.9,44.8,27.45,32.97,53.5,22.58,46.32,14.7,0.989,844.1,3.47,1519.5
3129.2,92.3,101.54,1905.2,47.1,44,46.82,63.6,22.19,64.12,11.1,1.011,860.6,2.97,1319.6
2942.3,92.03,100.7,1925.5,39.2,37.3,44.82,63.7,18.93,57.86,10.1,1.029,839.4,2.65,1354.9
3317.4,90.76,97.77,1958.5,43.6,71.55,75.88,81.8,31.52,108.81,7.7,0.995,946.3,3.47,1350.4
742.8,91.54,104.06,1823.3,34.8,39.66,44.93,60.5,5.19,55.19,5.6,1.015,671.8,1.06,454.3
2096.3,94.1,104.83,1880.9,39.1,24.83,31.1,53.7,11.42,34.88,11.8,0.976,817.1,1.37,1076.2
2858.4,95.45,107.42,2036.7,41.9,82.64,83,88.1,27.27,103.12,4.2,0.966,1050.7,1.81,1365.4
1825.6,88.83,97.17,1826,43.1,25.63,31.32,49.2,10.52,38.98,10.5,1.016,670.2,2.16,901.8
3261.6,97.19,108.49,1915.7,48.1,32.52,36.56,56.3,19.78,45.01,12.8,1.008,848,2.32,1527
2432,93.53,99.59,2037.5,41.3,61.18,67.08,77.5,21.77,90.61,6.8,1.023,831.1,2.74,966.7
2753.6,94.1,108.15,1940.8,44.1,54.15,57.01,68.2,21.69,77.44,8.9,0.991,843.4,2.13,1279.8
2467.7,91.29,101.68,1990.5,42.6,42.22,49.89,65.3,18.04,68.09,9.1,0.997,801,2.48,1082.1
2599,95.04,105.48,1899.3,43.3,27.54,34.81,54.7,15.93,48.49,10.1,1.008,776.9,2.48,1131.9
1979.8,92.88,101.77,1852.7,38.6,32.02,38.69,60.2,12.46,48.1,10.9,1.014,743.7,2.19,977.2
2000.7,95.49,106.75,1799.9,39.7,33.85,35.96,50.7,11.74,49.48,9,1.008,697.8,2.07,985.4
2900.4,93.19,105.04,1943.3,42.1,20.22,26.58,50.5,16.23,36.73,14.4,0.967,830.2,2.22,1340.6
850.3,90.47,101.97,1684.5,32.3,14.01,14.67,40.3,4.06,17.29,10.6,1.011,530.4,1.06,497.5
2573.7,88.03,95.55,1911.1,41.9,34.14,42.4,59,17.29,56.82,9.6,1.001,799.2,2.82,1112.1
3684.5,97.15,107.05,1991.6,53.7,48.86,55.89,68.3,25.26,74.74,10.3,1.052,992.2,2.35,1719.7
2475,89.88,101.06,1959.9,44.2,60.25,66.21,77.5,21.73,90.96,6,1.003,840.8,2.14,1118.3
2773.6,41.49,38.82,1899.6,43.6,36.71,43.62,61.8,19.8,58.65,11.3,1.002,763.8,3.72,1250.6
2760.8,97.29,107.94,1835.3,44.6,30.16,36.53,56.3,17.88,49.57,9.8,1.028,766.8,2.37,1209
2296.2,91.02,95.76,1715.5,41.7,12.64,16.28,42.6,11.21,20.25,12.3,1.035,654.3,2.51,1006.2
1698.9,90.56,96.78,1915.3,35.6,55.56,61.89,73.6,14.6,77.44,5.2,1.017,802.1,1.97,905
2322.1,95.55,105.22,2130.7,44.7,77.98,82.33,87.5,23.58,98.78,5.3,0.975,1001.8,1.94,1111.3
869.8,89.13,100.02,1914,39.3,45.21,52.12,65.4,6.75,66.92,7.6,1.029,665.7,1.57,458.3
3377.3,92.29,103.26,2217.8,41.3,89.15,91.78,91.8,34.93,127.24,7.5,0.886,1024.8,3.11,1393.4
2575.8,93,101.61,1862.8,42.4,36.85,40.17,57.6,16.86,53.12,10.7,1.016,755.2,2.93,1112.5
2315.3,90.92,100.11,1916.9,39.2,39.08,46.9,61.4,16.03,60.46,9.4,1.006,791.4,2.44,1018.1
2737.7,91.58,104.25,1870,38.8,10.52,12.26,38.6,12.31,17.28,14.7,0.954,806.3,2.22,1240.9
2180.7,93.15,104.84,2020.8,41.4,67.74,71.04,77.2,18.93,89.16,4.7,0.991,891.7,2.15,1064.6
4153.2,92.43,96.32,2160.7,52.6,78.37,78.77,84.2,37.26,113.35,11.8,1.015,1035.7,3.58,1563.3
2302.6,89.5,95.27,1841.3,41.4,29.54,34.69,53.1,13.77,44.06,10.2,1.007,713.1,2.6,995.2
775.1,42.87,42.31,1822,32.4,39.76,45.28,62.3,5.58,57.8,4.6,0.996,655.6,1.53,456.3
2322.5,90.18,96.39,2059,40.3,61.1,66.27,74.5,19.79,86.34,7.8,1.013,810.9,2.37,983.1
1218.1,96.02,102.14,1854.6,37.4,39.45,45.2,61.6,8.53,55.41,7.6,1.004,726.2,1.59,724
3063.7,95.38,103.43,1921.9,44.7,49.28,54.06,65.8,22.01,74.93,10.2,1.029,839.2,2.96,1290.5
736.5,87,95.97,1715.2,28,18.08,21.55,42.9,4.04,25.92,10,1.041,512.2,1.44,391.3
2902.3,90.53,104.84,1946.7,44.8,34.31,36.86,55.9,16.76,43.74,14.4,1.025,874,1.99,1379.1
1781,88.82,99.5,1765.5,34.2,14.21,19.76,42.6,8.93,27.6,11.4,1.003,631.4,2.12,909.6
2231.9,90.56,102.15,1820.2,28.1,18.32,19.43,44.6,11.32,24.01,13.4,1.006,702.5,2.28,1051.9
3336.3,90.11,103.29,1837.4,41.8,17.02,19.16,41.1,15.46,27,14.8,1.018,765.6,2.79,1409.1
710.2,88.48,100.54,1732.7,31.9,32.18,34.41,50.8,4.4,43.92,5.9,0.998,621,1.33,405.3
2742.6,90.66,101.57,1735.9,40.1,11.63,16.18,42.5,12.1,23.88,12.7,1.015,732,2.2,1269.7
3211.5,95.68,106.48,2035.4,46,59.01,62.75,73.7,27.07,86.87,9.7,1.017,920.7,2.97,1293.6
2418.9,92.13,101.76,1819.2,36,30.45,39.49,57.8,16.31,57.16,8.5,1.021,755,2.52,1036.8
3326.6,95.2,104.44,1950.8,45.5,33.46,37.91,53.8,20.75,53.82,12.9,0.996,843,2.9,1414.6
1484.5,91.25,103.96,1851.7,38.1,46.39,50.75,63.3,11.08,66.5,6.7,0.997,707.2,2.05,824.3
2766.1,93.59,104.27,1915,45.8,38.53,42.77,60.3,17.28,55.37,10.9,0.993,858.8,2.29,1261.2
3497.3,91.95,99.89,1877.2,46.4,39.19,46.21,63.9,24.09,61.87,11.1,1.004,856.7,3.11,1586.9
3494.8,48.61,46.53,1994.2,51.5,41.73,47.56,63.7,25.37,72.19,13.6,1.01,851,4.13,1374.7
1730.1,87.53,99.21,1920.6,44.8,50.86,55.54,69.1,13.94,71.51,8.1,1.005,747.3,1.76,892.6
2182.9,91.54,103.26,1750.1,33.4,13.05,15.11,41.6,10.56,17.68,12.2,1.004,689.9,2.09,1066.2
1600.6,91.73,105.68,1793,34,31.33,38.25,55,10.72,46.99,6.5,1.033,688.2,1.93,861.5
2488,98.29,109.63,1859.2,39.6,24,28.15,51.1,13.56,34.96,13.3,1.004,763,2.1,1187.7
3658.9,98.49,108.58,2033,42.1,46.37,54.33,66.2,27.27,73.94,13.6,0.991,962.7,2.8,1538.8
2915.5,92.23,100.82,2109.8,43.8,66.22,69.87,78.8,26.33,96.36,9.4,0.996,901.8,3.08,1211.6
870.5,95.34,104.45,1737.8,30.4,18.41,19.92,44.4,4.63,21.85,9.2,0.988,609.5,1.44,490.6
2689.7,97.73,107.19,1811.5,40.3,9.51,14.6,44.1,12.17,20.69,14.9,1.029,744.7,2.07,1253.6
1880.5,86.47,97.39,1826,38,25.18,32.73,53.5,11.95,44.99,10.3,1.028,667,2.02,914.4
1684,93.45,99.52,1995.8,41.7,58.62,65.32,75.6,14.69,78.34,4.8,0.986,768.1,2.23,888.1
3364.7,93.27,101.97,2118.5,50.2,71.61,74.77,80.5,28.77,104.43,9.5,1.019,947.4,2.88,1378
2941.4,91.39,101.31,1865.9,37.6,19.02,23.08,44.1,15.3,30.14,14.8,0.999,731.1,2.85,1205
2289.3,96.35,107.66,1955.6,39.9,39.58,44.9,63.3,15.3,53.13,10.7,0.943,937.5,2.04,1161.9
3376.7,93.47,107.67,1962.8,49.1,71.44,76.19,83.9,29.37,104.11,6.1,1.024,976.4,2.02,1489.5
2291.5,90.25,100.77,1774.8,41.4,21.97,24.63,46,12.16,33.31,10.5,1.015,671.7,2.67,958.5
2085,89.32,96.34,1844.2,37.3,30.77,35.47,55.8,13.09,48.6,10.9,1.02,729.5,2.33,1021
4604.1,94.66,108.93,1958.5,50.8,27.59,32.43,51.3,25.03,45.45,14.7,1.001,930.2,3.31,1560.4
710.7,95.59,114.05,1714.8,35.5,18,21.57,44.6,3.56,23.93,7.4,0.982,576.5,1.09,440.9
719.4,95.84,108.45,1773.6,29.6,36.75,39.79,58,4.82,46.62,6.6,1.029,627.9,0.99,462
1408.7,93.52,101.28,1822,35.1,29.39,35.99,53.7,8.82,43.87,9.7,1.014,639.9,1.77,794.8
4230.7,93.07,103.17,2029.2,48.4,44.35,49.83,65.1,31.44,70.27,14.5,1.022,946.9,3.67,1536.8
2298.4,89.65,100.47,1822,42.1,31.64,35.14,56.7,15.17,44.48,10.5,0.989,771.3,2.66,1102
2614.5,93.83,101.69,2009.2,40.9,46.62,53.58,68.6,19.85,73.2,10.1,0.989,860.2,2.48,1147.8
2986.7,94.89,105.17,2038.5,43.7,53.92,60.53,72.9,23.16,84.58,11.3,1.023,910.9,2.18,1318.5
867.4,93.59,105.01,1709.7,35.1,19.4,25.22,49.1,4.97,31.22,8.5,1.016,568,1.2,467.8
4399.5,92.4,103.59,1986,45.8,30.33,35.03,54.2,26.94,49.91,14.7,0.989,919.9,3.82,1512.2
2162.4,91.24,102.41,1878.8,36,40.77,44.46,61.7,15.73,55.86,10.8,1.02,724.9,2.38,1010.7
3036.8,90.04,103.38,1862.7,40.3,30.9,36.17,58.4,18.78,47.37,11.1,1.027,806.1,2.14,1346.3
4041.2,94.37,105.52,1997.3,49,42.56,47.78,62.5,26.94,62.76,14,0.995,983.6,3.3,1633.4
2407,91.25,100.19,1859.1,42.2,26.32,30.86,51.4,13.7,37.79,13.5,0.996,763,2.7,1145.3
3767.1,90.13,100.37,1855.2,44.2,14.23,20.5,45.2,19.15,25.82,15.8,0.994,801.8,3.39,1474.1
3515.8,94.22,104.88,1971.3,43.9,28.65,34.79,53.9,20.38,48.2,12.7,0.994,881.8,2.77,1508.8
2804.6,93.08,102.84,1992.2,39.7,58.82,66.45,74.6,23.17,85.97,7.9,0.987,948.6,2.48,1243.2
3265.4,92.66,99.44,1910.3,45.1,30.27,34.6,54,19.91,50.64,13.6,1.009,803,3.04,1291.1
2683,93.23,101.6,1832.2,39.3,23.19,26.44,49.5,15.31,33.73,11.9,0.987,804.4,2.64,1154
2092.1,89.77,96.6,1868.9,36.9,37.79,48.3,63,14.93,64.24,8.3,1.01,733.5,2.21,986.4
727.8,90.18,103.28,1714.8,30.3,16.79,23.26,44.4,3.92,31.02,8.5,1.011,516.5,1.6,392.1
3314.2,95.15,107.35,1855.9,42.3,24.54,27.49,49.4,18.4,39.24,15.2,0.993,813.8,3.04,1377.2
859.1,94.56,106.04,1662.5,34.8,19.36,21.16,46.1,4.22,26.03,8.4,0.995,660.7,0.83,527.4
2054.3,93.7,103.64,2021.8,45,60.31,63.49,75.1,16.93,77.98,7.8,0.991,845.3,2.12,1067.4
1311.9,89.9,100.89,1722.8,44.5,23.3,26.83,47.2,6.98,33.03,8.1,1.031,591.9,1.47,759.8
1820,92.87,104,1843.7,42.7,35.01,41.17,61.1,11.58,48.87,9,1.034,730.1,1.87,971.4
2468.1,89.01,100.54,1897.3,39.3,31.59,39.21,57.4,16.46,50.88,10.7,1.009,755.6,1.72,1124.3
2721.7,87.21,93.97,2006.3,48.3,57.47,60.96,72.5,21.7,85.19,8.1,1.004,841.1,2.85,1120.6
1778.9,91.59,103.87,1766.6,37.6,35.89,39.08,57.4,11.13,46.2,8,0.998,751,1.93,1071.1
1825.8,92.44,95.85,1690.9,34.1,11.79,12.56,39.7,8.34,13.99,13,1.017,585.2,2.08,1028.1
1969.4,95.52,105.88,1802,35.8,13.98,16.72,39.1,8.77,21.36,12.7,1.001,671.2,2.17,1011
2996.7,94.02,103.77,1987.8,41.1,47.46,52.31,65.6,22.84,68.68,10.7,0.983,914.3,2.57,1373.6
2802.4,92.71,101.94,1929.3,46.1,38.53,45.31,61.1,19.07,61.79,11.5,1.014,814.2,2.94,1211.8
851,88.76,98.62,1895,35.6,55.87,61.75,73.8,7.15,69.47,3.5,1.039,734.8,1.2,488.2
2030.8,93.38,103.63,1892.7,36.4,31.05,39.32,58.1,13.34,50.12,11.5,0.987,759.5,2.14,1066.8
2395.8,92.74,103.67,1898.3,40,46.89,55.81,70.8,18.39,72.38,7.2,1.006,825.6,2.19,1155.4
4223,91.46,100.57,2065.9,47.3,45.64,53.91,68,32.66,75.68,14,0.967,1014.8,3.54,1496
2673.8,88.28,94.23,1902.9,44.3,57.37,61.95,73.9,22.59,83.03,7.7,1.01,840.3,2.74,1171.6
1816.7,47.76,47.03,2026.7,39.2,70.61,75.52,82.5,16.2,93.3,4.5,0.996,906.4,2.25,1012.1
3280.1,94.65,100.73,1965.2,44.7,48.88,57.5,69,24.51,77.37,10.9,1.03,908.3,3.14,1382.1
2468.4,93.81,104,1907.7,38.2,54.04,60.64,73,21.04,78.99,5.5,1.018,831.2,2.05,1110.7
4586,94.52,102.43,2098.9,52.2,67.52,72.19,81.1,40.86,95.86,11.3,0.991,1087.2,3.76,1551.9
2305.6,91.18,102.17,1817.4,39.7,21.12,26.09,46.5,12.59,36.65,11.5,0.999,687.8,2.8,972.4
2965.8,94.12,102.65,1819.7,43.4,32.12,37.47,55.9,19.7,54.96,9.4,1.015,802.8,2.89,1218.1
1264.8,91.78,100.55,1886.9,37.8,54.93,58.16,72.9,9.53,65.29,5,1.008,771.9,1.59,770.8
2997.6,91.1,102.16,1983.4,44.3,42.06,46.7,62.9,21.4,60.51,11.4,1.007,823.1,2.69,1254.8
2070.4,52.8,54.16,1835.1,41.4,14.88,13.87,41.9,9.59,15.96,14.4,0.976,755.8,2.05,1125.2
4201.4,94.55,104.94,2107.3,46.4,62.75,64.91,74.7,35.55,89.61,10.7,0.998,1047.2,3.8,1571.3
2331,96.1,108.29,1874.7,39.1,19.65,26.22,49.1,12.02,30.94,11.7,0.959,835.6,2.26,1161.2
2441.6,92.06,100.07,2004.3,47,61.66,65.42,75.3,19.63,83.09,6.7,1.016,863.1,2.6,1099.6
2720.1,91.39,105.13,1887.9,40.2,27.74,31.05,52.7,15.5,41.85,11.1,0.985,845.9,1.91,1262.4
3755.3,91.29,104.59,2059.5,48.7,50.35,54.38,69.8,27.38,76.63,13.9,1.014,892.2,3.09,1403.6
2469.3,89.13,96.99,1860.2,38.7,31.01,34.71,53.4,15.09,47.34,11.8,1.007,730.6,2.77,1076.3
4151,94.06,103.41,2053.6,43.9,42.26,47.13,60.6,26.84,67.35,15.6,1.007,938.1,2.93,1554.9
1736,89.88,102.42,1835.8,37.9,29.92,33.25,54,10.93,43.2,11.1,1.033,682.2,2.11,950.1
2189.9,92.65,103.27,1941.8,41.8,46.75,52.07,66.2,16.24,62.83,8.2,1.022,831.8,2.05,989.4
2724,96.21,104.12,1988.1,43.5,52.65,58.78,71.3,21.3,80.77,9.1,1.027,829.7,2.29,1197.4
3608.8,96.69,107.25,2108.5,46,71.52,73.41,80.3,32.49,101.58,10.2,1.001,983.1,3.36,1469.5
2958.9,95.14,102.21,1980.8,39.3,57.68,62.2,72.7,23.92,84.69,8.9,1.018,893.9,2.97,1288.3
2028.9,89.36,98.81,1947.1,39.3,55.9,60.58,70,17.12,79.4,7,1.01,789.2,2.4,954.5
3009,92.06,101.95,1944.1,43.2,58.45,62.64,74.3,24.49,78.22,9.2,1,958.4,2.77,1466.7
3225.8,91.71,101.94,1968.4,50.5,40.13,46.67,63,22.58,61.98,11.7,1.009,879.9,2.91,1345.6
1584.6,98.62,111.15,1868.7,40,68.68,71.81,80.2,14.03,89.81,1.7,0.996,799.4,1.66,984.8
2541.3,95.51,107.87,1987.7,39.6,53.04,56.57,70.8,19.39,75.65,8.3,1.003,840.3,1.6,1192.7
768.2,90.89,101.94,1739.1,34.7,36.87,41.95,57.3,5.37,50.75,4.4,1.008,648.4,1.11,452.1
3739,92.62,102.82,1997.6,43.4,16.14,21.37,44.5,17.7,30.13,17.7,0.985,852.4,3.32,1581.6
871.9,91.13,105.39,1804.9,33.3,42.03,48.85,64.9,6.18,57.7,5.3,0.997,723.3,1.31,511.6
3712.9,91.54,101.67,1969.7,47.8,29.49,33.65,52.7,23.11,48.7,13.9,0.984,820.8,3.99,1344.9
3602.3,64.31,66.66,1985.5,41.8,41.35,47.95,64.9,26.23,68.31,13,1.006,864.7,3.41,1456.9
2990.3,93.39,101.3,1904.8,42,48.49,56,70.5,23.87,83.19,9.8,0.993,829.3,3.03,1217.2
3002.7,93.15,100.15,1806.3,42.8,48.24,53.94,69.8,22.01,69.82,7.7,1.022,936.9,2.79,1435
2636.7,90.32,100.87,2010.4,39.6,69.32,72.86,81.7,24.4,96.31,5,1.016,902.1,2.26,1120.4
3128.5,66.69,65.83,1992.7,43.1,62.09,65.92,76.3,25.01,92.15,9.7,0.996,951.2,3.18,1363.4
2291,94.27,110.39,1969.3,37.8,49.93,57.04,71.5,18.17,73.44,7.9,1.011,828.3,1.81,1131.7
3833,94.44,103.04,2079,50.3,60.58,63.82,72.3,30.41,92.28,12.5,0.991,962,3.59,1486.9
3928.6,95.25,104.85,1949.4,37.5,31.52,39.04,56.6,25.21,55.61,14.3,1.014,908.8,3.08,1540.2
2741.9,87.59,97.05,1818.6,39.7,13.13,20.84,46.1,14.33,25.25,12.3,0.991,741.1,2.67,1238
1760.5,95.48,112.51,1840,40,35.65,41.34,58.2,11.7,49.46,8.5,0.989,778.4,1.72,1014.9
2005,91.95,98.54,1974.4,39.1,62.85,67.95,75.9,17.98,89.74,5.7,1,819.6,2.19,963.4
4478.1,96.53,105.58,1923,46.1,18.72,20.77,43.3,21.35,28.87,18,0.99,917.5,3.37,1570
2068,90.12,96.16,1921.6,36.3,50.58,57,71.1,17.26,76.16,7,0.997,796.2,2.12,967.3
1793.9,91.34,101.66,1930.1,38.2,50.76,55.1,66.6,14.06,70.98,7.9,1.014,760.5,1.87,900.6
3008.3,91.88,100.36,2141.6,46.1,62.67,67.32,77.8,26.68,95.27,9.6,1.009,902.4,3.2,1224.8
2457.2,52.79,54.92,1832.9,36.6,25.05,28.93,48.6,13.61,37.97,11.5,1.011,697.7,3.08,1075.7
2326.7,93.14,98.25,1902.5,40.4,31.79,36.15,54.4,14.29,47.34,10.1,0.966,795.4,2.03,1054.1
3198.8,93.03,103.43,1915.6,42.3,35.49,39.16,58,20.12,55,13.4,1.019,824.1,3.01,1351.1
2103.8,91.71,100.26,1768.2,38,17.95,16.94,41.2,9.87,20.29,12.8,0.999,686.5,2.16,1009.2
2020.5,98.26,111.39,1891.4,35.5,35.91,43.2,60.6,14.72,56.36,9,0.992,753.6,2.07,974
3242.7,92.74,101.68,1939.4,40.4,28.26,32.02,52.7,19.36,42.53,15.5,1.016,795.9,2.85,1426.4
3561.9,90.1,102.28,2064.5,46.8,85.97,90.99,92.9,35.51,122.45,5.5,0.904,1057.3,2.24,1625.6
2707.7,92.55,104.44,1906.5,42.7,38.1,43.42,59.3,17.74,61.17,9.5,0.994,799.1,2.11,1304.1
2471.8,61.16,59.17,1892.2,39,56.04,60.42,71.6,19.11,71.74,5.7,1.017,918.5,2.45,1180.3
3261.5,90.75,95.17,1899.5,45.4,17.87,18.78,41.7,15.07,26.42,14.9,1.015,739.8,2.91,1350.8
2378.2,90.25,99.16,1816.9,39.8,27.95,33.96,51.8,14.17,40.27,10.8,0.981,755,2.69,1101.1
2296.9,94.88,105.39,1862.9,42.1,43.03,47.21,64.2,15.43,55.23,6.3,0.966,888.8,1.98,1234.2
3448.2,93.03,104.76,2025.3,46.7,41.46,50.07,64,23.89,65.52,12.4,0.998,899.1,2.9,1537.7
3793.1,92.98,104.36,2080.1,45.4,54.04,61.02,72.8,30.78,89.24,12.8,1.009,965.5,3.54,1476.4
2222.6,87.45,92.39,1733.2,40.7,15.64,17.19,38.4,9.85,24.44,11.1,1.003,672.7,2.54,1038.2
1522.2,89.71,100.12,1889,37.4,49.48,54.23,67.7,12.05,65.5,7.1,0.985,781,1.61,913.1
2135.8,92.06,101.42,1895.4,41.9,47.76,51.21,63.4,15.49,65.65,7.7,1.03,754.8,2.26,971.7
866,88.7,99.17,1742.7,31.1,23.65,28.64,50.3,5.14,36.25,7.6,0.996,609.6,1.48,452.9
3085.9,86.78,92.52,1853.3,46.6,31.93,36.88,55.7,18.89,54.4,12.2,1.001,781,3.31,1263.7
4158.3,95.19,108.65,2092.6,53,60.94,67.95,77.8,34.03,92.22,13,1.015,1013.1,3.35,1714
2720.6,93.55,104.25,1933.7,40.3,27.23,31.48,54.8,15.29,40.11,12.8,0.967,888,1.92,1322.1
2528.6,95.84,103.97,1856.3,42.5,18.54,24.49,46.9,13.23,30.52,12.9,0.995,717.2,2.38,1135.1
3651.1,93.01,105.12,2034.1,45.1,55.51,60.08,73,29.67,83.18,11.4,0.998,908.3,3.3,1499.3
3438.5,92.82,101.36,1911.2,45.5,45.69,54.59,68.7,27.11,76.05,9.3,0.99,922.9,3.14,1433.6
1972.9,89.64,97.58,1873.6,39.5,38.28,45.02,60.8,14.52,58.37,9.3,0.996,698.6,2.27,913.7
717.4,90.81,100.13,1899.8,32,36.78,43.86,60.7,4.76,56.66,7.7,1.004,664.1,1.28,399
5000,91.32,102.27,2195.1,49.8,74.22,79.55,84.2,47.1,108.31,10.6,1.003,1092.1,4.33,1569.7
2379.4,93.7,106.57,1958.5,37.6,60.32,62.52,73.8,19.78,78.37,7.5,0.994,915.9,2.21,1103
818.9,90.62,101.82,1750.5,29.2,23.24,25.56,45.3,4.51,31.69,8.9,1.011,547.3,1.61,423.2
2566.6,92.28,102.32,1884.1,38,27.43,32.22,51.5,15.32,45.21,11.2,0.995,706.3,2.73,1070.3
3226.9,93.59,108.18,1970.5,49.3,30.63,34.08,55.5,19.87,48.6,12.8,0.967,890.4,2.29,1480.3
3139,91.08,104.76,1847.5,41.6,29.17,36.16,55.1,19.75,53.02,11.5,1.022,807.7,2.95,1341.5
3031.1,92.38,100.81,1913.5,52.1,32.95,36.23,55.5,18.04,48.02,11.6,1.019,838.3,2.59,1313.7
1960.7,94.62,102.71,1846.9,40.8,48.5,55.44,68.5,15.21,71.39,6.2,1.026,796.5,2.03,975.4
2463.1,48.1,50.51,1983.3,39.7,66.89,73.07,82,23.52,93.92,5.1,1.012,886.8,3.11,1162.6
2675.7,97.63,108.85,1815.7,41.3,25.32,29.71,49.2,14.41,35.16,11.1,1.006,789.4,2.23,1290.3
3214.5,92.33,97.83,1942.5,46.8,37.92,47.38,60.6,21.86,67.99,12.3,1.019,832.2,3.28,1326.7
1515.1,88.86,100.7,1797,42.7,72.12,77.5,85.8,14.87,99.3,1.1,1.009,815.4,1.81,905.7
2024.7,60.72,58.47,2023.3,38.3,50.18,57.44,70.2,15.45,67.67,8.7,0.954,932.7,2.71,1056.1
1986.1,96.02,103.74,1702.9,41.5,34.09,41.01,60.6,13.87,45.99,6,1,815.5,2.01,1004.5
799.2,90.96,101.2,1678.1,36.5,15.49,17.81,43.1,3.8,22.52,8.4,0.98,589.4,1.3,436.2
2118.1,92.06,104.39,1870,43.2,47,51.32,67.5,15.98,63.48,7.5,0.999,883.3,1.72,1098.1
5000,96.7,107.6,2197.1,53.1,64.76,69.41,79.4,38.59,91.09,14.5,0.984,1141.4,3.93,1745.2
2912.1,91.02,101.46,2051.1,48,64.34,71.02,78.5,26.47,106.73,7.7,1.007,878.9,2.89,1198.8
2727,86.84,96.02,2038.5,41,63.52,68.23,77.2,24.35,97.04,8.5,0.995,849.9,2.85,1145.5
2126.7,91.46,98.65,1778.8,36.8,19.32,19.07,43.4,10.65,27.6,13.2,1.035,685.9,2.29,998.4
865.8,91.49,99.76,1742.2,36,41.43,47.84,63,6.47,60.09,6.1,1.034,628,1.38,457.9
2498.6,91.75,99.97,1878,43,37.49,42.19,60.8,17.06,56.63,10.6,1.023,769,2.45,1123.8
3634,94.44,104.46,2053.7,47.8,64.87,67.89,77.3,29.9,97.42,10.7,1.006,964.7,3.03,1543.6
2805.2,95.28,107.3,2116.2,44.5,87.85,89.47,92.2,28.26,119.88,3.3,0.917,981.5,2.52,1263
3118,99.27,111.54,1990.1,47.1,56.22,61.8,72,23.84,77.77,9.2,1.005,962.6,2.3,1487.4
4058.7,96.17,104.18,2092.8,51.8,57.22,64.27,75.2,32.24,88.58,11.1,0.987,1061.7,3.76,1547.5
2177,94.45,103.29,1896.3,44.1,43.59,49.59,65.8,16.61,66.1,8.1,1.003,748.5,2.14,992
3123.6,94.68,105.26,1932,42.9,22.45,29.3,50.5,17.52,40.34,12.8,1.017,856.2,2.38,1446.1
2917,40.65,43.57,2030.9,42.8,60.11,64.46,74.9,24.73,87.7,8.8,1.033,898.6,2.89,1257.6
763.8,87.67,92.71,1772.7,31,36.5,43.36,59.2,5.46,59.67,4.9,1.036,617.6,1.51,418.5
2689.1,93.88,103.47,1998.1,44.6,59.77,63.3,75.1,22.51,85.66,8.7,1.03,845.9,2.68,1133
814.3,49.5,48.26,1704.1,35,20.35,21.4,42.8,4.14,22.81,9,1.001,634.3,1.49,485.7
2602.3,89.88,102.69,1896,44,37.46,40.64,59.1,17.76,54.41,9.2,0.976,836.6,2.58,1146.5
4389,99,108.93,2180.5,52.7,79.39,83.54,87.3,40.49,110.92,9,1.001,1091.8,3.39,1516.9
2804.7,91.62,100.71,1847.3,47.2,27.04,28.88,49.5,15.63,41.07,11.7,1.008,756.7,2.76,1186.9
3286.6,92.44,98.8,1884.6,39.1,25.13,27.01,48,18.2,38.39,13.5,1.004,780.8,2.92,1359.5
1673.5,92.36,99.45,1841.7,39,22.38,26.57,49.8,9.19,33.72,9.9,0.974,714.7,1.59,977.6
2902.8,92.53,101.6,2132.8,45.4,82.55,84.06,88.5,27.96,110.47,5.6,0.976,1020,2.7,1343.2
2389.7,90.86,99.63,1801.3,33.5,13.19,13.31,38,10.4,19.03,13.2,0.997,692.8,2.56,1113.5
735.8,92.4,101.51,1782.6,35.5,34.44,38.04,57.2,4.77,45.24,6.3,0.999,627.6,1.26,423
3148.2,93.96,106.91,1798.6,41.2,13.58,14.03,37.9,13.54,19.5,16.2,1.011,741.3,2.59,1336.2
2951.4,95.73,106.24,2041.4,43,77.7,81.02,88,29.12,108.56,6.6,1.003,1001.6,2.33,1292.1
3139.2,94.97,103.63,1871,40.4,27.82,32,51.4,18.61,47.06,12.7,0.991,771.8,3.15,1243.6
2864.9,90.72,103.03,1931.4,39.8,43.61,52.01,66.5,22.05,69.01,8,1.001,868.9,2.77,1267.2
3542.3,48.4,50.74,2227.9,51.1,84.75,86.75,89.3,33.2,115.32,8.1,0.927,1073.2,3.86,1658.4
2621.3,92.9,101.13,2053.6,43.6,72.17,75.91,82.1,24.78,100.52,5.8,1.005,894,2.44,1089.4
4148.1,91.86,103.3,1993.8,45.5,39.87,45.51,61.1,26.58,62.7,15,1.017,897.6,3.59,1482.7
2359.1,90.78,100.04,1839.4,38.3,25.9,31.32,51.9,14.03,42.19,11.9,0.987,719,2.28,1017.3
2905.6,97.28,109.22,2042.1,40.2,72.86,77.48,87,26.16,103.36,5.1,1.023,953.6,2.84,1296.8
1632,96.97,105.7,2000.6,38.8,52.45,58.61,69.8,11.7,66.09,6.4,0.988,894.1,1.88,1026.7
2799.3,89.01,95.99,1898,39.8,32.4,39.05,56.4,19,57.37,12.1,0.999,773.2,3.01,1105.7
1987,41.78,41.8,1771.1,37.9,16.93,20.11,45.9,10.45,27.08,10.7,0.997,641.2,2.62,951
3766.6,94.21,109.13,2171.3,42.2,77.86,83.44,88.2,36.77,113.02,8.7,0.976,1107.6,2.88,1564.8
2530.6,92.58,105.11,1968.2,41.2,49.58,54.2,67.4,20.18,72.09,9.7,1.002,801.7,2.69,1045.5
2224.9,90.1,100.95,1858,38.3,30.43,38.54,58.5,14.63,50.03,10.5,1.028,726.9,2.21,970.9
2737.9,90.29,102.3,1765.7,39.9,20.04,21.29,43.1,13.71,31.03,13.4,1.009,709,2.42,1170.1
1391.3,90.31,98.16,1808.8,32.6,25.55,33.11,53.7,8.79,40.65,7.2,1.016,654.9,1.88,747.8
2356.8,92.44,103.12,1941.1,37.7,44.96,50.16,65.9,18.47,61.09,8.5,0.989,772.5,2.14,1127.6
2111.3,44.57,48.52,1769.7,38.1,15.79,17.73,42.2,10.32,24.69,12.6,1.013,668.3,2.6,1061.6
2575,91.78,100.93,1856.4,41.8,28.01,29.88,49.9,15.2,41.91,12.9,0.98,708.8,2.73,1047.8
2270.1,90.21,98.68,1781.8,45.7,16.54,18.07,43.6,11,19.76,13,0.989,702.8,2.26,1100.4
1448.1,88.93,100.69,1742.7,35,20.86,23.97,47.2,7.99,27.22,11.4,1.035,588.3,1.67,828.4
2751.8,90.37,101.31,1770.6,39.8,10.14,11.5,38.9,11.87,15.03,14.6,1.002,737.4,2.56,1379.8
2391.9,94.33,105.34,1966.5,36.3,42.69,45.53,62.6,16.49,49.61,8,0.966,923.7,1.7,1158.5
3017,89.57,103.49,1974.7,42.1,72.6,75.52,84.1,28.86,105.12,7.6,1.002,928.5,2.74,1420.3
2508.9,89.9,99.71,1919.7,40.1,25.14,31.42,51,14.72,39.77,12.1,0.982,790.5,2.71,1129
3327.7,91.26,97.77,1894.6,41.6,23.25,29.3,49.1,18.22,43,13.7,0.996,815.6,3.13,1426.4
2264.4,90,101.45,1847.3,40.2,26.2,30.82,50.3,13.51,44.69,10.4,1.013,689.5,2.6,993.1
2341,96.34,106.86,1900.6,50.5,51.25,55.75,67.8,18.66,71.25,6.3,1.008,803.3,2.54,1025.2
2484.3,90.84,100.68,1792.5,40.5,15.85,15.42,39.7,11.34,16.13,13.6,1.009,680.9,2.55,1083.3
3635.7,93.5,102.1,2001.1,45.4,39.5,44.21,60.1,22.55,64.64,13.3,1.021,885,2.92,1584.7
2428.4,59.97,57.91,1859.8,36.1,21.79,25.86,47.9,13.04,28.93,13,0.96,814,2.37,1139
2960.1,96.59,106.89,1949.8,39.3,42.41,51.53,63.1,20.07,66.78,10.4,0.989,887,2.85,1329.1
3390.9,96.38,109.76,1823.7,43.8,13.72,14.85,40.9,14.74,19.25,15.2,1.006,794.5,2.45,1591.7
3041.2,94.04,106.77,1950.1,42.1,33.95,40,59.5,19.35,54.08,12.4,0.994,845,2.26,1355.8
2418.3,89.01,97.14,1850.7,39.6,36.04,43.86,61.3,16.53,56.39,9.3,1.01,755.9,2.63,1058.2
1654.8,92.48,103.04,1759,40.1,20.38,26.87,46.9,9.13,38.34,10.6,0.995,655.9,2.03,893.8
3101.9,94.97,106.86,1935.3,46.9,34.05,38.55,57.8,19.69,51.49,13.8,1.024,782.7,2.52,1379
1591.2,92.71,102.48,1739.4,33.6,23.36,25.88,47.8,9.25,29.79,9.8,1.007,665.4,1.97,858.4
3356.6,89.42,99.94,1998.3,44.3,41.03,46.69,63.2,23.6,68.75,11.6,0.993,886.4,2.69,1488.7
2495.5,90.63,97.16,2033,35.5,72.7,76.5,86.4,22.77,91.42,6.1,0.984,962.2,2.52,1235.3
2514.3,91.09,100.37,1746.9,42.6,14.76,18.35,41.9,12.01,27.61,12.5,1.013,705.1,2.6,1075.7
2076,91.73,102.81,1933.8,37.9,61.03,66.34,75.2,19,88.36,5.5,1.012,800.9,2.35,903.4
3415.9,91.28,104.89,2053,49.6,44.34,47.61,62.5,22.85,65.3,12.4,0.99,923.3,2.96,1443.7
3758.9,93.56,97.85,1897.5,42.4,24.89,31.5,53.1,21.61,47,14.7,1.018,846.7,3.2,1423.9
2978.9,90.58,101.19,1877.9,40.2,23,28,47,16.47,35.75,14.2,0.998,753.2,2.8,1224
700.6,88.73,96.01,1801.4,29.5,35.26,43.23,59.8,5.06,51.88,5.7,1.008,607.5,1.52,384.9
2364.4,93,102.46,1948.6,49.4,55.83,61.72,72.8,19.6,79.36,8.5,1.022,814.7,2.58,1027.8
781.6,90.39,101.27,1840.4,32.5,54.67,58.15,72.1,6.5,70.02,2.6,1.009,729.5,1.33,432.1
2533.4,91.46,100.9,1915.5,39.9,51.04,55.74,68.7,20.1,72.03,8,1.026,788,2.76,1066.9
2696.3,89.14,99.68,2067.2,46,69.79,71.84,79.8,23.78,99.33,7.7,0.977,903.8,2.63,1150.1
3299.6,93.7,102.45,2041.5,41.8,68.95,72.66,80.2,30.69,105.37,9.2,0.983,938.9,3.25,1357.1
2258.9,88.02,100.13,1811.2,34.8,30.35,35.2,53.6,14.58,43.21,10.7,1.01,737.5,2.25,992.2
733.5,88.65,97.61,1775.5,33.1,54.05,58.49,70.5,6.06,70,1.8,1.006,663,1.24,389.7
3009,89.91,101.23,1878.4,42.1,28.44,32.29,50.8,17.9,44.53,13,1.012,769.9,2.69,1226.3
1887.9,88.94,100.75,1988.3,41,63.68,68.77,78.2,16.41,87.98,6,1.005,810.6,1.59,972.6
1532.7,92.13,104.8,1920.4,37,55.85,60.2,72.9,11.74,67.25,6.5,1.028,749.1,1.43,942.4
3770.4,93.77,106.68,2083,47.9,52.63,57.25,72.6,30.7,80.53,10.8,0.975,936.2,3.19,1485.4
2335.4,91.47,105.39,1809.8,39.5,19.54,23.18,47.1,12.01,32.14,13.8,1.02,703.6,2.08,1203.3
2897,89.43,99.74,1811.3,43.1,16.84,17.24,41.6,13.61,20.2,15,1.022,728.7,2.62,1377.7
2133.1,55.65,53.43,2009.4,40.7,61.31,65.86,76,19.15,89.89,7.6,1.007,814.2,2.92,954.1
2991.6,97.36,106.76,1851.8,38.2,23.45,29.84,52.7,17.05,37.38,10.7,0.985,850.2,2.46,1439.5
2876.6,88.3,97.35,2002.7,43.1,57.84,62.73,72.5,23.73,85.45,8.6,0.992,903,2.68,1329.5
2932.5,93.82,103.05,1890.3,39.9,36.29,40.51,61,18.28,53.32,10.7,1.02,819.1,2.48,1331.8
700.2,94.39,103.16,1649.9,25.2,14.52,20.68,45.9,3.68,24.03,7.5,1.012,609.2,0.78,449.4
802.2,87.07,99.65,1754,36,37.78,45.64,59.6,5.73,58,4.8,1.002,645.9,1.43,440.8
2780.2,93.02,103.66,2010.2,46.4,54.58,58.36,70.5,21.27,80.22,8,0.992,859.2,2.81,1217.1
3709.2,94.32,100.53,1917,46.7,30.46,33.24,51.1,20.73,48.09,14.8,1.013,843.5,3.6,1447.2
810.8,92.71,103.83,1720.4,33.3,25.87,28.53,50,4.61,35.06,8,0.992,580,1.26,420.5
4876.9,93.47,102.75,2033.1,55,34.93,38.8,59.5,31.92,52.54,16.2,1.007,969.8,4.17,1569.5
3708.7,49.85,52.84,1984,44.9,38.37,46.36,63.1,25.34,62.13,12.8,0.996,891.2,4.01,1561.9
1793.6,89,95.75,1763.2,37.5,12.5,16.22,40.6,8.66,22.26,13.1,1.001,632.7,2.26,877.4
2747.7,89.98,98.23,1826.2,42.2,17.84,17.51,41.1,13.24,27.67,15.9,1.015,707.4,2.72,1208.5
752.4,91.3,104.19,1745.6,27.8,41.41,47.98,64.6,5.6,57.96,2.5,1.01,665.9,1.07,464
5000,92.6,102.76,2027.5,54.3,32.33,38.59,56.9,31.11,53.9,16.9,0.991,1034,4.16,1642.5
3176.9,97.99,109.2,1994.8,45.8,38.17,44.39,60.4,20.76,59.03,11.7,0.994,899.9,2.62,1360.7
2450.9,90.06,97.42,1843.1,42.4,26.67,31,51.6,14.5,41.99,10.1,1.004,781.2,2.49,1123.3
4742.4,95.68,109.73,2057.9,48.4,69.28,71.69,77,39.17,92.93,10.1,1.015,1071.8,3.29,1683.8
1875.3,90.44,99.81,1933,40.9,53.07,60.33,72.1,14.47,70.4,6.8,1.036,796.7,1.95,1064.5
737.2,94,107.42,1676.5,32.3,11.61,14.24,43.1,3.43,18.73,8,1.023,577.3,1.02,472.1
1546.3,93.38,105.35,1819.7,35.1,20.98,27.02,50.3,8.94,33.72,12.2,0.979,651.9,1.78,873.8
3032.4,95.14,103.81,1970.7,48.3,66.63,68.13,79.7,25.49,95.27,8.1,1.036,881.4,2.69,1280.2
1920.3,94.86,107.83,1759.8,38.5,19.69,21.1,44,9.96,30.13,10.7,0.995,691.7,2.21,1035.5
2451.5,92.65,105.52,2143.5,41.1,75.35,78.5,84.2,23.81,107.23,6.9,0.989,872.3,2.8,1028.2
759.3,94.91,105.79,1872.6,39.7,60.89,66.42,75.5,6.5,77.35,1,1.005,755.5,1.11,481.1
4277,88.48,96.3,2102.3,50.3,55.79,59.46,71.5,35.76,87.94,13.4,1.002,960.8,4.28,1438.9
2047,90.26,98.45,1946.1,39,48.75,53.27,67,16.13,72.99,7.3,1.007,757.9,2.19,929.4
4331.2,91.37,100.93,2088,50.3,62.78,66.91,78.4,36.71,94.64,11.8,1.005,1033.3,3.78,1544.2
886,94.52,105.71,1714.8,30.1,21.87,26.45,47,4.95,28.2,8.4,1.016,588.6,1.19,500.7
2384.6,86.08,96.16,1913.6,40.6,40.44,47.62,63.2,17.31,65.67,9.6,1.01,786.6,2.49,1010.7
2099.3,91.68,99.59,1846,41.3,32.76,37.52,54,12.95,52.93,11,0.999,720.9,2.54,960.4
3335.1,100.26,113.86,2045.6,49.4,62.35,68.59,79.5,28.39,90.19,10.2,1.005,964.8,2.6,1491.6
5000,95.29,106.44,2183.9,53.9,75.37,79.92,83.7,46.36,106.35,12.2,1.017,1089.2,4.16,1571.2
3331.6,92.25,101.04,2114.2,43.9,72.54,75.83,82.5,27.72,103.6,7.8,1.02,954.5,2.73,1403.5
707.6,55.93,58.9,1764.1,37.3,15.88,21.31,45.6,3.46,22.48,10.1,1.011,612.3,0.89,418.1
2149.6,99.04,109.31,1821.9,42.5,26.86,35,55.3,12.53,40.66,8,1.023,768.3,1.82,1084.1
1544.2,90.51,95.74,1815.3,35,29.09,33.77,52.9,9.6,44.58,9.4,0.984,641.1,1.84,835.5
2622.1,99.41,112.97,1860.6,42.6,36.33,42.47,56.7,16.69,52.79,9.8,1.015,816.6,2.54,1136.1
3920.8,92.33,101.65,1883.6,44.1,14.09,17.26,42.3,18.24,23.01,17.4,1.025,794.8,3.41,1466.3
2048.8,96.13,106.61,1916.2,37,53.22,57.01,72.1,16.15,69.36,6.1,1.003,840.5,2.08,1071.5
3141.8,93.27,101.46,1815.2,44.3,15.24,16.54,41.3,14.62,24.01,15.9,1.016,792.7,3.06,1329.7
2196.8,42.15,42.6,1860,40.7,28.18,34.17,55.5,12.61,39.67,9.2,1.007,809.4,1.93,1136.7
2427.4,95.67,107.96,1930.9,43.2,45.5,52.4,67.4,16.67,68.85,7.2,0.99,803.1,2.21,1089.7
2204.9,89.02,95.54,1929.6,44.3,57.12,62.26,74.4,18.92,85.67,5.9,1.01,775.3,2.56,980.2
2998.4,89.71,97.61,1789.1,40.5,13.78,16.49,40.1,14.04,22.52,15.1,1.02,726.8,3.05,1197
2273,46.66,46.78,2102.8,38.2,83.75,85.54,86.4,22.1,113.94,4.4,0.922,904.9,2.98,1019.5
4037.4,91.08,102.2,1931.6,45.7,27.65,31.43,51.9,23.22,42.02,15.7,1.001,909.6,3.34,1539.1
1863,96.26,108.62,1867.1,40.7,31.31,38.06,53.7,11.28,47.44,9,0.988,709.8,2.01,1013.6
4866.1,93.51,103.05,2151.5,49.9,56.95,62.31,72.4,38.62,86.34,14.8,1.002,1042.6,4.34,1535.7
2411.6,89.51,101.66,1834,38.2,20.86,24.88,47.3,13.01,31.48,12,0.994,735.9,2.28,1065.4
3080.3,95.37,106.34,1862.9,42,25.62,31.16,51,17.11,43.99,13.6,1.027,803,2.59,1332.8
826.4,92.95,100.81,1774.6,38.2,26.69,34.05,55,5.13,43.53,6.2,1.005,666.4,1.53,427.2
2934.8,90.85,101.22,2010.9,44.5,52.38,57.74,69,23.36,83.89,8.9,1.025,821.5,2.76,1166.7
2710.8,100.39,111.33,1868.3,41.1,45.05,52.09,64.9,19.11,65.5,8.8,0.994,853.6,2.48,1216.8
2967,90.48,101.81,2010.1,44.1,57.8,62.67,72.7,23.11,87.12,7.8,1.035,897.3,2.81,1298.3
847,90.77,106.16,1827.3,37.6,42.79,47.62,63.9,6.01,53.73,4.8,1.031,686.6,1.16,490.4
2825.6,59.24,57.59,1970,42,46.55,52.54,67.4,20.67,65.27,9.9,0.989,866.3,2.86,1282.2
3169.7,92.41,102.01,2025.7,48.2,49.48,54.85,67.7,22.95,78.8,11.6,0.997,947.6,2.83,1436.1
1525.1,92.86,104.8,1856.5,34.4,41.74,46.22,63,10.52,60.68,6.9,1.012,750.8,1.56,889.9
850,45.44,45.08,1839,35.5,51.34,52.7,66,6.7,66.65,6.1,1.014,670,1.75,455.9
4078.6,93.19,102.97,1982.4,48.9,43.28,44.14,59.9,28.07,64.43,14.1,0.988,916.4,3.92,1441.1
3448.8,95.49,107.93,1983.2,44.2,55.77,61.86,73.6,25.67,81.09,8.8,1.008,990.2,2.18,1676.6
1990.7,90.02,102.71,1772.7,40.3,24.19,29.88,51.3,10.67,35.13,10.4,1.027,736.9,1.63,1080.2
3585.7,95.36,103.43,1999.9,45.8,37.42,44.59,58.6,24.53,66.34,13.9,1.016,841,3.3,1372
2042.8,91.27,104.47,1827.7,40.4,18.8,22.15,45.3,10.42,29.5,11,0.975,671,2.06,989.1
2613.7,92.69,104.08,1762.7,40.2,23.84,30.63,50.5,15.68,39.34,11.6,1.01,731.3,2.74,1072.7
1703.4,97.66,112.76,1876.1,39.7,61.59,67.63,77.3,14.14,84.2,4.6,0.999,857.2,1.4,993.6
2990.6,92.64,103.73,1923.7,36.7,33.97,41.43,54.5,19.35,56.02,12.7,1.006,788.3,2.9,1243.2
2202,94.5,104.05,1762.3,39.5,12.38,12.54,37.5,9.66,16.23,13.5,1.012,661.3,2.44,1035.4
3471.6,92.15,103.45,1935.2,42.1,34.56,40.36,57.4,23.5,57.55,12.9,1.022,845.7,2.88,1442
2634.1,89.06,100.4,2163.9,41.3,83.85,86.21,91.8,27.78,122.28,5.1,0.885,913.7,3.08,1090.4
2847.4,94.46,102.23,2041.4,41.1,53.86,59.62,71.6,22.1,81.1,10.1,0.991,900.2,2.52,1338.2
2190.9,89.55,98.37,1926.6,35.1,39.79,46.28,58.9,14.85,58.78,10.1,1.013,749.6,2.2,1026.6
2294.7,93.29,105.94,1975.1,42.9,54.69,59.95,71.3,17.5,72.29,7.4,0.991,876.7,2.13,1130.3
3958.5,94.79,103.65,2034.7,42.3,48.17,57.49,68.8,31.12,80.59,11.7,1.004,931.7,3.43,1466.8
838.2,44.77,47.73,1807.5,41.3,19.42,26.78,49.4,4.92,33.88,8.8,0.974,618.8,1.75,448.2
2761,92.86,102.81,1793,42.5,19.15,25.27,46.2,14.67,36.7,12.1,1.022,759.7,2.32,1236.9
2185.1,86.07,95.66,1973.4,42.4,67.42,71.13,79.2,19.4,84.86,4.8,1.015,882.1,2.39,1064.4
2656.4,92.35,100.51,1844.3,37.7,33.93,39.53,53.3,16.39,51.66,10.4,1.02,769.7,2.89,1090
2373.7,91.24,100.49,2039.5,39.9,71.81,74.97,81.8,22.76,100.45,4.5,0.998,870.7,2.61,1031.4
2271.2,89.29,98.54,2009.9,39.5,51.24,58.68,71.3,19.27,79.16,6.7,1,802.6,2.88,995.5
861.7,94.95,107.32,1815.1,29.2,38.69,45.65,61.8,6.49,52.63,5.8,1.011,668.4,1.25,466.8
1938.7,94.04,102.11,1845.5,37.6,36.23,42.36,58.7,13.42,53.63,9.1,1.007,767.1,2.03,1015.6
3425.7,92.12,103.68,1951.5,41.4,26.49,30.48,53.2,18.81,41.17,14.9,0.97,928.8,2.48,1571
3403.5,93.14,105.87,1970.6,48.8,37.53,42.7,58.6,22.25,63.41,13.3,1.006,840.9,3.38,1325.3
1917,60.85,59.16,1835.1,38.3,28.26,33.88,52.2,11.52,47.77,10.6,1.009,699,2.35,1004.8
3181.7,93.23,105.07,1995.9,40.3,53.08,57.5,71.7,25.62,76.97,9.9,1,864.4,2.84,1323.6
2761.6,89.84,97.33,2079.2,42.1,68.26,72.98,81.5,26.51,102.97,8.2,1.004,882.2,2.99,1129.5
2379.3,94.14,105.25,1831.8,41.7,31.5,38.45,57.9,14.25,52.72,10.7,1.005,799.8,2.09,1109.1
2811.1,98.75,112.66,1920.3,39.4,37.15,45.28,65,19.05,57.55,10.3,1.028,838.5,1.68,1334.8
2649.7,89.19,99.45,2001.3,47.9,70.76,75.25,83.3,23.96,97.57,6.1,1.03,898.1,2.59,1156.7
3771.4,90.25,99.84,1901.5,48.2,18.9,25.37,46.2,19.1,33.89,16.7,1.01,820,3.19,1458
2390.5,88.45,97.7,2138.2,42.9,79.3,82.09,87.7,23.88,107.7,7,0.989,888.3,2.67,998.3
2455.2,88.88,99.13,1866.3,42.2,31.67,37.93,56,16.15,50.32,10.4,1.009,741.3,2.74,1032.2
2310.3,91.49,101.01,1915.4,40,51.89,58.96,72.8,19.87,76.4,6.6,0.985,859.1,2.21,1096.5
2448,95.71,108.79,1808.1,45.1,29.18,33.78,54.2,15.16,44.96,11.3,1.021,702.9,2.61,1066.3
2270,64.65,66.12,1895.6,42,39.47,43.39,59.9,15.55,55.5,9,1.004,797.4,2.53,1162.7
3517.6,95.63,105.73,1984.1,45,37.36,44.64,59.8,23.25,64.26,11.6,1.01,928.5,2.88,1503
3923.4,92.63,103.47,2155.5,50.4,66.16,72.88,79.9,33.71,99.23,8.4,0.97,1061.1,3.52,1523.9
1969.4,94.34,105.62,1940.5,43,43.79,52.09,65.5,15.2,68.18,9,0.997,763.8,2.34,949.3
2564.9,84.67,95.2,1902.2,38.7,39.3,43.14,60.1,17.52,57.65,10.4,1.004,805.9,2.72,1087.1
1522.6,94.81,103.99,1766.9,30.8,16.31,19.16,42.7,7.63,21.99,9.2,1.012,646.2,1.83,912.3
2893.5,89.59,101.04,1813.1,42.8,18.76,23.03,47,14.9,30.19,12.8,1.02,738.8,2.52,1257.4
2318.1,91.35,102.51,1975.1,45.6,43.83,48.62,62.4,15.43,66.59,10,1.016,783.1,2.6,1061.4
4255.2,90.99,100.94,1909.9,39.3,9.84,8.71,36.4,17.15,12.39,19.1,0.953,977.8,3.57,1659.4
1898.3,88.87,102.05,1877.4,40.6,33.99,38.62,55.7,11.85,52.21,11.6,1.03,701.4,2.21,928.3
3002.8,94.29,102.44,1933.8,40.5,44.69,48.38,63.9,21.45,67.14,10.5,1.019,838.6,2.82,1278.6
3949.1,91.71,106.34,2038.5,45.6,47.36,50.23,68.2,28.11,68,14.1,1.011,941.7,2.64,1686.7
2499.3,91.55,99.91,1899.8,43.2,45.59,49.48,62.4,18.86,67.47,8.9,1.031,778.1,2.93,1029.9
3604.1,43.15,42.61,1853.4,41.6,12.98,12.83,40.6,16.63,17.11,16.9,0.983,860.3,3.59,1552.8
2334.9,88.48,96.91,1828.8,35.9,24.42,28.82,49.7,12.91,35.64,11.6,1.019,752.4,2.18,1041.1
2137.8,92.43,105.43,1756.7,37.5,12.36,12.53,38.5,9.17,14.26,13.8,1.001,682.1,1.74,1057.5
2242.8,67.8,67.42,1940.6,40.6,47.04,54.71,67.8,16.85,70.26,8,1.026,804.5,2.57,1123.7
766.7,90.95,102.42,1866.2,35.9,56.03,62.93,74.5,6.47,74.76,2.1,1.034,715.6,1.2,424
2558.2,94.33,104.85,1805.3,38.5,22.67,25.85,46.8,13.73,32.99,11,1.012,725.7,2.76,1094.5
2853.4,92.92,101.48,1930.3,44.2,44.08,49.44,65.4,20.54,66.9,10.2,1.042,832,2.73,1257.7
3771.2,92.27,103.35,2245.9,48.8,96.12,95.77,96.3,39.17,137,7,0.926,1054.6,3.42,1438.3
2241.6,91.61,104.13,1869.2,33.3,25.67,30.78,51.3,12.57,38.29,11.5,0.995,741.6,2.24,1072.5
727.5,93.14,99.91,1783.9,33.9,42.21,49.89,66,5.7,62.71,3,1.041,633.5,1.19,388.1
3309.2,92.89,99.94,2145.8,44.8,89.85,87.9,91,34.59,126.85,7.1,0.92,977.2,3.32,1295.9
2223.9,89.32,96.69,1774.2,38.2,15.47,16.71,40.7,10.66,23.82,14.2,1.012,645.5,2.42,1034.5
1656.4,92.95,103.33,1918,40.1,41,47.13,63.5,11.02,55.85,8,0.978,788.7,1.44,987.5
2373.9,61.08,60.64,1915.8,36.5,54.83,58.37,71.4,20.13,77.25,7.2,1.015,803.4,3,1047.4
4254.9,90.46,101.76,2005,50.1,39.97,45.77,63.4,28.36,58.75,13.5,1.002,953.5,3.79,1574.7
2517.8,96.56,106.48,1939.8,45.7,54.27,59.21,73.1,18.65,76.42,7.5,1.034,880.7,1.72,1185.5
2423.7,91.79,102.21,1871.7,40.7,27.62,33.25,51.3,14.84,42.86,11.9,1.012,752.3,2.35,1061.1
3599.9,91.89,102.65,1879,41.9,16.28,18.81,42.3,17.19,24.12,14.9,0.991,842.5,3.03,1461.5
792.9,85.92,97.71,1895.3,35,60.14,64.74,76.4,7.36,81.74,1.9,1.017,701.1,1.25,402.9
3175.6,92.41,102.45,1773.9,43.8,15.39,17.55,43,15.45,21.26,14.9,1.04,732.3,3.12,1273
2951.1,89.58,101.73,2039.6,43.8,63.41,67.06,75.6,24.44,87.84,8.6,0.956,1028.7,2.32,1346.4
3070.5,91.85,101.46,1825.3,41.5,25.98,31.02,51.9,17.48,45.87,13.4,1.002,783.6,3.2,1269.9
3399.4,93.76,100.98,2121.7,42,71.35,71.49,78.2,29.8,101.09,11.6,0.999,924.4,3.14,1381.1
2469.3,91.97,107.76,1830.6,38.3,63.1,70.07,78.8,21.45,91.1,2.2,1.003,913.2,1.76,1201.6
1972.7,95.64,109.12,1970.3,44,51.87,55.79,69.1,16.08,71.27,7.5,0.992,773.7,1.71,956.1
3317.3,93.02,100.31,1908.2,39.3,37.9,42.53,60.5,22.99,61.39,10.1,1.001,817.8,3.34,1337.8
2291.7,88.85,92.66,1981.4,45.4,45.77,49.78,63.6,16.34,67.89,9.7,1,815.6,2.38,1002
3853.6,93.36,103.06,2269,46.3,84.38,86.51,91.7,36.23,111.96,9,0.84,1198.1,3.03,1669.8
3489.3,96.9,107.57,1992,50.2,48.2,54.63,69.7,24.31,71.83,9.6,0.988,975.9,2.85,1512.8
3487.6,87.34,97.75,1896.2,47.1,33.3,37.45,57,20.66,51.4,13.6,1.033,848.8,2.64,1539.6
2693.3,94.91,105.65,1862.8,35.3,38.13,42.5,61,17.71,54.28,11.2,1.013,804.3,2.3,1184.1
2079.5,93.37,102.09,1941.6,44.2,49.82,54.31,67.5,16.19,67.73,9.2,0.999,769,2.32,968.6
4290.2,94.3,104.7,1990.6,41.1,26.79,34.05,52.9,25.77,45.26,17.1,1.017,914.5,3.78,1491.6
1896.5,88.5,99.12,2001.5,36.6,60.77,65.26,71.8,16.02,82.36,6.9,1,784.7,2.16,925.6
4036.1,97.61,104.24,2173.3,44.6,79.92,83.06,88,39.02,118.76,10.5,1.005,1065.7,3.56,1497.2
2440.7,89.04,102.36,1987,45.3,75.74,80.69,87.7,24.36,104.74,5.4,1.005,920.2,2.26,1088.8
4882.3,94.51,103.52,2247.5,55.4,85.17,87.62,92.7,51.38,122.33,10.4,0.911,1116.8,4.09,1573.9
2527.5,93.6,104.92,2031.6,44.4,71.09,76.98,83,24.08,103.61,6.3,0.995,881.6,2.32,1066.6
2119.6,90.24,102.85,1852.9,39.5,39.51,43.87,59.2,14.14,55.11,9.5,1.004,759.7,2.14,1030.7
1649.6,87.67,96.94,1669.8,35.3,14.75,16.07,41.2,8.05,21.63,9.4,1.022,592.4,1.95,894.2
1377.5,96.88,110.7,1759.3,40.2,35.54,40.02,59.2,9.32,46.9,6.8,1.013,757.2,1.45,894.6
880,86.41,95.42,1637.8,33.7,14.37,14.18,39.9,4.09,18.5,8.4,1.01,532.2,1.67,457.9
784.2,90.57,101.03,1862.6,35.2,54.6,60.87,74.3,6.66,73.21,4.1,1.018,703.5,0.79,455.2
2919.3,93.09,100.78,1886.7,36.2,45.91,51.18,66.4,21.95,70.65,9.3,1.01,848.1,2.45,1403.9
2638.6,91.4,98.52,1884,40.5,29.86,36.47,54.1,16.2,47.99,12.3,1.007,738.6,2.69,1053
3284.2,91.47,100.2,2093.7,46.3,80.07,82.44,88.3,32.82,114.03,6.8,1.025,990.1,3.15,1413.1
2467.8,95.43,108.85,1994.9,43.5,60.7,65.7,74.3,19.47,79.55,7.5,0.978,910.1,1.96,1133.5
1501.2,92.47,99.52,1807.9,33.2,24.22,29.85,51.1,8.79,37.95,8.6,1.003,670.3,1.94,841.1
2853.6,95.3,107.25,1946.6,37.1,57.16,61.78,72.8,22.69,83.26,9.4,1.014,886.7,2.47,1263.9
2314.5,97.67,110.87,1912.5,41.2,38.29,45.1,63.2,15.71,57.96,10.4,1.026,796.1,2.13,1114.1
2882.7,97.39,104.96,2034.3,43.6,79.26,82.07,87.8,26.05,104.28,5.5,1,1008.1,2.19,1404.3
5000,92.96,102.08,2154.9,52.9,79.76,81.21,88.5,46.48,109.54,11.2,0.999,1139.9,4.38,1590.7
2963.1,53.79,53.73,1835.2,40.4,24.14,25.73,48.8,16.11,33.06,15.1,0.998,746.9,3.75,1283.4
765,92.62,105.88,1916.5,28.1,62.52,67.78,75.6,6.77,83.7,3.1,1,733.8,1.29,433.3
2785.2,92.12,101.58,1929.7,44.5,37.86,45.08,60.6,18.44,60.99,11.2,0.997,826.4,2.53,1236.3
2734.2,90.46,99.72,1844.8,38.8,21.47,23.67,44.3,13.59,31.09,12.8,1.01,741.3,2.14,1244.6
2740.4,91.2,102.32,1798,37.5,17.48,18.33,45,13.48,24.08,12.3,1.013,704,2.03,1243.9
1926.7,92.05,103.45,1970.3,40.2,69.43,71.17,78.4,16.9,92.53,4.8,1.001,833.5,2.14,922.6
3312.1,96.49,106.21,2072.2,44.5,71.25,76.36,82.7,30.16,108.67,6.7,1.001,971.8,3.01,1367.7
3357.4,98.61,112.52,2085.8,46.9,71.25,77.85,86.4,31.3,104.35,7.3,0.937,1104.5,2.74,1501.5
2966.1,91.64,99.68,1891.9,42.8,26.1,32.52,55.2,18.17,47.15,13.6,1.002,770.7,2.73,1291.8
3618.9,93.55,103.92,1992.1,45.4,45.26,51.51,68.7,27.22,69.44,11,0.988,937.6,3.44,1488.9
2507,88.32,98.92,1908.8,39.7,32.05,38.25,54.8,15.63,51.09,11.2,1.008,818.3,2.5,1110.9
2507.8,95.41,107.31,2030.7,47.3,68.89,73.5,83,21.15,88.5,5.7,1.024,947,1.95,1211.7
1552.5,92.43,101.75,1997.2,40.8,74.74,76.64,82.6,14.47,94.51,4.4,1.016,814.7,1.85,900.4
803,93.75,104.63,1743.6,38.1,20.23,24.63,46.2,4.27,29.8,6.8,0.991,626.8,1.14,453
2758.7,93.36,105.49,1882.6,39.5,31.46,36.76,56.4,17.17,48.34,10.7,1,794.2,2.22,1220.7
3307.6,93.32,104.42,1921.6,45.8,34.3,40.64,56,21.09,55.61,11,1.005,831.4,2.65,1364.9
742.2,93.95,103.51,1873.8,34.2,57.78,63.16,72.2,6.19,75.72,3.5,0.983,728.7,1.13,417.1
1181.4,91.65,103.69,1785.1,35.7,34.17,39.17,55.3,7.99,50.02,8.4,1.008,647.1,1.66,625.6
3344.9,64.87,63.55,2000.8,44.2,44.92,49.48,63.3,23.16,71.1,11.5,1.004,878.8,3.65,1353.3
2757.9,88.38,97.61,2104.9,46.8,77.84,82.85,86.7,26.55,113.32,7.3,0.987,953.4,2.66,1204.2
2866.8,91.33,99.29,2031.2,40.4,61.08,67.27,75.7,25.48,94.07,8.9,1.017,882.2,3.05,1202.3
2188,92.42,105.43,1802.6,34.6,25.51,28.41,50.9,12.46,37.48,11.6,0.991,741.9,1.91,1183.7
2571,67.28,69.12,1834.5,39.9,16.43,17.76,40.8,12.62,27.2,15.6,0.99,681.6,3.37,1046.4
2170.9,93.31,103.24,2013.7,40.9,69.96,73.71,81.5,20.68,99.79,6.7,0.991,836.7,2.73,943
2160.2,94.98,104.73,1864.1,36.3,16.36,20.02,43.3,10.76,28.06,13.3,1.009,688.8,2.38,1029
2465.7,90.65,97.94,1917.3,39.6,55.86,61.37,73.8,20.79,80.52,6.1,1.01,819.7,2.51,1041.1
793.2,90.83,103.95,1811.1,41.6,43.47,48.26,65,5.81,59.1,5.3,1.017,641.9,1.25,421.9
3538.8,89.78,100.53,2096.6,43.4,61.61,66.54,75.8,30.77,99.04,10.4,1.007,968.8,2.98,1420.1
1825.9,46.64,50.46,1984.2,37.8,49.42,55.15,69.1,13.81,65.21,6.7,0.985,878.8,2.05,990.9
3021.8,94.46,104.6,1819.1,40.7,24.2,27.7,49.6,16.58,33.65,14.3,1.029,792.4,2.77,1312.6
2848.4,92.27,103.18,1827.9,36.6,21.57,24.28,44.7,14.73,32.6,13.5,1.041,763.9,2.09,1303.9
2727.5,87.57,94.18,2032.5,37.8,68.07,71.3,82,25.02,97.45,7.2,1.012,842.8,2.73,1190.9
1504.8,88.89,99.09,1901.9,39.3,61.06,65.75,73.4,12.93,82.59,4.5,1.021,747.2,2.04,848.3
5000,100.21,106.13,1986.2,46.3,22.28,24.3,47.6,25.34,31.17,19.3,0.998,937.5,4.43,1583.3
3120.2,92.81,101.84,2056.1,43.8,76.02,78.16,86,30.16,111.83,7,1.007,953.8,2.96,1311.8
743.5,89.86,102.55,1783.6,38.7,41.3,45.79,61.1,5.34,55.43,7.2,1.031,622.9,1.29,407.9
2239.2,91.21,101.59,1933,41.8,51.5,55.77,69.3,18.13,73.01,7.5,1.005,775.7,2.5,1008.7
2067.3,98.25,109.45,1759.1,36.8,21.45,25.78,46.9,11.29,33.2,10,1.013,642.6,2.25,1009.3
2330.6,92.79,100.95,1800.7,36.7,20.73,25.35,46.7,13.21,31.17,13.6,0.994,702,2.72,1005.6
2110.7,93.05,104.21,1878.2,40.1,25.05,29.66,51.9,12.25,32.6,11.4,0.994,742,1.95,1034.3
2786.1,92.85,102.47,1797.1,38.7,17.64,21.42,44.8,14.41,31.41,13.3,1.023,711.4,2.83,1143.5
2928,92.08,100.99,1888.8,42.2,28.49,34.62,54.5,17.2,46.62,12.1,1,842,2.84,1345.4
2114.2,88.93,99.77,1902.9,38.4,39.64,45.73,60.9,15.82,59.99,8.2,1.012,749.1,2.21,1029.5
2644.4,94.95,103.52,2023.2,45.3,64.3,69.03,77.3,23.61,90.35,7.2,1.007,876.8,2.6,1101.7
3492.4,90.23,97.46,2193.2,43,85.72,88,93.1,37.31,127.81,6.2,0.908,993.5,3.34,1359.1
1985.4,91.09,99.23,1847.4,40.3,30.68,37.47,52.8,12.26,45.8,10.6,1.02,683.1,2.52,919.5
2444.2,90.86,102.21,1788.2,35.9,13.98,15.28,41.1,11.87,18.77,13.3,0.99,667.3,2.29,1055.3
2373.4,90.27,100.83,1831.8,38.3,53.62,58.82,72.7,17.9,72.25,4.5,1.008,880.7,2.03,1126.3
3539.8,96.29,105.54,1974.6,43.3,41.96,47.83,63.6,26.26,71.44,12.7,1.015,872.9,3.24,1396.9
2037,90.34,95.07,1923.3,33.6,46.43,53.49,67.6,16.92,68.6,8.4,0.997,762.3,2.3,952.6
2935.8,95.64,103.21,2056.8,38.9,68.53,68.27,77.4,25.6,90.02,8.6,0.981,946.7,2.77,1316.1
1548.6,96.09,108.41,1973.8,35.1,53.23,59.14,73,12.68,72.88,6.4,1.007,810.9,1.75,960.5
2167.6,98.25,106.95,1871.4,40.3,34.37,38.99,56.4,13.19,49.61,9.1,0.982,803.8,2.18,1045.8
2882.5,90.73,101.08,2024.2,45.6,75,78.81,87.7,27.86,107.77,5.2,1.017,958.7,2.82,1266.6
1534.1,94.73,107.43,1871.6,39.4,66.77,72.19,80,13.25,85.59,3.4,1.001,828.1,1.54,947.4
3107.3,89.84,100.38,1938.3,43,33.5,40.79,56.4,19.53,53.44,11.9,0.992,830.5,3.13,1382.3
3316.5,95.23,105.89,1900.3,44.3,28.46,29.98,51,19.29,45.92,14.7,1.015,759.4,3.04,1333.1
2094.9,90.14,103.87,1875.7,44.3,27.43,33.53,53.1,12.83,41.36,11.2,1.007,683,2.52,920.8
1924.8,89.3,101.24,1933.9,35.5,60.34,64.61,75,16.86,83.27,7.1,1.013,775.5,2.13,917.8
3123.6,69.05,72.96,2036.1,49.6,74.87,79.99,87.2,31.9,111.7,4.2,1.002,942.4,3.25,1285.6
3030.3,90.81,99.61,2031.3,45.5,63.56,66.96,75.6,26.97,96.94,8.4,1.002,872.1,3,1211.9
2793.7,93.27,104.07,2071.3,43.6,79.87,83.77,88.6,27.16,111.3,5.5,1.015,939.4,2.71,1216
1926.1,90.72,101.65,1826.6,44,28.38,33.45,52.8,11.44,40.37,9.2,1.003,658.3,2.24,932.2
1703.8,92.35,104.11,1744.8,33.3,30.74,37.48,57.7,10.58,47.56,7.8,0.986,769.8,1.82,1015.4
2629.5,93.04,102.29,1861.7,44.3,23,27.69,47.6,14.41,37.69,13.1,1.012,732.2,2.51,1128.3
885.7,89.51,98.03,1738.5,35.1,20.47,26.36,46.6,4.97,35.03,7.3,1.005,584.4,1.61,466.4
2596.6,94.43,108.31,1834.7,42.6,25.9,34.21,52,14.72,46.71,8.7,0.984,879.9,2.19,1268.4
2345.4,92.02,104.8,1867.3,38.5,47.59,52.23,66.4,16.29,63.52,8.6,1.033,815.2,2.2,1165.9
2725.7,93.45,105.6,1943.7,45.4,40.26,47.17,60.6,18.99,69.32,8.3,0.993,772,2.7,1134.5
2097.6,90.8,98.56,1837,36.8,33.01,38.45,55.5,13.18,49.28,9.6,0.993,706.7,2.47,961.3
834.4,92.33,104.4,1693.8,30.2,20.86,23.05,46.7,4.52,28.71,6.3,1.013,544.6,1.34,438.3
2439.7,91.48,104.88,1805.2,38.1,15.54,17.56,43.2,11.1,22.35,13.1,0.983,775.6,2.37,1191.5
2236.9,94.35,107.08,1978.9,38.8,62.9,69.73,79.9,20.65,88.5,6.8,1.013,845.1,2.48,1020.4
855.5,90.17,99.03,1915,36.6,61.73,64.2,76.1,7.61,77.83,3.7,1,801.1,1.2,484.4
3613.7,92.44,100.09,1807.8,44.5,16.8,15.51,41.6,17.52,24.25,14.5,1.026,772.2,3.47,1382.1
1546,91.24,100.89,2040.8,38.2,77.13,80.26,86.5,15.7,104.38,3.5,1.005,806.9,2.16,820.9
4008.2,88.77,100.78,2065.3,53.3,49.25,54.38,67.7,29.67,80.63,12.4,0.997,948.4,3.62,1449.8
3133.2,93.65,103.88,1947.3,42.3,49.68,55.64,69.8,23.28,75.67,8.7,1.017,891.8,2.57,1371.2
3572,91.47,105.29,2045.2,44.9,46.53,52.33,65.4,26.38,73.83,10.4,0.969,955.5,2.69,1511.4
1703.5,89.81,97.63,1963.9,38.4,59.1,64.23,76,13.76,78.93,6.7,1.011,784.4,1.97,931.8
2448.8,86.58,93.44,1904.4,37.1,45.91,50.84,67.2,19.57,70.72,7.7,0.985,788,3,1045
2586.5,97.44,109.51,1898.5,42.8,30.95,35.7,54.6,16.15,43.39,11.1,0.98,782.6,2.36,1207.6
1789.5,49.66,51.98,1959,40.1,58.25,64.67,74.2,14.93,85.63,7.8,1.035,815,2.44,954.1
2735.3,92.94,109.17,1950.5,42.7,67.21,72.86,81.7,24.23,93.98,6,0.971,1009.1,1.99,1290.6
2408.1,90.97,102.91,1779.8,37.6,8.84,11.82,36.1,9.73,14.07,12.1,1.001,677.1,2.11,1076.1
2276.3,94.25,103.89,1835.1,33.3,26.24,32.26,51.7,13.15,41.18,12.6,0.972,786.2,2.17,1064.2
1752.4,66.21,63.49,1871.2,36.8,21.99,29.94,52.3,10.27,34.15,10.5,0.949,798.3,1.87,1005.8
2135.6,89.12,97.14,1799.7,34.3,37.1,42.71,57.9,14.26,54.47,7.7,0.993,744.9,2.51,1040.1
2623.5,56.83,60.05,1778.5,40.4,16.5,19.22,43.7,13.63,26.48,12.1,1.022,684,3.39,1066.9
3726.8,88.29,96.62,2010.8,42.6,48.67,54.41,68.2,28.07,81.28,11.4,0.999,946.5,3.16,1476.6
3541,91.35,103.67,2087.4,48.5,57.42,65.92,75.8,29.49,95.62,12,1.004,944.5,3.2,1401.1
2529.6,92.65,103.45,1885.5,42.4,46.6,53.59,69.7,20.12,72.3,8,1.015,838.9,2.32,1166.1
2638,94.05,101.68,1842.7,38.4,21.49,23.24,44.2,13.82,32.55,13.1,0.992,764.5,2.71,1173.5
731,91.33,104.79,1699.2,35.6,16.93,21.53,46.5,3.95,26.75,7.5,1.011,559,1.25,417.5
2720.5,93.6,108.06,1868.3,43.7,28.47,34.65,54.6,16.14,46.07,11.3,1.008,819.1,2.05,1230.8
827.7,90.87,102.47,1823.8,31.5,44.91,49.95,64.7,6.39,66.8,4.8,0.989,648.4,1.3,431.2
2273.3,94.77,104.92,2087.6,41.6,80.96,85.15,91.9,21.27,103.71,3.2,0.926,950.6,2.03,1112
3040.6,92.4,107.28,2032.6,42.7,67.86,72.17,80.1,27.09,99.14,8.5,0.989,952.4,2.48,1407.7
2500.2,91.86,99.49,1863.6,40.6,28.9,35.03,55.1,15.71,46.46,10.8,1.005,767.1,2.66,1115.3
2095.1,97.38,109.89,1898.2,37.7,46.7,51.93,67.9,16.49,63.85,8,0.991,788.5,1.61,1080.3
1999.4,87.13,93.45,1796.8,39.2,22.83,27.82,48.8,11.66,39.5,9.5,1.006,686.4,2.23,949.4
3930.1,93.4,101.99,1966.1,48.2,33.53,36.39,53.9,23.38,50.97,14,1.023,899,3.86,1499.8
3293.2,95.49,107.33,2149.1,47.8,80.47,84.81,89.2,32.69,119.47,5,0.989,1001.1,2.79,1345.2
886.6,90.72,107.07,1784.6,39.8,23.49,28.46,49.1,4.91,32.01,7,0.991,617.6,1.12,499.7
2282.2,93.61,104.75,1980.8,44.8,67.44,69.99,78.3,18.78,84.16,4.1,1.028,857.5,2.15,1066.6
2851.2,92.25,100.61,2090,46.3,64.05,66.85,74.3,24.12,89.77,9.2,0.99,872.9,2.87,1174.7
2617.6,95.55,106.86,1952.7,41.4,34.86,40.7,58.4,17.25,50.69,12.7,0.973,907.4,1.91,1250.2
2447.1,90.35,102.03,2067,42.9,72.73,77.24,83.7,22.74,105,7,1.023,874.7,2.26,1060
2916.4,95.63,108.1,1987.4,41.1,49.49,53.88,68.6,21.42,68.38,9.2,0.985,972.1,1.72,1469.6
2492,64.55,62.03,2067.5,42.6,78.41,81.46,87.8,23.94,103.51,6.5,0.991,953,2.15,1104.4
700.6,90.74,99.24,1763.7,35.2,24.85,31.61,52.3,4.27,43,5.8,0.988,559.5,1.58,398.9
2456.7,92.42,100.06,2039.4,40.6,68.41,71.87,80.1,21.48,90.36,6.6,0.977,951,2.42,1150
3734.4,90,98.78,1911.5,43.7,19.51,21.42,46.7,19.92,31.15,15.4,0.996,803.7,3.66,1436.1
2590.2,92.25,100.1,1943.3,39.2,54.2,60.11,71.4,20.53,76.96,7.8,1.003,860.7,2.62,1114.1
2524.4,94.41,104.19,1911.7,36.5,40.07,47.22,61.6,18.42,63.53,9.2,1.017,771.3,2.3,1063.2
712.5,94.6,107.46,1778.5,32.6,29.09,35.21,55.5,4.44,41.83,6,0.991,684.3,1.17,419.9
852.6,95.58,108.65,1740.1,30.1,21.97,27.71,49.4,4.45,32.1,5.9,0.99,681.5,1.08,492.3
2657.8,97.37,107.94,1973.1,44.2,73.6,76.53,84,23.58,98.33,5.5,1.028,914.9,1.92,1249
3160.4,90.42,98.23,2005.5,38.4,55.16,58.67,71.1,26.38,82.44,9.5,1.003,892.1,2.89,1346.3
2779.6,90.06,100.01,1968.6,40.4,49.94,54.63,67,20.64,74.47,9,1.021,893.1,2.37,1239.2
2380.8,92.53,99.93,1960.8,44.1,56.29,63.74,71.9,18.96,83.48,7.2,1,833.7,2.74,1005.2
3629.1,94.29,99.85,1986.7,47.4,47.17,53.56,69,29.75,77.08,12.3,0.993,873.7,3.47,1396.3
2871.5,92.65,102.71,1778.6,43,14.89,17.08,41.2,13.73,20.68,15.5,1.035,704.8,2.81,1280.3
3074.2,94.68,105.52,1946.1,40.4,35.88,39.5,58.3,19.98,49.88,10.7,1.005,846.8,2.93,1277.9
1922.5,91.12,103.07,1819.9,40,18.94,21.25,43.7,9.45,26.63,12.5,0.989,738.6,1.96,967.8
2102.3,92.18,101.72,1937.2,38.2,54.43,61.43,72.6,17.46,78.03,6.3,1.01,805.4,2.34,992.4
4047.2,98.3,107.89,2120.3,48.6,56.74,65.63,75.4,32.96,88.75,12.1,1.013,1009.4,3.18,1575.4
2762.4,93.08,105.7,1864.4,45.1,61.96,67.85,77.3,23.23,88.66,5.1,1.002,899.9,2.42,1302.1
711.3,88.54,100.24,1749.7,31.9,23.44,29.54,50.4,4.2,34.93,7,0.995,579.8,1.37,401.6
2045.5,91.17,100.84,1850.2,35,34.73,38.09,55.8,13.45,47.93,7.6,0.99,730.9,2.38,947.3
3434.5,96.25,107.09,1882.7,40.7,19.14,21.08,46.8,17.38,28.52,14.9,0.988,816.8,2.96,1541.7
3796.9,93.14,108.35,1983.1,41.3,40.09,44.95,62.5,26.93,64.6,11.8,1.002,884.5,2.71,1555.4
795.8,91.84,101.58,1736.6,37.2,35.99,40.05,58.9,5.3,46.83,4.5,1.01,639.2,1.22,450.4
2849.7,92.82,107.91,1843.5,45.5,18.75,24.73,45.9,14.21,30.77,12.8,1.025,773.5,2.81,1275.5
2303.4,90.7,101.21,1913.3,46.3,46.73,52.25,65.3,16.72,69.58,8.2,1.01,761.2,2.25,1068.3
2488,89.62,101.76,1877.8,42.4,34.03,37.8,56.6,16.7,53.64,10,1.005,743.6,2.76,1068.9
3050.1,94.46,106.63,2027.3,38.4,51.77,56.61,71.2,24.5,69.65,12,0.987,961.8,2.44,1430.2
5000,93.48,103.97,1982.1,52,25.68,32.25,53.3,27.7,41.32,18.6,1.032,968.6,4.45,1648
2646.7,91.78,101.82,1853.8,37.5,30.98,35.18,56.8,15.96,44.85,11.3,1.026,767.8,2.56,1188.4
2193.2,93.25,104.62,1825.7,38.8,14.62,17.34,40.9,9.66,21.19,13.3,1,725.1,2.24,1113.5
1577.8,92.64,105.22,1902.6,34.8,55.87,61.87,71.3,13.49,81.58,5.7,1.015,759.9,1.68,900.8
1887.3,92.37,105.19,1798.1,34.5,37.56,44.09,61.2,13.43,56.97,6.3,1.007,738.6,1.76,992.3
2839.2,91.57,100.05,1972.2,41.8,42.81,50.38,66.5,21.24,66.74,11.2,1.015,811.5,2.96,1230.1
2217.3,92.72,100.69,1856.5,41,26.78,33.18,53.1,13.57,44.75,9.1,0.999,721,2.37,989.1
3313.9,89.76,98.34,1932,41.1,31.36,37.87,55.4,20.56,53.32,13.9,1.003,830.1,3.03,1363.6
2775.2,92.2,101.82,1920.2,45.6,35.3,41.44,59.3,18.01,55.21,10.8,1.003,824.4,2.75,1178.2
739,45.3,45.92,1693.6,34.8,20.79,25.92,48.3,4.09,32.57,7.8,1.02,551.8,1.49,422.1
3813.1,95.4,106.6,2017.7,45.1,47.32,51.72,66.7,28.24,71.2,12.2,1,931,3.01,1485.9
2687.7,91.15,104.12,1941.7,43,40.06,45.68,62.5,18.46,56.73,8.6,0.996,840.4,2.65,1229.5
1832.5,94.7,103.24,1971.6,35.1,50.86,56.07,67.7,14.88,70.97,8.2,0.983,820.7,1.91,985.9
2671.2,93.2,103.58,1950.3,45.9,46.14,50.41,65.1,18.71,65.51,9.5,1.001,803.8,2.59,1158
3816.3,59.21,60.75,1881,45.3,16.66,19.57,43.9,18.27,21.17,16.4,0.998,829.1,4.24,1498.6
3293.7,93.96,103.9,2097.8,39.9,81.97,85.1,90,34.49,116.81,6.3,0.947,983.8,2.58,1416
1820.1,91.05,99.61,1913.9,41.2,49.2,52.41,67.7,13.39,64.59,7.6,1.02,741.1,2.19,956.3
2065.5,90.9,101.43,1899.3,42.7,48.02,53.36,67.4,15.73,68.75,5.6,1.001,786.6,2.02,987.6
2571.3,88.3,100.63,2185,43.1,81.06,85.14,89.5,26.34,116.87,4.7,0.848,932,2.85,1058.6
1966.4,92.98,100.23,1930.8,41.5,37.36,45.06,62.5,13.92,56.26,9.6,1.036,745.1,2.41,1061.4
726.5,90.3,101.79,1911.8,33.7,56.08,61.73,74.6,6.5,77.36,4.1,0.989,689,1.25,427.5
2267.6,92.36,100.14,1844,42.3,15.06,18.84,42.3,10.53,23.3,13.7,0.998,714.2,2.52,1137.6
4225.7,94.72,102.43,2053,50.6,63.06,65.96,75.1,33.63,93.69,11.8,0.999,988.4,3.68,1485.9
1885,97.2,104.25,1835.8,33.4,15.36,18.69,45,9.98,20.03,12.1,0.966,746.3,1.93,1006.1
2468.4,95.18,104.93,2001.7,42.7,55.93,60.94,72.1,20.09,78.87,7.4,0.995,873.9,2.63,1073.9
2013.3,88.84,99.92,1966,40.1,53.45,59.84,71.2,16.86,75.46,6.6,1.015,772.4,2,981
2254,44.54,42.12,2015.5,42.9,59.86,66.63,73.3,18.44,81.83,7.6,0.995,867.3,2.73,1099.6
2305.4,93.37,99.9,1868.6,40.2,34.11,38.47,58.9,14.71,50.39,9.7,1.024,729.8,2.59,1007
1984.9,94.14,105.16,1828.4,36.1,23.07,26.79,48.1,10.56,34.93,10.3,1.011,702.1,1.82,1033.2
2526,91.78,101.5,1867.7,39.3,25.62,30.97,51.9,14.96,37.44,14,1.001,730.4,2.76,1106.4
2307.6,90.87,100.24,1952.7,42.2,35.95,39.09,57.9,15.09,44.35,9.9,0.962,883.6,2.17,1231
2438.1,90.95,99.34,1975.2,41.4,49.63,53.52,65.7,18.74,73.55,9,0.995,780.1,2.53,1021.3
3143,89.31,98.62,1966.2,47.5,40.69,47.32,61.6,21.51,65.08,12.7,0.999,822.5,2.99,1272.1
1772.3,92.57,105.28,1847.5,41,42.87,47.22,62.3,12.68,60.73,6.2,0.977,738.2,2.06,957.6
3110.5,94.7,106.91,1954.7,40.2,40.46,44.97,60.4,20.33,60.3,9.9,0.989,878.1,2.87,1350
1674.7,89.4,98.44,1930.7,34.6,54.8,59.64,68.4,13.23,78.72,6.3,1.008,745.5,2.03,904.7
891.2,94.99,104.1,1634.5,32.5,26.62,27.28,46.6,4.89,31.41,4.2,1.009,612,1.39,524.6
1969.4,95.4,108.38,2032.3,45.5,69.41,72.2,79.1,16.39,87.16,7.1,1.021,839.8,2.03,1017.4
2910.8,91.51,103.19,1862.1,39.3,30.09,34.75,54.1,18.1,50.72,11.5,1.016,807.8,2.98,1187.4
3030.8,85.23,92.69,1973.7,40.6,56.76,61.4,75.7,26.74,87.24,8.4,1.021,874.5,3.1,1237.8
2430.5,57.79,57.58,2021.4,43.1,58.59,63.14,71.4,20.71,83.95,7.2,0.99,825.8,3.04,1074.6
2677.2,90.33,98,1987.9,48,71.43,75.69,81.5,24.63,103.95,6.2,1.017,892,2.53,1170.6
1819.8,87.27,93.73,1818.5,34,28.8,32.42,51.1,11.62,41.78,10.5,0.997,666.6,2.43,890.7
748.3,88.41,99.44,1764.7,34.9,40.42,44.94,62.3,5.43,55.22,4.5,0.981,641.8,1.35,425.3
2812.7,54.58,55.06,1954.4,43.4,33.46,38.61,56.3,18.04,51.95,12,0.992,864.4,3.06,1249.9
741.5,92.19,106.49,1737.3,30,11.31,13.09,40.1,3.51,16.85,9.8,1.006,599.5,0.8,442.1
3181.4,92.46,104.74,1937.2,46.6,37.13,43.69,62,20.93,58.7,11.3,1,909.4,2.19,1442.9
2145.5,92.94,102.61,1974.6,41.1,48.07,54.71,69.4,16.93,64.33,9.2,1.013,838.7,2.11,1057.4
1889.5,90.23,104.42,1889.2,39.1,39.77,45.25,64.1,13.34,53.83,8.2,1.015,728.3,2.05,949.8
3572.7,92.25,100.42,2028.6,44,55.75,59.12,71,29.5,86.49,11.3,0.995,891.2,3.18,1414.4
3220.9,96.33,108.46,1880,42.6,19.81,21.84,47.6,15.61,27.48,15.6,0.974,863.9,2.46,1537.3
3961.6,96.66,108.19,1966.2,50.3,25.91,31.39,52.5,22.68,42.52,16.5,0.976,930,3.11,1572.3
2835.8,94.5,102.26,1788.8,43.5,21.68,26.15,47.5,15.31,34.27,13.4,1.041,713,2.78,1200.8
2715.2,94.53,105.38,1945.1,41.2,39.19,48.05,63.5,19.62,59.79,10.3,0.985,918.2,2.46,1196.9
2078.4,89.76,94.59,1869.7,39.7,25.95,31.27,52.2,12.71,41.38,11.7,0.995,702.5,2.35,998.3
2760.2,94.74,104.22,2037.2,41.1,66.02,71.25,78.9,25.48,99.88,7.5,1.003,896.3,2.48,1136.8
2443.2,90.5,94.93,1880,38.6,26.71,32.57,54,15.43,40.34,10.9,1.005,771.1,2.57,1104
2909.1,92.77,107.17,1896.5,39.9,27.83,29.93,50.3,16.07,40.54,14,1.009,814.6,2.27,1353.2
2371.9,92.33,101.33,1957.9,44.7,48.56,56.17,67.7,17.93,73,9,0.992,864.5,2.37,1109.3
808.3,86,94.64,1748.3,34.5,22.12,28.16,47.2,4.56,39.59,6.3,0.994,561.6,1.28,419.5
2284.8,92.09,102.81,2021.2,40.2,69.45,73.88,79.2,21.24,96.01,5.4,1.013,825.8,2.32,1020.8
4607.2,94.02,103.55,2102.1,47.9,64.25,68.1,75.2,37.45,91.17,13.1,0.998,1077.6,3.53,1551.4
1950.7,88.33,98.44,1998.1,40.6,67.2,70.22,80,18.02,86.51,4.3,1.006,829.7,2.06,979.1
733.2,91.53,103.04,1811.2,37.1,38.81,43.99,60.7,5.34,55.54,4.2,1.012,639.4,1.19,416.3
3735.6,90.13,99.91,2072.3,47.2,66.3,70.89,81.5,33.84,96.23,9,1.013,997.6,3.32,1523.5
1750.6,92.85,103.46,1899.6,37.4,44.57,52.13,64.4,13.07,63.33,5.5,0.996,784.5,1.72,918
798.9,90.49,98.84,1711.9,37.3,41.43,44.03,59.4,5.45,57.62,4.9,1.018,593.8,1.48,407.2
884.9,95.92,107.63,1740.4,34.2,35.49,40.42,60.5,5.98,45.73,5.5,1.028,642.6,1.36,503.6
2011.1,89.51,103.19,2013.8,35.6,63.11,68.31,79.9,18.02,83.45,6.5,0.98,892.2,2.19,1001.6
1536.8,58.29,59.38,1864.6,36.5,41.46,52.11,67.9,12.06,69.42,6.5,1.008,697,2.3,856
2027.5,93.38,104.69,1856.8,45.6,33.54,39.45,58.1,12.71,47.06,8.7,0.988,791.1,2.16,1060.6
1948.1,92.77,103.65,1982.7,37.9,55.65,60.26,71.5,16.04,74.15,7.1,0.981,858.2,2.08,991.4
3779.8,90.05,99.07,2129.4,47.5,74.05,76.7,85.3,35.97,108.92,8,0.992,1030.8,3.58,1506.9
5000,92.05,104.25,1953.9,46.9,17.85,20.91,44,22.84,23.48,20.8,0.987,957.9,2.85,1822.5
2715.6,93.71,104.18,2089.4,44.7,85.05,87.05,89.2,25.91,109.91,5.6,0.918,1013.9,2.09,1210.6
2834.2,91.52,100.96,1979,39.8,43.59,49.46,64.1,20.57,67.74,12.4,0.993,832.1,2.62,1213.1
2411.6,95.31,108.15,1923.8,43.6,37.74,41.86,57.1,15.77,57.48,10.9,1.036,778.6,2.31,1090.8
2054.6,90.95,99.66,1825.5,38.3,35.26,43.5,60.3,14.66,60.22,9.1,1.011,724.1,2.3,966.9
2680.2,93.67,104.9,1965.9,37.3,44.79,49.98,63.2,19.64,67.3,11.1,0.989,874.6,2.41,1131.2
3072.2,89.47,99.28,1847.6,40.5,35.7,41,59.5,20.31,56.52,10.1,1.039,829.5,3.02,1312.2
2344.1,91.92,98.73,2008.1,42.3,61.97,65.35,75.7,19.23,78.9,7.5,0.974,975.5,2.12,1138
1717.2,88.8,97.12,1703.8,30,13.74,14.39,37.5,7.64,16.81,10.8,1.024,622.8,2.24,890.7
2926.8,52.53,53.39,1955.6,41.6,51.33,55.6,68.7,22.43,75.86,10.6,1.007,851.8,3,1312.6
1532.6,44.95,45.34,1927.3,41.8,59.17,66.99,75.4,13.55,85.2,4.4,1.012,777,2.57,857.1
2433.1,94.1,108.33,2025.8,41.4,67.78,71.91,79.9,21.41,89.08,5.5,0.999,942,1.8,1226.1
3723.6,94.79,103.95,1983.5,48.8,37.86,42.92,60.4,23.91,61.31,12.8,1.003,877.6,3.31,1530
2322.3,92.55,105.99,1990.2,45.9,44.99,50.89,66.1,16.1,62.17,9.4,0.994,863.3,2.01,1086.9
2663.2,90.29,100.67,2099.4,47.8,84.13,84.95,88.7,25.64,111.62,6.9,1.036,935.5,2.7,1096
861.8,88.88,96.24,1807.6,34,37.3,41.52,59.3,6.19,53.63,7,1.029,608.5,1.43,432
3343.2,61.46,62.96,1974.8,40.6,35.45,41.17,58.1,22.48,61.17,13.5,1.003,872.4,3.36,1482.2
2145,92.95,100.67,1909.6,34.5,57.87,64.22,74.9,18.95,78.07,6.1,0.983,905,2.34,1133.2
2484.9,89.92,95.76,1876.5,35.6,33.71,36.6,54.2,15.9,52.24,11.3,0.978,728,2.87,1027.6
2800.9,92.58,106.44,2019.5,39.6,63.17,67.51,77.1,23.98,85.04,7,1.014,946.1,2.04,1238.4
2533.9,90.93,103,1991.5,40.2,62.89,65.66,74.3,21.49,86.62,8.6,1.014,864.7,2.43,1152.7
2876.3,95.46,104.61,2033,41.7,84.55,84.7,87,27.89,115.33,4.4,1.027,970.3,2.63,1264.9
4692.7,50.43,52.83,2239.5,50.6,79.72,83.06,88.7,43.34,104.06,10.8,0.972,1223.9,3.68,1652.7
1689.7,96.5,109.23,1824,37.1,31.5,37.93,55.7,10.68,44.74,7.6,1.001,705.2,1.61,998.6
3825.3,94.06,104.12,2015.2,48.6,54.24,59.65,71.5,29.95,82.62,12,1.01,991.8,2.36,1661.2
1836.8,93.22,100.27,1812.7,39.5,26.23,31.34,50,10.24,39.04,9.2,0.976,705.7,2.25,1006.6
1827,91.98,101.79,1854.6,36.1,37.62,41.82,58.5,12.45,48.48,7.4,1.019,717.8,2.06,980
2753.3,98.02,110.89,2019,46.4,68.73,73.37,82.5,24.08,93.23,4.9,0.983,993,1.91,1232
2333.2,90.22,99.78,1947.1,38.8,52.83,56.85,70,18.17,74.12,9.1,1.013,801.8,2.48,1056
2760.2,48.13,47.86,1978.4,40.4,51.4,57.32,70,20.79,80.05,9.3,1.005,854.6,3.3,1185.5
2621.2,90.87,100.84,1953.3,37.9,47.28,54.59,67.9,20.16,72.48,9.2,1.016,840.9,2.79,1096.5
2516.7,88.21,98,1850.9,40.2,25.67,33.45,50.3,14.78,47.75,10.3,0.995,747.6,2.66,1082.2
3898.7,69.28,66.45,1992.6,44.8,28.23,35.12,57.1,24.54,48.33,13.9,1.016,835.6,3.85,1569
3306.7,93.54,98.93,1880.2,42,13.91,16.91,40.9,15.29,23.63,16.1,0.998,743.5,3.38,1325.4
3171.9,92.38,101.71,1912.2,42.2,37.17,41.92,59.2,21.35,58.49,11.6,1.02,819,2.97,1333.3
2898.4,94.62,103.18,2021.9,39.5,67.26,72.78,83.2,27.8,103.75,6,1.007,907.4,2.79,1241.3
3724.6,54.46,57.72,2122.6,44.3,47.82,55.4,68,28.64,82.56,13,0.989,909.6,4.19,1406.8
3649,93.79,103.17,2205.3,45.3,83.92,87.18,88.7,36.53,126.59,6.2,0.921,1019.2,3.28,1481.7
2081.4,84.93,93.86,1992.3,36.5,66.03,71.67,82,20.52,96.18,7.2,1.01,823.6,2.32,964
4775.9,94.51,102.99,2141.9,49,60.58,66.58,76,39.16,86.85,13.5,1.014,1062.8,3.54,1591.2
2628,87.47,96.62,1877.7,39.9,29.78,36,53.8,15.73,47.69,12.7,1.028,732.5,2.71,1083.2
3123.8,93.25,107.3,2076.4,47.7,72.85,75.1,83.5,27.73,100.69,5.9,0.996,1033.6,2.53,1373.4
1926.3,68.1,71.49,1788.5,39.8,14.01,19.48,44.7,9.74,21.54,11.4,1.004,714.8,1.88,1002.6
2221.7,88.7,98.37,1999,42.5,68.01,74.42,82,21.11,98,4.7,1.02,868.5,2.58,999.2
1847,93.81,104.32,1949.8,39.7,57.56,62.1,73.2,14.97,72.23,5.3,1.003,826.1,2,1074.3
3480.4,92.27,100.75,1877.3,45,19.13,22.36,43.9,18.24,34.69,16.7,1,755.9,3.84,1340.5
733,55.58,58.88,1831.2,30,39.63,46.26,60.8,5.42,61.8,5.3,0.987,616.2,1.49,402.8
2594.6,93.72,106.28,1813.9,39.6,25.55,32.23,51.3,15.62,38,12,1.007,737,2.76,1134.4
3198.6,95.03,105.38,2143,43.1,77.15,79.52,85.9,31.77,109.62,9.4,0.996,947.1,3.23,1306.1
2701.1,93.53,101.73,1859.2,38.1,22.61,27.49,47.2,14.64,37.3,13.3,0.99,725,2.3,1126.6
1763.2,89.43,101.35,1791.5,38.1,26.7,32.36,50.7,9.94,41.98,7.9,0.992,692.2,1.77,963.6
2106.8,90.57,101.64,1749.8,32.4,18.05,22.42,43.5,10.31,26.95,12.7,1.012,722.7,1.81,1067
1682.7,91.72,100.84,1806.6,34.5,15.15,19.1,42.7,8.48,25.37,11.3,0.997,662.6,1.76,957.1
894.4,87.97,98.8,1718.5,32.7,23.71,26.28,48,5,33.68,10,1.018,597.3,1.65,475.3
3217.5,91.4,100.66,1891.4,39.8,19.21,22.4,45.8,16.67,28.34,16.4,0.971,853.9,2.61,1397.8
1440.7,90.02,100.07,1844.8,39.6,38.79,44.99,61.2,10.71,58.3,5.9,1.017,683.5,1.78,825
1400.2,92.02,100.78,1824,38.6,40.1,45.89,60.6,9.81,55.5,6.4,1.021,680.4,1.57,813.6
1841.9,91.08,104.69,1799.9,39.1,22.22,26.51,48.3,10.03,33.82,10.4,0.98,701.3,1.81,1018.1
2294.7,90.91,98.13,1924.8,38.8,63.36,67.31,76.9,19.92,91.11,7.6,1.012,863.5,2.2,1027.2
2145.8,91.43,99.16,1833.7,40.1,22.3,28.52,50.5,11.74,33.25,10.5,0.983,812.4,1.9,1105.9
1910.8,95.12,107.49,1979.6,41.9,43.77,50.26,66.7,14.33,61.24,8.5,0.963,886.8,1.92,1034.7
5000,92.73,104.24,2040.6,52.9,30.93,35.1,51.8,27.94,46.6,18,1.005,952.2,4.35,1614.4
877.8,93.55,104.34,1750.8,28.1,25.62,29.61,51.3,5.27,35.72,7.3,0.989,633.8,1.38,473.3
1988.9,94.56,106.81,1721.6,35.4,12.53,15.93,42.4,9.59,20.22,10.3,1.026,633.3,1.9,964.3
3425.8,90.38,101.47,1954.7,42.7,38.9,45.35,62.3,22.82,63.85,11.4,0.997,909.3,3.2,1530.9
3692.7,92.94,101.45,1914.3,41.9,30.84,33.74,52.5,22.96,48.93,14.3,0.993,856.1,3.56,1377.3
2157.9,96.86,110.4,1842.7,33.9,32.6,37.32,56.1,13.42,49.11,9.4,0.998,768.9,1.6,1060.6
3523,92.75,98.67,2114.3,50.8,70.07,75.09,81.6,33.04,112.71,8.4,0.999,921.2,3.37,1400.7
829.1,90.52,98.02,1739.8,35,29.75,33.94,55.3,5.24,44.26,6.1,1.011,608.4,1.35,449.5
5000,103.98,111.57,2047,49,37.89,39.52,57.8,30.01,49.72,15.5,0.982,1028.5,3.58,1728.4
2805.1,92.28,102.88,2004.6,41.9,62.09,68.96,77.5,24.92,93.27,8.4,1.001,869.4,2.39,1189
2537.7,96.6,104.21,1866.1,38.7,32.53,33.5,52,15.27,48.89,11.4,1.017,730.3,2.71,1087.9
1863.7,87.34,98.71,1983,36.7,65.22,69.77,79.8,17.39,88.61,6.3,1.005,824.1,1.8,997.3
2697.6,92.35,101.16,2050.8,37.6,64.83,68.39,76,22.75,88.99,9.1,1.006,887.9,2.84,1178.9
1844.1,87.74,97.4,1857.5,40,31.93,37.56,54,11.66,45.88,9.4,0.994,688.8,2.22,898.3
3604.5,98.55,112.91,1854.5,45.3,15.33,16.08,41.7,15.88,23.64,16,1,900.2,2.83,1686.8
2404.8,92.64,101.96,2137,45.2,85.41,88.94,92.9,25.08,109.81,3,0.872,1041.3,2.09,1217.4
2216.9,88.63,98.06,1904.4,44.4,48.31,53.12,68.6,17.67,68,6.8,1.002,771.3,2.42,964.5
2005.3,89,99.69,1946.6,38.6,59.3,64.28,74.6,17.03,79.27,4.8,1.015,794,2.2,985.8
892.1,66.57,68.4,1721.3,34.1,19.68,24.27,48.5,4.87,29.12,8.2,1.025,622.3,1.29,521.7
2651.5,90.46,101.32,1848.4,35.9,17.96,22.48,44.6,13.72,27.68,12.9,1.002,756.5,2.6,1151.5
880.4,90.85,103.74,1949.3,37.6,61.16,65.69,76.7,7.37,72.96,4.3,1.014,811.9,1,528.9
2149.7,96.85,107.08,1805,35.7,26.22,32.18,51.4,12.48,39.22,11.3,1.007,715.6,1.66,1150.5
2288.3,91.19,99.99,1949.1,39,54.22,57.28,69,18.43,73.88,8,0.997,796.6,2.48,1000.3
1669.7,90.09,103.46,1832.4,35.9,35.63,39.71,60.1,12.03,51.81,7.7,1.003,715.5,1.93,947.9
760.2,92.83,103.97,1749.6,33.6,28.14,36.79,56.4,4.87,45.11,5.4,0.995,635.6,1.18,432.9
2322.9,92.74,104.03,2027,35.7,54.33,60.22,74.1,18.55,74.09,6.9,0.971,939.1,2.37,1120.3
819.2,93.77,103.85,1741.7,32.9,27.54,29.79,54.4,4.87,38.22,7.2,1.01,605.7,1.17,470.6
3450.5,89.95,100.7,1913.2,46.2,26.35,29.04,49.7,19.73,43.89,14.4,1.024,786.4,3.05,1382.9
2540.7,91.54,101.01,1741.2,38.5,7.73,12.07,36.7,10.37,16.53,14.4,1.025,679.6,2.44,1115.5
1713.5,92.51,106.35,1985,39.3,66.68,70.24,77.4,15.07,84.8,5.1,0.999,845.3,2.06,903.1
3037.6,46.18,47.45,1920.2,43,27.12,32.31,53,16.87,44.22,14.1,1.031,780.4,3.2,1257.9
899.2,88.17,98.23,1811.9,37.4,48.25,53.52,66.2,6.71,70.24,4.6,0.996,688,1.47,465.1
772,90.67,102.36,1718.4,37,13.59,18.65,43.9,4.14,21.61,8.9,0.999,529,1.41,421.7
2536.7,86.86,96.58,1929.1,45.4,47.91,52.31,66.7,19.14,71.12,8.3,1.029,796.2,2.68,1020
3402.6,61.01,59.78,1944.2,39.9,23.92,28.95,51.1,17.8,36.85,16.6,0.974,880,3.02,1498.2
753,88.39,96.02,1672,27.8,13.56,15.32,40.5,3.74,15.61,8.7,1.007,519.8,1.51,399.7
1907.1,87.05,98.22,1814.2,42.6,36.65,41.14,58,12.89,51.55,7.8,0.99,696.9,2.36,949.4
2721.8,94.27,103.23,1845.8,38.6,17.47,22.95,44.5,13.8,31.16,15.2,1.03,716.3,2.61,1199.3
3389.5,88.34,97.54,1925.1,45.3,42.87,49.3,61.3,23.58,71.64,10.1,1.008,882.8,3.3,1375.4
1472.9,92.11,103.39,1738.8,29.7,29,32.1,52.1,8.96,34.27,7.8,1.021,677.1,1.82,907.9
2139.3,92.92,102.07,1965.2,35.2,71.49,72.27,81.4,20.69,93.55,4.5,1.011,834.4,2.42,979.5
3414.7,92.81,102.47,1994.6,43.2,52.47,57.09,69.3,26.38,82.39,11.6,1.016,880.8,3.7,1352.2
2690,89.55,99.13,1763.4,43.3,19.45,23.05,45.7,14.25,29.74,12,1.011,707.6,2.85,1151.1
857.8,92.65,104.42,1898.4,31.5,51.08,53.72,69,6.46,62.34,5.3,1.011,719.6,1.26,499
797.8,88.98,97.78,1704.4,33.3,22.23,25.86,48,4.7,29.65,7.1,0.996,553.2,1.23,398.6
721.6,93.74,102.05,1718.2,32.4,46.14,50.8,65.7,5.73,62.85,4.4,0.997,650.6,1.13,426.7
2182.7,95.52,104.21,1767.4,33.8,17.05,19.95,42.9,10.8,25.41,11.2,1.01,673.2,2.1,1043.3
5000,97.28,107.8,2044.7,49.5,30.16,39.52,60.6,31.06,50.4,17,0.996,1069.8,3.86,1706.8
2637.9,91.29,98.32,1832.8,38.5,17.06,23.34,44.9,13.68,30.25,14.2,1.029,694.8,2.85,1055.2
3071.5,90.86,99.47,2046.4,39.4,52.92,56.7,68.7,23.93,80.97,11.1,1.005,855.1,3.02,1290.6
811.3,93.53,103.09,1716.2,31.1,17.47,19.83,44.8,4.29,23.57,9.6,1.006,612.5,0.95,460
1518.4,91.2,101.21,1867.1,36.4,40.68,46.62,63,11.65,58.7,7.6,1.018,679.5,2.12,826.9
2939.2,90.12,98.59,1899.2,44.8,33.49,40.59,60.7,18.49,52.03,11.4,1.028,839.5,2.27,1359.6
2569,92.67,100.7,1859.2,34.2,25.72,30.95,50.2,15.24,44.48,13.2,1.005,712.2,2.76,1065.9
2481.2,92.26,105.57,2021.7,43.1,58.98,62.1,72.5,19.98,77.04,8.9,1.032,838.1,2.33,1131.7
3155.8,92.53,105.06,2055.5,45.6,50.41,56.23,69.1,24.23,72.95,11.5,0.963,941.6,2.68,1392.3
3039,91.91,100.27,2080.7,42.6,75.7,80.98,85,30.03,115.62,7.9,1.019,933.9,3.02,1268.8
2666.8,96.36,106.53,1835.3,35.1,35.94,39.56,58,17.9,54.87,11.4,1.015,785.8,2.84,1159.3
2054.2,87.78,98.55,1751,37.2,19.53,18.73,44.7,10.39,25.02,10.5,1.003,666.6,2.15,974.4
2435.7,89.95,95.8,1950.4,42,50.77,55.5,67.5,19.36,77.27,10.3,0.997,781.4,2.72,1005.2
3510.7,97.36,112.3,2014,45.8,54.65,59.14,72.2,27.3,85.67,10.6,1.022,910.5,2.64,1419.9
2066.6,89.83,95.56,1782.5,43.5,13.52,15.05,40.4,9.29,18.83,13.6,0.999,701.3,2.02,1029.7
712.6,87.68,97.08,1809.3,34.7,25.52,30.1,50.6,4.1,35.91,7.4,0.979,729.5,1.17,414.6
2665.4,90.05,103.39,1933.3,41.1,56.25,62.15,73.2,22.28,85.51,8.2,1.004,867.7,2,1198.9
2370.5,94.75,105.44,1994,41.7,46.2,49.71,65.7,17.26,66.04,10.4,1.004,786.1,2.57,1082.8
1782.1,86.52,96.62,1799.2,39.3,24.01,30.64,51.7,10.75,39.03,11.3,1.005,652.3,2.09,962.5
2354.2,94.69,106.23,1829.2,43.2,23.32,26.25,48,12.52,33.03,10.5,1.013,756.4,2.17,1148.9
1548.1,88.57,94.16,1956,37.1,41.55,47.83,62.7,11.52,67.02,8.2,0.985,711.9,2.14,836.4
2477.7,87.84,94.97,1914.2,45,37.84,43.38,57.8,16.43,56.72,10.5,0.993,723.5,2.8,1030.7
2698.9,91.33,100.83,2013.1,40.1,79.09,81.63,86.5,26.19,106.92,4.5,1.011,894.4,3.02,1146.4
801.2,92.09,101.21,1946.4,33.9,65.36,68.58,79.1,7.42,86.41,3.6,1.003,710.7,1.31,438.9
2895.8,93.18,102.81,2063.2,40.2,55.28,60.69,73.3,24.24,86.15,9.3,0.972,915,3.09,1271.9
3232.9,93.77,102.16,2082.2,48.2,61.47,68.44,76.5,28.17,100.11,8.7,1.004,906.9,3.26,1293.5
2681.6,96.59,107.26,1777.3,36.9,19.56,23.72,45.3,13.76,33.48,13.6,1.021,735.6,2.66,1167.4
2715.1,93.64,98.86,1898.5,35.7,30.06,33.2,52.4,16.52,46.78,13.7,0.998,748.2,2.61,1162.2
2049.2,91.68,97.58,1867.2,33.4,61.62,65.84,75.3,18.79,85.98,5.8,0.997,822.1,2.46,989.3
1709.2,91.91,102.59,1854,37.2,21.87,26.26,47.2,9.63,35.42,11.6,1.004,649.1,2.29,882.5
2101.7,95.16,106.8,1850.1,38.3,27.15,32.35,52.4,12.13,37.54,11.4,1.021,746.6,1.88,1149.5
4401.7,95.9,106.41,2053.4,49.3,40.29,48.17,66.8,29.9,68.38,15.4,0.993,971.8,3.69,1487.4
4335.6,91.54,102.08,2143.3,49.9,60.36,68.4,79.6,37.33,96.63,11.6,0.996,1004,4.27,1458.6
4246.1,95.08,107.09,1936.9,49.3,16.19,15.9,43.1,19.95,18.71,20.3,0.988,868.4,3.16,1759.6
2446.7,91.47,101.53,1888.6,40.2,40.02,42.88,58,16.53,57.62,11.1,0.991,764.9,2.65,1056.7
4886.5,91.01,100.64,2183.6,46.8,69.07,73.78,81.1,42.37,97.55,12.5,1.013,1079,3.89,1599.2
3867.1,88.92,93.29,2068.8,50,64.67,67.19,75.6,31.96,97.3,11,1.02,950.6,3.49,1504.2
1523.3,69.27,69.11,1728.9,38,27.41,32.51,54.5,9.22,38.8,8.2,1.027,666.3,1.92,960.3
1742,94.34,111.42,2001.8,37.1,61.23,66.78,74.6,14.62,80.79,4.6,0.995,799.2,1.57,1036.5
1899.2,89.5,92.9,1944.9,34.5,46.52,52.57,66.4,15.05,71.19,6.7,0.993,749.4,2.15,931.8
4426.4,95.04,105.47,2076.7,42.6,42.22,45.31,60.7,29.31,62.78,15.3,0.989,1017.8,3.44,1581.8
2327.6,91.88,99.66,1978.1,41.5,49.68,55.42,68.7,17.72,68.28,9.2,1.006,856.6,2.44,1080.9
1844.1,88.12,92.86,1822.2,38.5,36.14,40.54,55.7,12.03,51.05,8.9,1.021,697.2,2.3,912.2
2143.7,97,108.29,1943.8,40,61.82,65.52,74.1,18.67,84.83,5.6,1.017,810.7,2.03,1057.8
2483,94.33,105.98,1986.5,41.1,47.89,54.25,68.5,18.72,65.28,7.9,0.99,868.9,1.97,1128.7
736.5,93.14,100.67,1817.7,36.5,29.7,33.56,53.4,4.56,39.74,7.6,0.998,664.3,1.4,434.6
2169.4,91.86,101.31,1917.9,39.8,26.72,33.74,53.6,13.97,48.72,11.9,0.984,721.7,2.02,997.3
897.5,90.3,100.5,1762.6,32.6,32.24,36.49,53.6,5.78,43.06,7.7,1.009,583,1.2,464.1
3531,95.71,103.78,1892.6,39.4,17.42,21.29,43.4,16.21,31.84,15.7,1.014,800.9,2.91,1556.4
3301.9,48.08,47.96,2035.8,49.3,46.42,53.28,70,26.02,71.16,10.4,0.986,916.9,3.63,1431.7
3664.2,90.25,101.92,1864.4,43.5,24.3,29.67,46.9,18.48,48.28,14.3,1.012,815,3.6,1415.7
1867,89.48,95.03,1774.6,36.8,24.16,29.07,49.8,11.07,40.27,11.6,1.018,673.4,2.5,930.7
784.6,90.37,98.03,1782.7,35.9,30.91,36.83,52.9,5.07,44.76,6.9,0.983,625.7,1.39,424.7
2588.9,93.03,100.24,1849.6,41.2,24.81,27.6,49.6,14.08,36.84,11.9,1,746.8,2.45,1160.6
2003.4,88.99,100.52,1918.7,40.4,31.86,39.16,56.7,13.64,49.29,12.1,0.984,706.4,2.14,918
827,91.56,100.33,1855,35.6,45.65,49.59,65.1,6.22,62.88,7.7,1.026,642.2,1.55,434.4
788.5,87.6,99.31,1900.3,32.8,58.26,63.36,74.1,7.24,75.9,4.1,1,675.7,1.46,431
2098.4,89.21,99.61,1980.2,44.1,49.36,54.72,69.4,16.14,66.8,8.4,0.979,842.5,2.07,1079.8
765.7,91.95,105.36,1758.2,29.2,23.96,28.87,48.6,4.16,36.6,6.7,0.973,646.7,0.88,465.7
2140.8,96.1,107.07,1928.9,35.2,33.64,38.56,56.9,13.53,46.16,10.8,0.951,851.7,2.19,1113.8
2629.4,93.62,105.19,1924.4,38.6,38.09,42.97,60,18.48,58.58,10.3,0.995,806.1,2.71,1136.1
3688.6,95.12,101.72,1944.7,45.5,29.06,31.66,50.4,20.36,45.11,15.8,0.995,826.3,3.44,1452.3
2538.5,93.32,101.67,2017.2,43.9,64.6,68.54,77.4,22.88,87.35,6.4,1.003,884.6,2.65,1078.6
2450.8,51.35,48.46,1969,38.7,73.91,76.55,84.6,22.77,96.82,5.9,0.977,933.1,2.71,1122
1984.4,89.18,100.47,1927.1,32.9,42.54,51.54,65.8,14.63,63.85,9,1.006,784,2.35,985.5
1734.3,89.85,98.94,1916.8,37.4,47.58,54.45,68,13.82,66.49,8.7,1.007,746.9,1.92,944.5
3653.5,90.08,94.14,1989,46.2,31.8,36.2,54.1,22.57,54.15,15.8,1.022,816.5,3.49,1392.6
2265.6,90.52,100.8,1806,43.5,14.84,16.21,40.2,10.38,23.04,14.5,0.992,646,2.67,942.8
735,88.67,95.62,1774.6,33.9,27.29,31.03,52.6,4.22,36.94,7.9,1.007,604.6,1.26,436.9
2987.1,94.84,103.91,1930.4,40.3,46.55,52.1,65.6,21.33,67.95,8.5,0.995,875.9,2.26,1328.7
1312.5,93.34,105.37,1705,33.3,17.71,21.39,44,6.59,27.4,7.9,1.018,600.2,1.69,766.4
3714.9,97.82,105.26,2146.8,46.3,91.46,92.24,95,37.92,133.81,5.6,0.909,1032.2,3.24,1455.8
1559,86.54,97.19,1737.5,35.3,14.19,16.82,39.6,7.52,20.74,11.1,1.001,597.7,1.87,823.8
731.1,92.11,104.27,1729,35.6,23.03,28.89,50.3,4.13,33.96,8.3,1.04,606.6,1.05,493.2
2845.8,57.71,57.45,1795.8,38.5,17.28,19.89,44.2,14.26,29.85,14.7,1.002,706.8,3.01,1184.2
2835.2,95.66,103.86,1827.9,41.6,16.85,19.93,45.1,13.61,25.33,14.3,1.02,759.8,2.4,1313.1
2317,95.85,105.78,1837.3,40,19.11,25.52,46.4,11.69,32.48,11.7,0.977,748.5,2.31,1079.7
2506.5,90.74,97.56,1999.7,39.6,74.49,79.48,85.5,24.43,106.85,4.3,1.011,873.5,2.76,1036
724.7,89.65,97.13,1776.8,33.8,25.02,27.53,50.7,4.32,32.65,8.8,1.017,572.5,1.41,416.8
3791.9,92.93,102.31,1988,42,44.04,48.34,62.6,26.48,68.83,13,1.01,880.8,3.34,1542.4
1417.3,94.05,104.39,1790.7,34.8,41.54,48.65,65.5,10.26,56.4,5.6,1,749,1.78,926.4
745.1,88.67,97.86,1760.8,37.2,37.59,44.44,61.7,5.29,56.55,3.8,1.025,637.5,1.23,429.7
3077,92.3,102.08,1917.3,41,42.33,48.31,63.1,23.49,68.7,10.6,1,872.2,3.13,1342.4
2268,92.68,102.81,1854.9,36.8,35.22,43.88,58.7,15.31,54.64,9.4,0.995,730.5,2.34,1057
1828.7,94.79,103.5,1931.9,37.6,45.37,49.89,65.4,12.71,53.93,8.1,0.975,863.7,1.44,1037
3188.7,90.74,101.94,2141,49.6,90.04,91.75,95.2,33.92,130.88,4.3,0.924,989.4,3.07,1320.8
2806,90.46,102.25,2077,44.6,89.02,90.98,92.2,26.35,117.8,4.2,0.946,969.8,2.85,1239.1
714.1,91.28,102.17,1775.8,29.9,31.51,37.9,54.5,4.76,46.83,7.1,0.998,606.7,1.22,398.4
3002.8,95.02,109.61,1921.1,44,42.2,46.84,64,19.29,61.03,9.7,1.037,839.3,2.1,1344.7
3218.6,92.25,104.87,2033.8,45.9,66.79,71.07,79.2,29.77,101.53,9.6,1.012,912.5,3.08,1281.7
3854.3,95.65,105.65,2084.3,50.9,62.19,66.86,77,31.57,94.85,11.4,1.034,958.4,2.72,1556
2390.1,95.09,102.67,1817.1,43.1,13.79,18.39,39.7,10.49,27.15,13.4,0.98,724,2.43,1071
4352.7,94.7,108.2,2192.1,48.9,89.87,91.48,93.5,42.68,124.49,6.6,0.889,1110.4,3.56,1607
3671.1,94.5,106.5,1989.3,43.2,45.64,52.94,67.3,26.27,74.18,12.1,0.993,930.2,3,1450.2
1912.5,41.45,44.08,1824.6,35.9,27.66,32.78,51.3,11.88,40.54,9,1.013,660.1,2.46,919.7
2457.9,91.7,99.5,1822.3,39.5,25.5,29.11,50.1,14.8,37.69,12,1.018,714.2,2.74,1001.5
2451.2,91.16,101.82,2009.4,48.5,46.35,52.13,66.8,18.09,68.98,12,1.018,787.2,2.58,1076.6
2976.9,91.01,99.98,1811.6,39.9,19.67,20.7,45.2,15,29.56,14.4,0.997,739.5,2.19,1393.4
2015.7,95.93,105.05,1847.3,36.2,27.49,33.21,50.3,11.99,39.81,10.2,1.006,693.6,1.66,1006.1
2364.1,94,98.78,1802.3,37.4,22.26,26.37,49.8,13.39,33.94,11.7,1.021,714.1,2.32,1062.9
2647.8,95.12,105.19,1967.1,44,55.44,61.24,72.6,21.25,77.16,8,1.005,876.3,2.47,1201.4
771.4,65.16,64.36,1825.3,31.5,61.21,64.09,74.6,6.51,77.48,2.2,1.024,724.1,1.18,461.8
1492.7,93.33,100.55,1842.9,36.5,55.89,60.15,70.8,12.71,74.63,3.1,1.02,740,1.81,907.7
2568.2,92.35,104.96,1914.1,47,38.18,42.02,60.2,15.75,50.11,10.1,1.005,835.3,1.63,1297
3937,91.15,101.65,1935,44.2,19.76,20.05,44.6,18.88,29.35,16.7,1.017,865.7,3.36,1548.6
2729.7,90.34,102.85,2043,41.3,63.31,68.58,76.9,24.18,95.18,7.6,0.989,918.4,2.77,1205.3
1717,91.94,100.7,1722.3,33.2,35.23,40.18,57.3,11.48,51.47,8.1,1.007,724.4,1.86,927.6
2256.2,94.49,106.54,1936,39.1,59.09,65.63,76.3,19.64,81.25,7,1.004,833.2,2.43,1021.1
3480.3,92.63,103.12,1986.1,44.2,57.64,62.63,74.2,28.15,88.26,10,1.019,911.2,3.03,1390.2
2398.7,90.42,103.83,1911.3,43.1,44.83,48.9,66.9,18.45,63.28,9.4,1.017,811.9,2.31,1111
769.6,89.5,100.64,1721.5,36.3,13.97,17.98,41.3,3.75,19.85,9.7,1.001,513.5,1.36,399.8
2486.2,91.72,104.38,1796.5,38.6,32.78,36.39,55.8,15.6,47.89,9.4,1.008,730.9,2.73,1058.5
2331.6,94.56,102.49,2016.7,44.6,79.14,82.58,88.1,21.58,101.48,4.9,0.989,966.5,2.04,1216.8
1986.9,92.56,100.76,1822.8,36.1,32.05,34.53,55,12.04,41.79,9.3,1.034,713.7,1.93,1024.6
3220.5,88.7,99.14,2052.5,46.6,68.26,70.16,77.7,29.18,101.44,8.9,1.016,926.9,3.34,1270
1559.1,91.1,99.9,1979.3,32.8,62.13,68.33,74.8,14.17,87.12,5.1,1.011,769.6,1.82,884.7
3825,93.77,105.28,1921.2,44.6,23.05,26.31,49.2,21.69,35.8,15,0.999,861.2,3.51,1510.1
3651.3,93.53,101.35,1908.8,48,19.72,20.52,42.8,17.92,28.83,16.6,0.99,819.3,3.18,1498.8
2835.1,90.81,103.41,2101.2,41.5,69.55,73.39,80.3,25.32,102.07,7.5,1.005,903.9,2.83,1193.7
849.7,95.11,103.81,1851.2,37.5,43.15,50.02,65.3,6.04,60.37,6.5,1.022,675.8,1.24,480.5
1956.5,95.76,105.61,1861.9,38.5,32.59,38.44,57.9,12.42,45.71,8.7,1.004,756.6,1.88,1096.3
2009.7,93.3,103.44,1811.7,37,27.98,33.67,50.8,11.86,41.47,11.6,1.025,687.8,1.96,1016.5
1830,90.66,100.39,1838.7,43.6,17.52,25.85,48.3,9.02,32.07,10.5,0.992,752.9,1.64,1040.2
3275.3,93.78,102.74,1905.2,34.3,13.68,19.05,47,16.98,26.9,15.1,0.971,878.2,2.87,1391.1
3935.3,92.75,102.11,1970.4,46.8,31.62,38.03,58.8,25.15,51.68,12.3,0.978,915.8,2.9,1541
2426.2,89.58,98.67,1841.6,35.9,34.98,40.58,56.7,15.5,52.4,10.2,1.003,793.8,2.33,1148
2693.6,91.87,102.5,2013,35,72.16,76.87,83,25.72,104.04,6.6,1.041,906.9,2.44,1151.1
747.7,92.8,103.27,1711.9,35.4,19.42,23.56,45,3.85,30.69,8.7,1.009,560.9,1.35,418.4
2325.5,93.04,102.9,1934.8,41.6,53.16,60.26,71.3,18.39,82.64,7.4,0.993,820.3,2.47,1027.5
1828.2,89.02,97.93,1822.2,37.4,31.06,34.88,53.9,11.56,46.22,9.6,1.012,664.1,2.14,928.6
2302.5,90.6,99.46,1975.9,43.8,45.92,52.47,66.7,16.51,64.23,8.7,1.002,862.3,2.27,1084.7
1762.9,93.18,102.46,1877.2,39.9,48.11,53.81,66.7,13.41,65.65,7.4,0.971,808.5,1.71,1073.6
2976.3,98.42,107.47,2029.3,42.2,78.78,82.76,86.3,28.6,111.68,6.5,1.019,961.7,2.86,1301.3
2786.5,93.3,106.42,1907.2,46.2,29.49,32.78,52.8,16.76,44.53,12.5,1.005,786.5,2.85,1188.2
825.3,87.12,96.04,1715.1,33.8,21.61,26.61,44.1,4.2,34.8,8.1,0.991,595.3,1.53,445.1
3245.2,87.67,98.43,1870,41.1,24.4,28.47,49.9,18.44,38.9,13,1.008,800.9,2.1,1503.4
4037.6,89.76,98.56,1971.5,43.8,41.75,47.48,61.5,28.93,70.27,13.2,0.981,887.6,4.3,1413.8
2800.9,87.44,98.01,1930.9,39.8,34.55,42.39,61,18.7,56.88,11.3,1.009,802.4,2.76,1155.6
2412.8,92.09,104.6,1884.1,39.7,27.43,31.94,52.2,14.61,40.3,11.9,0.999,723.9,2.07,1128.5
2453.8,90.07,96.53,1810.7,38.1,28.08,34.42,53.3,15.29,47.34,9.1,1.003,744.2,2.49,1099
1826.4,89.43,101.65,1913.3,38.7,46.87,51.43,67.1,13.67,63.63,6.9,1.013,720.7,2.06,939.6
724.7,88.58,98.19,1836.6,30.9,39.24,47.24,61.3,5.33,56.86,6.6,0.997,624.2,1.46,398.1
796.1,88.84,101.9,1844.9,30.7,37.54,43.13,59.8,5.45,48.88,5.1,0.984,739.5,1.33,454.1
1633.7,91.31,98.77,1832.9,36.3,24.06,27.46,48.2,9.07,34.56,10.2,1.016,658.8,1.92,954.4
701.2,96.99,105.12,1788.9,29.9,36.05,42.36,60.1,4.95,52.97,3.6,0.995,652.3,1.12,421.4
1734.7,90.45,99.26,1765.8,31,18.33,23.58,47.1,9.55,31.76,11.4,1.011,677.9,2.09,891
1678.9,53.87,53.14,1810.4,41.1,38.87,44.14,60.9,11.44,53.84,7.4,1.023,712.9,2.2,938
3529.1,95.86,108.92,2022.2,47.5,38.29,47.29,62.2,22.1,61.62,13.1,0.964,994.7,2.41,1602.6
817.3,92.82,99.14,1815.2,32.1,42.03,47.11,62.3,5.92,58.51,5.1,1.017,657.5,1.44,426.4
2366,91.01,102.44,1954.1,39.8,50.26,50.06,63.8,17.74,66.15,9.3,0.988,828.4,2.27,1083.7
4337.2,91.03,101.64,2320.5,51.8,99.78,98.46,97.7,41.54,128.56,8.2,0.885,1218.4,3.01,1798.4
2116.3,92.33,103.8,1887.2,36.3,35.8,41.94,59.6,14.44,53.2,8.8,0.997,758,1.96,1020.7
2511.9,92.67,101.96,1892.8,38.6,39.1,42.56,58.6,16.96,57.1,9.4,0.992,765,2.32,1112.4
3092,90.25,101.03,2002.3,41.5,46.76,51.23,64.7,22.66,70.77,11.9,1,863.5,2.68,1428.6
2477.8,88.68,100.85,1829,35.9,26.14,32.1,50.7,14.82,41.32,10.1,0.997,736.4,2.57,1034.9
1981.1,90.41,100.1,1775.7,34.7,17.76,24.2,47.2,10.79,28.21,10,1.028,656.5,1.96,1000.9
2901.8,92.92,105.77,1859.2,43,29.33,35.88,55.7,18.06,49.71,12.1,1.008,749.1,2.63,1230.8
3115.1,91.48,98.46,2098.1,42.5,61.63,66.26,76.8,27.51,97.6,10.2,0.993,899.8,3.17,1230.6
4203,93.6,102.4,2042.8,46.8,46.72,52.61,67.1,31.12,75.33,13.4,1.03,937.5,3.8,1530.1
2589.2,57.12,55.26,2010.6,44.2,57.66,61.7,73.4,21.75,82.65,9.5,0.991,841.3,3.3,1057.6
2476.5,92.75,102.71,1918.6,43,46.28,48.83,62.1,17.52,65.03,9.3,1,779.5,2.74,1061.8
2740.4,91.23,100.8,2054.7,36.9,63.19,68.75,77.1,24.06,93.53,7.2,1.002,925.6,2.84,1199.7
2203.5,93.35,105.04,1959.9,43.2,47.92,52.47,66.4,15.06,64.82,7.5,0.998,820.3,1.69,1166.6
1313.8,89.05,96,1723.6,34,12.31,13.78,38.8,6.07,15.67,10.9,0.989,560.7,1.84,756.9
2314.2,92.25,100.34,1811.6,38.6,26.57,30.11,51.3,14,39.61,10.9,1.013,700.3,2.37,978.8
2113.3,93.54,101.95,1989.1,37.8,68.86,75.4,82.3,20.24,95.34,5.9,0.992,899.5,2.2,994.2
2906.8,61.69,65.05,1979.2,38.8,49.14,53.53,66.8,21.32,72.98,9.7,1.003,863.1,2.79,1371.7
2569.2,99.41,110.48,1967.9,43.3,68.21,70.13,78.5,21.69,88.21,4.5,1.017,917.2,2.09,1253.7
2943.6,98.96,108.47,1849.3,41.5,24.14,28.08,49.4,15.63,40.62,13.4,1.034,763.6,2.64,1369
3103.2,89.33,98.99,1974.3,40.9,32.81,37.93,56.1,20.45,52.4,12.9,1.017,802.3,3.28,1276.7
2843.2,42.83,45.98,1805.1,40.4,21.08,27.71,47.3,15.49,40.05,12.6,1.004,735.4,3.42,1175.3
2588.1,85.6,93.88,1843.3,42,31.67,34.67,53.2,15.81,45.92,9.6,1.033,744.2,2.97,1078.4
2542.6,91.28,96.56,1959.2,44.3,45.31,52.28,67.6,19.66,70.18,8,1.006,792.8,2.8,1055
808.7,95.64,109.58,1748,32.2,19.21,22.76,46.5,4.13,28.24,9.1,1.036,601.5,0.67,472.8
2713.2,92.59,103.36,1924.6,36.3,30.66,34.67,56.4,16.85,46,11.3,0.975,793.5,2.68,1160.8
2669.6,89.5,96.65,1842.2,45,21.13,25.79,44.9,13.8,31.1,13.3,0.965,722,3.02,1071.6
3093.4,92.86,102.37,1954.4,44.9,61.89,66.73,75.8,26.97,93.88,7.7,1.016,868.4,3.2,1317.3
3404.3,91.83,101.92,2026.9,42.9,48.98,52.47,65.2,25.66,73.74,12.1,0.993,904.4,3.24,1369.1
3192.2,95.95,107.22,1995.7,48.8,51.01,55.74,68.6,24.6,76.92,10,0.998,893,2.96,1333.9
711.3,91.27,99.49,1825.9,32.1,32.56,41.73,58.1,5.05,50.84,5.2,0.997,627.9,1.08,431.4
2256.8,94.88,104.78,1932.5,42.1,46.43,51.79,66.3,16.86,66.68,8.4,1.015,809.8,2.6,1033.3
1920.6,92.87,104.04,1807.2,37.5,20.06,22.6,47.4,10.52,27.22,11.6,0.994,681.5,2.02,1009.2
1890.2,94.22,103.35,1836.8,37.7,20.92,23.95,44.6,9.08,28.65,12.6,0.976,687.2,2.06,972.5
3555.7,90.59,97.88,2020.4,44.2,56.31,60.58,70.9,28.89,86.6,9.4,1.004,916.9,3.05,1389.2
837.7,92.87,102.72,1810.9,33.9,32.22,36.58,54.5,5.28,41.12,7.1,1.009,712.1,1.03,527.2
3640.8,97.15,108.04,2117,47.2,80.57,83.17,86.7,36.43,121.48,7,1.009,1018.7,3.57,1380.6
2164.4,93.28,105.24,1829.7,35.6,25.92,26.69,47.2,11.59,33.03,12.7,0.993,671.3,2.04,1037.1
3262.5,97.43,108.36,1869.5,46.3,21.39,26.29,49.2,17.43,34.75,13.3,0.987,868.1,2.16,1552.2
2259.9,95.57,107.34,1922.8,39.6,50.14,57.99,70.7,18.11,72.56,6.5,1.013,799.9,2.06,1052.2
1633.6,90.14,99.81,1752.9,37.5,24.91,31.58,50.5,9.5,39.88,8.1,0.998,679.7,1.97,900.2
2875.4,90.36,97.2,1783.5,40.1,15.5,19.82,43.6,14.29,25.43,14,1.001,693.9,3.1,1152.4
773.3,87.18,101.04,1745.3,33.8,19.01,21.76,43.6,3.93,22.43,8.6,0.991,586.2,1,467.7
835.3,89.46,100.18,1808.8,32.9,40.71,45.87,59.8,6.1,58.07,4.5,1.007,643.6,1.39,462.9
2744.8,93.37,102.27,1989.9,37.2,63.82,67.45,76.7,23.92,89.85,7.9,1.025,872.4,2.58,1138.1
817.6,88.3,99.88,1794.8,37.5,36.41,40.51,58.1,5.55,52.09,5,0.986,644.3,1.36,450
2296,92.85,98.59,1810,39.2,27.89,32.49,53.6,13.49,42.14,11.5,1.026,743.4,1.95,1121.5
3093.7,88.42,103.5,1916.1,40.4,17.61,19.61,42.2,14.69,26.67,16.3,0.998,771,2.15,1355.4
2905.8,86.13,96.95,1748.5,42.2,10.69,10.24,34.3,11.48,15.92,15.9,1.009,662.5,2.91,1186.2
2832,89.69,98.92,2007.2,46.9,49.14,52.79,66,21.22,77.13,11,1.027,807.8,2.97,1163.6
2382.1,95.98,109.8,1808.1,41.2,13.61,16.74,45.5,11.41,22.41,13.1,0.988,799.5,1.86,1156.1
861.5,89.95,97.53,1773.3,33.3,27.87,34.23,54.6,5.59,40.72,6.8,1.024,601.8,1.39,443.3
2770.4,95.43,104.63,1858.5,38.1,31.64,37.28,56.4,16.84,47.89,9.6,0.994,836.6,2.41,1249.6
2580.5,88.77,99.39,1999,41.1,66.64,70.41,80.1,23.69,97.15,6.9,1.019,891.4,2.71,1087
2403.1,89.33,102.91,2052.7,41.5,55.83,62.43,72.4,19.59,80.31,8.7,0.981,879.5,2.33,1160.7
2036.5,48.84,50.99,1963.2,37,53.82,58.68,70.7,16.3,74.07,6.3,0.988,802.5,2.76,981
2635.2,89.98,98.05,2018,41.7,63.89,69.23,77.3,22.88,97.04,6.6,1.002,866.5,2.72,1134
762.9,90.69,101.43,1794.6,32.3,36.74,44.71,58.7,4.97,51.94,6.6,0.999,673.7,1.4,449.9
1951.4,91.21,100.51,1782.5,33.2,11.1,13.01,38.5,8.69,10.63,12.7,1.044,655.1,1.84,1014.5
2021.4,60.84,63.78,2056.3,40.6,71.14,74.58,83,19.39,97.1,4.9,0.987,807.8,2.76,956.1
801.4,90.31,99.08,1725.2,30.3,24.08,25.68,48,4.69,31.52,7.2,1.017,597.1,1.12,456.1
2197.4,90.22,101.57,1829.7,46,24.44,30.01,49.8,12.33,36.1,11.6,1.013,690.7,2.2,1015.2
3570,90.47,101.11,2244.9,46.7,93.77,92.87,94.8,36.5,131.05,7.7,0.899,1096.5,2.87,1527.8
2036.9,89.36,96.41,1880.6,36.5,42.21,48.28,63,15.69,63.51,7.1,1.014,737.8,2.58,909.3
2390.1,91.78,100.19,1942.5,37.3,42.17,48.35,63.2,17.69,62.54,8.7,1.011,785,2.83,1012.3
2209.4,90.27,100.9,1887.6,40.8,64.67,71.08,80.5,19.46,88.68,5.2,1.007,885.9,2.31,1050.3
4300,91.94,101.32,2015.6,50.4,44.67,50.31,63.8,29.21,70.86,12.8,1.026,932.6,3.61,1536
2509.5,95.23,105.3,1822.4,42.4,22.59,27.01,48.6,13.78,36.86,10.8,0.989,752,2.62,1094.4
1951.9,93.85,103.78,1941.6,40.6,40.7,49.25,64.5,14.24,60.16,8.2,1.014,764.8,2.2,953.6
1894,89.4,102.46,1880.5,35.4,30.63,37.47,54.3,11.45,46.91,8.6,1.014,716.2,1.88,995
2466.3,88.81,94.65,1994.7,45.7,80.39,84.72,90.1,25.16,112.99,2.9,0.996,939.4,2.07,1231.2
860.7,92.78,103.75,1751.6,29.4,20.65,23.48,44.6,4.68,30.1,9.9,0.99,528.3,1.46,454.5
826.9,87.37,99.94,1861.5,30.7,46.05,50.3,66.3,6.56,60.89,3.4,0.979,643.2,1.53,435.9
1650.2,93,103.96,1805.3,37.9,30.71,36.59,56.6,10.08,47.45,7.8,1.013,706.5,1.63,936.5
2512.4,90.09,100.37,1925.2,41.1,45.2,52.2,66.4,19.44,68.13,9.1,1.013,819.6,2.39,1071.8
3500.2,88.31,96.86,2067.5,48,53.29,62.89,73.4,28.13,93.56,9.8,1.015,922.8,3.41,1465.6
1475.2,90.55,101.09,1784.6,36.6,30.82,35.83,53.9,9.14,42.49,8.1,1.008,653.7,1.8,878.8
2533,92.74,104.88,1865.4,38.3,27.43,30.18,52.6,14.9,38.68,12.2,0.981,824.5,2.25,1181.5
781.5,86.34,95.32,1775.9,34.8,22.43,27.44,51.1,4.59,37.78,8.2,1.016,563.4,1.32,429.8
3422,91.31,98.2,1950.3,45.7,38.01,43.95,59.6,23,62.69,11.8,1.009,858.9,3.03,1382.1
2881.1,95.68,106.35,1967.7,46.4,51.85,59.89,73.8,24.73,80.66,9.1,0.993,846.8,2.71,1157.5
1834.4,92.93,104.83,1827.7,37.5,25.6,33.47,52.6,11.54,42.16,9.3,0.999,646.3,2,878.2
2207.7,92.19,101.93,2010.3,45.4,69.54,73.28,82.1,19.01,90.4,5.8,1.007,871.7,2.05,1064
2313.1,92.25,105.74,1932.5,39,40.09,46.31,63.4,16.4,62.93,7.8,1.024,774.1,1.87,1051.7
2719.7,92.13,100.97,1849.6,32.7,22.88,26.1,49.1,15.48,34.35,14,1.008,736.6,2.76,1165.7
2223.7,95.26,107.37,1889,42.5,43.78,49.97,65.7,16.37,59.78,9.3,0.986,836.9,2.14,1055.2
1333.6,86.84,97.91,1904.1,38.1,47.55,53.3,68.5,10.75,66.74,7,1.001,675.2,1.82,726.5
3076.6,94.51,106.37,2102.7,44.6,80.23,83.26,87.9,29.83,111.25,7.2,0.985,988.9,2.9,1378.4
787.6,92.2,100.54,1718.2,33.4,28.53,36.15,55.6,5.15,46.77,4.7,0.998,627.5,1.28,436.2
1732.9,98.24,107.33,1912.2,33.8,40.89,48.95,64.8,12.9,56.94,8.7,1.007,768.3,1.71,1002.1
2791.1,91.45,104.59,1870.6,39.4,21.84,26.85,50.7,16.14,33.98,13,0.99,816.5,2.19,1295.4
1693.6,94.86,104.33,2055.8,44.3,74.76,77,83.9,16.45,101.44,5.1,1.011,803,2.28,860.1
2653.8,91.31,105.3,1944.3,47.4,25.79,26.82,48.7,14.25,34.25,12.4,0.965,840.1,2.17,1217.2
3227.7,41.47,44.87,1896.3,42.2,40.51,46.82,61.2,22.34,69.1,9.9,1.002,839,4.08,1266.7
2255.4,94,105.57,1732.3,38.7,14.05,16.24,38.7,10.01,25.57,12,1.027,659.4,2.3,1052.3
2241.9,90.54,95.99,1883.8,40.9,39.73,46.16,60.6,15.86,64.97,8.7,0.996,738.1,2.62,937.9
3313.4,90,101.52,1903.6,44.8,26.8,33.11,53.5,20.05,43.67,13.7,0.998,842.2,3.14,1446.9
2601.4,91,101.06,1902.2,39.5,46.64,52.84,66.3,20.12,78.24,9.7,0.997,821.1,2.78,1108.3
1458.5,86.65,95.83,1790.7,34.6,21.93,25.9,47.9,8.64,34.41,10.2,0.988,630.9,1.88,826
2510.7,95.11,106.73,1972.6,45.8,58.38,64.5,73.4,20.15,83.62,7.9,1.019,892.2,1.84,1165.8
1694.4,94.97,104.88,1727.2,34.1,17.39,15.16,38.4,7.3,16.3,12.1,0.983,655.2,1.66,910.5
1645.1,92.31,102.17,1860.4,35.6,44.19,51.22,67.2,12.66,64.26,8.4,1.02,714.9,2.09,871.6
3572.8,90.59,96.64,1938.2,43.8,40.37,47.84,62.9,25.61,69.4,12,1,862,3.77,1354.9
2582.3,94.28,102.35,1995.1,41.2,69.1,74.16,80.3,23.59,94.73,5.1,1.009,931.5,2.36,1203.1
782.2,95.88,103.34,1826.7,39.2,37.58,43.93,59.5,5.35,56.18,4.2,1.019,623.4,1.2,428.2
3624.3,51.57,51.14,1928,39.6,41.68,47.66,59.5,25.74,68.11,11.7,1.004,867.6,4.27,1349.7
4632.9,94.73,104.24,2072.6,54.3,74.11,77.99,82.9,39.34,104.18,10.5,1.024,1086.5,3.87,1630.2
3744,92.75,98.22,1958.9,48.9,29.54,35.31,53.4,21.5,51.42,14.9,0.99,828.5,3.8,1383.1
1705.8,89.38,99.38,1935.3,40.6,59.19,62.99,72.5,14.24,81.56,5.3,0.997,752.9,2.02,954.1
2599.4,92.58,101.44,1854.2,43.9,16.44,19.44,47.5,13.1,26.16,13,0.993,745.7,2.8,1138.7
2205.7,89.78,97.93,1919.8,39.6,43.2,50.07,64.6,17.12,69.62,9.3,1.021,747.1,2.37,941.3
2607.6,93.27,103.03,1948.9,38.6,41.88,46.7,62,18.36,64,10.1,1.003,829.6,2.35,1177
3940.9,96.14,107.71,1997.6,43.6,31.4,34.9,53.4,23.2,47.48,16.3,0.989,908.3,3.08,1535.7
2237.6,94.4,104.24,1844.7,38.5,27.31,34.44,55.2,13.28,44.97,11.3,1.021,726.7,2.59,1035.9
848.1,88.94,99.44,1895,30.6,45.64,51,63.7,6.51,61.72,3.8,0.997,723.6,1.42,457.7
2444.2,90.79,104.8,1804.3,38.5,11.47,19.3,44.8,11.63,25.83,13.3,0.977,706.5,2.15,1135.1
1569.7,90.01,100.36,1887.9,33.6,57.5,59.82,72.5,13.9,77.32,5.2,1.001,769.7,2.06,853
2280.8,59.55,62.83,1743.6,32.6,14.67,16.49,41.6,10.95,22.74,11.4,0.995,673.1,2.5,1068.6
2490,97.93,107.22,1856.8,40,37.61,42.02,60.5,15.94,55.03,9.2,1.012,808.1,2.44,1148.3
2319.6,88.1,95.86,1982.6,41.3,59.92,64.91,74.2,20.92,88.06,6.8,1.01,811,2.28,1010.5
2171.9,89.85,96.78,1914.7,39.1,45.78,52.55,66,16.53,70.57,7.3,1.004,775.7,2.41,1069
2288.8,93.78,106.31,1812.7,35.7,21.54,26.05,49.8,12.3,30.17,13.2,1.005,757.3,2.25,1079
718.6,92.2,104.87,1832.4,32.9,37.83,40.88,57.5,4.67,49.39,7.2,1.021,620.8,1.14,401.1
1828.5,92.41,100.23,1879.1,38.7,32.08,38.26,56.5,11.66,49.02,7.5,1.001,710.3,2.26,919
3280.6,92.78,102.92,2032.4,47.8,62.13,67.26,76.6,28.57,96.24,8.1,1.035,917.3,3.05,1300.8
2185.2,93.46,103.44,1878.2,40.2,68.95,73.23,81.2,19.78,95.07,3.3,1,832.9,2.4,1006.3
1793.7,91.99,101.92,1731.4,41.2,25.93,32.58,52.4,10.71,34.94,7.1,1.029,713.8,1.51,981.7
750.1,88.6,98.96,1839.2,37.9,44.62,51.25,67.1,6.14,62.32,3.8,0.997,662.1,1.22,392.9
2778.8,92.25,97.98,1961.2,40.3,60.26,63.81,74.6,24.66,86.36,8.1,1.015,864.7,2.96,1172.9
3020.8,90.38,98.59,1820.4,39.9,28.95,34.51,54.6,18.4,49.98,11.1,1.027,782.7,2.71,1288.8
2614,92.33,102.6,1924.4,39.4,44.71,50.41,65.3,20.05,69.46,9.4,1.005,804.4,2.47,1102.3
3890,93.52,104.11,2037.1,45.7,42.1,46.88,64.2,25.63,62.43,13.4,0.966,1061.8,2.69,1650.8
2134,91.95,103.18,1915.2,41.6,41.55,45.79,61.5,14.8,56.84,8.2,1.016,799.8,2.16,1027.7
2302.4,94.57,106.46,1979.2,44.1,53.73,59.16,72.1,17.95,70.38,7.4,0.971,914.3,2.22,1069.3
2962.3,92.42,102.98,2070.3,47.7,56.86,62.27,71.2,25.13,90.53,8.6,0.989,864,3.24,1165.7
1937.7,88.28,97.2,1939.3,41.3,48.79,54.17,67.1,14.67,68.28,8,0.983,778.5,1.91,1000.8
1993.1,90.33,98.72,1842.8,38.8,22.93,29.04,49.9,11.62,34.65,11.7,1.024,679.4,2.26,1013.8
2520.4,91.8,99.58,1785.7,36.6,17.59,19.79,44.2,12.72,26.17,11.1,0.992,776.2,2.65,1153.1
2886.1,92.92,100.7,2147,47.5,79.12,82.18,85.3,27.03,114.18,5.4,0.988,916.6,3.12,1153
2207.1,92.64,106.64,1986.2,36.7,60.69,65.76,75.5,17.98,77.82,6.7,1.006,886.6,2.18,1061.6
2725.4,92.35,104.99,1915.9,40.1,16.22,23.95,47.5,14.34,30.97,13.3,0.98,834.3,2.1,1265.2
3675.1,92.8,106.88,2061.3,44.1,56.04,61.54,73.7,30.08,86.55,11.4,1.006,957.9,3.22,1476.1
3259,92.5,99.86,2085.6,44.1,69.87,71.94,78,27.53,93.41,9.8,0.979,1020.9,2.37,1468.5
2055,90.44,101.07,2023.5,42,50.15,57.25,69.2,14.64,66.12,9,0.951,932.8,1.6,1063.7
2352.6,96.15,105.97,1872.7,38.1,18.57,21.63,44.9,11.7,24.61,13.3,0.983,736.6,2.25,1034.2
2963.1,91.92,100.26,1948.6,41,37.59,42.49,59.9,20,59.46,10.1,0.985,834.2,2.83,1232.2
1600.5,88.62,101.37,1983.2,40,63.19,67.86,77.7,14.84,86.07,5.3,0.991,813.1,1.8,881.1
2793.7,93,103.63,1873.7,42,26.8,31.32,51.5,15.64,43.42,13.1,1.026,763.7,2.84,1201.6
2226.4,89.89,100.57,1961.3,40.6,49.7,56.04,70.4,17.77,69.86,8.7,1.007,802,2.2,1088.5
2772.4,92.24,101.41,1868.6,41.8,32.11,35.89,54.3,17.31,54.88,11,0.997,769.5,2.7,1182.6
3862,90.98,100.29,1887.6,48.9,12.74,14.41,41.9,15.81,20.26,17.7,1.004,861.7,3.24,1536.5
2826.5,98.23,113.57,1933.5,40.7,35.34,38.63,56.3,17.22,47.57,11.7,0.951,882,1.9,1397.5
2516.1,94.72,106.51,1906.8,39.8,66.37,72.89,82.2,23.62,93.65,4.6,0.995,943,1.99,1229.1
1873.5,95.51,106.23,1900.7,38.3,24.53,31.45,52.9,10.29,33.02,11.3,0.958,821.4,1.39,1039.1
4144.4,99.15,112.97,1968.4,45.7,52.47,58.59,73.7,32.31,77.19,10.2,1.013,1056.4,2.83,1660.2
3211.9,91.15,102.23,2049,44.3,66.86,68.81,79.4,28.96,94.71,7.8,0.988,973.3,2.95,1367.6
3609.6,92.65,99.59,1900,41.3,28.72,32.01,50.9,21.44,47.41,13.2,1.014,815.7,3.25,1450.3
3266.1,95.59,105.99,2009.2,43,80.54,82.77,89.5,31.3,111.87,5.2,0.992,990,3.02,1466.2
2051.2,89.06,99.81,1920.2,39.7,40.53,46.83,61,14.92,59.71,8.2,0.995,739.8,2.37,934.9
2361.1,91.91,101.29,2067.1,48.4,60.65,66.74,75.8,19.9,87.19,8.2,1.002,853.4,2.66,1048.2
2750.2,91.92,98.68,2014.4,47.9,55.77,61.58,75.1,23.66,83.8,7.3,1.014,891.9,2.86,1289.4
2022.5,94.92,106.22,1882.2,39.7,40.83,47.92,63.8,14.25,55.28,6.1,1.032,783.1,1.93,1036
3102.1,94.44,101.29,2029.4,44,66.47,70.58,77.4,27.21,93.32,7.4,0.973,1025.3,2.7,1411.2
3004,54.96,56.37,1844.2,42.5,23.31,26.58,47.8,15.72,35.68,12.5,1.018,765.6,2.54,1330.3
3595.7,92.97,103.28,1875.6,44.8,26.48,27.42,50.4,19.49,40.47,14.8,1.008,867.3,3.16,1603
3146.1,94.01,106.59,1970.7,41.1,42.28,47.32,65.4,22.23,61.75,12.9,0.999,853.6,2.02,1541.1
2625.5,94.31,102.19,1941.4,40.4,42.42,48.41,60.4,18.77,68.44,10,1.031,782.6,2.88,1052.6
3176.8,92.55,105.84,1916.9,41.1,30.85,38.11,58.3,21.2,51.23,11.3,0.983,882.2,2.68,1422.7
2487.7,90.74,100.77,1907,37.5,32.95,40.03,56.8,16.87,57.3,11.2,1.013,760.5,2.77,1039
2581.5,92.84,102.16,1950.5,41.3,56.05,63.03,74.3,21.88,78.28,6.9,0.994,880.7,2.19,1195.7
2637.8,97.34,110.1,1859.2,35.1,24.65,28.7,50,14.96,38.85,12.3,1.016,713.3,2,1191.4
2347.6,93.38,102.15,1870.2,40.9,29.33,35.63,54.7,14.26,40.94,11.3,1.002,800.6,2.19,1118.1
2893.5,87.27,97.13,2010.5,40.6,48.31,56.12,69.8,23.12,77.64,10.7,1.003,859.2,2.69,1236.9
2881.8,90.6,101.94,2008.7,42.1,52.29,58.57,71.2,23.55,79.54,10.1,0.99,834.6,3.04,1140
2430.6,95.22,106.61,1858.8,40.7,18.67,23.51,44.9,12.97,30.66,13.6,1,695.1,2.03,1061.9
2448.8,90.49,97.1,1856.7,40.5,34.67,40.35,57.4,15.72,52.74,8.1,1.008,788.7,2.51,1093.3
3245,89.51,101.63,1830.2,44,15.66,21.01,46,16.64,29.01,15,1.011,761.2,2.82,1329.7
3729.5,92.3,104.99,1845.9,46.7,17.74,21.87,43.4,18.25,31.21,17,1.015,794.7,3.32,1471.8
841.9,91.35,100.55,1852.8,34.4,37.21,42.79,59.6,6.05,50.55,8.7,0.986,658.5,1.17,472
4854.9,97.76,106.78,2035,48.1,43.73,46.56,62,33.74,55.33,16.5,1.016,994.4,3.72,1612.1
2791.1,95.66,106.41,1962.5,44.5,49.49,56.78,70.7,21.88,75.51,9.8,1.035,832,2.29,1278
3037.9,90.39,97.63,1969.5,46.3,36.87,40.56,59.4,20.38,57.63,11.9,0.999,800,3.03,1252.2
1735.2,95.86,106.77,1686.7,35.8,15.11,19.39,42.6,8.71,22.99,10.7,1.01,648.2,1.34,964
3118.4,94,104.99,1777.6,43.5,9.68,9.23,35.3,12.17,12.3,15.6,1.004,767.6,2.48,1399.9
4227.3,91.89,100.5,2097,47.5,59.31,64.83,75.8,34.9,90.08,11.9,1.022,1002.6,3.89,1450.1
1883.4,88.37,95.42,1995.8,40.3,56,62.59,76.3,16.15,79.95,5.7,0.997,820.9,2.28,960.4
1984,63.57,61.3,1864.4,34.9,35.81,42.01,59.5,13.14,51.62,7.7,1.011,778.4,1.84,1024.4
3074,94.25,102.73,1879.1,40.7,27.03,31.59,50.5,17.38,43.34,13.1,1.013,749.7,2.84,1276.2
2745.5,99.39,115.07,2006.2,40.9,64.81,69.25,79.8,23.99,90.01,8.3,1.003,937.6,2.22,1273.5
1771.1,95.61,111.02,1999.5,43.4,56.83,62.46,72.2,14.44,76.58,7.3,1,846.9,1.46,997.3
1817.2,96.62,110.95,1961,39.3,49.76,54.35,68.7,14.06,68.83,7.8,0.979,780.6,1.5,990.5
894.9,90.25,96.91,1799.4,35.5,28.31,34.99,55.4,5.82,45.65,6.9,0.983,634.5,1.36,477.7
2667.2,94.09,101.74,1823.9,38.8,23.14,27.24,50.3,15.28,35.04,12.6,0.983,790.2,2.45,1268.6
1932.9,89.49,103.23,1878.9,34.2,59.06,65.24,76.3,16.05,76.45,5.1,0.958,958.7,1.68,1136.8
1797.3,89.41,98.44,1803.4,36.1,18.18,23.13,44.6,9.16,31.9,11.6,0.996,662.9,2.21,948.2
700.6,97.99,111.51,1638,33,7.54,8.24,36.5,2.9,10.81,8.6,1,574.2,0.78,446.7
4434.9,90.42,100.67,1920.6,42.3,22.51,27.03,48.6,24.16,36.35,17.4,1.005,893.4,3.51,1546.4
2578.6,93.42,101.74,2057.9,45.4,76.53,76.1,82.4,24.66,104.84,7.6,0.999,885.7,2.3,1091.8
3192.9,94.2,105.64,1948.5,49.1,45.25,51.49,65.4,23.42,73.85,10,1.002,854.4,2.92,1292
4858.1,101.52,115.28,2173.9,45.3,70.9,71.08,80.2,41.45,87.33,10.9,0.98,1137.7,2.8,1733.5
2326.4,89.71,95.95,1838.4,40.8,27.25,34.88,50.4,14.05,46.28,9.8,1.008,724.3,2.73,996.5
3190.9,94.42,103.55,2133,45.7,87.23,87.15,87,30.09,121.45,5.5,0.875,977.2,2.79,1404.6
3131.7,92.26,105.98,1954,43.4,47.78,52.85,66.1,23.15,72.45,9.7,1.022,903.4,3.11,1308.1
2078.5,93.67,109.74,1829.6,37.2,36.48,41.41,60.8,13.84,51.51,8,1.026,765.7,1.87,1083.8
2533.2,95.57,109.58,1919.2,42.2,36.59,41.97,60.7,16.33,51.46,8.8,1.015,828.1,2.14,1183.6
3275.5,92.99,104.89,2028.5,36.6,57.44,60.26,70.3,26.87,87.59,11.3,1.01,875.3,3.61,1258.2
2232.6,93.29,100.24,1994,44.7,54.22,62.3,73.8,19.19,81.82,4.8,1.017,830.9,2.19,1045.6
2031.6,91.08,102.67,1850.7,39.3,31.02,35.98,54.1,12.54,50.06,9.3,1.025,714,2.28,1011.4
4345.1,57.15,55.75,2036.3,49.4,62.54,65.01,74.8,35.99,91.09,12.1,1.025,1016.4,4.41,1489.8
3146.1,95.52,103.72,1818.8,38.3,15.08,16.6,40.4,14.44,19.77,14.5,1.015,735.8,2.88,1301.7
2431.6,61,60.19,1812.2,40,15.81,19.37,44.5,12.1,27,14.1,0.995,732.8,3.1,1117.4
736.7,91.68,104.72,1679.2,33.2,27.47,31.2,55.7,4.44,33.04,6.2,0.995,660.8,1.05,474.2
2450.5,98.28,106.55,1930.1,42.1,42.1,48.11,63.5,17.38,64.55,11.1,0.972,811.7,2.33,1114.4
2489.2,85.97,92.49,1988,40.2,47.1,51.42,66.2,19.63,66.45,10.3,1.012,770.9,2.69,1006.4
2267.9,98.68,113.94,1943.3,38.3,49.18,53.26,69.7,16.55,62.93,9.6,0.957,914.8,1.45,1223.6
3686.2,93.02,103.85,2087.8,51.8,69.94,76.74,82.3,32.98,114.46,9.5,1.018,942.7,3.32,1444.5
871.4,85.47,93.97,1724.9,32.8,13.58,13.96,38.9,4.06,17.26,10.9,1.024,566.6,1.48,446.5
2953.5,91.78,99.8,1961,41,35.12,39.39,58.1,18.96,55.08,11.6,0.959,837.3,3.02,1239.9
3160.5,90.2,98.01,1797.5,41.6,20.16,25.6,49.3,16.87,34.27,12.9,1.023,761.7,2.89,1310.8
1970.8,91,101.69,1799.1,29.7,25.38,30.29,50.8,11.74,37.29,10.2,0.997,734.6,1.92,1040.1
3308.6,89.36,99.85,2059.3,45.7,79.04,83.35,88.4,33.19,116.12,6.6,0.986,985.6,3.27,1377.9
3102.3,95,107.02,1938.9,40.3,25.44,32.97,55,18.83,39.42,14.5,1.002,896.8,2.23,1550.3
3219.6,94.64,103.47,1983.6,43.2,46.12,51.79,63.6,23.24,73.64,10.7,1.015,845,2.92,1321.3
2582,91.18,101.65,1824.6,33.4,22.68,24.51,47.4,14.14,33.36,14.5,1.007,724.3,2.35,1081.2
3173,91.61,101.4,1795.2,32.9,13.75,13.89,39.5,14.28,20.19,15.6,1.016,763.5,2.7,1334.3
4347.4,99.34,109.94,2115,48.5,48.73,56.27,67.9,32.78,79.83,13.9,1.015,1002.1,2.94,1502.8
726.1,85.06,94.05,1689.1,38.2,20.74,21.88,44.7,3.95,26.11,8.8,0.99,549.3,1.24,381.3
1805.9,94.38,103.87,1945.2,39.5,57.82,62.72,74.9,15.23,77.53,7.5,1.011,809.8,2.33,959.7
2596.5,96.08,103.63,1988.5,38.1,53.94,60.59,74.2,20.95,83.19,8,1.016,827,2.14,1166.4
2903.5,92.66,106.4,2016.7,43.9,62.32,70.09,79.5,25.84,97.3,8.8,1.017,879.5,2.76,1239.6
3322.9,89.71,101.15,2169,41.9,91.64,93.77,94.4,36.32,138.85,5,0.895,989.5,3.4,1316.5
2527.5,92.82,101.67,1818.3,39.7,23.48,27.78,49.4,13.39,39.1,13.3,1.004,728.2,2.51,1091.9
1750.1,98.47,112.44,1937,44.2,50.39,53.33,69.4,12.56,60.03,8,1.02,793.5,1.42,1020.3
2103.3,91.75,102.02,1904.5,40.2,49.58,54,68.1,16.92,73.04,8.4,1.008,755.1,2.5,950
1536.6,91.7,101.97,1777.1,29,20.12,23.1,46.6,8.63,23.74,9,0.985,672,1.66,920.9
2387,91.95,103.35,1892.8,39.4,37.19,39.08,57.6,15.72,52.72,10.8,1.032,730.8,2.37,1050
2367.2,91.99,99.56,2040.1,37.2,79.18,82.14,89.3,23.47,104.59,3.2,1.015,909.1,2.33,1056
3123.2,91.78,101.34,2035.8,39.2,62.87,68.28,79.2,29.02,98.21,8.8,1.008,931,3.17,1311.6
2561.5,87.95,98.9,1936,41.2,35.02,40.85,57.8,16.78,53.25,11.7,0.999,816.7,1.88,1185.7
3963.2,91.58,104.66,2051.8,47,54.42,60.19,71.4,30.27,85.95,10.2,1.007,955,3.55,1479.5
2873.8,53.12,55,1919,44.3,45.43,50.53,64.3,20.3,67.1,9.3,1.003,848.5,2.94,1250.3
2992.9,52.3,54.73,1951.1,44,45.91,50.56,64.8,22.13,66.91,10.4,0.995,857,2.63,1306.2
3555.3,42.52,40.58,1847.6,42.3,11.56,14.17,38.2,15.28,18.09,16.5,0.993,755.5,4.11,1406.8
2843.5,92.8,101.54,2067.7,45.2,63.43,66.27,76.2,23,87.91,9.1,1.007,908.9,2.73,1345.3
2842.1,92.61,107.77,1982.2,47.4,51.82,57.53,69.9,21.99,77.17,10.4,0.999,898.6,2.52,1238.6
2582.9,89.56,99.96,1926.9,42.8,41.89,48.35,62.7,18.82,69.68,7.9,1.005,765,2.71,1059.8
2189.1,92.91,104.36,1977,46.8,41.34,48.28,64.8,15.87,61.63,9.1,1.012,753.5,2.21,1047.2
3484.2,96.63,106.41,1862.4,43.8,11.53,12.52,40.5,15.1,20.59,16.9,1.001,800,2.64,1534.1
2083.2,91.01,101.1,1863.3,41.6,54.22,58.32,70,16.75,75.92,6.4,1.02,767,2.34,977.7
2483,60.32,62.35,1972.2,44.3,48.5,55.38,67.2,19.3,75.76,9.5,1.004,806.8,3.04,1038
792.1,91.29,98.9,1725.3,30.4,18.33,21.02,43.8,4.07,25.76,9.3,0.984,544.9,1.45,436.9
3663.7,91.75,102.11,2039.4,54.7,53.9,58.5,72,27.55,82.16,10,1.014,902.6,3.46,1453.6
777,89.88,99.78,1890.9,37.7,59.31,65.39,76.9,7.31,79.93,1.8,1.004,735.7,1.46,432.8
1966.7,89.05,99.51,1996.6,38,57.17,65.12,73.9,17.44,81.7,7.8,1.009,824.8,2.34,931.5
2728.3,89.43,97.61,1960,43.2,50.26,53.94,69,21.72,76.23,9.7,1.001,808.5,3.05,1087.3
4081.4,95.85,104.12,1997.1,49.3,44.36,50.4,70,30.25,69.01,11.2,1.028,948.9,3.41,1588.6
3495.9,90.35,100.89,1822.6,44.9,14.38,16.68,42.1,15.78,25.52,16.1,1.001,801.2,3.24,1457
2548.8,92.4,106.7,2031.5,44.1,81.02,84.71,89.7,24.46,110.63,3,1.03,940.2,2.16,1194.9
800,90.48,102.22,1923,37.3,68.98,70.4,77.7,7.33,85.32,1.5,1.005,714.9,1.17,474.7
4076.1,67.2,65.3,2076.4,50.5,61.66,67.71,78.1,34.23,92.66,10.2,1.014,1005.3,3.21,1558.5
2368.2,88.47,100.36,1952.6,43.8,52.74,57.39,70.4,19.09,74.02,8,0.993,793.8,2.56,1112.9
2050.2,91.14,104.88,2030.5,37.3,80.26,83.02,90.2,20.31,99.1,5.5,1.026,890.4,1.91,1053.2
2831.5,95.7,108.77,1924.8,43.3,33.99,39.79,56.9,17.54,53.71,12.8,0.981,891.7,2.1,1282.7
2334,88.98,97.1,1848.5,34.9,27.52,32.6,53.4,14.62,44.08,12.5,1.021,715.8,2.59,1031.3
1379.4,90.09,99.27,1906.3,34.4,45.77,52.87,68,11.49,66.95,6.6,1.033,703.9,1.67,792.2
3607.2,88.2,97.11,2007.3,45.2,45.14,54.38,67,26.84,74.22,13.1,1.023,892.3,3.53,1447.3
2141.9,56.65,60.28,1958.8,40.3,42.4,49.15,64.1,14.72,62.31,9.1,1.022,806.1,2.34,1059.5
3528.6,94.16,106.69,2058.3,51.2,58.83,66.37,75.8,25.99,90.33,11.3,0.993,1011.3,2.32,1643.7
722.8,95.82,108.13,1680.9,32,19.04,23.71,46.4,3.93,31.54,5.8,1.01,570.1,1.22,424.7
2411,43.37,44.21,1879.3,39.4,26.73,31.4,52.9,14.7,38.35,12.3,1.003,693.7,3.21,1019.9
3783.4,92.69,104.04,1960.2,38.7,20.3,27.58,48.2,20.53,36.49,16.1,0.977,899.4,2.92,1495.3
2941,96.48,108.02,1944.3,40.8,42.13,45.92,62.3,20.9,61.34,13.1,1.001,876.3,2.59,1341
3703.1,93.14,101.23,1912.8,46.6,21.94,29.12,49.7,19.79,36.37,15.4,0.992,886.8,3.29,1505.2
3607.2,91.09,103.12,2043,44.1,45.96,52.1,67.1,27.39,78.05,14.1,1.007,861.5,3.4,1401.6
2106.2,90,102.07,1925.4,37.2,59.61,63.6,72.9,18,82.13,6.2,1.022,805.5,2.02,964.5
3225,94.07,104.16,2135.1,48.1,67.64,72.74,79.7,28.95,98.28,9,0.979,1021.7,2.66,1388.5
2515.5,88.95,98.83,1840.2,44.1,19.81,23.61,45.7,13.2,35.66,14.7,1.007,696.6,2.4,1095
2093.8,89.4,99.53,2026.8,37.2,82.71,82.19,89,20.66,106.92,5.6,1.018,858,2.33,957.1
2450,94.06,104.86,2024.6,41,53.58,60.16,73.4,19.38,78.68,8.5,0.99,887,2.2,1159.2
780.1,89.03,97.39,1773.2,29.8,27.15,30.24,50.7,4.81,34.3,7.3,0.994,565.6,1.27,425.8
2296.3,91.82,98.74,1811.5,38.6,15,17.79,41.6,11.34,24,12.8,0.99,662.7,2.67,972.5
3067.5,96.71,103.7,1966.6,46.9,73.35,78.18,83.5,29.22,107.14,6.2,1.012,938.3,2.58,1364.7
3141.4,91.7,102.97,2002.9,50.1,45.44,50.99,64.5,22.52,67.07,11.5,1.008,866.5,2.6,1388
2040.3,94.11,108.56,1880.8,35.3,36.77,44.58,61.9,14.21,56.15,9.6,1.029,737.2,2.19,1025.3
2020.3,93,105.93,1893.6,41.6,49.87,55.23,66.6,15.44,65.2,5.5,0.98,859.7,1.84,1070.7
2297.2,94.86,109.31,1977.7,41.5,50.61,56.48,70.3,16.81,73.11,7.6,0.991,849.7,2.16,1152.7
1787.6,91.45,100.57,1820.8,34.9,41.09,48.1,63.6,12.64,58.04,7.5,1.018,735.2,1.81,955.7
1696.6,93.23,101.25,1818.8,35.5,24.96,29.57,50.3,9.48,33.87,10,0.994,694.4,1.75,916.6
2349.5,91.49,100.27,1832.1,43.4,17.82,19.83,45.1,11.98,24.53,12.1,0.975,765.3,2.38,1205.2
816,93.98,103.11,1773.1,34.6,37.74,42.6,58.6,5.78,52.91,5.4,1.004,643.1,1.27,458.4
821.9,90.64,99.88,1746.7,25.2,26.36,28.9,48.4,4.61,31.93,5.8,1.028,580.3,1.3,463.8
2888.6,92.14,102.65,1871.3,40.6,31.02,37.79,56.2,18.46,51.83,11,0.989,783.6,3.04,1266.1
2205.2,94,100.42,1854.3,35.1,25.51,32.22,52.2,13.94,42.77,12.7,1.017,703.3,2.51,969.8
2708.3,92.82,104.19,1890.4,45,23.62,30.14,49.9,15.15,41.01,12.6,0.998,785.7,2.61,1153
3104.8,59.98,62.54,1919,45.2,42.61,47.92,62.4,22.7,63.9,12.6,1.001,823,3.32,1328
1605.1,88.19,98.76,1913.3,41.7,60.86,66.53,74.9,14.03,84.01,4.8,1.013,766.5,2.21,856.2
2681.2,96.69,108.99,1826,39.9,68.11,71.05,80.8,23.63,90.15,4.1,0.992,968.5,1.83,1337
2852.9,50.06,50.54,2002.9,41.5,66.88,73.17,80.1,24.68,97.97,7,1.014,939.3,2.71,1252.6
2247.8,94.66,108.44,1973.2,41.9,39.54,48.81,66.2,15.35,61.62,8.6,0.993,868.4,1.95,1109.1
2216,94.63,107.52,1884.3,39.3,41.63,47.97,66.6,15.77,57.99,8.2,1.028,796.2,1.84,1120.8
2246.6,90.15,101.62,1893.8,38.8,49.98,50.91,65.7,17.02,64.79,7.3,0.994,813.3,2.08,1083.5
2012.2,93.05,104.98,1811.8,39.6,37.73,43.77,59.9,14.28,54.35,9.4,1.003,695.1,2.05,995.8
3268.4,94.7,104.4,1858.1,43.3,18.86,22.84,44.5,16.53,33.44,14.5,1.003,759.8,3.42,1384.5
2755.4,92.82,105.93,1990.6,42.9,54.22,59.69,70.5,22.17,82.16,9.4,1.007,857.8,1.78,1276.8
2005,88.37,97.79,2022.5,44.8,63.39,66.63,77.9,18.55,84.99,7.4,1.025,794.9,2.49,933.6
2368.1,42.17,44.68,1982.3,41,47.71,54.95,68.3,18.68,72.96,7.5,1.02,841.8,2.81,1084.1
2170.2,45.08,46.3,2080.4,42.3,58.84,65.04,75.5,18.32,81.03,7.2,0.972,912.9,2.37,1102.1
706.5,86.53,97.07,1850.3,34.1,40.56,46.39,62.5,5.1,58.69,6.1,0.99,630.1,1.35,377.1
855,90.65,99.15,1836.9,30.8,31.94,38.51,56.4,5.7,46.47,6.4,0.963,670.7,1.49,460.8
2549.8,90.92,101.79,1827.4,40.9,29.57,34.1,54,15.37,41.92,10.6,1.011,745.9,2.41,1109.3
3046.6,97.11,107.26,2022.7,48.7,52.08,57.22,71.3,22.82,75.41,10.8,1.011,879.6,2.5,1457.3
1969.2,90.58,99.48,1941.7,44.1,58.67,64.3,76.4,16.62,82.67,7.1,1.019,794.4,2.31,989
2724.5,89.74,100.49,1873.5,38.2,17.69,20.41,44.6,13.86,26.57,15.2,0.976,710.3,2.72,1176.7
4722.4,93.51,106.22,1903.9,50.4,12.95,13.7,37.6,19.02,21.66,20.9,0.999,869.1,3.59,1538.7
1803.2,91.05,103.44,1876.4,39,39.16,42.93,60.7,12.56,51.25,10.2,1.018,703,1.31,1106
2067.8,89.38,96.13,1814.8,35.9,25.12,31.94,52.1,12.94,43.2,10.7,0.991,686.8,2.68,908.5
2843,94.45,105.4,1866,45.7,25.52,30.52,52.3,15.33,39.81,13.1,1.017,772.2,1.98,1261.3
3059.1,94.79,105.41,2115.9,44.1,63.85,67.26,74.9,23.97,93.77,9.6,0.959,982.8,2.55,1314.9
823.2,90.83,98.06,1786.9,37.3,36.5,38.2,57.8,5.55,47.29,6.8,0.988,588.6,1.51,428.3
4299.5,89.39,98.59,1969.7,50.1,24.11,30.42,50.7,24.12,44.31,15.3,0.993,913.4,3.81,1443.8
1564.6,91.01,103.86,1720.7,37,16.54,19.1,42.9,7.88,19.78,10.4,1,643.6,1.55,947.3
3190.9,99.13,108.21,1957.8,44.2,38.25,44.76,58.5,20.32,59.73,11.4,1.009,870.5,2.59,1396.2
768.9,92.09,104.27,1772.3,30.8,32.53,37.62,56.3,5.33,44.14,6.3,0.986,613.2,1.21,416.9
2828.2,87.88,96.66,1855.2,43.4,8.57,11.07,36.8,11.52,11.57,17.6,0.991,715.9,2.48,1318.3
782.5,87.99,96.08,1758.6,26.7,20.29,23.37,47.3,4.4,27.46,7.9,1,551.2,1.47,424
2025.3,90.88,99.71,1741.2,35.8,21.01,23.65,46.8,10.87,31.98,11.5,0.995,680.4,2.4,977.6
1448.2,94.27,106.81,1843.9,34.3,68.59,72.87,81.8,12.97,80.43,0.8,1.004,857.1,1.6,965.2
2283.8,100.36,109.05,1865.9,39.8,64.11,67.35,76.3,18.77,87.43,4.3,0.979,922.5,1.91,1111.4
2194,91.63,102.2,1961.1,37.8,45.45,50.08,65.5,17.4,67.07,10.6,1.023,765,2.41,951.3
2911.2,52.71,53.9,1796.2,42.6,11.89,11.01,38.7,12.45,11.81,15.6,1.001,733.7,3.2,1307.8
2519.7,95.25,104.89,1951,36.9,54.89,59.15,69.2,19.52,79.35,7.8,0.975,857,1.93,1127.7
3043,52.09,54.34,1818.1,39.9,32.26,36.45,56.7,19.56,47.86,11.4,0.986,863.3,3.45,1369
4008.6,94.19,107.86,2006.1,47.2,33.88,41.83,60.2,25.58,56.16,15.4,1.018,942.7,2.69,1673.9
4719.2,94.88,105.95,1883.7,47.7,8.94,10.42,35.7,18.59,14.66,20.3,0.983,871.6,4.04,1542.9
2263,88.58,96.78,1901.3,44.3,29.75,36.19,56.9,14.27,46.96,11.4,0.999,706.2,2.5,974.7
2694.4,95.2,102.85,1920.4,43.6,49.08,53.03,68.2,19.08,64.67,9.8,0.952,957,2.39,1344.1
2197.1,94.16,106.1,1734.1,35.7,11.87,16.96,43.6,10.22,22.4,13.3,1.003,703.3,2.16,1117.3
3187.2,98.37,108.75,1926.7,42.4,20.13,25.69,46.7,17.28,35.34,13.4,0.993,811.1,2.95,1321
2620.3,92.31,100.77,1840.2,37.3,19.2,23.37,46.7,13.76,31.65,13.2,1.011,759,2.64,1108.2
2304.9,93.96,105.61,1897.1,45.4,41.88,45.77,61.6,16.01,55.53,9.1,1,791.3,2.23,1049.7
2393.3,92.87,103.19,1835.1,39.9,18.15,19.64,43.5,11.27,24.23,12.2,1.026,687.2,2.1,1162
2398.1,93.62,106.83,2085.8,38.6,74.81,76.07,85.6,21.77,95.42,6.6,0.978,933.1,1.56,1152.6
4599,95.37,101.38,2176.9,51.2,71.74,70.78,79.4,41.56,103.34,11.7,1.001,1045.3,4.29,1419
3368.5,91.34,100.99,1915.8,42.5,33.43,39,56.9,21.42,57.12,12,0.997,831.9,3.07,1406.8
1462.8,86.07,92,1901.9,35.4,45.92,52.12,66.6,11.63,66.09,7.1,1.009,715.5,2.06,809.7
3000.2,90.44,102.7,1952.4,39.3,37.14,43.01,57.3,18.66,58.05,12,0.995,808.8,2.51,1281.9
2035.5,94.8,104.95,1797.8,36.7,35.47,40.19,55.8,12.9,48.86,8.5,0.992,746.6,1.87,1049.9
2525.8,93.81,99.52,1870.8,33.1,22.91,27.64,50.1,14.63,35.02,13.8,1.003,727.9,2.57,1048.2
2036.1,94.27,105.16,1841.7,36.4,22.6,26.6,51.1,10.7,35.81,13,0.975,721.8,2.2,998.1
3775.4,91.92,101.29,1938.4,48.7,23.28,28.76,48.4,19.28,41.49,15.6,0.996,831.4,3.05,1570.6
2567.4,86.5,92.34,1942.6,38.5,35.65,43.33,58.5,17.53,58.56,10.9,1.01,753.6,3.09,1044.1
2099.1,88.86,97.55,1876.3,44,40.35,46.13,61.7,14.73,63.16,8.7,1.019,725.4,2.48,934.3
2753.4,43.76,45.07,1907,41.3,31.32,37.61,58.5,17.46,51.97,14.1,0.989,791.4,3.16,1187
3570.4,90.39,102.64,1976.8,45.8,42.22,45.11,61.1,24.16,64.73,12.8,1.017,875,2.47,1610.6
771.8,94.34,108,1791.6,32.2,29.84,35.02,55,4.77,38.93,6.9,1.002,623.8,1.06,466.1
2393.4,93.9,108.04,1845.4,40.4,29.15,34.23,53,14.72,45.09,10.8,1.014,728.9,2.48,1072.5
3245.2,90.77,100.45,1967.1,41.9,46.01,48.91,63.8,22.41,69.92,12,1.024,875.4,2.7,1424.3
2075.8,59.37,63.31,1907,36.8,40.08,48.65,61.6,14.93,60.16,7.8,0.995,772.5,2.48,986.5
747.7,91.83,101.54,1657.1,32.2,12.48,14.11,39.8,3.59,18.53,7.6,1.014,515.9,1.58,397.1
3067.5,89.56,101.25,2010.9,44.8,48.44,54.49,69.5,25.56,78.29,9.9,0.993,832.1,3.31,1237
3495.7,91.94,101.93,1917.3,41.8,32.41,37.43,52.3,21.78,53.13,12,1.02,824.4,3.58,1321.8
708,91.08,99.12,1722.7,34.9,18.16,24.25,46.5,3.7,27.82,10.5,1.031,567.8,1,422.6
3977.9,100.34,111.36,2020.9,48.7,58.13,61.79,72.9,30.05,82.74,13,1.004,1038.6,2.89,1619.9
3307.6,89.83,105.33,2030.8,49.2,39.89,45.21,62.8,21.81,61.72,13,0.982,904.1,2.15,1441.3
3758.4,93.54,104.54,1842.8,44.8,16.1,19.59,43.4,18.07,26.92,15.1,1.006,808.8,3.24,1457.3
2361.1,93.05,105.36,1971.2,41,50.52,55.78,67.1,17.51,68,9.7,0.998,824,2.03,1103.8
4204.1,98.33,107.63,2019.4,44.7,46.92,53.23,66.5,30.23,72.6,11.9,1.008,1034.3,3.17,1672.6
2162,93.64,105.35,1889.7,36.8,38.48,45.76,61.1,15.16,57.94,9.6,0.987,827.8,2.03,1024.2
2456.3,91.19,100.94,1897.2,44.4,45.49,49.07,65.3,18.19,66.42,8.3,0.989,771.8,2.51,1079.7
2788.2,87.46,95.7,2001.9,45.4,74.6,76.62,83.5,26.38,107.29,7.4,1.003,906.6,2.87,1157.4
2655.2,93.7,104.59,1947.9,42.2,42.74,46,61,18.22,56.98,10.4,0.977,917.4,2,1221.2
3479.4,96.43,107.48,1907.1,46.2,36.65,41.14,55.5,21.84,61.96,12.6,1.032,810.3,3.23,1373.6
4657.1,90.66,100.15,2306.4,49.2,87.5,87.45,91.9,46.11,120.9,10.4,0.897,1111.6,4.18,1475.5
2776.3,92.05,100.72,1903.8,47.2,32.12,32.1,52.2,16.6,45.89,11.7,0.989,773.7,2.8,1213.7
3079.2,91.13,99.79,2005.8,43.2,62.37,65.88,75,26,94.18,7.7,1.013,897.9,2.93,1281
4660.1,99.93,111.86,2108.5,53.6,73.9,78.86,84.1,41.43,102.98,8.4,1.002,1126.8,3.59,1671.5
3217.6,89.47,96.42,1898.4,41.8,21.81,31.34,50,16.89,39.28,11.5,0.986,868.5,3.1,1455.4
2672.9,95.86,104.4,1967.1,45.4,76.06,80.82,87.2,25.62,103.59,2.7,1.011,932.6,2.54,1179.3
2463,56.3,56.42,1830.2,39.1,24.72,30.46,50.2,14.16,39.68,10.9,1.008,710.5,3.36,1025.2
1567.9,90.87,99.45,1994.9,38,79,81.58,88.1,16.1,106.11,2.2,1.007,824.1,2.04,854.4
2815,93.64,105.24,2000.1,42.1,51.88,55.75,69.7,20.58,70.52,10.1,1.04,840.9,2.19,1350.6
2891.5,89.5,98.81,1848.8,41.4,20.52,22.54,45.4,15.09,32.36,14.3,0.984,723.5,3.01,1210.2
2495.9,96.84,112.03,1806.7,37.8,33.07,37.18,57.1,16.19,49.91,10.6,1.008,780.2,1.82,1143.8
2626.9,91.49,104.6,2018.2,44.2,56.74,59.83,72.3,20.36,79.42,9.1,1.022,851.8,2.22,1189.6
3912.5,97.72,106.68,2074.1,44.7,34.56,45.04,62.2,26.87,67.26,15.3,0.984,869.4,3.42,1524.1
2024.1,91.64,99.89,1916.5,39.6,50.21,56.11,69.4,16.09,68.78,6.8,1,819,1.91,1061.5
1577.2,96.36,105.02,1840.7,35.8,20.42,24.89,47.5,8.6,30.74,9,1.015,650.8,1.82,867.5
1421.1,97.51,108.59,1815.2,38.4,33.17,40.77,61.5,9.91,46.11,6.3,1.014,694.4,1.54,924.8
3946.9,94.29,105.15,1823.6,42.8,21.37,26.5,50.6,20.48,36.99,13.6,1.028,857.6,2.39,1735
2400.5,87.78,94.64,1797.7,40.8,13.13,16.23,41,11.4,19.72,15.7,1.008,659,3.02,1001.2
2395.3,94.47,102.21,1946,40.7,55.49,60.22,72,19.23,82.98,6.7,1.006,819,2.44,1082.9
2085.3,95.97,106.33,1757.9,41.4,17.55,17,41.2,9.76,24.86,14,1.006,632.9,1.96,1058.4
2927,91.4,104.53,1938.4,44.1,39.95,48.36,62.9,20.67,68.11,11.1,0.996,819,2.95,1254.9
847.7,92.78,102.95,1616.6,32.1,17.88,20.79,44.3,4.4,26.75,7.5,1.037,537.5,1.14,465.8
2615.2,92.06,102.36,1887.3,40.2,27.36,32.1,52.4,16.01,40.83,11.3,1.001,769.8,2.78,1111
2945,95.53,104.97,2116.7,46.9,88.99,88.65,91,28.51,111.53,3.9,0.901,1058.8,2.04,1412.1
1604.9,90.66,99.45,1835.5,35.2,46.32,50.13,62.9,11.14,62.26,6.2,1.001,768,2.18,933
3506.8,92.06,104.31,1961.6,50.2,34.32,39.92,56.6,22.29,58.31,13.9,1.005,839.4,3.25,1399.8
752.7,88.57,97.32,1731,30.6,24.8,30.39,50.7,4.46,40.06,6.8,0.993,584.5,1.35,408.4
3389,91.93,97.3,1974.2,50.9,35.09,41.46,59.2,21.71,59.38,13.9,1.011,841.6,3.35,1445.8
1476.6,88.09,95.19,1922.4,37.2,57.24,59.9,70.2,12.07,77.76,5.7,1,746.1,1.88,859.4
2953.2,94.55,102.52,1828.5,39.8,25.45,27.96,50.8,17.3,38.34,12.2,1.027,763,2.34,1316.6
2514.9,89.01,97.49,1950.7,41.2,49.02,51.77,66.7,19.21,70.82,10.3,1.029,812.3,2.45,1099.9
808.6,93,101.62,1779.2,35.1,29.41,33.9,51.7,5.02,46.98,7.6,0.999,591.9,1.33,432.7
3366.3,98.44,113.17,1973.9,46,64.02,70.49,81.7,30,93.36,6.5,0.987,1030.6,2.54,1545.7
2896.9,90.06,96.74,1839.3,42.6,26.93,32.81,52.6,16.95,44.11,12.1,1.01,781.6,3.05,1236.8
1783.1,90.14,98.6,1843.1,40.3,38.19,40.71,58.5,12.02,47.57,9.3,1.03,755.1,1.89,960.9
2421.9,95.6,105.93,1792.5,35.4,23.39,26.01,47.2,13.26,34.98,10.6,1.032,706,2.59,1059.3
2592.9,90.52,95.05,1835.1,36.2,18.27,20.74,44.8,13.14,24.98,13.6,1.051,733.2,2.37,1152.1
1698.3,91.46,101.61,1977.4,39.1,56.66,61.37,72,13.89,77.06,6.4,1.02,796.9,1.89,891.4
4085.9,94.95,106.23,2073.4,49.8,50.19,56.79,71.5,31.45,79.37,11.7,1.001,984.8,2.83,1582.6
2103.3,95.15,105.74,2004.5,44.6,51.86,57.45,71.7,15.78,68.41,9.1,1.002,870.9,1.7,1129.4
3359,91.83,98.76,1926.7,42.9,39.53,44.31,59.1,21.14,57.1,12.7,1.003,892.8,2.23,1538.1
3130.3,60.97,61.54,2028.8,41.5,68.17,72.99,81,29.43,100.63,5.8,0.985,938.2,3.64,1325.7
3540.6,95.86,106.75,2062.9,46.2,63.05,67.25,76.5,30.76,93.49,9.3,1.016,955.8,2.93,1450.8
2328.7,91.77,102.57,1948.2,39.1,48.67,51.8,66.1,17.15,65.96,7.8,1.003,835.2,1.93,1080.2
1812.5,94.67,103.75,1770.6,35.3,19.14,21.92,44.8,9.27,27.08,10.3,0.967,649,1.83,945.4
2927.5,49.21,48.57,1858.5,45.7,26.32,31.39,52.6,16.04,39.25,10.3,0.987,786.2,3.33,1282
2138.9,97.37,108.4,1921,43.5,45.81,52.26,67.4,15.11,63.75,7.2,1.018,782.3,1.92,1107
2788.6,88.36,96.91,1776.1,40.3,12.77,14.86,40.6,13.58,23.2,15.2,0.992,663.5,3.18,1114
2456.4,56.67,58.72,1921.2,38.9,50.67,55.44,66.1,17.88,71.99,8,1.049,836.4,2.38,1173.4
2203.9,93.91,101.1,1904.1,37.1,45.54,49.02,62.8,16.02,60.16,9.1,1.005,867.6,2.26,1186.7
1648.9,91.32,102.03,1918.3,41.5,45.16,50.04,63.7,11.26,55.46,7.1,0.997,791.7,1.51,974.2
4224.9,94.56,104.4,2299.5,47.9,85.1,85.03,87.2,40.47,119.65,11.3,0.905,1044.5,3.77,1457.2
1882.2,93.07,104.85,1876.7,36.4,59.88,64.32,74.6,15.89,75.76,4.9,1.01,811.1,1.89,1095.6
730,87.91,97.55,1792.1,37.6,54.71,58.29,70,5.81,65.45,2.7,0.99,769.7,0.91,454.7
2649.8,96.38,108.67,1979,39.6,42.23,47.87,63,19.28,61.74,11.1,0.984,813,2.47,1138.4
2492.9,92.28,103.83,1886.6,40.8,34.42,36.78,57,16.19,50.53,11.1,1.024,735.7,2.66,1084.7
1630.3,46.6,45.5,1850.9,36,53.04,58.3,69.7,12.84,71.39,5.2,1.015,732.2,2.4,904.9
2124,90.38,99.61,1884.2,31.7,43.45,47.12,60.5,14.71,61.26,8.1,1.004,774.8,2.25,1020.6
2464.6,91.28,103.4,1917.7,48.2,33.32,38.95,57.1,15.37,46.54,9.8,0.975,851.5,1.89,1246.5
3688.6,93.37,107.27,1870.9,43.7,24.2,28.23,51.8,20.75,37.15,16.8,1.018,841.8,2.79,1611.3
4202.6,55.07,56.16,1898.6,43.1,8.28,10.01,35.7,16.67,13.13,19.3,1.001,855.7,4.02,1599.9
2986.6,90.28,98.07,1909.5,36.8,27.8,34.37,55.4,18.85,49.57,14.4,1.003,725.4,3.05,1269.9
3106.3,91.39,104.9,1988,41.2,81.15,83.93,88.5,29.1,102.31,3.1,0.995,1091,2.6,1549.8
2613.2,96.16,109.5,1835.5,41.2,40.49,45.95,63.2,17.68,58.09,8.2,1.012,832.4,2.35,1150.4
3646.9,95.19,107.21,2155.1,51.1,68.06,74.01,80.7,31.38,101.22,11,0.962,1051.7,2.89,1501.5
3028.2,95.23,103.65,1816.7,39,25.13,28.89,51.6,18.42,40.53,11.6,1.016,754,2.9,1263.5
2531.9,93.56,106.29,1951.3,39.9,53.94,57.46,68.4,20.41,77.2,6.8,1.016,787.3,2.59,1111.9
2329.2,91.95,101.76,1810.6,41.7,22.17,24.62,43.6,11.68,33.15,11.8,0.963,683.6,2.62,1012.2
4767.2,97.09,104.99,2141.3,47.9,56.65,64.01,73.8,39.02,87.69,11.5,1.005,1038.5,4.26,1563.2
2802.2,91.99,101.67,1797.8,35.8,13.47,17.88,41.5,13.23,22.43,13.5,1.022,702.2,2.34,1200.1
719.2,92.18,100.34,1632.7,32.7,14.68,17.11,41.4,3.47,20.89,8.8,1.006,528.4,1.38,419.2
846.5,92.97,100.51,1730.9,28,16.53,18.51,41.9,4.06,22.33,8.1,1.007,574.6,1.68,456.8
1929.3,91.88,102.32,1773,35.6,17.7,19.43,43.8,9.32,23.45,10.8,0.98,681.5,1.71,1062.8
823,92.3,103.9,1783.5,31.9,36.42,44.1,60.6,5.79,54.38,6.5,1.01,636.5,1.2,448.5
2330,91.43,102.86,1872,41,26.86,31.86,53,13.94,41.69,11.3,0.988,754.4,2.09,1099.7
2677.9,96.11,108.65,1966,47.8,52.32,57.94,70.6,20.87,75.74,7.5,0.972,956.5,2.09,1282.7
1611.4,89.41,99.01,1877.3,32.7,30.87,39.77,56.7,10.11,48.28,7.9,0.968,789.3,1.73,1000.4
2533.5,93.72,108.35,1793.1,42.7,21.29,24.42,47.2,12.89,27.83,12.2,0.975,804,2.19,1336.3
2375.8,93.68,103.44,1875.9,37.7,36.29,40.23,59.2,15.23,47.84,8.1,0.968,853,2.01,1200.8
2575.9,91.74,101.83,1940.3,40.8,34.4,39.54,58.5,16.88,51.18,12,0.999,747.9,2.67,1107.6
1751.1,41.46,38.57,1919.2,36.5,37.67,43.57,61.5,11.4,49.56,6.7,0.976,838.7,2.35,1014.6
3169.7,89.04,96.33,1903.8,39.2,32.53,38.28,57,20.38,50.6,12.2,1.019,821,3.09,1378.9
2594.5,95.91,103.08,1958.4,49,51.07,57.96,70.1,19.6,78.38,8.9,1.02,830.7,2.57,1107.9
2797.6,91.88,101.94,2066.1,41.7,66.99,70.31,79.4,25.14,88.23,7.3,0.988,1013.6,2.61,1266.9
848,90.47,99.35,1665.6,31.3,9.74,13.06,36.7,3.62,18.67,10.3,1.037,523.4,1.65,438.9
3105.5,94.4,106.55,2070.3,44,56.1,62.29,74.9,24.15,85.99,10.7,0.981,924.7,2.13,1391.8
1691.9,91.7,105,1926.8,40.6,44.59,53.81,66.7,12.95,67.31,5.3,0.981,813,1.84,932.5
2408.8,94.48,105.49,1831.2,39.6,29.9,34.1,50.8,14.58,46.37,10.6,0.996,717.2,2.64,1026.3
2604.2,90.02,102.09,1991.9,40.1,45.95,49.22,65,18.74,62.21,10.2,0.983,893.7,2.05,1173.9
2146.6,93.34,105.66,1905.4,41.4,57.21,60.35,72.4,17.36,77.13,7.5,1.013,847.2,2.08,1038.9
4022.7,93.4,100.91,2071.6,45.6,44.21,49.39,64.7,29.21,73.71,14.6,1.015,933.5,3.85,1463.6
3416.2,92.51,103.41,1848,48.6,16.38,15.86,42.9,16.49,24.92,16.6,0.974,812.9,3.19,1406.3
2968.3,88.76,92.6,1999.4,37.8,70.21,73.48,82.5,26.95,96.75,5.7,0.99,920.1,2.41,1273.3
2939.9,89.65,101.12,1831.9,37.1,25.84,28.63,50.7,16.14,37.13,10.6,0.98,806.4,2.83,1344.6
1666.7,95.11,107.89,1821.3,38.7,21.47,27.16,49.2,9.15,32.15,9.5,0.987,735.6,1.28,970.6
2437.1,88.86,99.81,2087.4,39.6,84.9,85.45,90.5,25.42,113.35,4,0.96,918.8,2.45,1057.3
2768.4,93.81,104.77,1828.3,40.9,18.51,22.77,47.3,14.77,34.79,12.5,1.005,724.5,2.75,1219.3
2699.6,89.63,96.36,1984.5,40,52.56,59.72,71.7,22.38,83.96,8,1.014,836.7,2.51,1159.1
2793.5,95.36,107.58,2072.5,43.3,65.26,67.4,76.5,24.06,88.17,7.7,0.971,955.6,2.56,1203.3
727.3,90.46,97.55,1697.1,28,15.28,17.8,41.8,3.68,20.92,9.7,1.004,531.9,1.37,414.8
1191.5,63.29,65.71,1769.6,33.9,31.79,37.67,57.1,7.25,43.75,9.2,1.02,676.7,1.73,704.4
2388.3,94.06,103.9,1776.6,43.7,32.26,38.59,56.7,15.32,53.19,10.8,1.05,755.8,2.63,1123
1931.2,94.9,101.99,1776.5,35.3,30.7,33.99,53.7,12.1,40.09,9.4,1.006,752.7,2.06,984.4
3098.3,61.07,62.45,1913.5,40,29.37,36.82,54.3,19.14,47.35,12.5,1.013,838.5,3.07,1406.4
1924.6,90.29,98.98,1995.1,37.4,65.81,72.85,82.6,17.84,93.06,4.7,0.987,831.1,1.71,961.9
3523.2,94.53,105.13,1947,42.8,31.38,35.46,53.3,21.42,50.69,14.1,0.985,845.6,3,1548
3027.7,95.25,103.68,1852.6,46,19.06,21.51,45.5,14.59,24.98,14.2,1.018,757,2.69,1291.7
2762.1,86.88,99.97,2026.3,40.4,61.46,68.02,77.2,24.16,95.66,8.7,1.021,877.2,2.7,1178.2
2536.3,94.47,104.89,1908.5,44.9,34.37,39.66,55,15.65,50.99,12.3,0.991,793.2,2.07,1162.9
2183.5,90.65,99.81,1940.6,42.3,60.23,65.92,76.3,18.78,81.28,5.8,0.984,890.6,2.12,1064
3907.3,92.93,103.84,1975.7,48.1,51.17,57.42,70,30.52,87.13,11.5,1.02,915.5,3.82,1457.5
2641,91.65,103.49,1957.1,46.9,44.68,47.9,62.4,18.54,65.42,9.7,1.019,782.7,2.72,1104.9
2705.2,93.26,101.9,2076.3,44.8,79.19,81.94,87.2,25.88,110.54,4.4,1.016,934.1,2.74,1114.3
3163.3,92.98,98.2,1904.7,37.1,39.8,46.29,62.1,23.93,64.99,12.2,1.016,798.3,3.19,1246.8
886.5,93.58,101.97,1840,34.1,49.14,54.33,68.6,7.15,67.41,4,1.009,651.6,1.39,445.3
2017.6,93.61,104.11,2005.5,42,62.23,66.13,78.6,17.67,81.94,7,1,831.7,1.79,1073.3
2243,94.71,100.93,2053.8,40.7,70,75.01,81.9,22.05,95.01,5.3,1.003,882.2,2.22,1037.1
4874.3,94.15,101.65,2002.3,48.8,40.61,43.41,60.1,30.72,57.56,16.1,1.003,992.4,3.75,1771.5
2894.7,91.69,100.24,2007.2,41.4,58.83,60.04,70,22.27,79.83,9.2,0.995,884.2,2.93,1224.1
2292.8,93.03,108.72,1953.3,40.2,32.06,37.1,55.1,14.28,46.75,11.3,0.958,831.3,1.64,1111.2
2086.1,90.24,101.59,2081.3,42.9,84.57,86.32,88.1,20.43,105.17,3.5,0.884,955,2.18,1067.6
2060.3,89.66,98.61,1831.9,35.1,30.78,35.88,56.5,12.76,42.41,11.8,1.005,704.1,2.18,1027.8
1918.7,91.28,100.33,1928.2,43.7,58.54,63.96,76.8,16.15,78.38,5.3,0.998,787.8,2.06,967.4
2241.1,94.94,100.15,1791.3,43.4,21.76,24.93,44.7,11.78,35.9,11.2,0.998,686.3,2.52,1023.2
4005.3,97.02,107.05,2031.2,47.8,28.3,38.12,56.4,23.94,50.97,13.3,1.002,945.1,2.9,1628.3
2513.2,90.9,100.42,1986.5,43.5,48.13,58.25,71.3,18.6,68.83,8.1,0.983,931.3,2.41,1198.5
2816.4,91.35,102.68,1943.1,42.5,43.16,49.4,63,20.23,63.8,9.4,1,870.5,2.46,1289.3
2305.5,92.26,102.99,1937.1,44.2,53.12,58.04,73.7,18.05,70.99,7,0.998,837.3,2.35,1061.6
2767.1,88.86,103.91,2013.2,39.7,65,70.57,80.4,23.89,88.1,6.5,0.96,1035.4,2.1,1382.2
4271.5,97.97,111.2,2043.4,49.7,50.76,56.66,67.7,30.51,80.9,12,1.017,964.8,3.37,1505.3
2866.9,93.14,104.71,1920.9,48.1,45.79,50.83,68,21.68,72.6,9.5,1.001,829.1,2.91,1302
1573.6,93.35,102.14,1701.8,32.2,13.75,15.29,40.7,7.47,22.75,10.1,1.005,597.7,1.99,915.6
2881.8,90.28,99.34,1924.4,39.2,45.18,50.62,64.9,22.17,73.2,11,1.002,813.5,3.11,1169.1
709,93.08,106.96,1829.5,39.3,33.53,39.29,59.3,4.6,45.54,6.2,0.972,709.6,1.17,438.2
762.4,86.01,97.74,1776.1,31.6,33.68,40.22,55.9,4.94,52.79,3.9,1.022,617.7,1.26,441.4
2118.2,92.11,105.11,2171.4,38.2,87.13,87.34,88.1,21.37,108.33,5.5,0.893,943.9,1.83,1026.4
2831.6,89.45,95.86,1959.5,41.4,38.52,47.4,64.3,20.48,63.21,11.1,0.998,815.1,2.64,1165.8
1789.4,94.24,103.09,1841.3,33.3,31.09,35.36,53.4,11.3,42.65,9.7,1.025,681.4,1.79,905.7
728.9,97.69,108.05,1727.1,29.4,30.47,36.25,54.8,4.69,44.6,5.5,1.005,611.4,1.04,437.7
3429.1,92.18,101.9,1991.5,44,40.49,44.89,61.5,23.74,64.25,14.9,0.997,855.2,3.32,1422.6
3590.3,90.37,99.55,1933.2,42.4,27.85,30.42,50,20.26,41.59,13.8,1.019,843,3.24,1421.5
875.9,88.01,97.91,1863.4,34.3,55.04,61.23,74.3,7.03,71.22,1.1,0.97,826.5,1.05,508.3
759,93.68,105.77,1659.5,30.4,38.55,44.05,63.1,5.28,53,1.9,1.001,659.6,0.86,448
2166.1,61.79,61.12,1984.4,40.7,56.08,61.72,76.1,18.59,78.35,6.5,0.962,825.9,2.33,1075.1
835.2,69.93,68.91,1765.5,33.1,22.92,26.92,47.5,4.86,34.08,9,1.009,565.2,1.32,443.6
2584.6,89.97,99.89,1915.2,38.6,28.3,32.98,53.9,15.86,46.14,11.7,0.976,803.2,2.41,1191.5
2068.6,93.08,102.13,1831.1,37.6,25.95,28.48,50.8,12.47,36.39,11.6,1,678.2,2.51,909.6
3009.8,90.56,100.42,2064.9,45,67.49,73.37,80,27.98,104.08,7.7,0.994,919.7,3.27,1227.9
3010.1,91.76,100.19,1949.1,40.4,39.76,45.46,60.3,21.38,65.39,11.5,0.992,814.4,3.04,1252.7
1784.5,90.46,98.73,1983.9,38.7,56.49,59.95,68.9,14.43,79.14,6.3,1.015,780.1,2.06,889.3
3519.6,90.93,99.77,1967.8,45.3,36.05,39.41,56.3,22.2,56.41,13.9,1.003,862,3.5,1390.6
3062,91.95,100.21,1784.7,40.8,15.46,17.26,41.2,14.62,25.65,13.8,1.019,723.4,3.24,1274.4
1589.9,91.14,97.86,1832.2,38.1,32.35,36.72,54.1,9.69,45.54,9.2,1.02,692,2.11,894.9
895.7,90.53,100.79,1713.2,33.1,24.18,29.73,49.9,5.44,35.19,7,1.014,599.6,1.55,447.2
4121.9,90.69,103.21,1962.7,44.5,25.67,29.46,49.4,22.73,42.99,17.7,1.004,864.3,2.88,1654.6
1995,91.34,99.91,1849.6,43.2,32.64,36.42,55.3,12.44,46.98,10.7,1.025,699.9,2.23,962.6
2343.8,90.82,94.75,1914.6,39.2,31.98,36.97,53.8,14.86,47.73,11.7,0.992,749.8,2.54,1047.7
1426.5,90.6,105.09,1787.8,38.2,17.7,18.51,42.8,6.5,22.03,11.9,0.991,711.2,1.62,905.2
2287.6,90.79,103.9,1831.2,32.8,28.42,37.67,56.5,14.77,49.48,9.6,1.009,731.8,2.17,1043.9
4145.5,90.61,102.04,2103,48.1,37.72,44.07,63,26.78,55.74,15.6,0.977,996.6,3.2,1666.6
3732.2,91.03,96.67,2025.3,44.5,48.18,53.62,65.2,27.98,81.93,12.3,0.977,883.4,3.9,1373.9
3057.2,89.64,98.07,1950.3,39.8,53.86,58.16,71,24.55,75.79,9.7,1.009,905.9,3.17,1274
2857.6,91.41,100.33,1934,41.9,45.2,46.99,61.3,20.46,65.48,10.1,1.015,801.6,3.05,1218.3
2799.4,92.05,102.65,1845.4,40.9,21.94,24.48,45.8,14.3,31.69,13.5,0.991,721.3,2.75,1247.2
1734,87.12,99.89,1811.8,39.1,29.54,34.24,56.1,11,41.5,9.3,1.014,688.2,1.86,943.6
1850.1,90.27,102.57,1734.3,39.9,17.42,24.31,46.5,9.84,29.52,10,1,642,1.34,1016.3
2549.2,95.03,106.97,1979.9,44.1,50.09,55.39,69.1,19.55,69.58,9.7,0.996,851.4,2.35,1098.8
2295.4,91.52,103.34,2020.9,47.4,58.31,64.37,73.4,18.98,85.32,8.6,0.983,815.2,2.43,1027.8
2457.8,89.81,102.33,1790,43.4,23.79,30.4,49.7,14.12,44.77,11.9,1.024,718.9,2.24,1049
712,49.47,48.9,1829.8,40.7,38.49,43.23,61.2,5.15,52.88,6.6,0.991,645.9,1.6,407.1
2956.8,94.68,106.84,2049.2,38.6,78.11,82.4,88,30.3,111.89,5.2,0.989,968.3,2.82,1268.1
2953.6,93.56,103.93,2049.1,42.4,58.52,65.8,73.6,25.03,94.23,7.3,0.984,866.6,2.98,1197.2
878.7,89.53,94.84,1678,31.8,19.41,20.05,43.7,4.57,24.03,8.5,1.026,551.8,1.45,469.9
2324.7,40.62,38.58,1814.6,36.2,27.95,29.48,51.5,13.99,39.15,11.8,1.009,714.5,3.39,1003.3
2113,90.48,101.43,2053.8,44.4,73.82,76.49,83.3,19.5,90.38,6.3,1.012,854.6,2.07,1104.5
744.2,88.78,97.05,1709.9,32.5,21.35,23.77,45.8,4.09,29.22,8.3,0.987,534.1,1.36,395.7
2095.1,87.56,100.61,1721.3,45.3,56.23,63.45,74.2,17.63,77.92,1.4,0.998,899.8,2.01,1130.8
3021.2,94.56,105.65,1866.9,43.6,21.81,24.42,45,15.25,31.45,14.3,1.015,751.6,2.51,1348.1
3596.4,93.19,100.05,1966.7,39.3,30.01,33.51,52.7,20.65,41.86,15.3,1.008,903.4,3.18,1542.5
2556.5,87.63,96.57,1820.7,43.8,17.65,20.77,43.1,12.39,26.83,13,0.997,693.5,2.83,1124.5
2876.5,90.9,107.24,1864.4,42.6,37.27,43.86,59.5,19.59,63.83,10.1,1.014,823.3,2.89,1296.6
1883.9,92.75,102.52,1992.5,45,61.63,66.24,77.1,16.4,84.71,6.2,1.001,776.1,2.19,906.9
791.3,89.94,101.13,1652.5,32.2,17.46,19.91,42.8,4.08,29.49,6.6,1.023,532.7,1.17,418.4
2494.9,95.49,106.57,1917.4,40,28.97,33.42,54.1,14.93,44.58,11,0.933,885.1,2.39,1146.8
2355.5,91.47,100.22,1914.3,37,29.48,33.38,55.7,15.18,41.22,11.8,0.994,768.4,2.09,1064.9
3732.5,93.16,102.23,1873.3,42.6,11.65,14.18,38.5,16.31,18.87,17.9,1.025,771.1,3.42,1405.6
1987.7,88.67,96.97,1988.5,44.3,79.31,82.21,86.9,20.53,108.12,2.6,1.014,827.3,2.28,936
2975.6,90.82,102.07,1888.1,39.8,33.53,42.31,58.2,19.1,54.13,11.8,1.013,868.7,2.21,1296.5
2029.6,88.67,96.05,1883.9,37.8,58.99,62.15,73.9,17.95,81.49,4.3,0.992,786.9,2.07,960.3
2347.5,94.03,105.23,1865.1,43.7,29.59,32.92,52.4,13.94,44.72,13.3,0.999,713.3,2.74,1045.9
4918.1,92.67,101.15,2044.5,58.1,45.67,52.13,65.3,34.16,71.65,15,0.996,994,3.86,1620.5
2876.2,91.76,99.09,1928.4,40.9,31.06,35.1,55.2,18.43,50.77,12.6,0.995,786,3.09,1188.6
3081.7,94.27,102.2,2032.5,49.8,57.57,61.68,74.3,26.44,89.93,9.7,1.006,871.3,3.36,1215.7
2432.4,93.83,106.1,2014.3,42.3,55.19,59.79,72.4,18.23,77.58,7.6,0.985,907.5,1.95,1115.3
2236.9,95.34,103.3,1751.6,35.4,16.56,24.02,44.9,11.4,33.43,11.4,1.012,701.9,2.07,1120.9
2975.3,92.39,104.26,1846.3,36.9,20.84,23.68,49,16.45,33.8,13.7,1.003,768.6,2.37,1339.1
2071.9,96.32,105.63,1987.5,41.7,54.52,56.31,70.4,15.76,70.45,10.5,1.027,851.2,2.14,1036.9
2120.7,90.43,95.69,1936.4,42.5,60.94,64.68,74.1,17.88,80.78,5.6,0.995,850.3,2.61,1005.6
1746.8,87.03,97.82,1763.8,32.8,21.5,27.18,48.7,9.76,36.64,9.3,1.011,648.8,2.21,960.8
1636.9,91.91,102.94,1804.2,38,27.89,32.52,50.4,9.88,37.83,9.6,1.008,685.7,1.89,896.3
1784.9,90.41,98.12,1876.7,40.3,36.18,40.86,59.3,12.23,51.13,9.2,1.012,694,2.11,945.4
2219,90,100,2030.2,40.2,69.95,74.45,80.7,21.25,99.31,6.7,1.023,823.9,2.34,969.8
2539.1,98.6,113.94,2011.3,47.2,63.79,68.82,80.8,20.94,84,7.4,0.988,911.3,1.94,1227.8
2038.4,90.9,101.01,1790.7,35.8,19.65,23.68,44.2,10.17,33.17,12.9,1.02,693.2,2.32,991.5
2887.3,88.17,100.88,1858.6,41.2,17.8,18.34,40.4,13.62,28.28,15,1.021,699,2.96,1290.1
2239.1,89.58,98.3,1985.1,42.5,63.63,69.32,77.4,20.16,96.07,7.3,1.007,831.2,2.41,987.2
2821.9,95.76,110.88,1887.5,41.1,41.43,46.37,62.9,19.51,60.63,8.7,1.012,884.9,2.37,1271.1
789.6,88.47,99.38,1866.5,39.7,57.77,62.13,73.6,6.73,79.02,2.9,1.011,671.3,1.55,398.8
1745.4,88.81,98.82,1967.6,42.6,52.48,56.97,70.1,14.01,72.72,7.2,1.02,774.7,2.1,889.6
807.1,91.43,103.74,1849.5,32.8,39.24,46.99,62.9,5.64,54.66,6.4,1.014,708.9,1.04,485.3
3880.2,57.29,60.12,1965.6,48.6,32.49,39.8,58.8,24.83,60.35,14.1,0.999,875.4,4.1,1517
2809.4,97.77,106.35,1777.7,37,19.9,21.95,45.1,13.51,27.77,13.7,1.026,758.3,2.49,1268.9
2297.6,92.87,102.6,1766.7,38.8,12.78,14.99,38.9,10.39,20.01,13.1,1,701.1,2.13,1129.7
2651.4,87.88,96.99,2022.3,40,62.76,66.59,73.7,23.18,90.75,7.5,1.012,833.8,2.93,1162
2400.1,89.85,96.79,1889,40.6,32.57,36.37,55.5,14.48,48.87,11,1.021,777.6,2.4,1108.4
2819.1,89.77,102.94,1923.5,43.9,47.27,52.18,66.1,20.92,66.17,11.7,1.029,839,1.88,1243.3
2858,96.28,113.02,2116.6,42.9,73.67,77.41,84.4,26.96,103.02,8.4,1.022,944.1,1.75,1368
1999.5,93.17,104.88,1925.3,38.9,48.14,53.94,68.9,15.56,63.27,7,0.999,842.7,2.18,1071.4
865.4,89.12,99.27,1887.9,34.7,59.19,63.33,73.5,7.51,75.42,4.1,0.999,727.4,1.13,499.2
1922.2,92.1,99.97,1957.8,41.6,54.27,61.99,73.9,15.89,75.2,6.6,1.012,820.2,2.07,1027.8
3601.4,95.08,108.72,2012.5,42.2,56.13,61.43,72.2,29.83,86.55,11.6,1.005,972.3,2.81,1599.7
2315,94.44,103.99,1881.5,41.1,39.45,46.19,62.5,14.97,57.37,10.9,0.996,836.7,2.04,1165.3
3298.3,90.1,99.71,1970.4,37.9,49.02,57.2,68.5,25.84,83.72,10.2,1.02,866.7,2.93,1305.5
1809.6,88.64,95.53,1898.6,37.9,53.63,57.24,70.9,15.65,73.34,5.8,1.019,727.8,2.22,904.6
2352.7,87.39,100.25,2011.1,43.2,71.19,75.92,83.6,21.71,100.82,5.7,1.026,857.4,2.49,1022.1
2407.7,91.26,97.42,1835.5,37.5,37.78,43.1,59,16.45,56.2,10.4,1.017,769.5,2.7,1083.8
786.4,90.3,100.52,1660.4,32.4,11.56,11.49,38.3,3.61,15.04,8.3,1.001,507.4,1.27,429
2111.2,91.13,100.72,1950.2,42.7,45.83,54.05,67.1,16.51,65.75,8.8,0.977,807.8,2.13,1005.9
2257.9,92.32,103.51,1979,44.5,53.08,58.95,71.6,18.5,77.48,7.7,1.02,795.4,2.15,1064.7
5000,98.46,110.52,2079,49.8,40.23,45.03,63,31.89,59.65,18.7,1.034,1008.1,3.39,1717.1
2922.7,63.41,64.38,1859.5,41.3,23.27,25.77,49.1,15.38,37.89,12.4,0.988,832.4,2.98,1329.7
2884.5,91.56,99.42,1878.4,40.6,30.26,34.88,53.6,17.96,50.07,12.5,1.019,748.5,3.1,1208.4
2635.6,94.85,104.21,1901.6,42.2,31.01,37.89,54.9,16.4,51.16,9.6,1.009,771.2,2.49,1124.8
2673.3,64.4,62.06,1823.7,44.4,21.7,26.5,48.5,14.9,37.96,12.6,1.028,718.2,3.58,1081.5
1529.7,90.35,97.46,1781.3,37.5,20.36,23.45,44.2,8.14,29.77,12.4,0.992,645.4,1.92,899.2
807,92.26,101.97,1893.7,32.4,55.58,61.09,72.8,6.49,69.24,3.3,0.995,737.2,1.36,442.9
2658.7,58.31,55.99,1839.5,42.2,35.87,42.6,58.3,18.06,58.26,11.5,1.007,768.9,3.25,1161.3
714.2,92.38,100.62,1780,38.1,35.8,41.83,60.4,4.76,52.98,5.5,1.015,685.8,1.25,411.3
3032.9,96.37,104.65,1857.6,42.2,41.12,45.99,62.6,21,62.74,9.5,1.02,846,2.3,1448.3
2468.3,90.55,102.7,1861.6,42.1,39.93,45.81,64,17.62,63.67,9.5,1.027,769.5,2.55,1078.1
2816.1,99.42,109.47,2035,46.5,78.14,79.2,88.2,27.08,103.9,5.4,0.99,986.7,2.4,1360.2
3097.8,92.7,103.37,2033.7,43.6,54.84,59.03,70.3,24.98,81.44,11.1,1.019,850.2,2.97,1283.6
749.7,85.5,93.81,1749.3,34.7,31.91,37.05,54.2,4.81,47.62,5.5,1.019,585.1,1.36,410.4
2279.4,91.54,98.8,1839.1,35.6,32.24,35.76,51.3,13.82,46.02,11.5,1.033,716.1,2.22,1034.6
2871.8,93.91,104,2062.4,47.1,65.28,70.27,78.6,25.41,90.76,8.4,1.029,910.1,2.14,1226.8
2903.6,68.75,72.25,1895.8,44.2,36.8,44.1,62.8,20.25,65.86,10.5,1.017,805.1,3.27,1190
4110.5,95.92,108.8,1944.3,50.7,25.12,29.45,52.7,22.21,40.74,16.1,1.011,911.2,3.43,1556.1
2419.3,92.42,104.15,1929.2,39.9,34.14,38.2,56.9,15.51,47.58,12.9,1,762,2.53,1060.9
2025.9,89.96,98.25,1826.7,38.4,19.85,24.68,45.4,10.95,33.08,12.9,1.016,681,2.36,997.2
1892.4,95.63,100.63,1801.1,32.8,13.87,16.03,41.7,9.72,21.62,13.4,1.009,618.6,2.67,913.2
3961.1,98.57,107.67,1829.2,43.7,9.85,11.12,36,15.85,15.3,17.1,0.991,814.9,3.53,1612.2
2888.9,90.06,99.08,2021.5,43.2,77.49,78.73,83.6,27.02,106.88,6.4,0.997,918.4,2.81,1238.8
3507.9,94.27,104.06,2072.2,45.8,66.36,71.07,78.3,30.4,100.32,7.6,0.974,1012.6,2.74,1498.3
3817.6,89.7,101.74,2114.1,49.1,67.51,72.19,80.2,34.84,108.58,9.7,1.039,951.7,3.5,1425.5
2356.5,88.79,100.47,2004.7,43.8,64.92,70.83,79.3,21.48,94.67,6.5,0.994,815.7,2.76,1013.4
2204.5,90.46,101.84,2012.2,35.8,63.1,69.1,76.7,19.22,85.81,5.5,1,870.2,2.36,1035
3708.2,90.32,100.26,1942.5,47.7,21.03,26.82,48.9,20.88,35.45,15,1.009,782.8,3.87,1395.2
1937,89.83,101.37,1881.1,40.5,37.34,42.35,59.3,12.6,51.5,11.1,0.976,723.8,1.92,983
2136,87.36,95.44,1814.5,42.6,22.34,28.53,48.6,12.11,43.12,11.3,1.003,666.4,2.42,974.7
1730.7,87.77,98.33,1888.7,44.6,48.49,52.1,67.1,12.66,64.37,7.8,0.999,773.6,1.9,937.4
3329.9,97.06,106.94,1955.1,44.9,38.18,41.66,61.3,22.7,61.16,12.3,1.013,848.8,2.68,1415.4
2899.1,91.23,100.36,2018.7,42.6,48.3,52.81,68.2,21.13,74.45,9.5,0.975,907.9,2.79,1296.4
2260.6,90.35,101.8,1880.5,40.4,32.27,37.66,57,14.55,48.95,10.7,1.014,723.5,2.45,1014.6
1558.2,69.66,68.7,1801.8,33.8,35.04,39.76,56.8,10.34,47.83,8.8,1.01,685.5,2.39,859.8
2825.5,94.43,101.56,1939.5,39.6,46.95,50.75,64.4,20.77,66.16,11,1.021,843.6,2.13,1240.1
2322.7,95.07,108.92,1937.2,42.1,43.18,49.16,65.6,17.1,57.13,9.1,0.965,883.5,1.98,1186.6
1851.5,92.08,100.26,1780.7,39.3,24.11,29.92,49.9,10.34,39.43,11.6,1.007,667.7,2.22,906.8
2952,98.31,108.69,1848.8,43.4,22.24,28.52,48.4,16.08,38.2,12.9,0.99,795.7,2.66,1297.3
3856,94.55,103.88,1934.1,48.4,33.35,37.8,56.5,22.63,55.13,15.9,1.015,913.6,3.22,1498.9
1805.3,87.66,94.86,1854.9,38.2,34.7,41.09,59.2,12.43,55.17,8.4,0.996,713.9,2.23,883.7
2339.6,90.38,97.22,1865.2,42.8,24.59,29.91,50.4,13.37,37.57,12,0.995,701.6,2.52,1038.2
3196.6,92.23,101.74,1882.6,41.8,12.45,15.16,42.2,15.46,24.11,17.3,0.98,777,2.67,1395.8
2539.8,95.24,106.43,2122.6,46.7,84.02,85.88,90.6,23.63,111.14,5.5,0.954,960.4,2.22,1154.7
2235.5,94.22,102.33,1973.9,41.2,69.18,74.11,80.6,19.14,95.37,5.3,1.002,892.7,2.45,1111.9
1914,94.59,104.98,1793.1,39.3,28.3,34.01,51.2,11.3,43.08,7.9,1.019,687.8,1.95,1018.1
3008.7,96.25,103.88,1986.9,45.2,51.65,55.36,66.2,21.41,77.63,9,0.983,848,2.79,1197.9
3546.7,96.18,104.11,1992.2,45.8,48.64,55.44,69,27.07,77.59,11.9,1.015,924.2,3.23,1406.8
1542.3,88.75,97.09,1876.3,37.5,44.66,50.65,65.4,11.82,65.26,5.7,1.004,721.8,2.21,891.8
734.9,50.1,53.12,1799.8,29.8,30.64,34.75,55.3,4.68,42.32,7.1,0.971,689.8,1.31,438.2
2272.5,96.79,107.53,1896.4,46.6,43.3,48.72,62.8,15.97,58.52,8.4,0.986,800.2,2.2,1095.5
2785,92.48,101.39,1882.6,41.2,33.09,35.17,54.8,17.61,44.05,13.5,1.008,746,2.65,1184.1
2324.3,89.39,98.21,1853,45.2,38.75,44.77,61.4,16.03,60.92,8.9,1.008,757,2.62,998.4
2932.9,47.53,46.75,1969.1,39.6,37.74,42.89,60.4,20.74,58.49,12.7,1.013,810.6,3.68,1272.2
1783.1,88.53,98.95,1705,35.6,13.78,14.09,38.9,8.11,19.22,12.3,0.995,605,2.02,900.2
2887,90.56,100.8,1922.5,37.4,35.54,41.99,58.6,19.62,54.88,11.2,1.012,842.5,2.37,1271.2
765.7,92.59,104.07,1694.2,33.8,18.06,17.64,42.1,3.85,22.91,10.2,0.979,584,1.4,427.8
2489.2,99.4,111.64,2046.4,39.8,54,59.33,70.5,18.35,72.85,8.3,0.969,952.1,2.22,1177.4
4000.8,92.34,106.78,1934.6,38.4,24.58,30.65,50.2,24.23,43.72,15.7,1,833.9,3.87,1393.5
1707,46.81,45.8,1841.4,32.6,30.06,33.05,53.7,10.96,41.62,10.3,0.975,794.3,1.99,953.7
2251.6,96.3,109.25,1811.3,35.7,16.12,20.26,44.2,11.52,23.74,12.3,0.968,755.6,2.28,1084.1
2436.4,96.46,106.69,1865.2,43.8,32.27,37.84,55,14.78,54.25,11,1.012,785.4,1.94,1139.6
4667.4,90.33,103.04,2165.6,53.5,69.81,75.1,82.7,42.5,97.82,10.7,0.995,1091.7,4.04,1530.5
2443.9,96.05,107.8,1764.3,34.9,11.29,9.97,39.1,10.54,11.24,14.3,1.011,685.5,2.12,1162.9
1590.1,90.56,103.06,1918.8,34.7,29.3,34.06,55.9,9.79,39.87,7.8,0.958,798,1.5,968.4
2833.9,95.36,102.75,1886.9,42.8,34.14,40.25,57.3,18.61,52.66,12.4,0.996,769.1,2.81,1140.9
734.1,98.15,110.27,1724.1,31.2,12.52,14.29,40.6,3.3,16.92,9.1,1.001,640.9,0.98,495.4
1982,91.32,102.1,1936.8,37.5,53.37,60.46,73.6,15.4,72.46,5.5,0.972,899.1,1.85,1074.6
2398.9,91.82,102.76,1888.4,39.6,36.11,42.07,57.1,15.61,55.21,10,1.012,744.1,2.38,1113.1
1814.6,96.24,104.8,1912.5,39.9,37.51,44.07,62.2,12.78,55.6,9,0.997,738.5,1.88,1013.3
889.8,97.59,107.88,1778.9,33.3,28.17,32.46,54.2,5.31,39.06,6.3,1,642.4,0.9,547.7
3183.3,95.74,110.21,2014.6,42.7,82.09,82.95,86.7,30.19,118.24,4.3,1.011,977.3,2.93,1324.2
1757.3,89.86,100.12,1829.3,40.5,30.55,35.44,55.1,10.94,43.08,9.7,1.01,689.9,2.2,931.3
3574.1,90.91,104.61,2003.5,42.5,52.6,57.28,69.3,28.33,83.91,11.7,1.017,888.7,3.01,1425.7
2993.7,87.83,103.67,2095.8,41,69.83,74.81,81.9,27.95,102.54,9.4,1,912,2.67,1273.7
2117.9,66.73,68.25,1922.4,41.5,29.65,37.9,57.2,13.35,45.53,10.1,0.983,766.3,2.04,1020.5
2723.4,94.05,103.37,1937.5,42.5,48.55,56.06,69.6,21.4,77.15,10.5,1,845,2.56,1157.8
2702.4,90.79,102.71,1901.7,40.6,44.89,49.49,64.1,19.61,62.64,8.7,1.039,810.5,2.94,1103.2
2865.6,93.81,101.88,1918.3,41.5,43.34,50.21,67,21.65,64.04,10.9,1.023,859.1,2.3,1404.2
1768.6,95.13,106.46,1971.4,36.7,67.48,70.82,80.1,16.05,90.77,6,0.989,842.3,1.91,961.7
2619.4,85.79,90.85,1773,42,20.53,26.09,49,15.08,39.34,9.7,1.027,712.6,2.92,1050.4
1973.8,89.82,101.25,1946.5,35.6,53.73,59.11,70.5,15.6,73.38,6.7,1.005,805.5,2.09,960.5
3326.3,99.92,112.19,1995.3,43.7,36.01,42.08,63.1,22.18,53.73,13,0.981,920.9,1.86,1503.5
2862.5,42.54,39.64,1828.7,40.1,11.6,14.34,37.6,12.72,22.21,14.5,1.009,696,3.46,1151.6
3035.9,91.7,104.81,1939.8,43.2,55.25,58.32,70,24.11,80.98,9.2,1.024,862,2.59,1285
2389.2,95.81,105.36,1869.3,39.8,28.5,35.22,52.7,14.98,45.84,10.4,0.993,733.2,2.45,1045.4
2622.5,93.27,105.45,1940.5,45.2,47.58,54.22,67.2,20.2,72.92,10.3,1.002,798.9,2.69,1095.7
2587.1,89.7,99.17,1947.5,44.6,55.17,59.81,71.8,20.7,77.42,8.1,1.016,851.6,2.29,1153.4
3004.2,93.53,104.29,1908.4,43,25.83,28.95,49.4,15.91,36.45,12.3,0.987,801.6,2.41,1332.2
2116.6,94.22,104.42,1873.9,40,34.45,37.04,54.4,13.35,45.66,10.7,1.007,710.8,2.06,1021.7
3102.7,91.89,101.38,1859.6,44.3,21.28,22.4,44.3,15.76,27.85,14.6,1.027,710.2,2.92,1243.5
861.4,88.75,96.37,1803.3,33,38.39,43.64,59.5,6.09,54.72,6.3,1.004,613.3,1.63,437.9
3052,91.45,100.27,1850.5,38.5,30.2,35.09,54.7,20.23,49.61,12.7,1.007,795.9,3.09,1255
3016.1,93.28,103.93,2010.4,48.3,70.37,74.53,82.1,27.08,103.44,8.4,1.02,921.9,1.96,1315.3
3445.4,91.71,104.52,1975,48.3,38.08,45.08,60.9,23.81,63.48,12.6,0.991,898,3.29,1448.8
2223.2,95.14,104.68,1807,39.7,18.43,23.33,47.1,11.43,30.7,10.6,1.007,703.2,2.52,1034.9
2859.6,88.66,96.82,2014,43.8,48.86,55.07,70.7,22.58,73.76,8.4,0.987,864,2.85,1226.2
1894.4,92.46,102.83,1916,40.5,50.76,52.6,66.8,13.66,62.11,6.9,0.995,789.6,1.5,1035.2
1886.3,93.26,102.71,1940,39,59.08,66.01,75.6,16.34,84.04,5.5,1.017,788.1,2.02,973
1706.7,91.8,100.23,1920,36.2,48.42,54.01,65,12.89,68.3,8.5,1.025,750.4,1.7,945.9
3442,92.44,102.33,2074.3,47.8,66.59,71.68,80.6,31.45,104.54,7.9,1.005,1000.4,3.12,1442.3
1954.3,97.71,109.12,2013.6,41.1,75.87,82.38,88.5,18.23,90.82,2.3,0.984,969,1.71,1145.2
815.3,98.48,109.63,1805.7,30.1,35.05,43.86,60.8,5.8,50.2,5.8,0.974,713.2,1.09,454.4
4435.2,92.89,104.43,2033.2,49.7,32.19,37.54,56.2,27.44,49.35,15.9,0.986,935.4,3.84,1655.6
2483.2,88.58,99.4,2012.8,41.3,73.49,75.46,82.4,22.52,95.84,6,1.005,904,2.4,1105.9
2414.6,87.77,93.31,1924.3,41.4,43.21,51.9,66.6,19.43,72.15,8.9,1.015,780.2,2.76,1045.3
2680.7,87.13,100.27,2174.5,42.6,87.08,88.25,92.9,25.23,110.14,6.3,0.847,1063.7,2.38,1249.5
5000,99.01,109.11,1897.7,49.1,9.98,10.71,35.1,18.83,14.67,19.7,0.997,907.2,3.07,1747.7
2111.1,85.73,97.22,1936.3,38.8,55.61,60.18,72.2,17.48,79.1,9.3,1.009,786.9,2.29,988.8
757,89.53,95.73,1638.3,34.1,17.21,19.03,40.2,3.53,24.92,8.9,1.013,519.2,1.52,412.4
2684.4,93.38,104.12,1908.2,44,33.53,41.6,60.9,18.54,51.89,13,1.018,791.4,2.61,1190.5
2086,93.22,101.4,1894.1,40.3,49.9,56.22,69,15.4,69.08,6.2,1.015,803.3,1.76,1056.6
2648,93.6,104.58,1995.5,43.8,55.84,61.93,73.3,21.8,84.53,7.3,0.994,884.1,2.28,1189.6
3240.9,98.78,113.09,1852.6,39.6,12.82,13.42,38,14.85,16.86,16.2,0.989,694.8,3.11,1259.1
1785.6,89.35,98.08,1850.7,40.5,35.35,40.61,61,12.22,54.58,8.7,1.014,685.6,2.01,899.4
2180.1,91.08,103.25,1952,41.9,36.38,40.23,61.6,14.62,51.18,11.2,1.005,768.7,1.94,1134.6
2337.5,95.64,108.45,1833.2,38.7,20.77,24.53,45.6,12.32,29.24,12.9,0.985,789.3,1.75,1120.8
2387.7,90.26,100.44,2025.6,39.9,74.32,76.02,83.2,21.94,99.48,6.5,1.005,866.4,2.7,1024.1
2514.5,89.8,100.49,1936,36.4,54.36,59.1,69.2,19.54,79.07,8.4,1.022,842.6,2.64,1103.1
2060.1,92.13,102.99,1923.1,41.5,47.24,54.02,66.8,16.61,72.7,8.8,1.02,763.6,2.16,967.3
2686.5,91.48,104.39,1934.5,43.4,61.38,65.21,75.8,22.28,81.03,8.2,1.017,914.4,1.96,1206.1
2164.7,89.15,100.59,1902.6,38.3,48.1,53.75,65.8,17.03,68.91,7,0.987,797.1,2.36,1011.9
2711.2,92.35,99.02,1946.9,45.5,41.76,48.59,64.7,20,65.25,10,1.014,814.5,2.81,1101.6
1385,92.29,102.47,1703.9,33,15.04,21.17,44.1,7.34,30.32,9.4,1,668.6,1.69,851.2
1786.1,92.22,102.51,1756.8,39.2,14.88,16.01,39.7,8.32,21.26,12.1,1.012,625.1,2.07,888
3520.2,51.02,53.43,1922.6,44.3,62.51,67.56,78.3,30.44,89.07,7.8,0.995,1008.5,2.56,1556.5
2798.4,90.03,100.77,1927.8,46.2,34.16,40.29,58.7,17.16,51.35,10.8,1.001,857.7,2.23,1361.9
2823.8,88.78,100.2,2052.3,41.6,71.98,75.71,83.9,26.67,103.89,7.4,1.023,909.7,2.78,1185.5
3284.6,92.78,101,1798.1,40.8,14,17.99,42.3,15.83,23.39,14.5,1.022,759.8,2.85,1396.9
1991.8,88.86,96.8,1872.6,39.6,37.68,43.9,61,13.61,59.37,10.2,1.028,715.4,2.42,939.6
1605.8,93.5,101.3,1828.1,38.2,33.09,40.54,58.2,10.85,51.94,8.1,0.998,736,1.61,941.3
2713.2,100.11,113.52,1854.9,43.5,23.53,27.82,50.1,14.96,34.99,12.8,1.02,787.4,2.22,1187.7
2180.7,90.41,101.83,1937.8,41,52.67,60.14,72.1,17.58,80.9,6.9,1.014,808.1,2.23,999.6
3351.5,47.84,51.32,1967.5,47.2,33.11,38.67,57.8,20.81,53.22,14.3,1.016,865.4,2.98,1513.7
2802.1,87.65,98.96,1860.7,44.7,36.37,40.59,57.9,19.17,51.57,10,1.013,783,2.66,1259.2
2094.2,100.65,110.92,1904.3,48.5,55.99,58.72,71.9,16.61,74.04,4.9,0.995,796.1,2.12,1041.5
2490.1,92.43,101.77,2020.4,39.4,71.6,78.89,84.5,23.72,110.21,5.6,1,879.5,2.65,1049.7
2200,42.29,43.87,1878.1,33.6,34.52,37.16,54.2,14.36,47.6,10.1,1.023,732.2,3.01,1014.3
3464.9,91.36,102.43,2065.9,43.9,62.01,70.54,79.8,31.2,97.28,9.4,0.988,962.4,3.06,1457.7
2336.4,95.15,104.07,1912.5,37.2,45.31,49.65,65.4,17.23,63.32,9,1.024,762,2.1,1041.7
2411,94.68,105.63,1952.7,36.5,65.14,72.06,80.2,21.85,90.24,6.3,1.005,891.1,2.02,1223.7
2363.5,60.52,60.24,1886.3,41.9,29.85,35.98,57.5,15.92,48.35,11.9,1.014,709.4,3.11,967.7
2269.5,65.05,67.03,1855,39.8,23.66,29.54,49.9,12.71,39.89,12.8,0.997,727.5,2.73,1020.3
1660,90.8,101.9,1895.3,35.5,34.99,41.93,59.7,11.07,53.05,8.6,0.996,722.6,1.57,928.7
1512.2,91.24,103.42,1914.3,32.1,56.77,60.82,71.7,12.45,75.85,5.6,1.027,728.6,1.86,849.4
3085.7,90.83,103.54,1855.2,33.8,25.51,29.14,49.5,17.98,39.94,12.3,1.013,755,2.83,1284
3492.4,93.58,108.63,2130.5,45.3,44.42,50.5,66.3,23.9,66.06,13.6,0.934,1054.3,2.11,1618.2
2137.9,90.74,100.92,1902.2,42.7,53.52,58.51,70.4,16.2,75.69,6.5,1.038,794,2.19,1030.7
1998.3,48.76,51.78,1931.5,42.3,35.83,42.29,59.2,12.94,58.43,10.7,1.004,751.4,2.65,922
1849.7,63.75,63.11,1817.6,30.8,22.1,27.05,48.1,10.38,33.05,11.1,0.983,692.4,2.56,1003.2
839.5,90.25,102.09,1872.1,38.4,53.85,59.71,72.1,6.83,70.42,5,1.022,743.5,1.39,469.6
2245.8,93.87,103.06,1778.9,38.7,12.1,11.57,37.9,10.14,14.23,14.4,0.995,643.6,2.04,1067.2
2224.3,88.44,97.56,1852.3,37.5,37.96,42.33,58.5,15.77,55.07,9.2,0.999,726.9,2.45,977.1
4581.3,93.3,100.43,2074,51,33.21,38.36,57.6,27.41,51.66,15.8,0.956,1047.3,3.27,1634.8
1559,91.9,101.34,1881.2,46.3,44.27,51.78,65.7,11.61,66.22,6.1,1.013,715.1,1.96,849.2
861.4,92.4,103.94,1741.8,26.9,24.44,27.24,47.2,4.57,26.92,9.4,1.019,600.9,1.1,516.2
2652.7,90.12,100.62,2016.8,39.7,72.97,76.29,84.2,23.5,97.58,4.2,1.005,909.5,2.33,1183.4
2368.4,90.02,99.41,1904.4,39.6,52.41,57,67.3,18.1,77.2,8.6,1.024,808.8,2.33,1042.5
2123.8,93.71,106.45,1801.7,36.7,15.89,18.69,44.3,10.39,22.79,11.1,0.98,725.8,1.9,1090.3
1891.7,90.86,103.32,1808.4,37.6,30.84,38.23,58.6,12.36,49.2,9.5,1.013,747.5,1.79,1080.8
3741.3,68.81,66.51,2035.5,44.5,46.91,52.83,66.1,27.49,76.07,12.2,1.018,914.6,3.96,1475.1
712.3,93.06,105.61,1807.7,36.7,31.65,36.14,54.3,4.58,41.59,6.3,1.014,618.6,1.04,424.3
848.8,91.3,105.13,1849.7,38.8,61.19,63.6,73.8,6.55,77.96,2.5,1.018,746.9,1.31,507.1
2415.9,97.48,108.9,1847.8,39.9,28.61,35.66,55.5,15.44,41.08,10.6,0.972,842.3,2.02,1279.1
4270.5,93.17,104.93,2073.8,49.5,43.83,51.04,63.4,29.4,67.48,14.8,0.992,970.4,3.44,1552.3
761.8,85.91,95.25,1718.4,28.6,20.98,24.35,44.9,4,30.75,8.6,1.014,562.3,1.36,407.5
3200.8,92.45,104.45,1864.9,43,23.22,27.48,48.9,16.75,37.53,12.3,1.028,777.6,2.52,1342.9
1960.8,93.91,99.77,1856.4,43.6,30.52,36.38,54.1,11.8,45.65,8.8,0.99,786.5,2.09,1015.8
2579.8,91.05,99.23,1986.3,48,65.38,71.07,79.4,22.75,98.57,5.8,0.999,849.6,2.65,1065.9
2761.6,86.01,97.56,1913.4,38.1,32.53,40.25,59.6,18.19,48,12.2,1.009,815,2.7,1190.9
868.8,87.65,96.82,1781.9,32.2,36.42,42.32,60.7,6.15,52.44,6.7,1.017,653.5,1.29,481.4
2085.9,88.77,99.76,1954.3,34.1,44.34,48.92,64.9,15.25,64.35,10.1,1.008,757.7,1.87,1080
2149.3,93.61,107.49,1921.3,43.2,59.66,64.98,74.9,18.09,88.15,6.4,0.992,809.9,2.11,1075.8
3105.7,89.77,98.81,1896.1,43.4,38.35,44.91,63.9,20.98,57.77,10.6,1.016,842,2.37,1355
3557.9,95.9,110.28,2287.1,46.2,94.21,95.4,98.7,39.24,133.49,8.2,0.855,1072.3,2.63,1465.9
2742.4,90.71,98.19,1922.4,40.9,40.04,48.38,62.9,19.85,67.64,11.2,1.009,808.3,2.58,1180.2
1677.3,96.28,107.21,1775,42.1,21.4,25.06,48,9.18,31.4,10.1,1.016,667.2,1.85,958.7
4193.5,95.54,106.03,2094.2,51.1,59.69,63.34,74.7,35.32,90.23,12.3,1.008,966.7,3.91,1450.3
2380.4,88.5,98.09,1944.5,40.1,59.7,62.52,74.2,19.83,82.96,6.7,1.036,809.5,2.55,1061.4
2825.8,97.26,107.86,1859.9,41.8,22.35,31.82,52.7,16.52,40.58,10.2,0.991,790.6,2.73,1221.1
764.5,50.64,50.07,1745.8,33.4,20.52,21.24,44,3.96,27.98,7.9,0.992,555.6,1.71,403.1
4195.6,69.55,66.84,1879.8,48.6,12.89,17.39,41.4,19.69,24.16,17.5,1.04,801.5,4.33,1498.1
870.4,92.13,101.26,1881.6,38.3,57.78,65.42,77.3,7.3,79.29,1.6,0.99,776.5,1.34,462.4
2263.7,95.53,104.75,1786.2,39.7,14.1,14.93,40.3,9.63,20.9,13.8,0.989,711.6,1.93,1113.8
3472,91.79,101.42,1940.8,49.2,33.53,38.43,58.8,21.54,54.05,11.4,1.012,841.7,2.77,1396
3680.7,90.69,97.56,1926.3,46.8,34.18,37.31,54.1,22.25,52.35,13.1,1.008,854.2,3.71,1407.4
2312.3,90.68,99.78,1924.6,35.3,51.3,55.68,71.6,17.97,68.97,8.1,1.035,850,1.92,1078.4
4547.8,92.29,101.97,1946.2,49.5,29.85,33.07,51.9,25.68,45.78,15.9,1.011,884,4.06,1472.8
2577.2,88.23,97.08,2021.6,45.7,58.99,63.78,75.2,22.39,88.04,8.2,0.995,812.9,2.9,1052.4
1412.7,87.8,97.88,1821.5,38,33.29,35.23,52.4,8.53,40.17,8.2,0.985,726.2,1.54,826.9
2534.4,92.22,102.2,1804.4,41.7,20.03,25.05,48.9,14.12,30.69,11.3,1.029,718.4,2.58,1061.3
3252.3,93.41,103.11,1923.8,42.9,38.45,45.05,62.5,23.44,66.21,10.9,1.007,849.6,3.28,1288
2308.9,94.41,106.73,1998.7,39.3,48.66,55,67.9,17.96,64.7,8.3,0.968,885.8,2.27,1060.3
2116.8,88.4,102.29,1845.9,45.3,33.27,40.05,57.2,14.01,54.87,10,1.03,709.8,2.4,951.2
2829.6,91.14,103.6,2060.2,43.3,61.66,68.35,77.5,24.55,92.85,7.1,1.018,899.6,2.64,1258.1
2105.6,95.84,107.94,1837.8,39.8,62.39,66.04,75.2,16.5,79.03,3,0.996,877.7,1.72,1062.3
809.9,57.32,58.08,1762.8,34.2,26.99,31.65,53.9,4.8,35.15,6.2,1.001,676.4,1.35,470.1
755.1,88.7,100.42,1781.5,38,32.14,35.2,54.7,4.78,43.85,6.1,1.008,562.3,1.32,433.9
702,87.39,97.04,1660.3,27.1,11.32,10.35,35.9,3.07,14.48,11.2,1.021,512.7,1.34,387.7
2570.7,96.45,109.57,1903.1,44.3,27.22,28.98,50.5,13.51,32.62,13.5,0.982,838,2.27,1184.9
2629.1,92.85,103.72,1852.2,36.9,23.63,26.78,44.6,14.11,35.84,13.5,0.994,735.1,2.63,1071.8
4511.7,95.72,106.51,2117.4,52.1,62.89,72.38,81.6,39.78,99.16,11.1,1.01,1051,3.8,1565.8
2785.2,94.47,102.05,1788.8,39.4,15.77,19.12,41.4,13.57,24.77,13.5,0.998,714.8,2.74,1176.1
2574.5,97.15,105.09,2032.1,44.7,69.97,75.82,84.1,24.39,97.87,5.9,0.993,908.1,2.45,1153.6
2014.5,89.79,98.81,2003.1,34.9,55.5,62.88,73.6,15.59,74.02,6.7,1.003,907.7,1.94,1039.4
2834.8,94.29,105.16,1906.5,38.7,35.42,43.61,59.3,19.17,57.36,10.1,0.986,845.3,2.04,1202
2600.5,93.4,105.72,1992.7,47.2,59.55,62.76,74.2,19.78,76.84,8.1,1.013,879,2.01,1178.2
2091.2,91.35,100.7,1972.1,39.8,55.14,61.21,72.7,17.19,76.84,8.8,1.013,800.9,2.3,989.6
3569,91.84,105.09,2007.6,48.7,75.39,77.23,84.8,32.48,110.51,7,1.027,988,2.45,1502.5
2269.3,93.86,103.15,1935.6,37.1,31.29,37.89,56.4,14.54,49.81,11,0.994,747.1,2.49,1020.5
789.4,91.07,99.5,1764.6,24.4,35.52,40.51,61.1,5.55,46.62,5.8,0.995,640,1.34,458.2
2810.2,92.73,104.2,1949.8,42.1,32.09,37.62,57.7,17.6,43.56,11.1,0.978,907.4,2.69,1333.4
1880.3,91.35,99.76,1805,35.1,32.31,36.44,51.2,11.18,49.75,7.2,1.005,684.8,2.25,964.3
736.1,98.11,108.29,1754.2,32,34.18,38.07,58.4,4.9,45.32,5.9,1.02,599.4,1.09,430.4
892.7,92.46,97.82,1918.2,37.5,61.62,64.4,74.5,7.41,73.53,4.4,1.013,706.9,1.35,480.4
2154.7,88.39,97.67,2096.1,41.3,81.86,86.66,89.5,22.63,108.25,4.7,0.881,905.9,2.37,990.6
2153.7,94.71,105.56,1933.8,43.5,46.6,49.41,62.9,14.67,57.84,7,0.974,810.8,1.83,1100.6
2431,91.49,96.2,1775.6,39.4,9.84,12.71,39.4,10.85,18.95,13.9,1.008,671.9,2.08,1038.9
2603.7,46.71,46.61,1916.8,43.8,45.26,50.86,66.2,20,68.48,8.4,0.993,796,3.44,1071.3
1996.4,66.39,66.73,1993.9,45.7,52.82,55.62,68.8,15.88,72.77,7.7,0.994,780.2,2.37,966.2
2543.2,95.3,109.1,2045.3,38.1,61.35,64.97,75.5,21.5,79.51,7.9,0.996,937,2.33,1128.6
2335.7,93.98,102.44,1854.4,39.3,16.02,21.47,47.5,11.73,28.9,13.9,1.022,740.1,1.66,1206.6
3377.8,92.5,104.96,1911.4,40.9,26.79,32.75,52.5,19.29,44.46,15.2,0.98,856.7,2.43,1496.3
771.2,94.74,105.41,1718.7,36.4,19.73,25.31,48.1,4.48,29.42,7.1,1.023,611.1,1.27,448.8
2238.4,93.37,103.85,1842.7,35.3,34.9,39.12,53.8,14.21,49.91,9.3,1.008,723.6,2.63,982
2889.5,93.95,103.25,2010.3,44.6,51.59,59.22,69.9,22.8,80.98,9.4,1.008,849.8,3.05,1220.4
1551.3,93.32,100.08,1900.6,35.8,39.75,45.04,62.7,10.78,57.81,8.8,1.011,731.6,2.04,937.5
892.1,91.11,101.28,1800.2,37.5,49.5,55.06,67.4,7.08,66.78,6.1,1.005,667,1.48,481.7
845.4,91.56,102.22,1833.8,32.9,46.13,50.89,67,6.52,59.32,3.7,0.975,754.2,1.19,487.6
2945.2,89.99,96.55,1830.5,42.8,17.01,21.39,45.5,15.55,26.68,13.7,1.001,722.8,3.06,1248.9
5000,53.91,51.71,1969.9,46.8,15.97,19.85,45.8,25.12,25.11,20.6,1.018,920.9,4.64,1566.7
2199.8,89.54,99.85,1770,40.8,10.05,11.32,36.7,9.35,12.52,13.6,0.982,644.1,2.76,1011.7
2238,90.8,96.35,1755.3,39.8,15.77,18.11,43.1,11.17,25.55,12.9,1.003,667.1,2.21,1018.9
1609.1,95.34,108.38,1955.3,35.1,56.74,61.79,72.6,13.49,73.6,8.2,1.026,815,1.58,943.4
2291.2,90.99,103.46,1752.8,40.2,12.96,15.47,38.4,10.13,24.73,12.5,0.986,670.8,1.77,1051
1464.7,90.98,102.34,1782.8,34,25.65,30.57,49.1,8.26,37.38,9.7,1.001,675.6,1.55,871.3
2662.8,89.74,99.61,2012.5,43,67.01,70.14,78.7,22.88,91.09,7.5,1.037,912.8,2.4,1160.5
1742.3,86.04,93.1,1966.7,36.8,61.75,66.62,78.8,15.1,84.86,5.7,0.992,793,2.32,916.9
769.3,93.27,101.82,1702.4,33.1,11.92,13.65,38.1,3.48,17.4,10.6,1.014,562.8,0.98,441.4
2090.9,90.1,99.95,1872.5,38.1,45.4,50.2,66,15.33,65.02,9.4,1.027,749.4,1.9,1031.6
2561.3,89.74,101.28,1931.9,43.8,74.55,77.27,84.5,24.59,95.83,3.6,1.013,929.4,2.16,1251.6
2410.7,97.93,111.4,1942.5,38.1,47.33,53.67,66.4,17.47,66.21,8.4,1.018,851.8,1.5,1151.9
1636.8,89.91,100.64,1905.3,35.5,47.56,53.9,66.6,12.26,67.32,7,1.021,706.9,1.97,862.7
2476.7,88.92,99.93,1944.6,37.2,55.12,57.71,70.1,20.39,70.62,8.6,0.996,842.4,2.34,1143.7
2668.5,91.19,103.13,1776.6,42.7,24.88,28.77,48.4,14.94,36.55,11.7,1.018,720.1,2.78,1107.2
4177.4,88.64,97.76,1899,41.7,31.29,34.71,53.5,25.94,52.51,14,1,867.8,4.16,1464.4
2287.7,88.44,96.52,1879.7,37.7,37.83,42.5,59.8,16.01,56.81,9.2,0.997,776.8,2.14,1105
2048.7,89.57,100.29,1972,39.3,66.26,70.81,78.3,17.95,92.06,3.4,0.988,842.7,2.17,988.1
4400.8,96.03,102.44,2094.6,50.9,57.92,65.7,74,36.48,95.86,10.5,1.026,1009.6,4.11,1487.1
885.4,92.23,102.67,1850.1,32.9,60.96,65.08,76.1,7.86,73.5,2.4,1.025,748.1,1.41,501.5
3462.9,92.91,101.98,1961,43.6,36.88,40.88,57.8,22.49,61.39,12.8,1.026,824.8,3.2,1399.3
2251.1,91.3,101.72,2005.8,40.4,62.86,67.12,77,18.96,82.25,4.8,1.019,872.9,1.71,1131.8
4047.4,93.84,105.99,2031.9,50.5,38.86,44.95,62.9,28.04,65.15,14.1,0.99,953.1,2.96,1587.8
3410.7,95.89,107.89,2088.7,44.6,79.69,83.47,88.5,34.55,119.81,5.5,1.01,999.2,2.93,1416.5
2584.9,93.29,100.71,1917.2,43.3,31.26,38.24,58.1,16.03,45.36,11.6,1.02,817.5,2.18,1251.8
1909.5,89.44,97.29,1945.5,42.6,65.06,69.09,77.5,17.1,87.61,4.6,0.992,814.7,2.27,988.3
736.2,65.42,64.02,1909.4,37.5,56.77,61.78,72.6,6.24,75.85,5.5,0.983,723,1.27,430.6
2577,91.39,102.49,1896.2,35.3,34.13,40.26,57,17.47,51.67,10.7,0.994,804.6,2.68,1146
1748.1,91.89,99.24,1836.9,35.4,21.35,24.67,46.6,9.23,29.04,10.5,0.983,725.8,1.77,958.7
2293.2,91.69,100.55,1781.3,35.8,23.98,27.26,49.1,13.49,37.07,11.6,1.001,690.8,2.63,1008.5
783.5,91.15,101.25,1687.6,29.7,22.84,26.09,49,4.62,30.7,8.6,1.026,590.2,1.19,438
4310.4,94.85,106.37,2036.9,58.9,50.92,54.2,68.3,30.68,77.05,13,1.008,936,3.37,1585.7
1930,94.5,105.98,1724.5,37.2,25.06,28.37,52,11.16,34,7.8,0.991,729,1.72,1037.8
753.2,87.7,96,1897.2,31,39.49,46.12,61.6,5.54,53.6,6.6,0.981,679.1,1.21,437.9
2409.7,94.99,100.26,1946.6,39,55.78,62.1,73.6,20.88,84.66,5.8,0.997,809.1,2.64,1040
2095.7,92.62,104.3,1875.6,38.5,35.1,39.39,57,12.94,45.48,9.3,1.009,766.3,1.9,1096.9
1788.1,93.23,100.28,1834.2,38.8,18.94,21.8,44.2,9.27,22.38,11.3,0.994,657.5,2.1,972.3
3907.4,94.71,108.68,1949.1,42.7,37.91,42.7,60.8,24.68,56.08,12.6,0.985,953.8,2.93,1645.6
4019.9,93.34,99.1,2103.3,48.4,66.16,71.93,80.4,36.79,112.33,11.2,1.009,996,3.94,1396.3
3208.1,95.78,106.63,1992.8,39,45.35,48.62,63.8,22.72,63.36,7.9,0.984,946.5,2.66,1413.1
2531.2,94.83,102.98,1894.8,40,38.02,44.55,62,18.22,62.43,9.9,1.011,770.2,2.51,1085.7
1630.2,93.81,105.64,1807.8,32,35.7,43.11,61.2,11.03,53.67,5.5,1.03,736.2,1.76,928.1
2363.6,95.03,105.87,1861.8,35.1,25.78,33.01,51.4,13.59,41.87,11.1,0.996,786.2,2.13,1070.7
835.5,91.3,99.03,1811.2,32.8,36.13,41.47,59,5.58,52.75,6,1.009,692.4,1.26,475.3
2999.2,99.97,110.87,2023.8,42.8,49.98,53.5,70,23.13,70.42,10.4,1.009,919.5,2.56,1294.9
3199.1,90.29,99,2190,45.6,87.39,87.35,88,32.1,124.76,6.3,0.907,977.9,3.13,1318
3496.4,97.11,104.97,2025,49.9,48.15,55.78,71.1,26.52,74.53,11,0.983,967.1,3.13,1573.7
1820.2,90,104.07,1916,43.8,68.52,72.55,81.7,16.94,91.78,3.6,1.046,813.2,2.06,926.9
4810,93.8,104.73,2146,48.8,69.47,72.64,82.4,43.81,101.74,13.8,0.998,1038.8,4.26,1452.3
2464.3,88.64,97.24,1895,37.8,25.09,32.38,52,15.06,44.45,11.2,0.989,740.2,2.31,1076.8
2590.7,88.17,98,1889,40.6,41.42,47.36,63.7,18.81,62.48,9.5,1.013,791.3,2.9,1097.7
2098.2,93.09,102.17,1788.7,38,11.87,13.52,40.9,9.79,15.92,11.1,1.003,705.4,1.6,1158.3
3227.2,64.52,66.81,1897.2,45.6,21.15,24.91,49.4,17.21,34.62,14.4,0.972,891.5,2.6,1501.5
1866.2,88.59,98.12,1918.8,37.7,44.38,50.7,63.3,14.29,66.26,7.7,0.992,725.1,2.1,915.7
2107.4,94.68,105.81,1943.8,40.1,39.15,44.61,62.6,14.93,53.68,7.5,0.993,836.7,1.83,1031.8
2556.9,92.55,106.55,1953,40.5,39.48,43.39,61.1,16.88,56.08,9.2,1.001,856,1.77,1150.5
1931.6,96.48,104.68,1793.1,32.7,22.3,25.06,45.8,10.17,25.05,10.4,1.002,729.8,2.08,1026.8
1891.3,87.92,97.65,1855.5,39,34.79,39.91,56.6,12.98,50.48,10.6,0.996,713.3,2.13,976.3
760.9,88.4,100.13,1689.9,27.9,18.33,23.83,44.7,4.05,25.15,7,1.014,610.4,0.76,451.2
1747.9,91.65,99.18,1960.4,40.3,65.57,70.18,78.4,15.55,92.26,5.1,1.013,753.4,2.1,885.1
2563.7,90.85,101.25,1920.4,46.1,32.91,40.32,59.4,16.8,54.58,11,1.017,794.8,2.36,1114
2813.5,90.74,97.15,1847.8,38.2,22.52,27.1,47.4,15.47,38.97,13.7,1.009,730,2.93,1168.2
727.7,88.2,98.55,1656.5,35.3,10.03,12.62,38,3.36,17.28,10.5,0.984,500.8,1.44,380.1
2321.2,88.62,99.61,1824,35.6,23.92,31.66,50.1,13.44,44.3,12.6,1.021,715.8,2.59,1028.9
3305,92.6,101.18,2090.5,45.5,68.14,71.56,78.9,30.27,103.74,10.3,1.003,926.5,3.3,1323.7
2724.1,96.71,105.69,1931.7,44.8,45.61,47.99,66.1,18.65,62.31,9.3,0.992,800.4,2.43,1297.4
821.7,92.6,105.83,1716.5,35.2,32.66,35.99,54.8,5.28,42.88,5.9,1.025,600.9,1.52,449.8
2553.2,92.2,101.5,1826.5,37.9,26.26,30.19,50.2,14.87,42.24,12.3,1.026,709.6,2.55,1131.2
3994.1,53.96,53.35,1996.2,47.5,47.79,49.62,62.5,27.41,72.64,14.9,1.013,915.4,3.98,1480.4
2575.8,59.48,63.09,1853,40,29.32,33.31,54,16.05,44.94,11.4,1,752.1,2.85,1141.1
777.7,91.31,101.77,1853,31.6,32.96,36.33,56.3,5.19,46.65,5.9,1.017,614.3,1.44,429.9
1841.7,91.62,104.35,1977.9,39.5,60.77,65.42,75.1,15.81,78.47,5.3,0.98,839.4,2.17,1011.1
2424.2,90.11,101.7,1888.7,40.6,41.38,46.3,59.9,16.58,63.49,9.8,1.037,776.3,2.89,1030.6
2447.8,92.96,99.07,1832.8,38.2,30.16,35.86,54.7,15.94,45.89,9.7,1.019,751.2,2.59,1066.3
3393.1,88.64,100.58,1988,49.7,55.42,62.35,72.8,27.94,93.5,9.1,1.012,903.8,2.95,1429
2129.2,94.2,103.55,1824.3,44.6,39.88,44.97,63.2,14.66,53.62,9.4,1.041,741.2,2.31,1041.9
2234.1,67.47,69.75,1898.8,42,35.85,41.99,59,15.95,58.87,9.8,0.99,741.2,2.9,965.3
2570.5,67.99,65.2,1807.9,35.9,33.18,36.1,57.4,16.79,50.43,10.5,1.016,748.4,2.89,1106.9
1816.6,92.94,107.45,2040,41.5,54.82,57.91,71.6,13.26,68.35,7.2,0.968,922.2,1.52,1046.1
3301,91.02,102.05,1853.4,50.2,30.89,35.32,54.2,19.35,50.58,12.4,1.012,798.3,3.33,1340.8
2188.4,91.86,99.42,1827.1,36.7,24.97,29.22,49.3,12.72,38.66,9.9,0.989,692.1,2.59,975.7
4550.2,93.64,103.98,2141.2,52.1,56.99,63.1,72.3,37.12,92.27,14.2,1.02,997.5,4.12,1487.1
3874.3,93.34,103.25,1885.3,47.9,26.9,32.29,52.9,21.82,48.87,15.1,1.027,871.3,3.65,1462.2
859,87.98,96.89,1760.6,38.8,24.44,28.72,47.8,4.93,33.65,8.4,1.008,574.8,1.51,449.9
716.3,88.06,97.19,1649.9,34.6,10.3,9.93,37.6,3.13,11.31,9.9,0.993,614.8,1.26,445.2
2069.1,92.37,102.89,1834.5,36,21.36,28.04,49.3,11.38,33.5,11.4,1.004,710.7,1.79,1086.1
2297.5,94.61,106.31,1957.7,36.4,48.39,55.37,68.6,18.04,72.19,8.4,1.033,797.1,2.43,1060.9
3589.1,91.04,103.26,2104.8,45.4,67.4,70.58,78.1,30.84,105.8,11.2,1.014,972,3.49,1460
3063.6,92.45,100.39,1845.1,41.8,18.16,22.09,45.7,15.85,34.12,14.9,1.031,735.2,2.87,1305.5
825.7,94.58,100.94,1770.2,31.5,40.29,45.56,63.3,6.26,55.75,3.8,0.992,671.2,1.19,476.8
2239.2,97.86,109.82,2135.3,43.7,82.4,85.17,89.3,21.7,102.42,3.6,0.893,937.4,2.31,1066.2
862.2,86.81,98.26,1715,31.7,10.89,11.15,39.3,3.82,15.3,10.9,0.998,537.7,1.2,460
2054.2,88.63,97.58,1929.9,41.5,62.18,66.79,77,18.68,90.58,5.5,1.025,799.5,2.62,950.7
1858.2,97.09,109.61,1868.6,40.7,35.61,40.55,57.6,12.28,50.41,8.2,0.992,749.7,1.98,1041.9
3380,93.67,101.61,1847.9,39.1,18.14,19.65,43.7,16.9,26.6,15,1.01,744.2,3.25,1352.5
702.3,89.44,98.95,1789.3,27.5,26.64,33.29,52.3,4.5,40.25,6.4,0.982,629.2,1.6,425.2
2388,94.1,103.53,1815,37.2,26.51,27.7,48.5,13.45,36.36,13.8,1.007,723.9,2.27,1101.8
3416.3,95.58,106.63,1950.8,45.6,37.82,43.58,61.8,23.09,62.78,11.9,1.014,836.8,2.57,1440.9
853.9,89.57,99.95,1775.6,31.2,36.83,42.78,59.5,5.92,49.25,4.9,0.999,648.6,1.42,456.5
2960.7,88.93,99.96,2077.9,43,81.05,82.77,88.7,29.17,112.43,5.1,0.989,944.5,2.42,1298.4
3977.9,96.94,111.96,2294,47.7,83.3,88.15,94.7,39.78,118.25,8.4,0.865,1117.7,2.6,1605
2611.9,89.29,99.54,1937.1,39.6,38.44,44.26,60.3,18.12,57.12,9.9,1.008,876.6,2.21,1199.4
2036.8,89.79,102.15,2026.3,37.4,55.31,60.42,72,16.03,71.49,7.5,0.972,848.3,1.76,1035.3
3370.5,96.4,104.74,1944.2,49.5,32.66,34.02,52.9,19.67,44.93,13.4,0.96,925.3,2.94,1524.1
3765.6,94.28,102.53,1981.7,40.8,43.07,49.38,64.1,27.18,75,13.3,1.023,909.6,3.27,1457.7
720.5,90.18,97.61,1732.8,32.9,25.49,31.12,52.5,4.31,39.23,7,1.002,634.4,1.49,425.6
2922.3,97.52,108.08,1860.9,39.4,17.85,19.05,42.8,13.96,25.22,15.4,1.001,806.8,2.26,1436.6
2261,89.43,97.85,1888.5,42.3,41.81,48.21,63.7,16.8,64.62,7.7,1.022,786.6,2.36,1065.8
4136.2,94.87,102.65,1978.8,50.2,29.24,33.02,52.3,25.24,49.64,17.4,0.999,860.7,3.7,1449
769.2,91,102.13,1776.7,33.6,31.76,38.72,56.8,5.27,49.58,8.4,1.014,607.6,1.37,419.6
1833.8,90.09,100.38,1970.1,41.9,58.55,63.71,78.2,15.24,78.55,7.8,1.034,852.1,2.23,974.8
722.8,98.73,107.68,1728.8,36.7,30.78,34.79,54.1,4.2,38.03,6,0.997,720,0.9,470.9
2417.2,88.91,96.65,1857.5,36.8,24.38,33.48,54.3,14.68,42.98,11.1,1.01,757,2.44,1054.2
4001.6,90.71,100.98,1991.8,44.7,46.41,49.04,65.4,30.22,75.01,11.8,0.992,901.5,3.99,1403.7
4855.4,61.12,62,2011.7,48.2,25.77,29.3,50.4,27.37,40.92,20,0.993,950.5,4.64,1675.2
3390.4,95.72,106.41,1929.3,44.7,67.9,71.59,79,28.93,96.64,6.7,1.009,979.9,2.55,1559.7
3456.8,95.33,104.57,1848.2,46.3,23.78,29.51,51,19.72,40.49,15,1.006,804.6,2.78,1491.5
1910.5,91.49,102.26,1805.4,39.3,28.65,31.62,53.2,11.56,43.47,10.6,1,716.4,2.18,937.6
3886.2,93.05,105.91,2065.2,46.3,63.06,68.13,77.5,32.59,95.52,11.5,1.016,1000.4,3.33,1434
1872.8,93.55,106.43,1894.9,37.3,30.82,38.15,57.6,11.13,41.31,10.3,1.009,743.1,1.75,974.5
2906.6,90.03,100.13,1971.8,48.9,42.81,47.25,63.6,20.58,67.18,9.5,1.004,809.9,2.81,1181.1
2264.8,89.1,96.5,1819.1,35.4,27.06,29.9,50.4,13.48,37.82,11.4,1.02,689.5,2.35,1038.5
4123.5,94.32,105.21,1908.4,48.7,17.42,19.7,46.4,19.73,27.93,17.1,1.019,843.2,3.12,1555.5
1585.5,92.02,100.28,1718.5,38.2,27.68,33.74,51.5,9.58,38.37,6.9,1.015,650.6,1.73,906.8
2718.9,91.68,99.88,1985.4,47.6,66.45,71.29,79.9,23.56,92.32,7,1.01,942.1,2.61,1242.9
3118.5,94.31,104.46,2009.1,41.7,69.99,73.8,83.5,27.68,103.6,5.9,0.985,963.6,2.75,1342.5
4719.8,96.68,106.16,1963.5,48.2,15.32,21.09,45.1,22.61,25.6,19.8,0.998,936.8,3.46,1770
2684.7,89.59,97.31,1853.9,36.4,28.7,37.89,55.6,17.72,53.3,11,0.993,782.1,2.99,1113.6
2283.2,87.23,97.83,1856.6,41.5,26.28,31.78,50.7,12.83,40.98,11.1,0.985,743.5,1.92,1172.2
1883.6,96.83,109.97,1975.7,44.3,54.96,60.57,72,15.29,76.3,7,0.996,801.5,2.02,984.3
2866.1,96.14,102.39,1877.3,39.8,19.46,23.87,46.4,15.75,36.39,14.9,0.994,727.9,2.97,1142.4
2400.6,91.67,102.7,1827.9,38.8,14.68,17.66,41.5,11.07,23.75,12.5,1.008,705,1.63,1100.1
3475.5,92.22,105.06,1952,46.3,29.98,35.2,53.6,20.73,50.54,14.5,1.011,825,2.76,1435.1
1985.8,90.82,98.79,1815.3,43.9,30.01,36.22,55.6,12.07,46.61,7.8,1.009,698.2,2.23,983.1
2664.9,91.41,103.52,1903.5,41.5,31.71,38.77,55.1,16.65,48.56,11,0.996,780.7,2,1215.1
2719,94.41,108.62,1962.5,43.6,41.97,47.66,63,20.05,65.45,11.1,0.998,790.6,2.48,1141.8
2601.6,90.73,100.5,1964.2,43.3,45.48,51.78,67,18.93,69.5,12.5,1.01,816.1,2.45,1192.6
834.8,56.52,59.66,1841.4,37.4,45.01,50.83,64.2,6.14,62.5,4.6,1.02,650,1.43,468.5
1837.6,92.5,104.54,1814.2,39.2,18.7,23.19,45.5,9.44,27.78,11.6,1.016,672.6,2.02,1011.5
2701.7,93.97,102.91,1823.8,41.1,16.72,20.29,44.8,12.93,29.57,14.5,1.012,733.8,2.23,1284
2619.8,88.21,95.64,1999.7,40.1,61.39,66.65,78.1,23.56,91.38,8.4,0.991,839,2.92,1065.2
3309.2,96.24,109.07,2009.7,40.3,25.49,30.28,51.2,18.17,42.31,16.7,1.021,822.2,2.32,1541.6
3663.9,91.27,98.8,2036,42.1,51.26,57.05,68.1,27.99,83.81,11.7,1.027,912.4,3.48,1419.5
804.1,89.71,97.21,1727.5,33,12.09,15.83,42,4,21.52,10.2,1.003,541.4,1.36,425.6
2635.5,93.25,107.09,2056,40.7,48.22,55.78,72.6,21.5,69.72,9.7,0.99,918.1,2.65,1130.1
2102.3,91.66,99.47,2041.7,39.4,70.42,75,80.2,19.18,89.65,4.3,0.968,937.3,1.64,1120.8
2769.5,90.02,99.46,2099.3,42.6,79.11,82.93,87.9,28.86,115.49,6.9,1.02,931.9,3.19,1109.3
4176.4,92.18,98.66,2030.4,46.5,35.25,38.26,58,27.46,52.77,15.3,0.952,1032.7,3.67,1632.4
2686,95.57,108.25,1855.9,41.9,36.09,41.08,59.8,17.2,50.81,10.4,1.025,790.6,2.65,1140.5
2232.4,89.79,101.45,1866.2,37,27.28,32.43,51.9,13.32,41.75,11.3,0.988,726.3,1.94,1082.9
835,85.02,94.82,1812.1,40.6,51.46,56.28,70.4,6.79,64.51,3.7,1.008,716.9,1.46,460.2
2088,92.37,103.54,1966.5,41,61.05,67.26,76.1,17.6,86.34,6.1,1.006,844.3,2.28,1007.9
2497.7,94.91,105.66,1991.6,43.3,56.18,58.57,71.6,18.24,72.91,9.4,1.026,846.5,2.18,1194.6
4404.1,94.2,102.87,2010.2,47.8,49.62,54.36,67.9,33.63,79.12,13.9,0.989,938.7,4.04,1456.1
2021.7,92.7,102.07,2091.5,35.9,77.21,80.5,86.8,18.72,98.35,5.5,1.011,887.5,2.11,1066.6
4097.7,91.16,100.36,2041.3,46.7,56.51,59.82,72.2,33.49,87.93,11.9,0.993,966.4,4,1458
2043.5,96.58,106.53,1925.2,39.3,41.23,46.22,62,14.32,55.69,8.6,0.999,770.1,2.24,1023.5
2397.3,64.18,67.2,1848.9,43.8,35.29,38.97,56,15.08,48.98,9.8,1.033,732.2,2.66,1063
2569.8,90.93,102.27,1897.9,40.9,32.65,35.79,55.4,16.12,50.1,10.6,0.993,794.8,2.73,1162.1
2386.9,92.55,103.11,1935.1,44.8,50.81,53.07,67,17.08,64.13,8.6,0.993,849.9,1.75,1164.2
3125.6,91.94,98.15,1999.1,49.7,51.34,56.49,70.6,24.17,75.83,8.8,1.006,900.2,3.01,1454.9
3417.7,89.19,100.05,1980.8,46.7,45.89,50.57,63.8,24.59,71.03,11.5,1.008,888.9,3.09,1492.3
2984.7,89.89,101.54,2078.4,50.8,61.17,65.75,75.5,23.88,90.24,9.3,1.001,919,2.79,1286.1
1787,91.62,97.75,1755.5,34.6,12.69,14.08,40.7,8.52,17.54,12.5,1.011,605.5,2.19,943.4
2744,88.13,97.13,1963,40.8,41.12,45.18,63.1,19.61,60.34,11.6,0.973,832.1,2.69,1202.4
1534.7,88.88,102.35,1897.9,36.7,50.38,56.08,68.1,12.26,68.75,5.8,1.017,736.7,1.69,884.1
2168.3,96.43,107.17,1830.5,40.1,28.31,30.17,51.3,12.78,36.93,10.8,1.001,726.5,2.23,1060.2
2382.2,95.37,108.95,1967.1,40.8,50.9,56.9,71,17.59,68.23,7.8,1.024,829.4,1.83,1179.7
2664.2,92.69,103.53,1986.1,40.1,54.46,59.75,72,21.85,82.42,9.2,1.006,855.3,2.3,1191.6
2347,89.1,95.82,2017.6,41.8,80.91,82.68,87.9,23.09,109.22,4.1,1.029,880.9,2.3,1078.1
2536.8,98.02,106.3,1959.1,37.6,68.15,73.04,80.9,22.24,91.44,5.7,1.008,927.6,2.08,1247.6
3186.1,87.36,98.23,1964.8,40,50.25,55.6,68.1,25.05,80.98,9.6,0.994,874.2,3.11,1312.6
2681.1,93.35,103.97,1941.7,42.2,37.36,41.25,59.8,18.05,57.14,11.6,1.003,798.2,2.61,1232
1988.8,92.51,101.03,1804.1,39.3,24.83,30.19,51.5,11.85,42.72,10.9,1.009,656,2.33,937
2131.5,89.64,95.72,1834.7,33.5,26.15,33.26,51.4,13.05,41.61,9.9,1.01,715.9,2.35,1007.5
2806.6,93.8,107.95,1845.2,40.3,22.58,24.71,47.6,14.02,30.77,13.5,1.011,761.2,2.29,1254.6
2871.8,95.9,105.65,1993.6,45.9,47.6,53.87,69,21.51,65.39,8.9,0.951,984.2,2.51,1328.6
2911.8,87.22,96.7,1880.1,46.7,33.3,40.38,57.1,18.82,54.26,9.1,1.002,814.2,2.9,1234
749.2,92.46,103.9,1838.9,35.9,62.53,66.96,77.6,7,80.73,1.6,1.005,742,1.35,426.9
2477.9,92.91,106.74,1765.9,41.3,10.19,12.29,38.3,10.87,16.14,13.4,1.024,724.2,2.02,1245.7
754.3,91.1,98.78,1700.9,37.5,27.73,30.82,50.5,4.37,39.43,5.8,1.026,554.3,1.39,431.2
2646.5,93.51,105.65,2004,42.1,64.79,71.77,79.5,23.24,92.3,4.8,0.989,926.9,2.37,1285.8
876.4,91.83,105.17,1893.7,37.8,57.53,63.62,73.7,7.51,80.04,4.2,1.003,712.8,1.46,455.7
2383.6,93.71,104.27,1862,36.4,43.44,47.89,64.8,17.97,62.38,9.6,1.008,778.3,2.18,1083.9
3065.6,95.31,104.72,2157.9,43,82.43,85.1,88.8,29.92,116.49,6,0.951,1011,2.53,1392
2465.6,87.04,97.53,1879.5,44.8,32.89,39.67,57.3,15.81,53.77,10.4,0.986,758.8,2.75,1065.8
3348.1,92.26,98.7,1946.2,43.5,34.08,41.06,58.4,22.07,58.17,12.4,1.005,863.2,3.04,1456.3
1951.6,94.39,102.83,1824.3,35.2,15.81,22.38,42.8,9.58,28.87,11.1,1.031,640,2.46,921.6
2126.8,90.76,102.05,1980.8,42.1,40.94,48.17,63.2,14.5,58.58,10.5,1.004,804.7,2.15,1088.3
2228.6,91.71,103.7,1901.6,37.9,44.96,48.62,64.1,15.25,61.81,8.5,1.027,793.6,2.17,1086.7
1962.5,92.55,100.99,1740.2,36.8,11.63,9.27,34.3,7.97,13.06,12.5,1.003,597,2.23,936.5
2360.2,91.01,99.21,1789.4,37.9,20.15,23.2,46.8,12.25,24.5,11.8,1.014,717.1,2.23,1095
2805.2,90.45,98.9,1815.3,45,16.35,19.62,43.2,13.99,26.73,12.5,1.025,713.8,3.12,1213.8
2315.2,95.77,104.97,1919.1,32.3,49.81,56.69,68.8,18.03,70.19,8.9,1.019,797.6,1.74,1163.3
1699.8,89.08,105.12,1800.6,35.1,24.95,31.73,52.7,10.36,34.97,9.5,0.989,721.5,1.53,962.9
771.3,87.97,99.06,1823.1,37.5,46.42,49.03,65.4,5.66,58.1,4.5,1.005,659.8,1.39,433.6
2624.4,92.33,101.83,1854.2,39.8,28.93,33.38,50.6,14.88,47.03,10.2,1.007,717.9,2.28,1151.5
2300.3,89.34,97.53,1991.7,43.4,56.02,62.15,73.5,19.01,79.69,6.7,1.001,843.3,2.55,1014.9
2469.5,89.33,100.74,2002.3,42.6,65.52,68.5,77,21.71,90.29,6.7,1.009,871.4,2.69,1084.4
2955.7,91.36,101.16,1916.5,36.9,27.4,32.56,53.5,17.54,41.93,13.6,0.992,804.5,2.71,1376
835.2,87.18,101.02,1857.2,32.7,44.07,52.32,68,6.11,59.9,4.9,0.993,712.6,0.94,508.1
3343.4,92.18,100.95,2044.6,48.9,51.19,57.56,71.1,27.91,84.27,10.4,1.02,881.6,3.37,1324.6
2866.3,87.69,94.63,1915.7,44.6,34.03,40.88,56.5,19,55.18,12.2,1.001,781.5,2.99,1223.6
3098.2,91.67,106.18,2015.8,45.4,64.94,68.3,80.1,27.11,92.42,6.7,1.014,952.2,2.6,1349.7
2451.8,87.72,98.17,2053.4,47.8,66.61,73.77,82.8,22.02,95.61,6.3,0.999,923.4,2.36,1085.7
3217.4,92.52,106.12,2073,46.8,80.49,83.28,89,32.18,116.34,7.1,0.99,1025.3,3.07,1417.4
2219.5,87.22,98.73,1933.7,37.4,50.53,55.77,68.6,16.62,73.89,9,1.011,796,2.33,1012.5
2557.3,90.34,97.96,1895.8,41.5,42.56,46.86,62.1,18.08,64.73,9.4,1.011,784.2,2.8,1055.3
1799.8,86.86,97.26,1789.3,29.9,24.28,29.48,51.3,11.15,38.94,10.2,0.99,659.1,2.11,910.4
3067.3,101.35,112.15,1885,41.5,24.95,31.93,51.5,17.87,39.16,11.3,0.948,877.1,2.41,1507
3081.7,54.76,56.15,1912.1,41.4,35.49,39,60.6,19.38,46.55,9.9,0.985,919.6,3.15,1451.6
2314.9,89.77,99.99,1840.6,43.4,26.92,31.66,51.6,13.82,41.4,10.8,1.017,747.4,2.6,1024.8
794.9,68.83,70.28,1824.1,33.5,40.96,46.4,62.9,5.59,56.13,6.1,0.974,733.6,1.12,488.1
3349.7,90.3,102.47,1758.5,41.4,16.56,19.02,41.7,15.42,28.96,13.8,1.013,738.1,2.76,1444.1
758,88.99,96.9,1608.7,34.9,8.43,10.98,35.9,3.19,12.41,8.7,0.99,576.3,1.32,422.6
2863.7,93.97,109.3,2031.7,48.7,68.82,71.62,80.3,26.26,94.97,7.7,1.015,940,2.64,1237.7
2083.7,93.5,99.55,1851.3,41.6,36.15,41.02,59,14.03,53.87,8.4,1.018,703.1,2.55,976.3
3414.1,94.77,105.04,1762,38.9,16.49,16.89,42,16.41,18.99,16.3,1.01,750.7,2.69,1464.6
875.4,92.2,101.16,1735.7,37.3,17.52,19.5,45.7,4.42,19.88,9.7,0.98,628.9,1.11,535
860.6,91.11,98.14,1740.1,34.8,32.97,37.48,55.7,5.6,51.23,7,1.005,593.3,1.54,437.2
2305,93.03,100.56,1865.5,35.8,27.05,30.78,52.4,13.31,34.73,12.6,0.999,747.9,2.15,1196.3
2154.2,89.82,97.78,1826,34.7,20.72,27.43,48.1,11.49,35.95,12.6,1.02,669.4,2.36,991.4
2148.4,94.25,104.94,1943.9,38.5,44.17,46.99,63.1,14.19,50.84,8,0.982,869.9,2.06,1105.3
2391.5,46.87,47.99,1843.9,38.1,21.11,24.31,46.7,12.58,27.79,11.5,1.008,764.2,2.72,1155.3
3812.3,87.54,99.32,2079.7,48.5,49.42,54.26,68.7,28.96,75.79,11.6,0.986,929,3.5,1481.1
1627.1,90.62,102.73,1893.7,36.3,38.21,44.19,61,10.86,49.94,7.6,0.976,792.6,1.71,918.6
2705.8,91.05,102.09,1931.7,48.2,37.38,43.07,61.4,17.6,54.37,11.5,1,821.8,2.11,1238.8
2219.5,88.06,98.7,1907.5,41,55.19,59.98,72.1,18.54,78.89,8.5,1.003,808.9,2.24,1038.8
1570.3,89.2,100.06,1828,40.2,41.44,46.86,64.2,11.78,57.75,7.8,1.019,708.7,2.18,872
2776.5,90.07,100.95,1849.9,41.3,34.18,40.35,56.9,16.97,53.87,11,1.01,806.9,2.78,1239.1
2682.5,94.04,104.81,2059.8,43.6,61.36,66.43,77.4,23.18,91.59,6.3,0.991,861.1,2.76,1151
753.7,91.44,98.11,1738.4,32,41.29,45.42,61.4,5.47,56.45,2.7,1.013,653.1,1.19,424.2
1758.9,88.11,100.09,1902,38.8,48.79,52.8,66.3,13.13,66.06,7.4,0.996,730.8,1.96,924.9
1638.3,96.15,110.79,1829.7,36,28.08,36.15,54.8,10.13,46.18,7.5,0.986,761.7,1.44,992
1805.9,92.97,100.42,1936.5,41,46.43,50.78,67.4,13.45,60.68,7.1,1.021,729.9,2.15,907.4
2739.8,93.6,100.79,1830.3,37.6,21.84,26.79,48.4,15.61,38.65,13.6,1.024,728.8,2.58,1157.3
2669.8,93.95,100.3,1941.3,41.9,31.17,37.72,54.7,16.97,52.16,12.2,0.999,768.4,2.87,1108
1816.1,66.41,64.1,1865.5,39.2,54.23,61.31,73,15.05,69.83,3.7,0.971,893.6,2.13,1032.5
3881.7,91.88,104.33,2090.7,48.9,74.15,79.65,85.5,36.39,112.29,8.1,0.992,1007.3,2.82,1568.4
4023.8,95.89,109.5,2046.1,49.6,52,56.62,70.3,30.35,74.36,13.1,0.99,1040.9,2.92,1732.1
2503.7,95.66,106.72,1953.8,43.7,44.46,50.14,66.3,18.01,63.13,8.4,0.978,882.4,2.21,1202.9
3220.6,88.24,100.89,1921.1,38.8,26.24,31.6,53.7,18.42,40.6,15.2,0.982,864.5,2.93,1346.4
2484,92.48,103.22,1872.7,31.7,37.02,44.01,61.8,17.51,56.91,10.5,1.039,759.7,2.63,1064.3
4506.5,99.33,109.34,2173.2,51.5,66.12,70.57,80.5,35.73,90.78,10.4,0.981,1143.7,3.55,1620.2
833.7,85.77,97.72,1831.4,35.7,40.48,44.78,59.8,5.72,53.26,4.7,0.981,690.4,1.37,472.9
3293.7,87.74,97.34,1880.6,41,15.75,18.39,43.5,15.88,25.07,15.6,0.996,754,3.03,1323.3
1797,93.66,104.9,1838.3,42.6,38.65,45.4,59.6,11.95,58.88,7.1,1.012,703.7,2.09,914.1
3607.9,93.02,101.38,2013.8,44,54.2,56.6,68.8,27.67,82.48,11.5,0.999,900,3.34,1440.8
3450.6,90.31,99.53,2004.1,46.8,42.96,47.79,62.5,24.07,69.13,13.4,0.998,855.9,3.5,1379.2
3037.7,90.86,99.3,2068.4,44.2,73.32,79.11,83.5,28.6,109.74,7.4,0.994,926.2,2.97,1233.1
2713.6,88.46,96.54,1916.4,43.8,37.56,43.25,59.3,18.31,57.76,9.8,1.008,777.3,2.89,1110.8
877.4,92.02,100.3,1755.8,30.8,16.87,21.78,44.3,4.35,24.48,8.8,0.973,680.2,1.13,487.8
2863.4,95.26,105.36,2079.3,44.6,65.53,69.76,79.5,26.11,88.06,6.9,0.973,932.8,2.51,1282.7
2637.2,92.86,108.07,1897.4,41.8,34.8,41.53,57.9,17.62,52.05,10.8,0.985,820.8,1.79,1274.4
770.7,95.8,100.59,1716.5,36.7,23.63,27.72,50.6,4.16,29.64,7.3,0.976,698.8,0.95,488.5
3010.2,90.16,101.58,1957.2,42.6,47.27,50.83,64.3,20.73,65.92,8.8,0.985,896.2,2.4,1397.4
2580.8,97.09,110.85,2031.8,42.4,67.01,69.5,75.9,22.14,91.33,6.1,1.013,886.3,2.33,1134.3
790.8,91.35,101.52,1780.3,35.5,32.19,37.91,56.8,5.41,47.7,5.9,0.997,629.5,1.32,423.2
868,90.68,100.63,1720.2,30.5,17.58,20.73,43.1,4.41,25.24,9.4,0.984,586.4,1.41,458.2
2766.4,91.03,101.32,1860.6,41.5,33.56,37.17,56,17.95,51.98,10.8,1.02,733.1,2.99,1178.1
2600,92.24,102.5,1777.3,46.4,12.6,13.65,38,10.76,16.46,12.6,0.994,649.9,2.67,1102.6
1929.2,93.34,99.22,1851.7,38.8,32.44,39.45,56.1,13.03,49.55,10.2,0.997,691,2.2,964.5
2332.1,90.42,98.77,2001.6,40.1,62.2,67.14,78,19.78,87.47,5.5,1.011,870.6,1.79,1062.4
2638.7,92.61,100.03,1898.1,41.9,42.98,51.14,64.3,18.74,67.95,9.6,1.027,816.1,2.51,1129
2472.6,93,102.12,1946.1,35.5,46.7,52.94,68.7,20.42,69.15,8.8,0.999,797.5,2.38,1111.4
1589.3,90.15,100.13,1961.8,36.9,57.17,64.05,75.5,14.21,82.27,5.4,1.008,759.4,1.98,910.9
2359.1,60.43,61.8,1775.6,38.7,17.51,19.78,42.6,11.55,24.04,11.6,0.976,680,2.58,1026.8
895.2,90.59,100.31,1812,36.7,34.65,36.46,56.9,6.05,43.89,5.5,1.002,619.2,1.72,464.2
2227.3,93.58,105.77,1887.6,37.7,40.59,44.88,60.9,15.04,53.94,8.8,0.973,789.6,1.78,1086.1
2429.4,97.94,108.37,2027.4,41.3,65.29,70.35,77.8,21.61,88.87,5.8,0.984,956.6,2.42,1166
1730.6,92.49,103.68,1893.3,36.4,48.34,55.43,70.5,13.05,64.27,5.6,0.988,826.4,1.99,944
2236.3,95.92,104.75,1964.1,39.3,52.08,57.97,71.3,17.69,73.54,6.4,1.026,818.9,2.13,1119.1
2560.2,92.26,102.99,2021.7,38,66.96,72.46,82.8,24.8,100.98,8,1.034,856.5,2.92,1103.3
3236.2,95.12,105.11,1884.5,44.3,43.09,50.78,65.6,24.31,69.5,10.9,1.044,894.9,2.79,1350.2
3423,93.7,102.34,2026.7,44.1,43.87,49.8,65.4,23.2,65.83,10.5,0.967,968.4,3.28,1535.9
3167.7,92.27,102.81,2068.2,44.5,66.4,69.93,76.8,27.43,92.24,8.5,0.981,950,2.76,1408
2326.8,93.98,103.03,1929.4,41,44.11,49.04,64.3,17.14,61.48,9.2,0.987,879.1,2.03,1089.3
2423.3,89.25,100.15,1933.7,34.4,46.25,50.27,65.1,18.58,66.73,10,0.991,772.8,2.52,1069.1
2594.7,92.48,98.95,1863.1,39.5,41.82,47.65,65.4,18.13,62.19,9.6,1.016,803.4,2.48,1114.2
2382,94.07,103.14,1825.7,39,19.85,21.88,45.4,12.29,31.88,14.1,1.02,675.9,2.2,1102.9
1605.9,89.88,100.92,1724.9,34.1,20.01,21.24,44.6,8.17,25.25,8.2,1.003,628.5,1.83,924.3
2243.8,66.11,69.83,1991.5,44.7,69.47,73.31,82.5,20.03,92.35,5,1.02,863.2,2.71,1015.7
2030,94.86,106.74,1821,38.2,10.29,11.23,37.5,8.87,11.23,15.5,0.999,656.2,1.85,1069
840,89.11,98.32,1825.5,36.2,35.14,40.36,57.1,5.71,49.6,7.1,0.985,620.9,1.57,433.5
2270.2,91.25,103.52,1917.5,39.5,41.66,49,61.9,15.17,57.06,9.4,0.988,843.5,1.7,1218
3163.1,92.04,105.24,1848.9,39,23.36,27.39,46.8,17.28,38.49,13.7,1.006,783.9,2.88,1253.4
2149.9,87.48,99.43,1926.5,33.7,52.15,59.49,71.5,18.27,80.44,6.2,1.003,798.5,2.37,1006.1
3457.8,92.57,100.71,1946.8,44.9,24,30.31,49.1,19.11,46.44,14.9,1.002,812.5,3.31,1362.6
720.4,91.11,100.73,1811.6,37.5,41.12,48.62,64.4,5.23,61.51,4.9,1.017,639.3,1.13,403
856.2,93.73,103.39,1619.4,33.1,14.21,14.69,39.5,3.76,15.91,8.4,1.03,564.6,1.33,494.1
3161.5,88.56,96.12,2086.3,45.6,58.38,64.12,75.6,27.09,91.25,10.9,1,888.6,2.95,1303.6
716.3,87.18,93.62,1903.7,36.7,62.17,67.83,77.6,6.58,88.19,2.6,0.998,692.7,1.44,379.3
3282.6,46.19,50.15,1932.7,48.1,36.42,41.58,58.1,20.69,60.67,11.2,0.998,849.3,3.14,1438.9
1801.3,93.37,105.63,1761,33.4,11.7,12.82,41.3,8.14,15.97,11.4,1.032,622.8,1.38,996.3
2808.8,87.72,98.24,1904.1,40.1,43.79,49.42,66.3,21.25,69.21,9.9,1.007,818.8,2.53,1212.3
3109.1,88,92.75,1927.1,43.8,28.82,34.83,54.3,19.99,51.34,13.6,0.995,787.5,3.35,1233.6
2051.9,94,104.99,1749.6,36,25.15,27.28,48.5,11.79,33.04,10.7,1.004,649.6,2.2,955.6
1961.6,87.64,97.48,1847.5,39.6,28.18,34.06,50.2,11.64,46.18,10.1,0.983,698.9,2.45,912.4
2381.7,91.92,103.7,1922.1,39.8,44.32,50.75,64.8,16.86,60.31,8.4,1.019,816.7,2.35,1081.5
1633.6,87.75,95.32,1896.8,37.9,42.8,48.33,63,11.98,65.43,8.1,1.038,700.2,2.08,895.8
1525.9,92.56,98.98,1831.7,35.9,30.84,34.22,55.3,9.57,41.8,10.1,0.968,758.7,1.65,949.8
862.9,94.94,105.84,1942.3,30.1,62.21,67.38,77.1,7.91,79.64,4.6,1.018,717.8,1.22,522.8
2680.3,89.99,98.21,2060.7,44.4,59.83,67.91,76.7,22.51,87.3,6.7,0.974,973.7,2.87,1198.8
893.8,90.92,98.77,1747.2,27.6,28.51,34.04,55.8,5.69,44.52,5.9,0.998,621.6,1.45,500.5
2265.9,91.92,102.62,1900.4,38.1,20.85,25.03,47.4,11.49,34.52,13.1,0.99,711.9,2.1,1054.1
3023.4,85.66,96.87,1891.8,41.1,19.99,22.66,45.3,15.45,29.92,12.9,0.941,853.8,2.56,1314.8
2095.3,91.55,101.18,1846.5,37.4,40.59,44.94,60,15.02,57.36,7.7,1,749.7,2.24,979.8
2135.5,97.38,109.53,1902.7,39.1,40.68,46.58,61.3,14.43,63.16,8.6,1.023,767.9,1.93,1061.8
2448.8,93.33,105.45,1862.7,42.3,47.25,52.49,69.2,17.66,67.29,7.9,1.016,803.4,2.04,1073.3
3557,95.53,108.3,2301.8,51.6,97.44,97.05,97.8,37.44,137.58,6.1,0.882,1078.9,3.29,1453.4
1995,88.02,96.74,1860.9,30.5,26.38,30.77,49.3,11.62,37.48,9,0.961,771.4,2.17,987.9
3855,53.92,53.4,1832.4,46.1,13.14,16.75,39.7,16.74,20.93,15.7,0.997,829.3,3.52,1489.7
732.6,91.49,102.2,1754.7,36.6,24.92,28.75,49.5,4.08,38.2,7.7,1.015,591,1.26,421.2
3512.9,93.7,106.77,1961.5,46,29.83,34.75,53.6,21.71,48.84,15.3,0.999,803.1,3.38,1361.1
3482.8,96.95,106.13,2304,44.1,94.5,93.95,94,34,127.31,8,0.926,1078.9,2.82,1509.9
3621.2,102.23,114.54,2063.4,39,70.45,76.79,82.3,32.94,106.53,7.9,1.003,985.9,2.83,1480.4
3492.6,90.36,99.05,1884.2,48.2,25.55,30.86,51.4,19.81,46.37,14.8,1.01,796.7,3.27,1389
852.6,93.41,100.57,1772.9,38.1,49.68,54.19,65.7,6.52,67.56,3.7,1.002,682.8,1.29,451.3
2801.1,87.31,95.93,1925,42.4,40.43,44.42,59.7,19.4,63.4,11.7,0.99,767.7,3.11,1162.2
2677.9,87.83,96.55,1966,50.6,55.4,61.19,72.6,21.53,84.03,8.6,1.009,871.1,2.91,1164.9
2673.5,92.41,99.47,2057.4,42.8,83.81,84.71,90.4,27.49,110.97,5,1.012,952.4,2.96,1161.6
2334.7,94.9,107.99,1925.7,45.2,40.3,45.65,62,16.98,59.27,8.3,0.991,783.7,2.27,1039.8
2609.5,91.98,102.77,1984.2,43.3,58.88,62.6,74.3,22.56,83.37,8.2,1.03,860.9,2.9,1128.1
2787.8,90.08,96.88,1824.5,39.3,19.03,22.26,44.6,13.69,29.68,14.1,0.986,727.4,2.79,1220.9
2223.4,90.26,103.5,2033.1,45.5,59.65,62.65,73,17.75,76.14,7.4,1.007,882.4,2.13,1063.7
3237.6,91.53,99.3,2034.8,44.9,56.12,61.54,72.7,26.7,89.89,10.5,1.005,883.5,3.27,1248.5
2112.8,42.53,46.11,1862.5,39.6,36.14,42.02,58.4,14.27,55.16,9.4,1.021,756.9,2.64,1038.8
2009.7,88.38,92.72,1993.2,36.6,58.32,65.8,76.5,17.99,88.03,6.2,1.016,797.5,2.28,934.4
3969.5,89.67,102.14,2101.7,47.8,82.37,85.45,90.4,36.51,116.78,7,0.891,1075.2,3.2,1554.1
2220.7,89.14,92.61,1893.9,38.3,44.94,49.57,62.4,15.57,59.79,9.3,1.017,780.8,2.26,1090.7
3222.6,95.28,107.55,2116.7,46.9,59.4,64.36,74.8,24.94,85.83,10.2,0.986,961.3,2.53,1549.4
3936.1,97.25,107.93,2107.6,47.9,77.76,79.37,86.6,37.36,108.83,9.7,0.993,1062.3,2.96,1690.2
2511,89.31,97.88,1991.5,41.4,66.57,68.86,75.7,22.09,94.31,6.9,0.993,846.3,2.84,1035.2
3015,94.75,102.32,1838.3,42.1,23.59,25.97,47.8,16.84,35.67,13,1.004,791.4,2.97,1349.5
2653.9,93.37,103.13,1892.4,38,31.24,38.55,56.6,16.94,54.91,13,1.012,785.6,2.71,1127.4
2941.5,94.41,106.31,1931.1,40.3,42.49,51.09,66.2,22.03,64.23,9.8,1.009,941,2.46,1408.4
3057.7,94.33,101.65,1879.4,47.2,23.45,28.69,49.8,17.22,38.14,13.1,0.986,763.8,2.64,1281.8
1855.7,95.03,104.37,1854.7,39.6,28.16,28.76,51.8,10.95,40.64,9.5,0.953,791.8,2.12,979.3
3325.2,91.44,98.65,1885.5,40,24.01,29.51,49.1,19.34,43.93,13.5,1.003,811,3.29,1307.5
2793.9,96.06,101.69,1919.1,37.3,36.21,40.07,56.3,17.69,52.73,12.5,1.007,761.8,3.05,1150.7
3177.5,97.36,107.08,1831.1,41,36.56,41.95,61.3,21.26,57.35,10,1.015,897.9,2.71,1387.5
4073.6,94.69,102.24,1899.8,41.7,31.83,36.56,55.9,25.25,50.68,15.8,1.036,899.2,3.11,1696.7
4343.5,90.68,97.78,2090.2,45.1,45.79,51.07,66.4,32.11,76.92,15.5,1.001,961.4,4.08,1454.6
4395.4,94.04,102.84,2064.4,46.2,54.16,57.13,71.1,35.96,78.53,14.4,1.012,956.1,3.87,1448.8
2030.6,89.95,100.32,1925.3,39.4,37.41,42.13,60.3,12.89,51.96,10.4,0.993,783.6,2.07,1043.7
2455.8,90.54,98.49,1868.5,42.8,44.98,50.98,64.6,18.57,70.17,7.5,1.028,776,2.44,1129
1651.4,90.45,105.7,1719.2,35.5,17.86,20.8,44.3,8.65,26.85,10.5,1.016,639,1.8,911.9
3600.2,96.85,108.88,2024,45.1,46.5,50.95,66.9,25.29,69.71,13.2,1.009,901.5,2.9,1520.3
747.6,91.8,102.64,1797.9,34.8,31.2,35.09,52.4,4.53,39.23,8.4,0.975,649.7,1.46,435.2
3425.7,90.68,101.79,1942.3,43.5,31.97,37.05,55.7,21.85,52.84,14.8,1.021,820.1,2.76,1450.5
2222.2,89.58,102.52,1901.8,39.7,28.89,35.45,53.9,13.45,45.4,11.9,1.024,756.1,2.18,1085
3151.3,87.58,97.53,1887.5,44.4,13.53,16.09,40.2,14.34,23.28,16.1,1.014,723.5,2.96,1312.4
2944.2,93.4,101.09,1931.2,38.2,35.63,42.07,58.6,20.01,54.49,12,1.007,833.3,2.91,1254.5
1961.2,93.65,102.78,1882.9,36.5,51.88,55.82,69.8,16.02,74,5.1,1.033,801.4,2.02,1033
2022.8,95.54,104.69,1784,36.8,16.27,23.16,46.7,10.19,26.78,10.4,1.003,701.8,1.99,1006.1
3415.4,90.97,96.53,1918.4,41.3,25.58,30.06,50.7,19.84,41.3,14.7,1.02,793.3,3.1,1397.7
2378,86.76,97.5,1716.6,40.3,15.13,21.62,45.6,12.06,29.14,10.4,1.012,731.3,2.52,1102.8
1676.6,95.39,102.71,1813.3,38.4,33.87,38.99,58.7,11.39,49.26,7.8,1.006,682.3,1.72,943.4
2465.3,94.9,108.03,1941.6,36.6,47.95,52.1,67.8,17.76,61.37,7.3,0.99,912.4,2.18,1273.9
2744.3,92.37,107.51,2122.5,46.2,65.18,71.49,81.1,23.21,87.33,7,0.943,1070.5,2.22,1251.1
2169.8,94.24,102.1,1919.9,40.1,50.97,56.52,68,16.66,69.51,7.4,1.008,770.7,2.54,1024.5
3626.5,94.41,106.32,2180.1,44.5,67.16,73.24,81.4,30.78,96.38,8.8,0.952,1119.3,2.78,1560
880.1,86.78,96.82,1783.7,35.3,27.84,31.32,49.8,5.2,40.48,6.6,0.991,584,1.39,441.7
1787.2,93.11,103.56,1755.2,34.6,13.38,16.42,39.8,8.12,18.82,11.8,1.013,661,1.85,1022.8
1985.7,95.06,102.16,1910.3,34.9,49.57,53.34,65.1,14.61,65.02,9.2,1.011,766.6,1.87,1016.5
2533.2,66.11,66.51,1770.5,43.7,10.97,12.24,37.4,10.58,16.41,14.3,1.001,655.2,2.87,1122.6
2909.9,93.95,106.71,2047.6,39.3,65.87,68.8,77.5,26.07,97.27,8.9,1.005,889.1,2.95,1194.1
3204,90.68,103.15,2107.8,45.3,64.13,67.89,77.1,29,94.74,9.6,1.002,943.2,3.15,1274.3
2648.3,92.69,101.94,2024,43.2,50.26,56.81,69.5,20.86,76.02,9.5,1.007,838.2,2.67,1143.7
842,65.95,63.2,1794.1,33.5,47.6,52.68,68.7,6.72,63.21,3.3,1.003,707.7,1.66,457.7
1706.4,98.83,109.19,1983.2,41.2,76.1,79.34,86.3,15.84,94.28,3.7,0.999,888.7,2.28,994.6
2162.6,88.27,99.02,1857.2,42.4,26.79,33.13,52.6,13,43.55,11.5,0.98,727,1.74,1044.5
723,90.68,99.19,1704.9,28.3,15.34,16.79,42.1,3.58,18.94,9.4,1.019,541.3,1.18,409.7
1959.8,92.39,102.28,1812,36.7,21.49,27.24,48.2,11.21,35.59,10.4,0.998,676.9,2.06,952.1
1844.2,91.64,103.83,1940.3,39.2,62.52,68.52,75.2,16.05,88.63,5.2,1.008,831.3,2.1,932.4
2889.7,92.41,104.62,1937.1,44.4,65.78,69.62,79,25.34,96.59,6.5,1.033,865.9,2.66,1269.8
2653.7,89.64,100.28,1927.5,35.5,41.9,48.29,65.7,20.54,65.12,9,1.006,820.5,2.79,1170.6
2188.7,89.5,100.3,1888.4,42.4,40.63,47.99,65.8,15.87,59.86,7,1.005,810,2.23,1038.5
837,88.17,96.78,1724.9,33.8,23.47,28.95,49.6,4.92,33.8,7.4,1.002,593.3,1.56,485.6
2286.4,91.08,97.68,1855.3,42.2,29.69,33.08,53.3,13.28,43.54,11,1.01,781.7,2.51,994
2427.3,95.8,109.91,1882.7,42.4,25.9,32.98,55,13.66,43.72,11.6,0.998,793.3,1.84,1124.6
1906.3,90.63,100.23,1871.1,36.4,31.47,39.49,60.7,12.83,47.16,9.1,1.003,737,1.57,975.4
2739.2,95.46,102.34,1972,38.9,59.17,61.99,71.3,22.63,84,8,1.005,878.6,2.66,1237
1545.9,92.35,99.12,1736.5,38,18.67,20.73,42.7,7.54,27.53,10,1.009,609.7,2.17,873.9
853.7,87.57,100.36,1785.1,34.2,22.56,27.33,46.9,4.83,32.56,10,1.021,545.9,1.43,438.2
2156.2,92.15,100.04,1900.7,42.2,43.46,49.59,63.6,16.23,65.37,7.1,0.987,766.8,2.5,951.5
2195.4,91.82,104.64,1997.3,39.7,75.01,77.62,83.3,21.16,103.8,5.1,0.995,846.7,2.25,998.6
2331.1,91.21,100.5,1801.2,35.9,17.02,19.61,44.5,11.53,22.95,12.7,0.983,728,1.86,1148.1
1962.7,92.6,102.92,1891.4,36.8,45.64,50.54,63.8,14.86,66.22,8.8,1.003,731.5,2.23,936.9
2543.9,90.79,100.47,1756.1,33.8,14.77,19.39,44.2,13.26,24.33,13.3,1.013,695,2.63,1071.9
1788.9,92.31,103.79,1839.2,34.8,28.44,35.09,52.1,10.71,40.86,7.4,0.963,852.1,1.85,972.5
1732.2,45.53,44.44,1852.3,37.5,39.25,46.17,62.1,12.27,54.52,6.9,0.991,769.6,1.65,1008.8
3224.6,58.38,57.91,1944.6,41.3,31.51,36.6,55.7,20.55,55.86,13.1,0.982,792.5,3.68,1300.5
4269.4,99.74,111.09,1947.7,43.9,36.79,39.22,55.8,25.55,54.25,16.3,1.013,912.1,2.77,1594.5
866.5,83.98,93.61,1666.6,33.1,13.67,16.19,42.6,4.53,23.05,8.1,1.007,533.4,1.42,437.4
821.9,89.22,96.93,1841.4,32.7,37.79,44.56,60.5,5.93,51.34,6.7,0.994,625.3,1.28,440.1
2048.5,89.13,98.51,2051.4,41.2,72.05,77.62,84.7,18.65,100.06,6.6,0.993,866.5,2.25,1001
2533.6,96.64,105.84,1837.9,39.3,18.31,21.94,45,12.77,29.05,12.1,0.98,739.2,2.09,1141
2390.6,92.61,103.57,1956.4,40.2,46.86,53.02,68.2,17.2,65.87,8.6,0.99,863.6,2.2,1235.1
2780.3,93.22,103.44,1841.8,37.8,31.96,38.26,57.4,18.56,53.96,11.5,1.028,789,2.35,1207.8
2894,89.72,99.58,1810.5,43.4,15.94,17.25,40.6,13.39,24.36,15,1.01,702.5,2.89,1227.7
2764,88.77,98.05,1877.2,38.3,39.17,42.4,60.4,19.65,58.77,10.4,0.997,781.8,3.15,1116.9
2135.4,91.22,100.82,2038.2,43.5,71.97,74.59,82.8,20.54,96.39,4.4,1,856.6,2.38,1001.7
866,88.44,98.9,1696.3,31.4,15.93,18.89,42.8,4.26,23.19,8.3,0.994,574.5,1.29,484.7
1956.2,94.3,106.85,1758,39.5,22.84,28.21,50.5,11.62,33.33,8.6,1.017,727.1,2.09,1063.2
1788.1,94.35,102.26,1976.2,39.6,59.06,64.74,76,15.43,79.5,5.4,0.975,799.3,2.03,1022.3
709.2,87.72,93.94,1835,34,46.19,51.3,62.7,5.46,63.3,5.4,1.009,632.9,1.7,375.6
717.8,89.79,101.49,1696.3,30.2,17.94,21.07,49.1,3.77,22,8.3,1.026,570.6,1.39,439.4
3055.2,92.21,101.15,2062.1,48.3,57.94,68.06,77.9,24.61,92.38,8.5,1.018,997.7,2.68,1349.7
2693,90.08,101.38,1988,41.2,54.75,56.39,68.9,19.7,71.92,9,0.991,884.2,2.43,1196.2
3923.4,95.41,105.41,2045.9,52.5,56.47,61.58,73.7,30.64,86.92,10.4,1.026,953.2,3.5,1531.5
3531.1,93.94,102.1,2067.4,44.5,65.2,67.9,78.8,30.81,96.14,8.4,0.992,943.8,3.31,1466.4
3843.6,89.35,99.35,2080.9,41.8,52.65,58.62,74,32.57,83.59,12.1,0.992,951,3.25,1519.2
2792.4,94.19,102.99,1977.6,38.1,57.88,62.1,75,23.5,84.34,7.6,1.024,865.9,2.04,1280.3
2774.3,90.11,98.05,1869.7,38.2,21.13,27.65,48.7,15.27,39.8,14.8,1.001,749.1,3.13,1142.3
3349.9,93.16,101.57,2078.9,41.6,59.07,66.66,77.8,26.98,85.75,9.5,0.973,1010.9,2.62,1545.8
2283.1,41.36,38.86,1798.1,40.8,20.16,23.18,45.2,11.74,28.65,11.8,1.001,718.6,2.7,1113.8
2386.7,93.21,102.11,1751.6,37.9,22.55,24.92,46.9,12.59,31.09,12,1.005,698.2,2.49,1079.8
2643.4,93.21,102.17,1859.2,40.8,28.28,35.21,55,16.5,49.68,11.8,1.033,752.5,2.51,1128.6
796.5,93.43,105.69,1725.9,36.7,33.5,35.86,56.7,5.19,40.29,4.6,1.006,642.3,0.99,474.8
2254.3,58.42,55.77,1902.8,38.8,39.4,45.07,61.6,15.86,57,10,1.011,760.1,2.44,1061
2483.4,92.61,103.56,1780.9,41,18.01,20.13,42.5,12.46,25.77,12.4,1.009,688.3,2.38,1125.6
3686.3,92.42,99.42,1950,41.6,33.99,39.44,58.5,24.52,54.62,15.1,1.019,839,3.64,1370.7
3872.8,90.94,97.3,2112,44,72.17,77.32,83.9,37.25,111.05,8.2,1.005,988.9,3.88,1468.1
5000,66.01,68.38,2026.1,47.4,24.47,30.93,54.6,27.68,35.81,17.3,0.974,1029.7,3.35,1806.4
2413.6,89.53,102.29,2004.4,38.2,59.08,63.5,75.2,20.51,82.82,6.3,1.014,842.9,2.17,1148.8
3165.9,92.74,104.19,1886.5,41.7,35.29,41.61,58.5,21.41,57.25,11,1.037,856.9,2.57,1456.7
3782.3,94.51,101.87,1952.3,42.5,30.44,36.4,54.9,23.09,53.13,13.9,1.009,862,3.43,1415.1
2383.2,93.63,101.24,1989.8,37.6,54.01,60.87,73.1,20.24,77.27,9.6,1.004,835,2.51,1087.9
1759.8,91.35,101.09,1887.1,40.4,37.98,44.26,61.5,13.1,55.73,9.6,1.004,678.2,2.06,869.4
1563.7,90.12,95.44,1819.4,32.8,32.82,39.85,56.3,10.76,48.8,8.7,1.022,672,2.09,847.8
1921.1,92.29,104.53,1809.9,35.7,27.71,34.05,52.7,11.48,43.73,9.7,1.001,737.1,1.86,1038.9
2482.8,93.73,103.96,1887.2,41.2,28.62,36.02,56.7,15.56,43.57,9.7,0.976,866.2,1.97,1212.7
1884.5,58.6,57.44,1881.2,40.6,49.82,55.8,70.2,15.08,72.35,4,1.006,785.5,1.88,987.9
1687.7,67.92,69.73,2011.8,41.1,61.67,66.39,76.1,14.32,83.63,5.7,0.979,853.5,2.25,1002.1
2218.3,88.96,101.08,2011.2,37.1,52.1,58.05,70.2,18.04,71.45,8.7,0.938,932.3,2.23,1078.8
2652.1,90.83,99.39,1830.9,41.6,13.1,19.47,43.6,13.15,27.37,14.9,1.016,675.6,2.71,1145.3
2066.5,91.61,101.52,1831.8,39.7,23.95,28.43,48.7,11.74,36.87,10,0.996,699.5,2.24,1029.5
1414.2,87.3,98.27,1855.2,35.6,34.64,39.21,56.9,9.68,49.04,8.2,1.015,672.9,2.11,802.8
2459.7,88.97,94.08,1811.5,32.4,15.64,17.81,42,12.07,22.15,14.1,1.01,730,2.9,1069.2
2298.8,92.11,100.86,1792.6,39.6,17.5,19.65,43.1,11.57,22.74,12,1.015,672.8,2.67,963.5
2940,88.37,95.91,1828.9,43.6,13.03,12.56,38.6,12.95,17.67,15.3,0.995,709.8,3.47,1199.7
2865.6,98.05,106.83,1820.9,43.2,20.64,25.62,46,14.99,33.59,13.4,1.02,745.2,2.93,1237.5
1908.5,87.83,96.68,1810.7,34,31.46,35.03,55,12.09,41.82,8.7,1.026,733.9,2.25,1026.5
1754.3,95.98,105.63,1954.9,35.8,72.69,76.84,85.9,16.71,94.26,5,0.999,859.3,1.61,1013.4
2291.1,89.54,95.32,1894.1,36.6,50.57,56.04,68.7,17.36,71.34,7.9,1.005,808.8,2.68,1072.1
2437.8,93.8,102.82,1903.7,42.7,45.64,55.34,69.3,17.97,68.95,8.3,1.025,824.9,2.4,1125.2
2302.7,90.87,102.4,1799.6,42.5,23.89,25.41,48.8,12.21,27.8,12.8,1.002,725.1,2.21,1154.3
1499.7,93.71,101.79,1739.7,32.5,15.08,19.45,43.2,7.9,21.23,9.8,1.004,593.3,1.9,853.7
3478.3,94.38,107.23,1948.1,50.4,67.66,72.94,79.9,29.03,94.24,5.4,0.953,1119.4,3.08,1608.8
1961.6,92.65,99.1,1810,36.3,21.19,26.74,49.8,11.22,29.54,11,1.007,738.4,1.9,963
2573.7,86.9,97.97,1854.9,41,30.95,37.47,52.9,16.35,49.04,9.8,1.014,738.1,2.81,1051.5
763.6,89.66,100.23,1892.1,32.6,54.32,61.51,73.9,6.21,63.86,2.9,0.994,791.3,1.18,484.6
1856.5,54.99,58.43,1844.5,31.1,30.2,36.81,55.3,11.72,47.12,9.8,1.012,771.4,2.35,979
3127.6,88.94,100.22,2105.3,43.7,81.07,81.45,89.3,30.94,112.32,7.4,0.997,969.4,2.65,1351.1
747.6,91.83,102.66,1680.5,30.8,20.48,19.97,43.7,3.93,22.28,6.9,1.019,543.3,1.24,410
2062.5,91.09,100.5,1903.7,41.3,45.51,52.01,65.9,15.43,61.33,6.9,0.968,842.6,2.08,1099.5
3093.6,92.18,102.62,2024.8,47.7,61.96,64.56,76.4,26.98,91.22,9.6,1.002,900.8,3.05,1298
2785.2,94.52,105.03,1823.9,39.3,17.27,25.36,47.1,15.44,35.53,11.8,0.987,743.1,2.99,1171.4
2124.9,89.76,96.37,2018.9,44.7,60.28,64.17,72.4,17.88,86.24,7.8,0.99,795,2.43,960.1
2791.2,92.35,96.16,1845.5,40.1,26.72,31.09,50.2,15.54,40.67,11.3,1.01,779.9,2.5,1225.4
1340,89.04,98.77,1797.6,33,18.53,23.64,46,7.15,25.87,10.2,1.008,625.8,1.59,788.7
1994.7,93.88,101.54,2022.1,41.4,72.28,76.33,83.8,17.84,90.24,4.2,0.971,956.6,1.45,1076
2710.7,67.76,71,1923.1,41.9,28.47,33.11,54.2,16.57,43.6,12.5,0.994,794.9,2.71,1180.8
1913.2,93.33,104.12,1820.4,41.1,25.16,31.55,49.4,9.96,38.49,12.4,0.989,717.6,1.62,1050
2565.8,94.55,108.31,1866.3,38.3,31.85,36.74,55.7,16.19,45.18,12.1,1.01,746.1,1.68,1152.9
2718.2,92.38,105.37,1927.5,38.8,44.43,47.42,63.4,20.23,60.76,9.7,0.984,839.5,1.92,1284.6
2166,93.34,102.41,1848.6,46.4,21.14,23.5,46.1,10.91,28.95,13.3,1.016,732.7,1.88,1110.6
2489.8,95.22,103.25,1865.3,34.2,33.41,40.25,58.9,17.04,55.01,9.4,1.006,776.1,2.13,1080.1
1562.5,89.24,102.62,2025.8,41.1,67.48,71.92,80.5,14.57,90.07,5.1,1.016,818.1,1.94,883
769.2,90.97,99.49,1843.4,36.5,50.59,50.05,65.3,5.96,61.91,4.4,0.998,657.7,1.29,427.8
2571,90.42,99.89,2014.1,42.2,60.62,66.99,78,23.12,92.25,6.9,1.019,865.7,2.59,1094.4
2050.4,97.94,112.48,1796.7,36.2,26.07,28.78,50.9,11.08,37.08,10.6,1.02,703.2,1.51,1083.4
3421.7,51.08,53.46,2070.9,47.4,67.39,68.77,79.8,27.27,92.21,8,1.004,983.4,2.85,1573.8
3045.5,91.42,100.76,2005.8,40.9,46.42,51.05,66.6,23.6,74.08,11,0.979,831,3.08,1233
2389.8,95.26,110.82,2058.3,40.1,77.07,79.35,86.8,21.84,93.56,4.7,0.999,959,1.63,1150.8
1685.9,92.79,99.21,1888.9,38.3,50.67,55.24,68.9,12.9,66.75,7,0.999,776.3,1.99,939.6
3127,91.78,100.74,2034.4,45.1,55.84,61.67,71.4,25.2,87.69,10.9,1.007,884.2,3.06,1339.4
1964.7,98.7,109.75,1765.2,30.4,8.46,12.05,37.7,8.49,13.85,13.3,0.971,718.6,1.63,1020.2
2515.5,96.94,107.48,1921.1,46.2,41.03,49.56,63.9,17.83,65.74,8.5,0.991,844.9,2.45,1138.7
2835.9,91.91,98.8,2041.4,43.6,62.77,68.31,78.6,24.91,95.72,6.6,1.012,887.6,2.78,1200.1
2302,91.25,97.95,1788.4,37.4,17.52,20.88,41.8,11.47,27.38,12.8,0.993,679,2.7,1021.7
2306.5,87.51,95.67,2024.5,39.1,80.17,81.88,88.7,21.8,100.62,3.8,1.031,896.2,2.38,1025.9
2447.4,91.62,99.45,1839.9,41.9,23.46,28.41,50,14.11,38.08,10.6,1.016,719.4,2.46,1088.7
2300.6,93.46,101.94,1816.3,37.4,26.58,30.21,51.4,13.67,39.56,9.8,0.997,712.6,2.46,1042.3
2649.7,93.37,104,1824.2,38.6,17.91,22.62,46.5,13.54,28.93,14.4,1.01,707.4,2.81,1109.6
877.6,96.5,108.93,1775.1,35.9,39.24,45.84,63.2,6.12,54.17,5,1.011,673.2,1.05,484.2
3158,92.13,100.15,1809.8,42.3,17.36,21.03,41.1,14.38,27.5,14.3,1.014,766.2,3.2,1310.6
2990.2,54.91,54.52,1897.7,37.9,46.83,54.17,68.5,23.31,74.93,8.9,1.022,865.2,3.39,1356.6
3924.5,92.3,107.85,2056.5,41.6,47.16,53.87,66.8,29.03,76.93,12.5,0.997,952.5,3.1,1600.5
714.6,92.56,108.27,1722.8,36.3,16.84,22.21,45.3,3.48,24.04,7.8,1.012,620.8,0.93,430.6
3941.1,91.86,99.9,1865.2,42.5,23.68,24.77,44.1,20.26,34.56,16.4,1.005,810.1,4.06,1420.7
3226.4,91.74,103.61,1921.6,45.3,40.79,45.05,59.4,21.54,64.49,12,0.999,820.7,3.11,1344
740.5,95.03,108.55,1673.1,32.4,22.72,25.06,48.3,4.11,26.29,7.4,1.021,611.9,1.1,466.2
3362.6,94.37,101.88,1865.4,46,31.52,39.13,58.9,21.31,49.91,13.3,0.999,865.6,2.61,1540.8
869,92.57,99.96,1907.5,40.1,48.23,54.76,71.1,6.79,68.55,5.5,1.019,683.5,1.33,507.8
3649.7,47.02,48.99,1860.9,40,10.76,15.56,41.2,17,21.46,15.8,1.009,785.2,4.17,1486.9
763.2,90.8,98.41,1738.2,34.4,27.2,32.03,51.8,4.48,39.57,7.8,0.995,604.1,1.26,430
1776.7,94.15,104.72,1887.7,36.1,41.37,47.79,62.4,12.23,58.65,9.8,1.02,751,2.25,925.6
2570.8,48.01,47.89,1813.5,40,13.09,15.58,41.4,11.63,17.86,14.2,0.999,728.8,2.66,1191.7
1921.8,91.17,100.13,1831.3,39.6,37.51,47.16,64.1,13.53,56.49,8.1,1.017,736.7,2.07,984.6
1970.3,92.18,101.57,1895.4,39.2,64.12,66.82,79.8,17.24,81.96,3.1,1.007,855.9,2.28,1070.4
1769.7,99.35,111.04,1795.2,38.3,61.8,63.1,76.2,15.13,74.2,2.7,0.983,835.7,1.86,995.9
3714.6,95.81,107.13,1975.8,43.2,42.13,45.8,61.8,24.79,64.06,13.2,1.009,871.2,2.97,1566.5
1797.1,91.54,99.74,1870.3,34.7,39.56,45.02,63.8,12.86,54.44,9.3,1.002,728.7,1.95,990.6
2634.4,88.01,92.21,1899.3,39.7,36.23,42.68,59.8,18.47,61.6,9.6,1.01,774.5,3,1078.9
3323.1,91.4,100.45,2160.1,48,88.66,91.93,94.8,33.41,129.39,6.1,0.936,1027.2,2.88,1528.9
3913,88.77,95.54,1927.7,43.7,30.06,36.38,56.3,24.89,53.27,14.1,0.992,833.5,3.73,1410
2608.1,94.52,108.46,2003.8,43,51.6,55.57,69.2,20.93,75.28,10.7,0.98,826.5,2.69,1198.5
3368.5,65.01,66.03,1849.5,46.8,29.61,33.8,53.8,18.92,46.45,12.6,1.017,813.9,3.43,1360.6
3356.1,88.58,98.62,2083.4,47.9,59.16,62.65,74.2,27.75,90.66,10.2,1,915.8,3.11,1337.3
3084.4,93.8,103.23,1926.4,42.3,56.03,59.03,73.8,24.76,81.26,8.9,1.005,899.3,2.26,1337.4
2836.7,97.67,107.19,1831.9,32.5,26.64,35.22,55.1,18.21,44.23,10.8,1.028,795.3,2.18,1353.1
3261.3,94.23,108.65,1878.3,39.8,23.75,27.95,50.3,18.27,38.23,13.9,1.004,799,2.65,1418.9
1576.3,88.8,97.34,1777,38.3,23.82,25.16,47.7,8.71,32.47,8.2,0.991,660.9,1.89,901
2046.9,87.29,97.25,2027.1,35.1,67.55,72.01,79.9,19.5,93.35,7.6,1.008,807.5,2.48,966.2
2996.4,68.64,72.55,2002.8,45.4,48.54,55.32,66.1,22.76,78.17,9.4,1.025,857.4,3.39,1253.4
3979.7,101.27,111.52,1881.9,40.3,27.55,33.48,52,22.66,42.22,13.6,1.001,991.1,2.94,1724.4
2760,96.2,104.52,2004.8,43.8,58.42,63.55,73.1,23.34,85.74,7.9,1.012,878.3,2.63,1170.9
3237.6,94.8,103.41,1834.2,42.1,14.17,20.81,44.1,16.24,29.45,13.4,1.012,771.4,3.21,1350.9
2821.4,89.1,97,1783,39.5,10.72,11.36,35.1,11.24,18.36,15.6,1,691.9,2.7,1236.5
3106.6,96.94,103.42,2010.3,48,62.87,65.32,74.3,26.72,93.36,9.4,1.016,902.2,3.05,1280.5
2299.7,40.9,38.93,2018,37.3,63.2,67.18,76.7,19.96,92.2,6.8,1.022,812.6,2.94,1005.9
2576.5,94.31,103.71,1953.2,38.7,48.07,53.14,70.4,19.42,65.08,9.2,0.99,858.8,2.38,1138.7
3198.7,93.82,109.81,1963,45.1,49.85,56.74,65.9,23.56,79.65,10.1,1.008,857,2.99,1347.1
2535.4,93.47,103.35,2029,46.5,67.73,72.05,80.1,22.89,97.7,7.5,1.006,913,2.81,1082.2
2966.4,90.76,99.61,1967,46.8,71.36,74.15,83.1,27.18,102.42,6.3,1.009,902.5,2.98,1300.9
2575.8,94.49,104.34,2030.6,44.8,61.17,68.54,77.5,22.26,91.17,8.7,1.034,874.3,2.44,1108.4
2600.5,97.91,108.26,2076.7,46.1,75.8,80.65,84.6,25.17,108.36,5.4,0.983,894,2.51,1091.5
2381.8,68.58,65.83,1894.6,36,34.22,40.64,57.8,16.2,54.27,11.5,1.008,757.4,3.16,1024.2
2801.4,90.21,98.12,2040,40.3,65.22,71.07,78.4,25.71,99.39,8.3,0.995,876.2,2.92,1162.3
2124.9,91.26,100.97,1792.5,38.4,22.96,23.8,45.5,11.61,37.01,10,0.994,671,2.45,1007.8
3174.8,93.14,105,2109.1,39.7,71.93,76.34,85.5,30.98,99.77,7.2,0.981,1024.2,2.51,1481.3
2518.7,87.2,98.51,1860.3,38.9,35.64,42.84,59.3,17.27,58.84,8.9,1.01,779.6,2.42,1118.7
2477.5,91.44,99.41,1849.9,39.2,19.81,24.73,45,12.9,32.45,11.9,1.01,674.9,2.67,1048
2551.4,91.25,101.89,1983.9,45,57.95,62.48,72.4,20.31,82.97,8.1,1.016,847.5,2.09,1128
5000,91.4,99.93,1964.1,52.1,26.62,27.12,47.8,25.91,35.22,18,1.049,908.4,3.9,1608.1
3166.9,90.32,94.85,2028.5,48.9,70.16,75.68,83.1,30.08,107.46,6.3,1.02,922.2,3.35,1228.2
718.3,91.23,98.55,1697.5,34.4,22.61,26.94,47.2,4.05,34.9,6.1,1.019,565.1,1.33,377
1970.4,91.68,103.69,1917.9,42.5,58.62,62.3,74.5,16.04,77.36,6.7,1.021,856.3,1.58,1081
2383.2,91.04,103.4,1906.2,44.2,27.38,34.47,54.5,14.5,42.35,10.8,1.001,776.1,2.15,1081.4
2941.5,95.48,106.06,2010.3,43.2,62.07,66.43,74.2,24.16,90.21,8,0.992,876.7,2.71,1282.6
711.3,94.65,106.9,1732.4,32.5,32.35,35.09,53.4,4.35,42.02,6,1.022,609.1,1.31,418.4
1956.3,89.67,100.44,1806.4,32.2,24.23,30.37,50.9,11.61,40.61,8.7,1.013,677,2.02,981.1
3324.4,42.95,45.01,2092.1,44.3,59.56,64.13,75.7,26.03,82.03,11.7,1.007,998.4,3.09,1535.1
3000.5,90.2,103.71,1885.7,38.1,19.02,23.14,45.4,15.25,31.05,13,1.002,791,2.29,1401.9
879.1,91.8,99.11,1885.9,32.5,52.96,60.73,70.7,7.17,77.37,2.9,1.021,716.4,1.4,468.8
2121.6,92.14,99.1,1933.3,42.1,44.52,49.62,67.1,16.65,61.91,8.7,1.019,777.4,2.36,985.2
1644.3,93.39,101.55,1754.2,40.1,13.77,18.41,42.2,8.2,22.97,10.8,1.016,620.2,1.96,894.1
2819.3,91.51,99.21,1867.9,41.7,31.2,35.89,56.7,17.1,47.31,9.7,1.004,801.7,2.74,1276.3
2834.5,89.38,100.74,2026.7,42.5,65.99,71.19,81,25.4,92.98,7.9,0.986,923.6,2.59,1216.7
3029.8,99.3,108.99,2100.1,46.2,73.43,78.92,86.3,28.96,104.39,6.5,0.962,1039.4,2.68,1401.1
2967.2,92.16,101.1,2038,44.7,62.56,68.67,77.6,25.6,98.87,7.7,1.007,883.6,2.91,1261.6
2214.5,92.01,101.01,1963,41.9,67.36,72.06,81.8,19.14,86.57,5.2,1.017,888.6,1.7,1156.3
1905.1,93.55,102.58,1801.6,37.7,21.87,25.7,49,10.54,32.93,9.9,1.003,707.4,2.12,1063.4
1576.1,89.07,99.31,1754.1,35,24.39,28.7,47.4,8.84,33.92,9.9,1.012,672.5,1.85,998.1
3250.7,96.29,105.63,2011,43.8,48.74,53.01,66.2,23.31,76.98,11,0.993,918.9,2.67,1401
2788.9,91.16,102.71,2018,41.9,50.28,57.88,69.3,22.14,79.47,9.7,1.009,855,2.63,1157.8
817.5,95.23,106.6,1745.3,34.3,31.2,34.49,54.1,4.92,39.56,7.1,1.02,653.4,1.18,471.2
2360.4,92.48,101.17,1922.4,41.5,39.07,44.77,60.1,15.21,59.19,10.1,1.006,805.8,2.44,1123.8
1942.4,91.32,102.24,1935.2,33.4,35.85,40.36,59.8,13.46,47.35,10.9,0.993,769.8,1.96,1069.9
2114.5,89.46,97.92,1887.1,39.1,36.42,43.7,58.6,14.2,59.89,9.8,1.015,731.5,2.14,985.7
1639,88.67,98.45,1664.6,37.5,7.79,9.77,35.1,6.56,10.29,10.5,1.006,596.6,1.74,925.9
2713.6,96.06,107,1925.6,48.1,45.74,51.44,66.6,18.89,64.9,10.3,1.027,848.8,2.65,1250.4
3081.5,89.99,99.3,1873.9,38.3,14.74,16.69,42.5,15.19,25.38,17.4,0.983,697.5,3.06,1227.2
2261.4,90.69,103.34,1991.6,41.7,57.77,64.55,74.4,18.77,82.92,5.5,1.019,838.6,1.73,1102.8
1743.7,88.46,101.94,1704.3,41.1,15.05,16.95,44.1,8.71,21.25,11.7,1.005,627.8,1.74,969.3
3103.2,91.84,101.2,2008.4,48,52.28,58.42,70.4,24.68,79.78,9.1,0.982,924.6,2.7,1394.3
3211.4,93.51,100.6,1899,42.3,29.88,34.22,53.7,18.94,47.02,13.1,0.99,854,3.14,1480.3
852,92.27,103.35,1728.4,35.8,15.25,22.03,43,4.48,30.21,10.3,0.994,522,1.38,429.9
1919.7,89.46,94.96,1929.7,41.5,46.19,51.23,65.8,14.48,63.55,6.6,0.991,821.4,1.86,988.9
3307.7,93.07,103.28,1975.8,40.8,45.17,49.22,64.5,23.44,64.39,11.2,1.008,904.6,2.9,1419.6
1722.8,93.24,100.45,1806.6,41.1,25.5,31.65,52.4,10.02,36.15,12.4,1.022,649.8,2.07,894.7
2081.4,94.39,104.76,1852.2,33,19.07,22.36,46.3,11.2,29.27,12.3,1.003,716,2.2,1100.9
717.4,94.88,101.57,1802.3,34.5,31.03,38.55,54.7,4.46,43.25,7.9,1.021,631.5,1.2,421.3
3545.8,95.23,105.4,2118.5,47.4,74.98,83.22,89.9,34.87,113.64,8.3,1.011,1027,3.16,1479.7
2094.1,94.79,101.16,1816.6,37.9,14.23,20.27,42.8,10.22,27.79,12.1,1.005,700.7,2.3,1026.1
2615.9,97.85,109.16,1799.5,39.6,11.84,14.72,40.1,11.47,18.3,13.2,0.991,737.3,2.33,1177.2
2208,91.23,102.37,1757.7,42.5,9.01,10.93,39.5,9.74,13.96,13.5,1.004,659.2,2.04,1082.5
2269.8,92.06,102.92,1835.6,44.4,52.55,57.38,68.3,17.7,69.58,7.3,1.012,811.8,2.2,1096.5
2859.5,92.09,102.81,1780.1,42.8,12.76,13.1,42.7,13.45,18.98,15.4,1.017,721.3,2.9,1259.5
2596.4,87.31,98.72,2022.8,41.3,71.43,75.36,83,24.77,105.59,6.7,1.002,852.4,2.75,1099.4
3528.1,92.23,103.12,1864.4,46.9,11.26,9.68,35.1,13.35,11.03,15.8,0.969,787.9,2.57,1515.4
1903.9,91.2,100.75,1778.1,36.1,19.4,20.29,42.9,10.02,26.37,9.5,0.978,644.2,2.27,922.4
1985.1,91.5,99.82,1837,36.8,30.32,35.25,54.7,12.87,44.73,10.1,1.004,709,2.09,966
2384.5,92.81,100.5,1801.9,43.6,26.2,31.32,51.3,13.09,38.46,10.4,1.015,761.1,2.49,1094.5
1960,96.31,104.08,1873.6,38.4,50.12,54.34,67.1,15.02,68.38,6,0.992,795.4,2.07,993.7
2300.1,92.26,102.73,1822.4,37.6,22.84,26.93,48.9,12.79,33.94,12.5,1,698.4,2.46,1040
2302.5,91.75,100.97,2007.6,42.8,66.94,70.52,80.7,21.48,93.23,5.5,1.003,868.6,2.41,1048.5
1756.1,93.38,102.82,1991.8,41,64.3,69.94,77,15.36,82.89,5.2,1.026,806.9,1.92,958.4
1612.8,68.4,70.85,1794.5,36.1,18.06,25.14,47.8,8.75,27.5,10.2,0.989,669.1,1.75,951
898.7,87.43,97.94,1704.8,33.3,18.25,20.52,46.5,5.03,27.19,9.3,1.01,539.2,1.67,450.8
2057.7,93.59,103.29,1761.9,41.2,27.68,31.2,50,11.89,39.2,9.2,0.999,686,2.28,1072.2
3698.5,87.75,100.66,2026.5,44.2,57.5,63.87,74.9,30.54,93.97,8.9,1.014,938.7,2.87,1514.8
723.6,63.24,63.77,1734.9,36.4,38.5,39.19,58.4,4.72,49.31,5.5,0.996,674.1,1.63,457.4
2984.5,93.46,107.57,2026,39.8,56.81,62.47,75.5,25.58,83.83,8.7,1.01,884.3,2.42,1321.3
4251.2,94.92,106.24,1978.5,49.8,30.2,34.66,55.2,25.31,48.56,15,0.993,917,2.96,1446.3
2742.1,93.04,103.41,1800,37.5,14.44,14.67,42.7,12.82,16.03,12.9,0.935,848.2,2.66,1312.1
1207.8,89.62,101.28,1816.7,28.4,25.63,29.38,53.8,7.1,30.59,8.9,0.969,752.2,1.68,705.3
2659.8,91.27,100.05,2149.8,45.8,84.06,87.8,92.2,27.59,119.99,4.4,0.9,939.2,2.75,1114.3
877.9,88.89,99.75,1840.4,31.1,46.38,53.19,67.7,7.14,69.46,4.2,0.997,659,1.52,447.6
3786.1,92,100.68,1975.3,47.1,52.85,56.41,71,31.73,80.77,13.5,1.005,897.2,3.6,1447.4
2142.1,91.82,101.73,1938.2,44.4,54.02,59.56,71.8,17.56,77.5,8.1,0.97,784.3,2.01,1022.3
2763.2,64.56,63.57,1983.1,38,53.58,58.5,73.2,22.1,77.65,10.4,0.994,871.5,2.72,1299.9
864.8,48.14,48.14,1759.6,34.8,37.71,40.79,58.2,5.77,46.54,4.1,1.019,624.9,1.57,452.3
730.1,92.37,98.51,1868,34.3,49.57,53.58,67.7,5.64,59.78,4.9,1.003,707.2,1.3,430.9
1754.9,94.7,106.23,1788.2,31.3,22.46,26.54,50.6,10.12,31.65,10.8,1.006,681.4,1.54,995.7
811.1,92.79,100.09,1849.1,31.1,44.44,50.56,64.4,6.33,58.45,3.3,0.992,729.5,1.35,483.8
2444.6,90.13,96.94,1924.3,43.7,47.68,55.52,69.4,19.53,74.67,8.6,1.01,789,2.81,991.1
1774.7,88.74,99.73,2092.1,43.4,75.35,79.83,87.4,17.18,99,5.9,1.004,873.3,1.97,958.2
3112.7,91.04,101.66,1960.4,48,29.74,32.66,52.9,17.35,41.1,12.9,0.968,931.5,2.51,1457.3
3526.6,98.53,103.98,1887.6,45,22,26.52,48.2,18.7,38.24,16.2,1.014,811.3,3.06,1440.4
1828.4,92.41,104.87,1929.9,40.3,42.53,49.23,63.7,13.4,58.08,5.6,0.987,793.4,2.03,988.5
815.8,95.65,103.84,1728.7,30.9,20.31,26.28,50.4,4.59,27.37,8,0.982,673.1,1.28,453.8
2793.1,92.64,103.12,1987,41.2,59.26,65.18,73.9,22.99,89.19,7.7,1.004,899.4,2.54,1196
2356.4,90.75,102.23,1883.3,43.2,38.28,44.26,58.6,15.73,57.39,8.7,0.988,770.1,2.06,1119.4
1986.8,92.43,102.2,1939,40.6,53.84,58.78,68.6,15.47,74.34,5,0.985,784.9,2.37,949.5
3444.5,93.71,103.22,1973.2,43.3,37.38,44.21,62.6,24.68,66.01,13.8,1.003,835.5,2.86,1386.6
2899.3,92.51,104.86,1882.2,41.1,50.68,55.52,69.8,22.19,69.98,7.3,0.981,906.6,2.49,1346.8
3338.2,92.71,100.55,1885.3,41.5,24.71,28.7,47.8,18.36,36.46,14.8,1.025,817.4,3.27,1440.5
791.7,89.41,96.57,1807.3,34.6,29.43,30.53,53.3,4.78,36.47,9,0.991,691.6,1.2,469.3
2062.8,93.36,100.58,1991.9,40.2,44.7,52.45,64.5,15.5,68.46,7.9,0.99,797.1,1.93,1032.9
2545.3,96.88,106.82,1991.8,40.2,49.17,54.23,68.2,18.89,71.95,8.1,0.987,820.9,2.18,1104.9
4355.1,89.92,97.67,1939.2,46.9,15.1,22.21,44.8,21.99,26.78,18.7,0.993,827.6,4.42,1459.6
837.9,91.63,99.14,1766.7,30.3,27.68,34.14,56.3,5.17,42.98,7.3,0.991,669.9,1.25,486
3361.3,91.4,100.53,2045.9,47.7,56.2,62.75,72.2,25.8,94.99,10.4,1.027,903.8,2.98,1360.5
1919.7,92.23,102.07,1788.4,39.7,21.45,29.52,49.7,11.32,34.9,11.2,1.008,656.9,2.37,925.8
2917.3,87.87,94.91,1909,42.1,37.72,40.65,57.2,19.27,58.27,10.5,1.009,804.6,2.92,1192.5
1861.5,95.96,105.27,1800.8,41,10.84,16.5,39.4,8.33,20.49,13.6,0.983,628.3,2.17,958.4
858.7,94.17,105.79,1649,27.1,10.31,10.4,37.9,3.99,15.52,10.2,1.024,549.9,1.24,461.5
1702.1,90.54,103.26,1956.9,37.2,70.48,72.13,76.5,14.76,89.83,4.8,0.998,829,1.87,918.9
3072.4,86.92,97.38,2055,42.8,63.57,68.78,76.4,26.64,99.9,9.2,0.996,924.9,2.97,1244
4979.8,58.43,58.57,2335.9,55.8,92.71,93.32,95.5,51.45,125.69,11.8,0.893,1150.7,5.17,1572.7
2645.4,92.22,106.06,2064.2,45.3,71.82,75.14,82.5,24.58,104.65,5,0.988,878.8,2.49,1124.1
2503.7,90.36,97.78,1992.7,40.3,50.56,57.13,69.8,19.02,74.48,9,1.006,851.4,2.75,1091.3
858.6,51.2,54.65,1748.6,32.8,20.96,25.22,49.5,4.73,30.14,9.2,1.003,616.2,1.47,523.7
1922.1,93.82,103.36,1909.7,35.2,52.46,58.26,68.5,15.51,73.05,6.2,1.012,783,1.95,943.3
3596.1,95.67,107.98,2028,48.9,51.02,55.5,68.4,25.84,72.56,11.5,0.98,1063.5,2.76,1560.9
866.5,89.43,99.77,1890,30.2,54.71,61,73.2,7.57,79.83,3.2,0.998,709.5,1.3,447.1
1765.5,89.33,98.76,1929.9,38.2,44.98,50.88,63.5,13.48,62.96,8.9,0.998,745.8,2.27,897.7
1728.4,94,101.27,1871.5,37.9,33.4,39.36,59,11.81,49.09,7.7,0.999,684.7,2.28,922.1
1989.6,92.37,99.69,1846.9,37.6,33.51,39.93,59,13.57,47.66,10,1.014,750.2,1.91,1059.1
3150.7,95.54,106.35,1908.4,41.5,44.35,51.12,66.4,22.34,68.41,10,0.985,917.2,2.04,1506.1
2755.9,92.91,104.66,1918.2,36,20.53,25.22,47.6,14.66,34.41,13.6,0.978,777.8,2.15,1251.4
2636.6,89.41,102.09,1950.3,37.3,29.89,34.82,54.9,16.05,41.01,10.8,0.953,884.5,2.35,1237.9
2330.9,86.5,95.57,1868.8,36.9,30.13,33.71,52.6,14.3,47.16,10.6,0.989,739.2,2.52,1011.4
2551.7,52.84,54.91,1853.1,42.6,27.27,32.76,52.8,14.41,41.3,10.1,1.022,735.1,2.56,1130.9
1792.5,88.73,96.99,1936.6,38.9,65.85,68.75,79.2,16.39,88.2,5.3,1,773.2,2.36,878.1
1915.1,88.91,100.21,1819.2,40.3,36.46,41.14,57.6,12.85,57.21,8.5,1.015,701.4,2.1,960.8
3561.5,90.29,98.49,2048.8,48.6,65.03,70.16,76,30.48,104.38,10.5,0.995,919.5,3.46,1401.1
730.6,89.31,99.75,1852.6,31.5,44.92,51.2,65.4,5.82,64.6,4,1.012,660.4,1.29,402.6
2594.6,90.06,101.48,1773.3,36.2,12.5,16.21,42.5,12.12,19.79,13.2,0.993,797.1,1.76,1310.5
2530.5,95.87,107.53,2049.3,43,68.51,73.2,82.6,21.41,91.38,6.8,1.006,957.1,2.04,1177.2
2951.3,91.46,99.39,2023.3,35.9,50.69,56.98,67.2,23.56,81.55,10,1.002,872.9,3.08,1209.5
2859.8,92.44,103.08,1791.5,45.4,9.23,10.45,39.9,11.96,15.59,15.6,1.034,686.5,1.97,1257.2
2170,98.87,111.5,1994.1,38.9,65.14,70.37,80.5,20.96,90.39,6.5,0.993,872.1,1.84,1069.5
3221.5,92.28,103.78,1939.6,38.9,19.59,25.88,50.3,18.59,38.19,15,1.001,836.6,2.72,1435.8
2908.5,89.26,101.33,2006.7,42.3,64,67.94,77.2,26.06,92.22,8.7,1.015,892.4,2.44,1245.9
2397.4,89.06,97.16,1951,33.2,43.04,47.7,63.2,17.66,60.95,9,0.98,866.7,2.5,1062.8
2703.5,91.65,103.1,1879.6,45.4,29.11,34.15,53.1,16.16,46.14,12.3,1.019,753.8,2.72,1136.6
2843.2,90.6,97.84,2035,46.9,65.87,69.27,78.6,25.23,92.64,7.4,0.997,884.3,2.72,1233.3
4631.1,96.15,107.03,2011.5,48.6,29.94,36.34,54,25.89,46.83,16,0.989,993.3,2.91,1657.5
3700.1,90.27,103.55,1957.1,41.1,41.38,48.37,62.6,27.61,71,12.4,0.995,864.1,3.33,1423.4
3283.5,93.52,101.79,2113.4,49.9,89.77,90.87,92.2,32.37,121.06,4,0.904,1086.5,2.44,1549.1
3945.1,91.88,103.51,2035.8,43.8,67.55,70.1,79.4,34.1,97.44,10.7,1.033,997.5,2.84,1559
3532.2,94.09,105.78,1949.3,45.1,37.19,44.06,62.6,24.84,63.04,11.3,1.023,859.2,2.9,1448.1
2494.2,91.7,100.92,1935.4,39,47.23,55.45,69.7,19.25,75.3,8,0.98,844.9,2.33,1088.6
3727.6,93.73,104.78,2090.1,45.1,51.87,60.13,72.8,29.8,84,11.6,0.994,946.2,3.07,1483.6
3242.7,91.73,100.49,1842.5,39.4,21.31,25.17,48.7,18.21,35.54,12.7,0.998,785.5,3.25,1341.5
2807.7,93.44,100.24,1787.7,35.7,16.32,18.41,43.5,14.13,23.24,13.2,1.003,727.9,2.6,1250.7
820.9,85.38,96.95,1713.4,29.1,15.63,15.63,40.1,3.84,18.84,10.5,1.002,553.6,1.41,451.6
1839.5,91.21,104.85,1924.7,41.2,66.51,72.49,79.8,17.04,90.83,3.6,0.991,822,2.12,928.2
1844.9,43.54,43.9,1883.5,39,48.52,53.98,67.9,14.66,65.52,8.1,0.966,784.4,2.8,932.9
820.9,89.69,101.94,1861.6,27.2,42.14,47.25,62.3,5.71,51.93,5.7,0.986,765.5,0.83,482.2
2596.5,90.21,100.4,2079.3,42.3,70.76,73.68,80.3,23.49,104.6,7.8,0.993,872.6,2.75,1067
4108.5,94.74,106.22,1909.6,45.2,20.49,21.74,47.6,20.77,28.85,16.7,0.976,945.9,2.52,1746.7
2607.7,91.56,102.66,1926.9,45.4,49.38,56.14,68.3,20.05,76.34,8.9,1.014,802.7,2.86,1081.6
3264.9,63.38,64.08,1827.3,42,13.86,15.96,41,14.39,23.72,14.5,1.012,753.4,3.24,1425
3142.8,94.71,105.59,2058,43.5,80.93,82.96,90.1,31.95,117.46,6.8,1.001,953.7,2.27,1382.9
2391.4,89.58,100.57,1878.9,33.9,39.21,43.1,59.2,17.49,58.81,10.1,1.003,761.1,2.63,1039
2812.7,97.17,109.22,1860.9,38.5,17.05,20.54,47.3,14.16,27.31,12.8,1.003,767.1,2.62,1297.4
2540.4,92.36,103.11,1920.4,37.3,41.56,48.06,66.6,18.07,62.97,11.3,1.006,836,2.49,1110.2
2529,56.4,56.8,1871.5,40.5,32.77,40.75,59.4,17.5,53.49,10.1,1.011,783.2,2.84,1087.4
3351.6,92.23,102.85,2040.5,48.1,76.06,79.09,84.7,31.69,116.01,7.5,1.005,982.6,2.97,1414.9
3284.9,93.71,104.2,2023.1,54.6,54.28,58.29,70.7,24.67,81.13,11.2,0.998,924.4,2.72,1401.6
2806.3,92.34,103.33,1913.9,45.9,40.15,47.33,62.7,18.87,65.41,10.7,1.015,802.2,2.93,1209.4
3472.1,95.41,104.23,2051.6,43,49.24,54.44,69.4,27.47,77.56,11.2,1.006,907.7,3.3,1371.9
2344,88.33,96.74,1916.5,41.9,36.64,41.36,60.5,15.4,52.53,10,1.025,764.2,2.41,1080.4
1416.9,89.18,97.93,1770.2,33,25.07,30.93,49,8.74,41.31,10.2,1,620.2,2.16,756.5
790.7,90.01,98.19,1801.3,32.3,22.41,30.43,51.3,4.88,37.78,7.6,0.987,565.3,1.28,418.3
2655.3,91.11,99.36,1892.9,45.3,26.17,31.51,53,15.41,43.89,12.5,1.012,766.7,2.6,1156.6
2895.9,94.38,105.96,1946.3,39.4,45.66,50.37,65.1,20.54,65.81,10.6,0.988,875.4,2.14,1400.2
3016.3,93.11,102.34,2071.8,42.2,62.44,71.43,80.4,27.32,100.72,8,1.002,914.7,2.96,1246.3
4400.8,96.94,107.83,1923.2,42.8,22.66,26.33,48.9,22.53,37.6,17.3,1.029,890.5,3.03,1528.1
3658.6,90.1,100.75,1997.6,43.6,52.61,60.79,73.3,29.56,82.12,11.2,0.997,947.9,3.41,1439.5
2696.3,95.07,103.54,1963.8,40.8,66.05,68.8,77.2,22.09,89.33,8.5,1.007,894.7,2.3,1218.9
2793.7,89.74,98.44,2017,42.1,62.22,66.35,76,24.41,93.24,9.6,1.015,876.3,2.84,1161.2
2357.8,95.74,104.55,1929.9,42,39.93,47.82,64,16.79,62.27,9.6,0.999,814.1,2.48,1137.6
827.3,90.44,99.83,1762.2,29.5,29.05,36.4,54.7,5.7,47.95,6.9,1.006,586.9,1.57,418.9
3517.5,90.08,100.32,1907.4,43.6,32.27,40.63,57.8,23.15,59.26,13.2,1.034,843.6,3.17,1398.8
4063.2,96.23,103.56,2029.4,40.6,41.82,47.78,62.5,26.51,66.21,13.2,1.01,943.8,3.8,1537.1
5000,89.23,94.87,2179,56.6,74.07,79.51,85.8,45.63,105.77,12.9,1.001,1091.2,4.77,1520.5
871,91.23,98.89,1671.7,26.1,10.77,11.68,38.6,3.86,14.27,9.4,1.02,524.6,1.21,471.8
3028.3,96.97,107.33,1969,42.8,72.76,77.62,84.4,28.64,104,6.5,1.006,969.3,2.6,1322.9
1709.7,63.85,67.3,1845.3,30.5,40.75,47.26,63.5,12.87,57.58,5.7,1.01,737.6,2.24,971
780.7,92.83,99.71,1675.7,32,20.45,21.45,42.6,4.08,23.81,7.8,0.981,536.9,1.41,424.8
3587.4,91.98,99.45,1989.2,47.5,39.79,42.9,58.8,23.25,56.12,12.9,0.973,958.6,3.15,1562.9
2984.1,90.01,98.56,2005.8,46,52.93,59.59,71,24.3,84.15,9.4,0.975,854.4,2.89,1172.5
3859.4,40.44,42.1,2042.2,48.9,58,64.65,74.7,31.2,93.17,11.5,1,961.6,3.58,1546.3
1925.7,92.76,105.71,1855.3,42.6,28.85,35.41,53.5,12.4,43.51,10.9,1.012,689.4,2.13,943.5
2079.9,91.35,98.86,1781.2,39.6,18.59,24.85,46.6,11.16,32.08,11.2,1.014,664.7,2.62,986.2
3201.3,88.17,95.35,2017.1,42.6,57.97,61.93,71,25.68,88.15,7.9,1.016,888.3,3.49,1270.1
2035.7,89.29,100.5,1951.1,42.2,43.66,48.27,63.5,14.16,59.57,9.9,0.982,823.9,1.88,1019
2363.9,93.63,106.36,1844.1,32.6,23.03,27.15,51.3,13.29,34.71,12.6,0.963,854.1,2.17,1106.8
2122.3,97.02,107.82,1841.4,40.4,34.34,38.86,58,13.09,45.83,9.5,0.979,843.7,2.08,1139.8
792.2,91.36,101.2,1824.2,31.5,55.53,62.29,73.3,6.56,73.7,3.2,1.004,714.4,1.52,434.9
2954,96.07,105.13,1974.6,42.7,52.48,55.51,69.8,23.26,71.64,8.9,0.953,932.5,2.39,1392.4
2952.1,86.94,98.09,1906.1,42.4,29.91,37.22,56.9,18.01,49.25,10.5,1.027,790.9,2.71,1259.1
3418.8,90.51,98.24,1984.1,40.4,45.51,49.74,65.5,25.89,68.79,10.9,0.991,851.9,3.27,1371.3
1969.1,92.49,103.64,1941.4,41.8,51.7,57.57,70.7,14.69,64.24,6.3,1.006,807,1.86,1089.4
2774,93.15,103.31,1856.9,42.5,25.68,26.55,48.6,14.75,34.19,14,1.028,725.2,2.34,1191.9
837,89.53,101.44,1781.5,30.8,30.9,34.77,55.6,5.31,43.2,5.7,1,643.5,1.24,490.7
3279,90.77,104.28,2103,48.1,78.46,82.68,87.9,30.83,116.36,8,1.034,977.1,2.97,1425.9
2016.8,90.69,104.33,1813.7,41,56.74,59.86,73.2,16.12,75.87,4.6,1.027,803.3,1.89,1061.4
2364.4,99.64,107.92,1809.5,43,23.42,29.24,50.9,13.38,39.09,11.2,1.001,701,2.07,1056.3
2499.1,92.14,103.92,1919.1,39.9,54.78,60.11,72.4,20.74,78.22,5.6,1.025,874.5,1.7,1203.5
1897.9,91.36,98.59,1795.1,40.9,14.1,19.55,42.4,9.34,22.3,10.9,1.002,639.8,1.93,951.8
2734.5,91.6,100.33,1986.2,41.7,49.32,54.89,69.6,21.22,73.39,10.4,1.013,833.3,2.66,1184
737.3,88.74,99.49,1695.8,34.5,19.6,22.8,43.3,3.8,30.48,8.4,1.015,549.1,1.31,413.7
2002.2,65.98,64.21,1767.3,33.6,21.71,24.71,46.5,11.05,30.14,10,1.003,658.6,2.75,948.8
2451.4,92.51,102.25,1865.7,39.8,28.36,33.65,54.4,15.61,43.58,12.1,1.001,759.1,2.43,1150.6
1734.3,93.81,107.89,1969.4,36.5,66.91,73.3,83.6,16.08,92.82,5.6,1.014,828.6,1.67,992.2
1981.5,90.41,103.83,1794.5,36.5,27.01,31.51,52.5,12.01,40.97,11,1.008,732.2,1.97,984.4
831,94.67,106.3,1694,31.9,13.53,16.24,44,4.43,21.55,9.5,1.002,518.7,1.34,457.9
2368.6,95.18,107.33,1985.4,41.8,57.71,65,75,19.54,82.98,7.7,1.019,869.1,1.81,1155.2
2985.3,86.62,95.06,1848.1,42.2,20.52,22.58,44,15.91,33.55,14.4,0.995,741,2.96,1181.5
2092.7,98.87,109.16,2027.9,41.9,57.7,63.87,76.3,16.77,78.37,6,0.996,919.2,1.86,1136.1
2850.1,55.54,54.12,1882.6,40.7,21.21,28.63,50.4,16.29,39.44,13.1,0.997,751.7,3.21,1152.8
3782,91.88,100.07,1899.8,48,28.2,32.55,50.2,20.8,50.56,14.3,1.033,838.5,3.83,1433.2
2725.4,58.59,60.69,1923.7,49.4,33.01,39.58,56.8,17.18,52.77,10.9,0.993,835.8,2.65,1245.2
2489.1,87.89,92.23,1762.2,33.8,21.1,24.74,46.6,13.57,31.68,11.7,1.016,731.5,2.44,1109.2
1437,94.96,100.98,1828.7,32.6,22.95,26.84,48.8,8.18,34.25,10.3,0.996,755.7,1.21,868.4
2469,87.51,95.43,1781.3,41.1,7.94,11.87,37.1,10.34,14.74,13.3,0.975,654.1,2.54,1047.3
3439.5,93.6,102.46,1913.6,40.5,26.19,32.16,52.3,21.43,49.11,14.5,0.99,818.9,3.12,1364.8
2690.8,87.26,100.18,1933.7,41.7,34.17,37.24,54.4,16.13,50.47,12.6,0.987,813.9,2.58,1141.6
3317.3,69.21,71.97,2123.6,43.4,74.8,77.58,85.6,29.91,102.26,8.5,1.007,1040.1,2.59,1518.9
731.8,93.59,101.87,1805.5,33.8,52.17,54.66,67.5,5.86,66.58,3.6,1.014,650.4,1.61,405.9
3083,97.45,108.84,1917.9,47.4,49.43,55.09,69.2,22.58,77.55,8.5,1.036,884.5,2.5,1405.6
1227.4,93.6,100.77,1857.2,31.5,24.49,30.38,49.5,7.01,34.62,8.1,0.954,734,1.47,741.2
2284.4,91.53,100.13,2011.6,39.4,72.07,72.76,80.1,21.56,94.66,5.4,1.003,849.5,2.67,989.6
2749.7,93.96,105.18,2084.1,42.1,69.82,73.56,80.3,24.97,103.17,7.4,1.015,911.3,2.83,1180.4
784.2,91.27,102.12,1709,29.5,21,23.45,43.6,4.11,28.83,9.8,1.018,547.7,1.3,406.1
1909.4,93.67,106.84,1818.9,38.1,21.98,25.48,45.9,10.23,31.8,11.2,0.993,696,1.91,999
880.6,92.02,104.07,1753.6,28.6,26.5,31.58,52.1,5.39,39.03,7.5,0.991,617.9,0.9,496.4
787.6,88.68,100.9,1843,33.9,40.63,45.45,58.8,5.16,52.78,5.2,0.999,716.7,1.08,466.6
2586.8,91.07,101.75,1865.9,42.9,27.56,32.95,52.9,15.79,45.94,10.9,0.995,760.8,2.45,1113.9
5000,95.71,107.02,2166.4,59.2,74.63,77.73,80.9,43.53,103.45,11.1,1.02,1102.8,4.12,1568.3
2317.9,91.08,97,1891.5,37.8,20.23,29.17,50.7,13.49,36.4,12.7,0.989,696.1,2.52,972.1
2396.6,92.1,103.37,1879.1,43,28.74,33.96,52.1,13.86,43.15,10.9,0.997,748.1,2.03,1126.7
867.5,85.41,93.27,1783.5,33.9,45.16,51.9,64.3,6.94,65.57,4.6,0.984,650,1.47,434
3471,96.02,103.43,1888.6,48.7,21.95,25.98,49.8,18,41.53,15.5,1.015,815.6,3.24,1401.6
2090.8,85.47,95.74,1964.2,40.1,60.86,66.58,77.3,18.54,84.11,6.7,1.015,825.3,2.06,1019
2554.3,92.87,102.91,1913.4,44.3,44.23,48.82,62.6,17.83,65.35,10.3,1.004,811.3,2.72,1085.2
759.8,89.88,98.97,1738.1,29,25.75,30.59,53.5,4.78,38.38,6.7,0.986,636.4,0.96,425.9
2503.4,87.77,100.55,2017.6,39.6,63.42,67.2,76.7,22.52,87.13,8.2,0.982,868.1,2.51,1150.6
4110.8,97.08,108.56,2091.9,46.7,62.16,68.26,79.6,32.47,90.44,11.6,1.007,1029.9,2.95,1628.5
1975.5,88.24,98.01,1862.2,39.7,34.62,40.19,57.1,12.14,47.96,8.6,0.988,804.2,1.88,1050.2
3923.3,95.99,108.8,1856.5,48.4,15.98,18.19,39.4,16.82,22.68,16.2,0.968,926.3,2.34,1713.8
2274.7,94.44,106.86,1834.6,40.7,27.24,30.49,51.8,13.98,40.76,12.1,1.016,724.5,1.75,1101.3
3642.2,99.17,111.13,1970.8,42.4,39.34,45.25,62.1,23.97,60.8,11.2,1.005,906.6,2.02,1549.3
1934.9,89.11,97.79,1797.7,33,28.67,34.13,52,12.12,47.38,10.1,1.01,702.3,2.38,933.8
3243.6,95.48,108.23,1965.1,40.7,33,37.93,55.3,19.84,51.57,14.1,0.98,917.3,2.19,1437.4
2771.4,97.24,107.31,1838.7,39.8,17.4,23.35,45.4,14.06,31.13,13.4,1.021,728,2.09,1194.6
2856.9,91.02,102.92,1914.8,47.4,48.07,50.76,65.1,21.05,70.29,10.5,1.005,835.6,2.92,1217.1
3623.8,94.68,109.97,2237.1,46,86.93,88.27,95.2,34.72,114.25,7.2,0.895,1132.6,2.33,1653.5
3014.3,95.83,104.74,1957.8,46.1,45.17,49.52,63.7,20.91,68.34,11.7,1.003,862.7,2.69,1342.1
788.1,91.09,100.69,1894.9,39.4,54.49,59.67,72.6,6.53,66.28,4.5,0.992,761.2,1.22,504.6
2935.7,94.88,105.93,2020.4,40.3,60.22,67.25,77.8,25.01,95.42,9.2,0.994,924.3,2.86,1262.1
3561.5,97.48,109.53,2060.4,51.6,43.98,49.08,65.2,24.48,64.54,13,0.971,1047.9,2.64,1672.1
2913.3,94.67,104.35,1902.3,42.9,25.29,30.52,53.4,16.65,40.56,11.5,0.998,831.4,2.17,1294.3
3683.1,93.76,106.13,2125.7,46,83.35,85.55,90.5,35.16,116.22,7.8,0.916,1048.7,2.9,1583.9
3740.2,90.08,98.86,1990.6,48,28.91,33.27,52.2,22.3,46.03,15,0.969,892.1,3.29,1474.2
4049.7,97.88,105.34,1960.5,47.9,35.42,41.28,59.7,26.95,60.05,16.4,1.006,899.6,3.65,1431
1526.9,89.84,95.24,1847,40.4,48.81,53.54,66.5,11.71,66.72,5.6,1.029,709.5,1.78,843.9
2916.7,92.86,103.7,1865.9,36.6,29.92,35.61,55,18.22,49.82,13.8,1.016,759.6,2.51,1327.2
3040.1,91.72,100.02,1871.9,40.2,21.88,23.67,47.1,15.73,35.07,13.8,1.011,759.6,2.78,1313.4
2930.2,55.59,58.73,1905.8,39.3,34.56,39.98,57.7,19.81,52.86,13.1,1.009,767.4,3.42,1239.7
2595.1,93.63,99.71,1986.3,42.8,50.97,57.1,68.2,20.34,81.85,7.9,1.004,819.7,2.75,1091.3
2901.2,90.3,99.05,1869.1,37.9,39.56,44.57,61.7,20.65,62.63,10.3,0.996,822.6,2.74,1175.2
2459.5,55.71,58.55,1858.1,37.5,24.79,26.96,51.8,13.43,38.13,13,1.017,788.9,2.1,1177
777.3,90.96,98.95,1666,28.9,10.55,13.2,38.5,3.65,18.62,9.5,1.041,516.4,1.62,413.4
2711.9,92.68,101.12,1802.2,39.4,16.65,18.11,43.5,12.63,23.61,14.8,1.028,697.5,2.37,1180
2019,93.69,106.8,1869.8,43.6,50.21,57.48,70.5,15.66,72.36,7.6,1.015,808,2.17,979.6
2192.7,60.67,59.81,1942.9,39.6,53.76,58.1,69,16.84,69.03,8.4,1.035,807,2.36,1109.4
3825.8,90.51,99.56,1874.1,41.6,9.54,14.14,40.2,17.37,23.91,17.7,1.013,785.6,3.88,1500
2959.9,96.24,107.76,2005.3,36,44.73,50.11,65.9,21.35,64.69,10.8,1.003,909.1,1.87,1386.7
1618.7,92.15,102.17,1803,35.7,24.59,29.81,51.4,9.76,38.41,9.1,1.011,677,1.99,971.9
853.7,91.91,103.28,1709,35.7,16.68,23.55,47.2,4.42,29.6,9,1.001,610.9,1.07,455.9
2169.4,43.77,43.58,1881.7,38.4,41.56,47.68,63.2,15.76,60.38,8.6,0.996,762.9,2.82,1026.5
4495.6,94.29,104.47,2099.5,47.7,45.25,48.73,68.1,29.37,63.84,14.8,0.975,1076.6,3.13,1601.1
2328.4,90.39,101.59,2008.7,41.3,72.58,77.19,83.8,22.65,105,6.1,1.03,875.8,2.53,1007.7
2245.7,92.19,104.06,2013.8,46.9,57.28,64.69,75,18.77,84.74,7.7,1.016,832.1,2.27,1038.5
3212.2,93.6,106.07,2094.3,47.3,79.49,80.8,87.3,31.04,111.49,7.8,0.996,1032.5,2.72,1507.8
4612.9,90.78,100.72,2238.4,48.3,88.46,88.37,92.1,48.07,121.4,9.1,0.911,1130.4,4.14,1534.4
3695.9,56.2,54.52,1959.4,42.1,34.84,40.5,58.2,24.95,58.9,13.5,1.012,825.3,4.57,1403.8
2458.9,93.07,101.44,2024,50,62.13,65.72,77.4,21.27,83.67,8.7,0.994,900.7,2.19,1120.5
889.3,88.35,98.97,1864.7,28.9,40.72,43.94,60.7,6.33,52.06,4.9,0.993,675.9,1.54,505.7
2416.9,89.28,100.77,1928.1,37.7,40.97,46.34,62.7,17.76,63.5,11.2,1.001,746.7,2.58,1068.7
2121.6,91.28,98.82,1863,39.1,29.5,32.48,50.5,12.51,38.19,10,0.982,741.5,2.59,1013.5
3007.7,87.31,95.01,1946.7,38.5,39.39,44.58,61.1,21.47,64.01,12.4,0.987,838.8,2.83,1293.3
1968.1,90.82,97.02,1919.4,40.9,45.99,54.26,67.6,14.42,68.18,7.8,1.029,746.5,2.25,906.4
4158.8,90.4,99.77,2070.6,45.9,44.47,49.59,64.1,28.97,64.77,13.5,0.95,1085.9,2.1,1750.6
3822.3,97.07,105.84,2008.7,43,54.29,58.8,66.8,28.31,83.65,10.5,0.994,984.2,2.72,1541.4
2477.6,88.01,99.09,1873.2,32.4,41.13,43.67,60.1,16.89,55.36,9.5,0.999,851.9,2.2,1165.9
2392.6,93.42,104.04,1899.6,43,29.55,34.35,54.5,13.83,43.43,12.6,1.003,767.9,2.23,1098.2
2869.6,93.39,102.54,2087.8,42.4,75.08,80.48,85.8,26.73,112.5,6.8,0.993,945.4,3.08,1178.2
3465.6,93.62,104.1,1925.1,50.4,35.87,38.89,54.2,20.2,54.08,15.5,1.001,860.6,2.55,1456.9
3605.6,93.22,105.17,1795.4,43.6,15.98,18.29,41.4,17.59,27.66,15.5,1.001,770.3,3.5,1446.3
2009.9,92.32,99.77,1877.1,37,39.95,47.99,65,14.63,59.08,8.1,1.031,762.7,2.19,1075
2640.7,90.81,100.17,1845.9,39.1,25.54,29.48,51.2,15.75,36.42,12.7,1.021,724.8,2.69,1080.8
2433.8,91.27,102.07,2062.2,42.9,72.97,78.86,84.8,22.51,103.92,5.8,1.006,885.2,2.76,1081.4
2571.6,96.42,105.29,1978.3,43.4,60.15,63.62,73.6,21.38,81.4,7.2,0.993,894.7,2.42,1153.1
2870.8,91.61,104.24,1938.1,41.4,51.09,54.2,68.4,21.14,72.15,9.7,1.026,835.4,2.08,1294.5
4103.8,92.28,102.94,1900.2,46.7,15.98,19.65,43.3,20.31,26.19,18.8,1.019,814.1,3.9,1404.3
2511.5,91.8,96.34,1898.1,43,34.31,37.75,55.2,16.1,49.8,12.3,0.998,763.6,2.66,1074.4
1800.2,92.9,102.52,1894.9,39.5,39.68,45.27,63.3,13.05,53.75,8.6,0.996,774.7,1.48,1010.2
2917,88.49,93.09,2024.3,41.4,51.49,56.23,67.9,23.61,81.37,10.8,1.007,847.1,3.08,1202.7
2326.6,90.8,99.59,1963.4,42.6,48.82,54.75,67,17.94,72.18,8.7,1.002,799.6,2.42,1026
3344.7,94.68,103.25,1900.8,45,26.53,29.84,53,19.92,43.05,13.2,1.026,795.8,2.74,1409.5
3544.1,91.75,101.67,1936.2,45.1,40.35,45.83,60.1,23.75,65.86,13.3,1.009,889.9,2.92,1459.3
3262.9,91.14,102.75,1981.9,45.1,50.44,54.95,68.3,24.74,75.1,9.7,1.019,890.6,2.7,1346.7
3109.4,88.22,98.54,1818.7,40.9,21.6,24.8,47.1,16.28,35.07,14.3,1.017,759.2,3.1,1316.5
2812.9,95.52,106.26,2005.8,47.2,58.14,65.55,77.9,23.17,88.68,8.8,1.014,857.9,2.72,1232.3
4257.1,92.41,103.42,1917,46.7,36.56,43.06,59.6,27.31,63.19,13.1,0.998,921.3,3.6,1650.2
5000,95.11,105.99,1960.1,49.1,22.37,25.39,45.5,24.49,33.85,19.1,1.014,915.6,4.17,1581.7
3906.9,90.22,101.53,2160.2,51.9,81.71,82.96,87.2,36.02,111.91,8.2,1.001,1075.1,3.44,1621.1
2226.2,89.88,99.78,1826.1,38.8,18.17,19.91,44,11.14,25.66,14.2,0.985,675.1,2.36,1010.4
729.4,92.82,103.56,1663.8,33.9,14.76,17.87,41.3,3.45,19.1,5.9,1.049,553.1,1.2,425.4
3426.1,90.99,101.82,1961.7,44.3,43.65,47.54,62.9,23.57,64.63,10.9,1.001,844.2,3.04,1474.7
810.6,89.74,102.98,1754.5,30,25.71,29.86,48.5,4.8,39.08,6.7,0.998,581.9,1.36,440.9
1683.5,90.04,96.22,1779.2,32.2,21.25,24.51,46.4,9.68,32.23,10.6,0.992,635.2,2.22,907.6
1821.4,94.43,99.17,1860.4,41.6,28.03,33.02,53.6,10.76,44.54,8.8,0.984,726.5,2.06,943.1
5000,95.36,105.54,2076.9,46.1,37.01,42.39,59.3,30.29,56.03,17.9,1.001,1023.8,4.18,1574.7
2468.1,91.15,103.71,1765.5,40.6,7.03,9.31,33.3,9.87,15.84,13.7,1.005,632.9,2.36,1057.1
4348.6,95.14,103.22,2047.6,45.9,54.49,58.87,69.2,33.38,81.19,12.8,1.011,999.7,3.75,1601.2
3634.6,93.86,107.89,1995.7,45.3,57.46,63.2,72,28.15,89.48,10,1.018,968.7,2.61,1471.8
3373,92.84,103.71,1824.2,41.3,19.22,22.76,45.1,17.45,27.59,14,0.998,784.1,3.48,1313.5
804.4,88.71,103.5,1858.5,36.2,33.95,36.35,57,4.9,41.46,6.2,0.991,702.6,1.04,500.4
2882.4,91.34,99.89,1870.2,43.3,26.95,29.96,49.6,15.71,40.97,12.8,1.003,794.5,2.72,1314.8
2947.9,94.61,104.11,2033.6,39.1,75.42,80.09,86.3,28.25,115.11,6,1.011,919.7,3,1219.7
2879.5,92.67,103.26,1944.3,42,45.11,51.06,66.8,19.63,65.91,8.9,0.995,899.5,2.52,1271.3
2539.6,99.37,110.7,1947,39.9,58.58,61.43,73.6,21.03,78.25,6.1,1.014,856.9,2.25,1188.3
1905.9,87.05,99.3,1884.1,43.5,29.5,35.42,54.9,11.66,42.45,8.9,1.001,688.7,1.9,995.5
3132.1,91.9,99.71,1944.9,47.7,48.48,52.41,67.1,23.36,70.23,11.6,1.032,824.2,2.91,1280.2
2419.3,91.39,98.68,1924.9,43.8,44.68,50.98,65.7,17.66,64.93,8.7,1.01,839.7,2.42,1141.6
2141.1,91.96,99.88,1972,38.6,58.46,63.8,73.7,18.7,83.69,7.4,1.005,792.4,2.34,991.1
3644.7,94.96,102.02,2128.4,45.1,79.86,84.54,88.5,38.15,124.56,9,1.015,1011.1,3.37,1417.9
4404.4,89.73,98.59,1900.3,47.2,21.41,24.25,46.4,22.64,36.54,19.5,1.033,836.3,3.81,1443.7
3906.4,91.13,98.42,1985.2,42.9,37.36,42.42,58.7,25.42,58.68,15.2,0.999,911.9,3.54,1490.9
3610.5,92.12,103.35,2210,48.8,89.75,89.75,94.6,37.72,131.79,5.8,0.88,1016,3.71,1373.3
2359.3,94.63,104.72,1777.3,42.1,27.3,27.7,49,12.96,35.79,10.4,1.005,697.8,2.79,1070.9
2225.4,90.9,100.3,1855.2,40.4,25.83,29.93,51.3,13.01,37.55,11.8,1.006,712,2.44,1016.7
2186.3,92.69,103.67,1698.8,36.5,19.01,22.55,45.5,11.14,26.52,10.3,1.015,680.5,2.51,1102.3
2499.1,94.08,102.84,1783.1,34.8,20.07,24.22,46.8,13.04,34.49,11.7,1.031,715.1,2.55,1102.2
2330.2,94.84,102.76,1908.8,46.7,51.76,58.69,72.1,17.79,74.07,4.5,1,866.4,2.24,1125.2
2073.6,96.71,105.6,1889.8,40.1,49.09,55.32,67.8,15.68,64.42,5.8,0.984,908.4,2.02,1099.4
3091.2,88.43,99.37,1847.3,44.1,25.91,30.06,50.4,17.71,47.01,13.2,1.007,763.9,2.78,1309.6
2723.8,91.17,99.9,2029.6,48.9,79.62,81.85,84.9,24.45,106.46,7,1.029,951.2,2.7,1170.3
2167.7,88.42,96.82,1851.3,39.7,27.12,31.38,51.5,13.41,43.48,10.3,1.004,696.3,2.1,955.7
1681.6,93.38,103.72,1869.8,37.2,60.06,66.46,76.5,15.18,80.72,3.5,0.993,793.2,1.31,993
1792.7,55.55,56.54,1809,40.3,28.49,34.68,52.8,10.71,44.6,9.9,1.017,670.1,2.3,979.5
3252.5,94.99,102.62,1940,40.4,33.69,37.3,55.7,20.82,51.62,13.3,1.004,835.2,2.8,1406.2
3155.7,93.32,100.36,1909.1,44.2,35.6,39.72,57.8,20.32,54.51,12.5,1.026,809.4,3.48,1310.7
1485.2,88.95,96.96,1866.6,39.8,39.29,47.12,65.3,11.04,57.45,6.9,1.015,723.2,1.94,842.2
2900.3,91.96,103.75,2003.9,45.6,75.44,79.16,85.1,27.6,108.49,6.5,1.04,888.5,2.81,1236.1
2405.8,93.99,100.45,1942.5,38.3,48.44,55.65,70.3,18.1,68.77,8.8,1.017,833,2.15,1138.1
899.9,87.72,99.13,1813.1,35.3,35.39,43.24,61.5,6.62,51.57,6.3,1.012,668.3,1.36,482.4
2036.4,93.5,104.83,1836.5,38.6,24.46,32.61,54,12.15,39.15,9.8,1.004,774.2,2.04,1173.4
3060.6,68.09,71.4,1957.8,45.6,68.77,73.08,82,26.23,93.29,6.7,1.025,924.3,2.49,1418.2
2454.8,95.49,101.46,1943.5,38.2,37.44,44.08,61.2,17.08,57.22,10.3,0.95,875.4,2.11,1178.6
849.8,92.5,104.2,1743.6,35,36.51,41.37,59.6,6,48.79,5.2,0.998,669.1,1.17,450.3
3438.2,91.63,98.25,2111.3,44.2,79.93,82.68,88.6,35.06,120.16,6.8,0.982,996.7,3.42,1401.5
1588.4,92.09,97.55,1977.9,42.8,62.65,65.75,75.2,13.99,86.23,5.7,1.018,746.5,2.19,830.9
2363.8,90.06,100.29,1909.5,41.7,42.15,50.78,65.7,17.54,62.45,9.2,0.999,759.8,2.4,1105.6
861.1,95.37,107.74,1920.5,35.4,55.06,58.55,70.8,7.15,66.48,3.8,0.935,831.5,1.07,543.9
822.9,90.48,99.12,1761.5,34.9,29.39,32.72,51.3,5.02,42.26,6,0.983,594.7,1.69,431.5
2636.8,94.34,107.8,2015,44.1,60.84,68.51,77.7,22.05,92.4,7.8,1.016,863.6,1.88,1155.9
3867.1,63.14,64.07,2000.4,45.3,38.64,43.01,58.9,25.12,64.76,14.5,0.986,873.1,4.34,1439.4
2484.8,61.24,60.15,1866,39.5,42.92,47.1,63,17.55,62.61,8.9,1,816.7,3.01,1122.1
2551.3,89.57,101.65,1787.6,39.5,10.84,12.93,38.6,10.85,16.09,13.9,0.992,744.7,2.45,1103
2288.1,97.88,111,1866.5,40.2,27.05,32.1,52.4,13.26,43.79,11.2,1.009,739,2.49,1042.7
2930.3,93.3,103.37,1818.4,37.4,21.56,25.57,48.1,16.34,34.63,13.5,1.009,716.8,2.83,1244.8
3112.9,90.87,100.37,1934.5,44.9,35.67,42.45,58,20.61,59.99,12.3,1.002,835.1,3.32,1280.7
3423.3,92.42,104.14,1976.7,41,33.06,39.67,57,21.54,55.32,13.1,1,843.6,2.93,1516.7
2049.7,52.35,55.39,1991.3,40.4,39.72,42.67,61.2,14.42,52.67,9.4,0.967,843.7,2.17,1039.3
3024.2,91.07,97.29,1879.5,46.1,29.87,35.94,51.1,18.01,51.41,11.5,1.026,746.9,3.29,1221.4
773.4,89.88,98.76,1764.4,29,23.28,27.12,51.7,4.47,33.91,8,0.977,686.1,1.12,439.1
3539,92.4,98.89,1881.5,42.2,26.33,31.58,53.5,20.71,41.42,14.6,1.027,839.6,3.18,1494
816.9,87.2,94.22,1911.7,34,36.78,44.18,61.3,5.84,48.09,7,0.957,786.9,1.26,502.4
1956.5,96.25,103.73,1751.9,29.8,17.82,20.71,44.2,10.19,24.44,10.8,1.006,665,1.71,1029
2893,92.95,101.87,1964.4,36.1,53.65,56.02,69.2,22.39,73.46,9.3,1.001,895,2.06,1397.1
3133.6,96.62,102.59,2019.1,43.8,47.51,53.59,67.8,23.4,74.85,11.8,0.979,900.8,3.03,1331.8
2806.1,92.5,103.99,2020.9,43.9,67.65,71.33,78.7,24.62,94.16,6.8,0.998,916.1,2.65,1300.2
784.8,95.9,108.2,1881.7,34.4,53.87,59.22,69.5,6.2,70.71,3.1,0.989,796.8,1.24,483.9
2221.5,92.73,107.19,1795.2,42.9,23.62,27.33,48.6,11.64,36.51,9.9,1.024,720.6,1.74,1168
3156.2,94.16,105.53,2002.1,44.1,46.59,51.36,65.8,22.35,70.89,10.3,0.998,870.3,2.72,1305.5
2549,92.12,102.99,2080,41.1,61.57,67.65,78,20.47,86.91,8.6,0.989,963.5,2.47,1159.1
3004.5,91.72,102.07,1977.5,41.1,50.36,55.57,68.4,22.53,79.74,10,1.02,835.4,2.92,1275.2
4312,95.37,104.72,1902.1,46.3,22.75,26.3,47.8,23.31,35.99,14.3,1.024,877.3,3.3,1496.6
2898.4,97.28,110.23,2119.1,44.5,70.45,75.44,84.2,27.83,104.28,8.6,0.987,904.2,2.82,1171.6
2830.6,87.45,95.97,1927.9,41.5,39.6,44.79,61.1,20.32,62.47,10.2,1.019,779.3,3.24,1166.9
2525.4,92.47,106.7,1872.9,44.1,24.87,27.83,49,14.23,35.37,12.6,1.006,720,1.97,1119.2
2083.4,99.89,112.9,1768.6,33.6,12.68,16.36,44.4,9.88,20.71,10.5,0.991,729.4,1.53,1090.9
3437.4,93.67,102.48,1969.3,47.7,45.67,46.72,62.5,24.4,67.08,12.4,1.005,846.8,3.09,1481.9
3331.1,91.42,100.71,2022.9,44.1,45.69,49.9,64.6,24.42,66.51,12.1,1.016,898.7,2.92,1375.2
2809.5,94.28,105.17,1950.1,39.3,60.03,67.83,77.5,24.62,91.63,5.6,0.996,949.8,2.29,1282
2726.8,98.58,108.43,1815.9,45.9,21.3,24.19,49,14.9,30.24,12.8,1.003,753.5,2.48,1239.4
2311.1,91.74,103.3,2041.4,45.3,58.01,63.64,73.8,19.3,83.92,8.9,1.028,851.2,2.41,1005.8
2745.9,92.5,102.92,2007.3,38.2,50.19,55.96,69.4,21.22,68.49,9.9,0.993,897.4,2.69,1241.8
4000.2,51.37,52.34,2033.5,47.1,43.87,49.19,63,28.29,68.14,15.4,0.996,914.3,4.36,1465.4
833.1,90.93,100.51,1786.6,35.7,33.58,40.61,58.8,5.19,48.77,4.9,1.022,675.3,1.15,481.2
2925.1,92.22,100.09,1857.2,35.9,29.1,35.22,52.3,18.45,49.11,11.1,1.018,768.9,2.97,1188.2
2033.8,90.66,97,1823.2,40,35.58,42.18,58.6,14.11,53.44,7.6,0.986,733,2.18,1012.2
1894.9,93.75,104.02,1913.2,37.5,65.23,68.16,77.7,16.59,86.53,5,1.017,829,1.86,1052.3
2391.8,93.27,104.92,1839.8,40.9,31.48,38.71,58.8,15.87,48.44,9.3,0.989,829.5,2.04,1143.6
2512.3,89.88,96.16,1989,45.1,47.06,54.8,68.2,19.68,70.26,11,0.998,791.1,2.79,1079.6
4197.1,92.1,102.31,1990.1,47.7,33.05,38.76,56.5,26.45,54.44,15.9,1.003,884.9,3.84,1475.2
2205.7,95.69,105.73,2070,42.1,65,69.75,78.3,20.17,94.8,7.7,0.976,823.5,2.42,1004.4
1892,88.54,99.65,1755.4,36,15.74,21.48,47.9,10.89,22.98,11.2,1.026,650.3,2.14,909.8
776.1,91.72,103.55,1867.1,30.3,55.95,60.82,74.3,6.93,73.13,1.9,0.988,725.4,1.1,428.8
1896.7,93.14,100.2,1701.4,37.5,9.71,10.62,37.6,8.55,15.82,10.9,0.999,598.8,2.32,944
2647.1,90.39,103.17,1884.2,39.8,34.93,39.16,56.7,16.93,50.59,11.3,1.013,806.4,2.16,1234.1
2708.5,89.42,96.79,1839.6,40.9,36.7,43.65,60,18.21,61.49,12.3,0.978,771.2,2.62,1237.3
3022.9,87.9,98.74,2099.8,46.6,72.19,76.71,84.2,27.63,104.51,7.5,1.01,928.5,3.08,1309.8
2428,94.49,103.98,2039.7,47.3,72.43,75.63,82.3,20.7,92.56,6.7,1.003,957.8,2.26,1181.1
3196.4,88.55,98.08,2051.5,45.1,65.92,70.32,78.7,28.73,98.77,9.2,1.007,959.8,2.62,1367
1782.8,96.09,110.22,1765.9,38.4,16.26,17.11,39.4,8,20.6,12.3,1.016,671.6,1.22,1020.4
735.1,43.24,43.52,1841.4,30.7,43.28,45.95,65.3,5.45,54.18,5,0.976,758,1.46,445.3
780.2,88.17,97.31,1673.8,31.8,13.89,16.36,40.9,3.79,18.71,10.3,1.013,513.4,1.22,419.1
882.4,91.88,104.09,1766.4,31.3,25.29,29.03,49.5,5.16,37.28,8.5,0.995,586.1,1.42,462.2
731.9,89.84,96.11,1770.1,40,16.53,21.08,45.2,3.86,30.21,8.5,0.967,547.4,1.29,399.9
876,91.45,98.39,1724.4,31.8,22.85,26.47,48.3,5.01,36.09,8.6,1.03,579.5,1.22,452.1
3993.2,94.97,108.41,1929.7,44.4,35.84,42.97,61.9,27.65,63.2,13.4,1.025,882.2,3.27,1510.5
2053.8,96.31,106.52,1854,41.3,23.54,30.16,52.1,11.61,38.18,11.1,0.963,771.8,1.87,1045.4
3516.1,85.83,94.76,2096.3,43.5,63.86,68.45,75.7,30.27,104.86,8.8,1.008,929.2,3.24,1381.9
2162,51.18,48.52,1735.4,33.5,10.04,10.12,35,8.9,12.02,14.6,1.003,648.7,2.89,985.9
1803.3,90.61,96.62,1868.6,37.7,35.88,40.68,57.9,11.67,52.17,8,1.012,744,2.13,902.7
3373.5,95.29,106.78,1937.6,40.7,31,36.48,54.6,20.3,50.04,14.3,0.989,879.9,3.22,1407.3
3087.7,92.83,99.24,2058.9,45.3,67.67,69.47,77.7,27,96.68,7.4,1.003,895.1,2.81,1315.3
883.6,92.6,102.72,1754,36.1,27.33,31.16,50.4,5.29,38.35,7.1,1.004,608.1,1.31,454.7
2129.1,90.51,98.81,1807.8,42,19.96,23.38,47.3,10.97,30.22,13.6,0.982,730.6,1.95,1029.7
3609.4,92.02,100.95,1911,38.7,14.37,19.78,43.7,17.4,24.85,16.7,0.952,881.8,3.33,1565.1
2763.6,66.9,64.39,2061.5,41.8,62.27,67.27,79.2,25.24,89.82,8,1.03,846.4,2.96,1183.5
2192.1,92.38,96.78,1929.3,35.7,44.49,53.85,67.3,18.29,73.13,9,1,767,2.7,983.4
2496.1,94.34,102.9,1821.1,39.2,20.88,22.86,45,11.61,28.88,12.6,1.026,744.8,2.4,1202
2496.8,40.46,43.2,1932.4,39.5,41.3,47.56,61.8,17.82,66.44,10.9,0.997,767.9,3.56,1030.7
1811.1,89.41,98.87,1815.6,38,27.58,32.94,53.1,11.28,41.78,9,1,678.9,2.05,880
3050.7,87.79,100.18,1884.8,42.9,19.83,22.79,43.8,15.36,36.65,15.5,0.993,767.8,3.12,1223.4
701.2,93.16,106.7,1752.2,31,35,38.87,57.7,4.64,48.43,5.9,1.021,608.6,0.94,418.7
2175.7,91.06,101.05,2081.8,38.1,66.65,70.31,79.7,20.16,92.69,7.9,0.999,835.3,2.34,970.6
838.2,87.05,95.23,1911.3,34.1,69.19,72.22,79.3,7.65,87.43,1.3,1.027,749.5,1.51,455.7
2630.2,91.63,105.68,1972.3,46.5,59.59,64.93,74.7,21.33,84.47,7.3,0.982,869,2.61,1190.6
2522.1,91.01,99.64,1858.4,38.4,33.06,35.92,53.1,15.46,47.49,11.9,1.005,773.7,2.64,1105.9
4447.5,92.97,106.88,2016.6,50.4,41.75,48.04,63.2,28.8,61.83,15.6,0.995,971.7,2.98,1555.1
2213.9,93.67,103.38,1840.2,41.1,46.58,51.3,65.8,15.94,65.61,6.1,1.022,794.1,2.3,1025.7
4590,96.9,107.85,2086.7,49.6,44.63,50.44,64.7,31.42,69.15,16,0.996,1012,3.68,1533.3
2384.9,92.76,100.4,1962.7,44.8,72.17,74.91,80.7,22.11,98.95,4.5,1.004,837.9,2.65,1013.6
763.5,86.44,96.63,1761,30.5,19.25,22.27,45.9,4.23,27.26,8.5,0.982,552.8,1.5,395.2
2273.4,92.07,100.64,2011.7,35.4,67.83,71.88,80.5,21.51,96.71,6.2,0.988,815.1,2.66,1047.8
3329.3,89.83,99.32,2060.8,45,73.92,77.61,83.6,31.63,112.11,7.8,1.004,945.8,3.18,1341
2277,96.42,111.47,1942.5,42.8,48.56,56.39,70.7,17.01,67.19,8.3,0.992,882.4,1.92,1182.2
3009.6,92.69,100.12,2036.3,44.6,51.77,55.83,68.7,22.1,70.34,9.5,0.963,985.9,2.79,1354.1
3570.4,100.5,113.2,1891.7,45.8,25.23,27.76,50.9,18.86,40.28,15.2,1.018,850.7,2.85,1617.9
720.8,91.93,102.48,1939.7,33.4,61.18,66.56,76,6.29,81.85,3.5,1.006,702.3,1.44,421.7
2091.9,86.6,96.98,1924.2,40.3,53.97,60.36,73.6,17.94,79.33,5.3,1.002,805.2,2.65,978.4
3831.6,97.37,109.2,1950.3,45.5,31.02,36.52,54.4,23.11,50.01,14.5,1.011,907.5,2.7,1519.9
2918.9,91.01,104.03,1954.7,41.4,32.17,37.85,57.2,18.26,49.44,11.8,0.974,920.2,2.07,1448.8
3294.2,92.37,103.31,1992.5,45.4,51.93,57.49,69.2,26.04,79.92,9,1.007,901.2,3.4,1292.3
2849.8,101.36,113.59,1840.5,44.4,35.18,43.34,61,19.2,57.48,8.9,0.992,869.9,2.1,1351
733.7,91.14,100.01,1872.3,35.5,59.98,65.75,75.4,6.69,88.32,3.4,1.001,699.3,1.45,389
1898.7,92.81,104.31,1981.3,43.7,76.43,80,86.2,18.83,106.83,4.3,0.988,832.3,2.18,936.7
2740.2,100.66,110.68,1924,41.7,80.96,83.04,87.3,25.88,106.01,4,1.005,952.1,2.43,1266.2
1603,91.58,101.13,1967.2,44.6,56.08,63.16,72.8,13.25,75.4,6.9,1.008,765,1.97,866.5
735.4,90.91,101.31,1704,30.3,11.86,14.93,40.2,3.62,18.04,8.9,1.006,542.1,1.59,404
2381.8,92.58,102.58,1975.2,38.6,45.32,48.36,64.4,17.01,62.24,8.7,1.001,779,2.45,1051.5
1878.5,90.09,104.54,1987.7,33.3,56.72,60.27,73.9,15.3,72.77,5.7,0.999,876.2,1.2,1061.5
1874.5,95.1,106.34,1774.3,43.8,20.5,22.78,45.6,9.14,27.04,11.3,1.024,672.4,1.39,1001.7
4897.9,92.51,100.03,2053.1,52.6,26.57,33.4,53.5,28.73,46.64,17.5,1,970.6,3.79,1667
1636.2,92.04,102.61,1753.5,33.4,30.63,36.9,54.3,10.2,47.65,7.1,1.017,664.1,1.71,907.3
2176.2,52.97,51.08,1812.6,41.8,21.35,25.88,50.2,12.31,31.51,11.5,1.003,714.5,2.72,1022.6
4109.8,93.49,103.86,2096,46.1,48.04,56.19,69.6,31.66,79.09,12.8,1.018,953.4,3.81,1473.9
2190.4,92.88,103.07,1856.1,36.8,42.49,50.19,66.6,16.17,62.57,8.2,1.004,800.6,2.23,1076.8
1560.2,91.09,98.93,1857.2,32.5,41.07,48.96,63.6,11.24,59.68,7.5,1.019,697.6,1.98,873.7
3138.1,51.16,49.75,1910.1,39.6,27.68,34.1,54.7,19.2,45.41,14.2,1.011,837.2,3.56,1469.1
2472.7,100.7,108,2070,41.7,47.97,55.06,69.1,17.09,66.34,10.2,0.962,950.6,1.81,1219.2
3451.7,89.78,94.95,1863.6,43.3,19.1,23.93,46.4,18.39,36.04,15.2,0.997,777.5,3.71,1356.5
2197.8,93.36,106.42,2104.3,42.5,77.31,81.37,88,21.32,103.31,7.3,0.993,910,2.56,1035.8
718.3,85.53,91.55,1750.9,32,28.91,32.71,52.5,4.47,41.53,8,1.008,593.8,1.63,395.4
3158.8,96.55,106.75,2071.8,44.6,77.86,79.51,86.1,29.84,107.11,7.1,0.989,1070.5,2.84,1406.6
2809.4,89.42,102.09,1850.6,45,20.71,26.75,47.7,15.71,38.78,12,1.002,733.6,2.35,1203.5
883.2,88.17,101.31,1903.3,36.6,53.42,57.55,70.8,7.47,68.04,4.9,0.984,686.3,1.57,469.6
820.4,90.47,100.2,1714.8,34,30.03,34.21,52.3,5.01,42.62,7,1.023,584.1,1.39,439.5
3305,94.17,106.34,1986.9,44.8,46.44,53.17,66.9,24.56,76.87,10.9,0.994,916.3,3.06,1344.7
3388.5,88.98,100.06,1872.9,43.7,23.7,28.43,50.3,19.54,42.08,14.7,1.017,800,2.75,1418.7
2199.3,91.1,102.4,1956.4,40.8,51.64,59.7,73.3,17.91,76.73,6.8,1.022,805.7,2.01,1057.4
3689,96.38,104.73,1873.4,41,24.04,28.24,50.3,20.92,39.12,14.1,0.997,843.5,2.98,1513.2
2352,90.51,95.42,2044.5,43.4,72.81,74.18,80,22.58,97.91,6.8,1.008,851.5,2.53,1017
3289.7,92.22,104.57,1881.9,41.6,20.18,23.5,47.9,17.8,26.9,16.1,1.024,795.9,3.22,1420.3
3167.6,94.35,100.83,1868.5,43.7,26.93,32.51,52.1,18.77,49.62,12.4,1.008,763.6,3.38,1258.4
2474.1,93.61,104.65,1961.7,34.4,50.97,57.07,69.8,19.72,75.52,8.4,1.003,787.6,2.34,1057.8
2595.4,96.41,108.66,2004.2,41.9,70.04,73.33,81.1,24.12,94.56,7,1.012,882.8,2.03,1127.5
1813.4,96.06,106.79,1893.9,36.9,46.92,51.46,68.4,13.66,59.88,7.3,0.961,895.2,1.55,1131.8
3077.3,89.9,95.44,1850.2,43.6,23.16,28.26,47.3,16.31,40.33,13.1,1.003,745.1,3.01,1244.1
2741.2,93.19,105.61,1893.1,41.2,56.92,62.44,72.2,21.16,86.89,6.3,1.038,844.6,2.59,1184.5
2419.2,91.74,102.51,2010.4,45.2,58.67,64.85,79,20.68,83.39,7.2,1.003,864.4,2.17,1126.8
4174.9,89.09,100.24,2172.7,49.1,77.19,79.76,86,37.74,109.05,9.9,1.013,1045.5,3.47,1533.7
3240.3,96.35,103.83,2016.7,42.3,66.46,70.64,78,29.89,100.03,9.1,0.991,917.7,3.26,1416.9
4082.9,90.23,103.3,1952.1,47.9,31.28,36.19,53.7,22.2,50.98,14.3,1.002,918.2,3.37,1583.9
2120.7,91.98,103.59,2067.3,38.1,72.14,74.96,83,19.53,88.25,6.2,0.96,981.6,2.06,1065.5
2338,91.24,105.31,2005.9,40.6,65.29,69.69,77.7,21.38,92.72,8.1,0.998,843.2,2.09,1031.5
2336.1,93.79,109.27,1840.5,39.2,41.51,49.82,65.9,16.06,62.39,5.7,1.029,807.3,2.26,1035.2
3085.3,93.11,102.49,1856.6,39.4,25.5,27.27,47.7,17.4,39.6,13.5,1.006,774.7,3,1320
3726.9,91.58,104.68,1992.8,46.5,44.08,49.48,66.7,26.97,66.85,14.5,1.024,931,2.24,1581.9
721.4,91.05,99.19,1813.2,35.8,36.96,43,61.7,5.15,56.07,5.3,1.025,616.8,1.4,381.2
2669,98.46,111.62,1869.8,43.5,34.39,41.65,59.2,16.36,54.26,10.1,0.991,878.6,2.08,1336.5
1727.3,92.82,107.67,1875.3,38.7,29.32,35.45,55.7,10.76,42.96,9.7,1.004,729.8,1.86,970.5
1702.3,91.42,97.87,1942,32.7,61.65,67.38,76,14.76,83.51,5.7,1.012,763.4,2.01,897.7
2842.4,93.13,100.62,1969.5,43.8,48.21,55.48,67.6,21.87,73.94,10.9,1.013,853.9,2.99,1184.2
3211.2,90.86,103.1,2004.7,43.1,50.17,53,68.2,23.73,71.04,12.7,0.982,918.2,2.73,1413.5
1552.4,89.6,97.61,1776.1,39.6,30.8,33.82,55.3,9.76,42.12,7.9,1.017,656.2,1.42,909.7
1706,91.25,104.96,1858.7,36.8,40.23,48.1,62.3,12.44,61.71,7.9,1.001,732.8,1.83,913.4
2755.5,92.59,102.49,1907.6,37.7,42.06,48.87,64.5,20.88,67.61,8.5,1.006,821,2.7,1148.7
3598.8,54.58,57.71,1983.1,50.3,61.05,65.47,75.5,30.27,96.33,8.9,1.004,944,4.05,1406.8
3296.6,95.77,107.66,1949.1,40.2,28.05,32.91,52.8,18.71,39.91,13.2,0.986,934.6,2.06,1593.9
1837.6,91.23,100.88,1835.2,39.4,17.17,21.66,46.3,9.48,24.89,10.6,0.957,746,1.84,1035.6
3107.5,90.04,96.43,1858.5,37,18.83,24.42,47.1,17.35,36.19,11.7,0.994,756.4,3.25,1304.7
2948.2,91.95,99.88,1823.4,46.8,14.38,17.29,41.6,13.45,20.13,15.5,0.993,740.4,2.85,1306.4
3016.1,91.24,100.62,1782.8,42.9,23.19,23.01,45.5,15.86,28.91,14.1,1.011,733.7,2.47,1322.9
2208.1,88.61,99.42,1950.6,40.3,61.21,65.17,75.6,19.44,88.99,6.3,1.002,794.3,2.76,992.7
1968.1,92.54,101.59,1880.5,39.8,55.02,60.84,72,16.76,80.16,3.2,1.008,792.6,2.1,948
4049.8,92.45,100.91,2022.1,46.2,39.49,46.35,61.2,27.82,63.62,13.4,0.995,946,3.34,1531
2734.5,90.81,99.13,1869.3,44.3,28.08,32.19,49.7,14.9,44.32,12.7,1.009,777.1,2.68,1174
2512.6,91.94,100.59,2016,40.5,63.3,68.65,75.3,21.48,92.62,8.1,0.994,824.8,2.68,1060.8
1595.1,97,104.39,1807,30.7,26.33,32.34,53.6,9.92,38.52,10.6,1.018,706.6,1.72,965.7
2322.9,92.07,100.54,1915.7,42.3,48.13,54.18,67.9,18.04,71.13,8.4,1.001,828.3,2.09,1076
719.2,91.86,102.12,1874.4,34.7,34.77,38.27,56.2,4.72,46.55,8.3,0.979,668.3,1.32,432.8
2060.3,93.39,103.28,1867.7,43.9,48.63,55.42,67.9,16.35,64.88,6.1,0.994,841.7,1.6,1149.9
2600,90.65,97.24,1791.6,34.5,12.71,13.27,38.1,12.37,16.85,15.2,0.995,659.4,2.97,1064.5
2552.6,91.09,102.21,1910.6,40.7,42.19,46.12,65.1,16.49,54,10.4,1.001,851.9,2.37,1246.2
3817.5,69.32,69.33,1944,47.5,36.89,40.9,58.8,23.49,57.87,13.6,1.019,871.3,3.85,1549.5
2096.8,89.81,99.35,1870.9,41.6,40.19,44.31,60.6,14.71,57.97,9.9,1.02,733.5,1.71,1020.5
3624.2,92.17,101.16,2045.8,46.1,46.35,50.21,66.9,26.71,71.22,12.8,1.011,894,3.23,1462
1732.6,89.81,97.5,1822.2,37.9,30.2,34.2,55.8,11.32,42.17,9.9,1.004,681.2,1.86,884.7
3271.4,90.85,97.2,1922.6,41.9,28.37,32.08,51.1,19.07,48.01,13.3,1.006,799.6,3.43,1266.1
1459.6,86.6,97.19,1954.4,44.9,56.65,59.21,70.3,11.59,75.89,7.2,1.001,722.3,1.69,849.2
3226.4,89.11,100.1,1887.9,45.2,15.72,19.62,44.5,16.07,29.96,15.9,0.977,786.8,2.84,1345.4
2372.7,40.78,42.15,1832.7,41.1,21.04,24.95,47.3,12.23,29.88,12.7,1.014,740.7,3,1133.8
3193.2,91.9,105.05,1938.6,44.7,52.6,57.96,71.7,24.68,75.91,8.7,0.997,959.3,2.72,1452.7
2365.1,89.57,96.9,1918.2,40.5,43.58,49.01,63.1,17.33,63.22,9.5,1.015,799.6,2.13,1102.7
2529.6,91.12,99.18,1875.3,41.2,27.99,33.82,54.3,15.62,50.04,9.8,1.015,764.1,2.69,1133.1
3118.5,52.48,50.38,1948.5,44.8,46.69,50.84,63.9,22.95,71.5,10.7,1,833.4,3.85,1312.1
2360.8,94.52,101.56,1874.2,34,39.78,44.43,60.2,16.87,59.96,9.1,1.026,762.5,2.59,1028.4
2609.9,91.73,102.47,1901.3,40.7,46.01,50.77,62.5,19.32,70.78,9,1.017,799.9,2.63,1081.3
2836.6,96.21,106.09,1865.8,44.6,24.15,27.88,50.7,15.71,38.27,13.2,1.004,739.3,2.16,1211
4124.3,92.84,101.57,2141,48.8,55.29,60.54,75.1,34.24,80.3,12.4,0.976,1018.9,3.88,1592.8
2172.1,91.52,104.92,1815.8,38.5,25.74,27.48,50.2,11.84,31.11,10.9,1.038,666.3,1.96,1034.9
3776.8,90.83,99.76,1867.2,37.9,12.38,16.19,41.6,18.01,23.94,17.7,1.019,794.3,3.42,1492.5
2043.7,89.04,97.65,2011.3,45.6,61.29,66.03,76.7,17.8,83.47,7.2,0.967,809.8,2.42,903.3
4841.4,63.58,62.12,1891.1,45.6,14.72,16.71,42.6,22.86,21.6,19.1,1.022,871.8,5.1,1551
2817.5,92.55,100.09,1928.6,41.8,34.22,40.76,55.6,17.54,56.78,11.5,1.007,787,2.78,1179.9
2567.3,92.59,103.19,1862,38.2,17.53,19.4,44,12.21,23.99,14.2,1.007,751.8,1.88,1248.1
1633.3,95.66,106.9,1893.8,35.6,46.19,52.48,67.3,12.14,63.16,6.6,1.027,779.4,1.59,966.8
1859.6,91.19,103.26,1993,39.9,60.8,63.09,74.5,15.74,81.09,5.9,0.999,803.6,2.01,911.7
2685.6,90.01,100.4,1904.1,40.2,38.23,44.58,59.7,18.69,59.35,10.1,1.009,781.4,2.56,1152.3
2222,94.25,102.5,1965.1,42.1,79.88,81.06,86.6,20.56,100.41,1.3,0.996,970.5,1.72,1148.6
3368.8,92.98,101.21,1857.2,43.2,13.9,18.25,43.6,16.59,27.77,17.8,0.995,758.6,2.85,1418.6
2064.6,94.08,101.67,1801.3,36.5,18.38,24.49,48.1,11.14,31.53,12.1,1.003,697.5,2.19,1080.3
2473,90.54,101.75,1929.1,42.9,48.63,57.42,70,18.9,75.14,8.2,1.012,826.2,2.74,1063.9
1683.4,92.02,102.87,1848.4,37.8,28.62,34.41,52.4,9.01,37.3,8.7,0.975,803.6,1.29,1068.8
3858.7,96.17,107.75,2024.6,45.5,48.52,55.93,67.4,29.78,75.59,11.8,1.003,929.6,3.21,1565.1
4663,96.21,103.18,1899.7,46.8,12.7,16.56,40.7,21,21.96,19.7,0.978,838.5,3.85,1489.5
2984.3,91.59,99.95,2026.8,38.1,68.45,72.31,79.1,27.15,97.59,7.3,1.014,943,2.68,1282.3
790.5,89.94,99.93,1892.3,35.8,61.78,65.28,73.8,6.74,78.99,3.6,1.008,690.6,1.2,453.6
2242.4,95.2,101.94,1855.1,33.6,37.95,45.19,60.3,15.87,56.93,9.4,1.007,815,2.41,1125.6
1907.1,90.46,97.4,1796,38,37.61,40.03,55.1,12.61,51.52,6.5,0.988,728.5,2.16,910
2897.4,88.32,97.5,1977.4,42.1,44.4,50.1,64.9,20.08,70.8,11.5,0.988,897.9,2.6,1312.2
2246.3,93.94,107.07,1993.4,37.6,70.66,74.12,83.3,21.41,92.33,3.1,1.003,945,2.13,1121.6
2637,88,97.02,2004.4,41.8,52.22,57.65,69.6,21.62,80.41,9,0.998,802.1,2.86,1099.1
3850.5,93.59,107.06,1931.7,41.7,40.16,45.67,59.4,25.98,64.11,11.7,1.002,894.4,3.16,1539.8
3193.3,94.91,104.1,1923.9,42.9,37.57,42.85,60,21.42,60.21,11.9,1.001,871.1,3.15,1423.6
2222,89.25,99.51,1787.6,38.2,15.84,21.45,45.4,11.24,27.42,12.3,1.014,669.1,2.12,1073.7
1995.6,96.16,106.12,1943.9,42.3,57.05,64.85,76.7,16.98,75.64,5.7,0.985,931.7,1.66,1069
3146.7,92.44,102.51,1946.8,45,40.43,46.25,63.2,21.12,59.35,11.8,1.019,874.1,2.27,1411.2
876.9,92.57,99.97,1791.5,36.2,18.97,22.05,46.2,4.68,22.39,9.6,0.966,641.9,1.53,480.1
2997.1,43.89,45.33,2064.8,40.3,67.52,71.34,82.3,27.07,101.81,8.9,0.993,902.9,3.63,1304.1
1593.4,90.65,100.28,1790.1,36,25.38,29.66,49.7,9.32,38.73,9.9,1.005,643,2.11,846.9
4971,96.83,105.19,2085.1,56.6,48.94,53.42,66.5,35.42,70.66,14.7,1.008,1024.5,4.41,1544.7
1966.5,90.3,100.07,1899.1,39.3,30.09,35.35,54.9,12.33,42.98,9.9,0.999,776,1.73,1068.5
1869.4,89.75,97.19,1916,40.2,49.39,55.99,69.8,14.96,71.36,7.2,1.006,773,2.22,944.3
2608.5,93.89,104.18,1820.2,44.7,16.7,21.31,43.9,12.31,25.64,12.6,1.026,743.8,2.24,1168.8
883.4,89.28,99.73,1848.4,36.2,35.38,43.4,60.3,6.23,52.51,7.6,0.969,715.3,1.47,488.2
2940.2,93.81,105.36,1879,41.9,30.29,34.69,53.9,18.1,48.03,11.5,0.983,780.6,2.96,1230.8
759.5,90.55,103.68,1781.1,37,28.84,35.58,51.1,4.64,44.65,7.8,1.016,579.3,1.35,420.9
2148.5,95.14,106.3,1915.1,40.6,38.29,46.09,62.4,14.49,55.26,9.3,0.987,894.4,1.46,1058.8
770.6,87.8,98.66,1698.7,33.9,14.88,16.04,39.9,3.67,20.41,8.9,1.002,524.7,1.45,422.9
3508.4,96.8,107.95,2142.7,47.5,76,77.39,83.8,31.76,112.09,10.6,0.998,1008.8,2.83,1432.4
796.6,88.96,97.4,1735.8,35.7,31.98,38.5,57.8,5.42,48.32,6.8,1.031,603.3,1.35,432.5
3807.7,90.94,100.79,1748.9,39.6,14.26,15.28,40.4,17.18,22.95,15.6,1.02,790.6,3.36,1541.1
2488.6,43.77,41.29,2011,40.7,60.1,66.59,77.9,20.17,80.52,5.3,0.975,978.5,2.69,1205.8
4920,96.28,103.25,2191.4,56.5,66.45,71.93,82,43.14,94.31,14.1,0.989,1106,4.12,1530.2
3902.9,92.68,101.91,2083.4,47.1,51.61,54.99,66.9,28.71,80.82,13,1,902.1,4.08,1370.6
712.2,87.77,100.34,1787.4,32.9,28.93,32.67,51.6,4.31,38.79,9.6,1.008,571,1.38,391
2510.1,49.68,49.78,2032.2,40.4,77.65,79.56,86.4,23.3,104.16,6.2,0.998,932.5,3.04,1149.5
2096.4,95.35,105.72,1964.5,42.9,51.53,57.03,69.4,16.66,68.49,6.7,1.004,811.2,1.99,1064.4
3605.8,92.71,101.14,1878.2,40.2,21.19,25.01,45.8,19.21,37.84,15.9,1.014,795.8,3.46,1411.1
4181.3,94.03,106.34,2128.4,47.6,64.64,69.49,77.9,35.75,103.15,11.7,1.005,1005.8,3.55,1494.6
2310.9,94.74,105.58,1941.8,43.4,47.28,54.57,69,16.48,62.3,8,0.988,898.9,1.93,1239.1
3237,99.46,108.14,2067,46.5,60.4,67.46,77.6,27.52,85.55,8.9,1.021,949.4,2.52,1420
775.4,89.58,100.06,1722.3,30.8,16.56,19.6,43.3,3.92,20.81,8.4,1.012,556.3,1.22,443.9
2786.1,94.4,105.08,2012.8,43,64.48,67.14,75.4,24.48,91.03,7.2,0.984,891.9,2.93,1154.6
4000.3,100.45,113.23,2174.3,51.6,78.12,82.29,88.5,39.45,120.05,8.3,1.02,1019.7,2.72,1561.8
2055.9,95.07,106.06,1818.7,38.5,32.8,38.64,56.7,13.51,50.96,8.8,1.013,731.9,2.17,1050.2
3326.4,93.05,102.85,1975.6,44.1,43.75,49.55,62.5,22.98,68.63,11.5,0.991,860.5,2.49,1499.5
2329.3,93.65,100.09,1752.9,34.1,20.33,21.56,44.3,11.94,31.19,12.4,1.007,678.7,2.33,1020.6
1652.8,90.69,99.2,1770.8,40.6,49.91,53.81,68.8,12.69,66.98,5.8,1.022,757.5,1.79,977.5
1883.8,94.34,105.2,1902.7,39.8,30.67,35.06,55.3,12.25,45.33,10.6,0.995,710.9,1.89,992.1
2445.4,92.18,99.93,1870.3,39.3,22.35,27.2,48,13.86,36.8,12.3,0.993,687.4,2.65,1012.1
2497.3,89.96,97.48,2030.9,44.3,56.61,61.94,75.6,20.22,80.03,7.5,0.993,877.1,2.6,1126.1
2941.6,94.02,108.66,1749,37.3,11.93,15.32,40.3,13.49,21.59,14.4,1.013,694.8,2.06,1297.4
4100.4,95.25,104.18,1977.9,44.9,40.79,44.54,59.2,27,63.91,14.2,1.031,901.8,3.79,1458.9
764,94.32,104.4,1743.3,33.9,31.81,36.73,57.3,5.08,44.88,4.5,1.023,590.1,1.05,422
3142,89.7,97.72,1862.9,39.5,22.52,27.36,48.1,17.61,40.36,13.4,1.007,759,3.17,1286.7
2588.4,92.87,101.49,2011.6,43,55.44,59.8,70.8,20.88,79.77,8.2,0.993,873.6,2.52,1124.1
3258.7,95.98,104.45,1907.5,48.4,79.78,83.1,89.6,30.33,109.06,2.1,1,1085.3,2.9,1470.7
2178,92.57,104.27,1748.5,34.6,14.15,17.38,40.4,10.47,23.1,11.8,1.008,641,2.43,992.2
2941.5,91.32,103.22,1864.2,43.3,22.25,28.28,50.2,16.03,33.96,13.7,0.995,800.5,2.26,1324.4
3102.3,94.46,101.44,1986,46.6,48.66,57.24,70.6,24.07,81.92,9.2,1.004,875.5,3.08,1302.1
1600,63.64,61.4,1785.6,44,20.73,24.72,43.7,8.04,32.12,9.2,0.997,640,2.25,841.9
3279.6,55.43,55.5,1900.1,41,34.07,38.57,57.4,21.16,53.69,12.9,1.032,824.5,4.17,1343.4
3374.1,45.16,44.51,2036,45,54.45,61.08,73.7,28.31,91.12,11.5,1.007,915,3.18,1419.1
1666.6,90.23,100.18,1758.2,35.9,18.26,24.42,47,9.63,34.02,10.6,1.002,609.9,2.25,892.6
2435.4,93.79,103.59,1809.8,37.6,17.66,21,41.7,11.64,24.6,13.2,1.004,721.4,2.07,1121.8
2464.1,89.75,100.63,1893.7,35.8,34.31,42.36,57.6,16.5,59.36,10.4,1.029,738.4,2.16,1095.4
2671.9,92.4,102.79,2022.7,39.6,55.32,60.86,72.4,21.01,79.79,9.4,0.996,884,1.83,1283.1
3552.2,92.43,102.3,2000.4,41.8,51.91,57.06,69,27.08,83.64,10.8,1.016,910.5,2.93,1521.5
3398,94.35,102.93,1901.1,40.1,42.74,47.91,62.1,24.36,68.78,10.9,1.015,865.2,2.63,1436.2
2750.6,93.57,101.29,2055.7,39.8,75.63,78.38,84.7,26.09,108.88,6.5,0.99,909.3,2.49,1204.9
2406.8,92.09,100.19,1935,39.8,61.9,66.12,74.3,20.08,86.72,5.5,1.007,832,2.56,1036.3
2625,54.32,51.65,1968.1,40.1,53.33,60.41,74.9,23.23,84.58,9.4,1.014,847.4,2.85,1172.3
2542.6,92.33,103.47,1845,40.1,23.44,29.74,51.8,13.5,37.18,12.7,1.011,761.1,2.26,1178.6
4378,92.43,101.27,1966.9,53,28.96,36.23,54.6,26.57,52.9,16.4,1.002,873.3,3.78,1507
2470.8,90.46,98.07,2159.2,46.8,83.29,87.08,90.3,25.88,117.18,3.9,0.916,904.7,2.63,980.3
3506.1,88.05,97.78,1977.6,49.1,37.16,42.79,59.1,23.44,62.99,13.8,1.003,873.7,3.48,1410.9
2860.5,89.71,102.72,1867.5,40.2,30.65,37.45,53.5,17.74,50.33,11.2,1.006,761.9,2.3,1246.8
2217.5,94.57,104.24,1858.3,38.1,28.73,33.7,52.3,13.26,45.23,10.9,1.012,712.5,2.11,1067.2
2679.5,89.74,100.77,1943.9,40.3,38.48,43.22,62.8,19.3,60.14,12.6,1.029,795.9,1.89,1164.4
3050.3,89.86,100.16,1904.6,36.7,31.05,34.42,52.8,18.82,50.12,12.7,0.997,817.9,2.54,1350.2
1958.8,93.49,105.05,1895.9,36,34.73,39.84,59.1,13.08,48.66,10.6,1.019,748.9,2.13,1032
2425.5,91,98.66,1841,44.2,25.21,29.96,50.2,14.46,39.84,11.1,1.017,722.8,2.74,1049.1
2131.8,90.89,100.99,1807,35.3,17.16,21.71,46.2,11.18,26.07,11.5,0.976,759.8,2.23,1057.8
796.8,89.71,98.7,1895.9,33.8,54.42,61.76,71.6,6.61,73.22,4.3,1,734.3,1.26,458.9
2913.3,94.18,103.67,1935.3,44.7,43.15,49.64,65.1,21.17,68.17,10.3,1.014,793.7,2.93,1217
3232.5,93.53,105.33,2046.1,44.9,57.55,63.41,74,26.91,90.96,10.2,0.987,937.9,3.09,1382
733.5,94.83,109.53,1796.8,38.5,55.27,58.5,70.2,6.14,66.96,1,0.979,748.5,0.94,463.6
2959.6,89.15,95.35,1946.6,42.3,45.47,48.47,61.9,20.7,67.61,9.8,1.002,827.1,3.1,1241.3
853.3,44.29,42.79,1860.3,34.1,48.64,53.83,67.2,6.56,66.78,3.7,0.988,713,1.1,510.8
4211.9,88.3,100,2004.9,46.4,49.08,56.32,68.3,32.67,79.02,11.7,0.987,982,3.62,1544
3552.8,87.93,95.03,2070.6,51,59.91,65.27,73.9,30.11,92.3,11.3,1.016,953,3.56,1345.7
3003.7,92.48,104.8,1850,36.6,26.08,30.73,54.9,16.93,42.25,12.8,1.001,815.5,2.44,1336.8
2235,91.69,100.69,1952.6,42.1,78.19,80.39,86.9,21.15,95.97,4.1,1.008,927.5,1.95,1127.9
2418.3,94.58,107.11,1758.6,32.4,18.65,21.91,44.7,12.19,27.17,11.2,1.007,715,2.32,1055.6
3470.7,89.73,101.1,2115.4,47,78.82,83.19,87.9,34.13,114.81,9.7,1.01,993.7,2.88,1397.5
1349.1,87.63,94.66,1818.4,42.1,31.9,38.33,57,9.15,49.14,7.3,1.007,634.6,1.91,753
2288.4,93.63,103.54,1878.5,37.2,43.08,47.84,63.7,16.98,63.67,8.4,0.996,761.8,2.15,1072.2
2397,92.75,103.97,1853.5,39.7,36.17,43.72,61,16.89,57.28,10.3,1.021,812.5,1.99,1109.8
1522.5,62.54,62.91,1838.9,29.8,48,54.05,65.2,11.71,70.55,6.3,1.012,714.1,2.25,801.9
3476,93.29,101.41,2104.1,43.2,66.07,71.42,78.6,30.47,102.95,9.1,0.994,970.1,3.33,1411.9
1632,90.22,96.36,1913.1,30.2,56.71,61.95,71.9,14.54,84.12,5.6,1.006,741.6,2.03,847.5
3354.2,94.32,106.46,2040.5,42.5,55.13,59.92,69.7,24.88,77.74,9.1,0.978,1027.2,2.23,1608.2
1728.6,91.86,99.09,1815.1,37.7,31.7,37.85,53.9,10.99,46.39,7.8,1.026,695.1,1.98,905.4
3712.4,95.68,105.5,1868.4,48.5,15.24,17.44,40.1,16.88,26.48,17,1.003,788.5,3.12,1440.1
821,97.49,110.95,1889.3,33.8,53.05,59.24,70.3,6.59,74.16,2.9,0.994,733.1,0.95,463.9
1431.3,89.95,100.43,1859.6,40.1,42.64,48.15,64,10.39,63.56,6.7,1.003,711.1,1.9,810.8
744.2,86.84,95.27,1743.9,37.7,22.86,25.92,46.5,4.08,30.34,8.4,1.018,591.8,1.4,404.8
2616.1,99.57,112.17,1910.8,41.5,34.37,40.58,58.9,15.73,55.01,11.6,0.997,850.6,2.18,1172
3225.8,92.71,101.65,1825.1,41.2,15.61,18.58,41.4,15.25,24.76,14.7,1.011,767,2.96,1328.8
2140,93.18,106.99,1814.7,39.9,21.07,25.84,50.3,11.36,31.37,11.7,0.971,784.3,2.27,1067.1
2358.5,92.11,104.08,1953.8,39.1,46.76,50.33,62.6,17.22,63.98,9.2,0.968,829.8,2.16,1112.2
3694.7,91.85,105.36,2021,52.6,43.3,49.25,62.6,25.63,67.43,12.6,1.008,940.9,3.18,1434.7
854,90.46,98.82,1717.4,28.1,12.12,14.84,41.4,4.05,21.27,7.8,0.999,611.1,1.43,474.1
1901.9,90.44,103.73,2078.2,38.5,67.4,73.52,81.7,18.08,89.35,5.3,0.961,927.3,1.73,971.7
3934.1,94.44,109.69,2062.3,48.2,76.94,77.52,83.1,34.7,107.89,9.9,1.03,1046.2,3.34,1570.7
2946.6,93.6,105.52,1975.2,49.9,66.7,71.92,82.6,27.33,99.32,4.5,1.008,927.1,2.76,1274.5
2537.5,91.72,99.47,1890.2,39.6,49.48,56.39,67.6,19.84,77.79,7.3,1.018,811.7,2.26,1049.2
2006.8,92.19,106.4,2073.1,39.7,75.26,77.27,84.8,18.35,88.43,2.7,1.013,935.9,1.89,1050.2
1904.2,94.24,100.14,1933,45,39.85,43.9,61,12.43,55.16,10.4,1.016,705.7,2.17,923.8
4536,95.62,103.7,2140.2,51,48.73,56.34,68.6,34.01,80.41,12.8,0.999,995,3.99,1491.7
3284.9,47.76,47.7,1913.1,44.7,28.79,30.99,51.1,18.09,45.27,15,1,793.7,3.41,1567.6
795.1,90.77,99.31,1816.3,31.7,44.62,49.5,63.5,6.24,62.51,4.6,1.005,654.5,1.63,411.9
2641.2,90.15,99.76,1959.3,39.5,45.81,49.98,66,19.77,67.54,8.2,1.003,831.4,2.7,1116.9
2424.9,89.83,99.26,2006,40.6,66.68,71.22,78.2,21.71,93.81,5.6,1.003,847.9,2.13,1039.8
2605.6,92.11,102.99,2020.1,44.9,66.63,72.35,82.3,23.57,90.46,5.9,0.979,959.6,2.13,1192.1
3054.7,92.59,101.02,1960.6,44.7,48.58,53.55,67.5,23.92,76.58,10.7,1.003,837.9,3.17,1242.1
2358.5,90.99,101.54,1951.7,41.9,40.55,46,63.4,17,61.64,9,0.989,823.1,2.19,1054.7
2810,95.67,106.76,1992.5,44.4,51.41,58.24,70.3,21.34,77.42,9.2,0.995,877.3,2.79,1214.8
4488.9,94.61,105.78,2119.3,54.9,51.4,56.9,69,33.06,78.37,14.1,1.013,999.8,4.05,1502.1
2754.3,93.07,100.83,1985.8,43.7,49.63,54.85,68.6,21.36,74.37,11,1.011,851.6,3.08,1163.9
2492,49.21,53.18,1900,44.7,37.07,42.94,61.9,16.45,52.44,13,1.018,790.4,3.26,1091.8
3155,87.18,95.78,1915.7,41.7,29.59,34.87,53.1,19.17,48.05,12.6,0.996,794,3.25,1261.1
1677.2,90.79,98.99,1898.8,41.7,38.95,44.72,60.5,11.88,54.05,7.8,0.995,691.4,2.38,842.3
1797.5,87.57,98.4,1725,39,21.95,24.35,48.5,9.42,33.06,10.3,1.031,672.3,1.97,965.3
2712.3,94.78,108.16,1950.7,43.3,49.32,53.83,68.2,20.6,75.51,10.9,1.003,818.2,2.63,1173.8
2499.4,93.15,100.46,1856.9,40,27.05,32.27,52,14.9,43.46,11.2,0.988,782.4,2.58,1138.3
2078.1,94.23,102.95,1859.4,38.7,37.48,41.72,59.4,15.01,52.23,8.9,1.003,696.4,2.47,952.7
2917.4,92.27,99.42,1877.6,42.9,38.17,45.41,60.3,20.61,65.17,10.2,1.031,819.1,2.75,1249
2746.4,92.12,98.69,1816.9,38.3,14.51,14.12,36.8,12.03,16.42,13.5,1.012,685.8,2.82,1165.7
4258.6,96.26,103.86,2007,47.4,34.4,39.69,57.3,25.49,57.19,14.8,1.005,908.3,3.77,1497.3
1921.9,91.56,98.95,1716,42.8,11.16,12.03,35.1,7.84,15.09,12.1,1.011,593.4,2.28,911.3
2826.1,89.24,100.45,1900.6,42,45,49.68,63.7,21.31,70.42,9.7,0.999,830.4,2.95,1195.4
743.1,91.9,101.2,1792.5,31.7,29.91,36.28,59,4.83,42.98,6.2,0.989,666.2,1.01,435.4
2572.3,97.29,104.36,1862,39,24.76,28.59,50.2,15.31,38.74,10.9,0.997,694.5,2.73,1089.2
3077.2,94.15,105.69,1876.1,41.7,24.93,33.04,52,16.93,38.43,10.9,1.033,791.5,2.69,1481.9
2791.4,92.8,102.31,1853,38.6,19.31,24.05,46,14.32,28.31,13.7,1.005,768.5,2.33,1320.5
2805.4,90.59,97.36,1996.4,44,50.3,58.72,71.6,21.92,79.85,9.6,0.993,886.5,2.72,1182.8
3802.4,98.96,111.15,1982,45.4,40.04,47.57,64.4,24.95,62.04,12.1,1.034,910.3,2.55,1577.1
2812.8,90.03,101.32,1857,42.2,43.62,45.85,61.6,19.01,61.69,9.4,1.022,804.6,2.99,1192.1
2228.9,88.22,96.39,1889.9,39.6,31.97,34.78,52.8,13.6,49.02,10.3,1.011,732.2,2.58,951.8
2452.8,95.37,105.27,1822.4,39.8,16.36,17.35,43.3,11.12,23.39,13.1,0.997,751.9,2.24,1133.3
896.9,89.89,97.5,1769.2,31.3,42.73,45.09,62.9,6.75,55.71,7.1,1.025,652.8,1.52,479.1
2797.7,93.72,104.39,1857,42.6,37.43,44.25,60.7,19.79,57.45,9.7,1.001,838.4,2.35,1305.7
1887.6,94.41,102.05,1767.2,38,15.07,19.01,44.7,9.75,26.39,11.7,1.017,618.9,2.4,924.8
2507.4,90.3,98.22,2022.4,40.7,61.07,66.97,76.1,23.04,91.36,7.7,0.994,850.6,2.68,1033.5
2614.6,90.78,100.26,1912,37.8,30.82,35.69,54.4,16.04,43.43,12.3,0.973,832.1,2.21,1230.9
1877.9,48.46,51,1874.9,40,35.68,41.58,58.1,12.46,51.61,10.2,1.027,736.9,2.68,985.4
2443.6,93.08,101.03,1970.6,44.7,46.92,53.61,66.6,18,68.73,8.4,1.004,834,2.45,1064.1
1887.2,92.89,104.08,1904.6,42.2,42.22,48.66,64.7,13.73,61.29,7,0.997,777.4,1.65,965.8
4309.9,65.12,63.24,1888.8,45.4,19.96,24.55,48,23.69,35.72,17.2,0.997,870.8,4.78,1482.7
3872.9,65.26,67.31,2120.3,43.5,77.01,81.75,85.5,37.16,123.08,7.5,1.005,1011,4.07,1385.6
3038.4,91.33,103.32,1969.9,41.6,43.55,49.29,66.6,22.97,64.91,12,0.97,885.3,2.28,1295
2964.9,91.41,98.41,1714.7,37.5,10.87,11.47,39.4,13.15,12.01,13.1,1.023,710.1,3.08,1274.7
2601.4,90.81,97.82,1899.8,38.2,28.01,33.76,52.1,16.19,48.26,13.7,1.005,742.7,2.84,1058.2
2350.2,90.59,101.08,1758.8,41.5,11.11,12.34,37.5,10.29,18.37,13.9,1.017,647.4,2.3,1022.6
3122.9,92.54,98.42,1869.2,39.5,21.85,25.09,47.2,16.39,34.55,15,0.971,868.8,2.93,1437.6
2508.9,93.07,106.91,1933.3,46.7,32.73,40.38,58.8,16.55,55.61,12.7,0.995,765,2.31,1086.1
2163.7,61.6,61.24,1795.4,38.3,31.65,33.98,54.1,13.53,43.5,10.3,1.003,723.6,2.2,1121.5
2735.3,91.66,103.02,1803.4,34.4,9.36,9.94,37.9,10.92,10.9,14.2,0.986,804.4,2.23,1352.1
3527.4,89.09,97.46,1897.8,45.9,18.08,23.25,44.6,17.92,32.91,18.2,1.023,773.9,3.5,1331.3
2964.5,93.33,104.43,1931.4,42.7,36.42,43.76,59.4,20.45,62.04,11.3,1,819.2,2.54,1277.6
3211.4,90.11,97.88,1973.1,45.5,45.48,52.65,67.4,24.55,76.09,10.2,1.003,830.1,3.27,1286.4
2497.6,91.63,101.21,2027,43.8,68.88,70.96,80,21.9,90.89,6,1.007,887.9,2.32,1224
2034.6,94.67,108.55,1994.7,36.7,63.08,66.39,76.9,17.33,81.96,7.9,1.028,843.8,1.72,1112.1
2963.8,96.78,108.75,1898.9,39.6,22.76,25.26,46.5,14.42,28.92,14.1,0.973,866.1,2.08,1403
2898.6,98.63,109.25,1787.9,40.6,22.02,28.54,53.3,15.91,37.31,11.5,1.03,768.5,2.26,1409
2797,89.75,101.43,1958.7,43.1,47.9,54.61,69,22.54,72.78,9.4,1.016,809.4,2.92,1142.4
2293,93.47,101.24,1795.2,37.5,28.3,33.26,54.7,14.4,41.23,11.6,1.042,732.1,2.59,1033.8
3053.5,89.84,98.06,1872.3,43.1,13.45,11.97,39.1,12.93,12.36,15,1.017,781.3,2.65,1318.2
2887.7,92.09,102.39,2002.5,44.1,54.7,60.3,70,23.27,79.48,8,0.97,894.5,2.78,1254.7
2201.8,88.67,96.96,1992.9,42.7,66.08,70.96,80.5,19.68,89.8,6.4,1.019,840.2,2.5,1006.5
5000,93.23,99.43,2129.4,52.8,59.42,63.34,72.3,40.25,87.42,14.7,1.025,1060.7,4.76,1478.1
3312.2,94.97,103.24,1993.3,50.9,52.51,57.79,69.9,25.59,82.32,9.1,0.996,852.9,3.68,1341.4
1946.1,93.4,103.02,1813.8,38,41.14,46.66,61.7,13.52,56.89,6.3,1.006,750.5,2.01,1017.3
2750,90.92,103.09,1977.7,39.7,49.81,55.86,68.5,21.35,76.89,10.9,1.012,846.5,2.37,1211.3
833,69.59,68.54,1839.3,34.1,42.78,47.93,65.5,6.34,54.12,6.3,0.999,703.6,1.4,466.6
3333.5,91.41,101.86,2024.7,49,59.11,64.96,76.5,26.86,84.43,8.1,0.991,983.8,2.67,1515
2821.6,55.12,58.39,1860.2,40.4,34.15,39.11,58.4,18.19,49.44,11.2,1.034,790,2.85,1245.9
2313.3,90.45,100.24,1767.2,37.8,19.25,24.55,45.8,11.78,30.91,10.6,1.007,698.1,2.63,1044
3048.1,95.29,106.41,1983.4,43.6,37.45,44.01,62.6,20.8,63.33,11.8,0.997,836.3,2.58,1331.6
3241,95.25,99.74,1891.4,43.1,26.86,30.3,54.9,18.51,40.41,12.5,0.976,915.6,3,1456.4
3990.7,90.14,97.99,1908.8,45.7,26.02,32.39,52.5,23.13,43.45,15.6,1.034,861,3.8,1490.1
3911.2,90,104.53,1974.5,43.3,29.62,33.37,55.4,22.53,43.18,12.5,0.951,1013,2.68,1641.5
3655.5,87.63,96.64,1899.5,48.3,16.49,19.54,42.2,16.84,31.09,16.5,1.016,773.8,3.12,1477.6
2904.8,91.6,102.15,1843.3,39.7,31.8,37.14,54.2,17.66,45.81,10.7,1.011,799.4,2.96,1255.7
1624.4,91.91,102.47,1796.6,40.4,61.13,64.63,72.5,13.78,80.98,2.3,1.008,759.2,2.04,914.2
871.4,88.11,99.45,1775.5,30.8,41.42,47.18,62.5,6.57,53.96,6.3,0.997,666.3,1.57,495.8
2715.8,91.69,100.31,1910.9,35.5,38.22,40.47,59.4,17.98,55.7,11.9,1.015,795.7,2.35,1222.6
2024,93.06,101.34,1921.4,40.6,60.59,64.39,77,18.03,86.56,6.2,1.001,841.5,2.18,966.9
2070.2,94.19,105.72,1730.5,37.7,17.21,18.78,42.9,10.12,24.92,10.4,0.996,726.7,1.6,1027.1
3624,91.61,101.62,1956.9,47,46.32,51.91,66.1,26.28,77.91,11.8,1.007,878.7,3,1566.9
2137.6,92.86,102.68,1910.6,34.7,41.51,45.17,61.7,15.08,58.14,8.8,0.985,739.4,2.24,995.4
2472.9,92.56,104.76,2063.8,41.4,76.69,77.64,83.8,23.27,98.36,6,0.983,915.9,2.02,1124.7
1881.1,95.59,105.49,1829.3,35.4,21.67,27.85,49.7,10.44,35.49,11.5,1.01,708.9,1.84,1017.6
2666.6,92.5,100.58,1964.2,46.1,51.27,55.59,68.6,19.81,74.51,8.9,1.013,883.6,2.47,1236.3
2293.8,93.45,103.8,1875.9,38.6,38.69,45.01,60.8,15.43,57.49,8.6,1.017,740.1,2.42,1021.8
3324,93.19,102.39,1942.6,43.6,24.83,34.3,53.8,19.56,44.8,14.5,0.997,815,2.82,1364.9
2772.1,90.72,101.78,2024,41,54.28,60.14,72.3,21.06,72.43,8.3,0.951,1012.5,2.16,1287.7
2741.9,93.36,102.26,1880.3,44.8,35.53,39.47,56.6,18.39,54.83,11.5,1.002,775,2.8,1124.4
1772.9,89.08,100.67,1826.7,39,31.75,37.09,53.2,10.64,46.76,8.8,0.983,737.4,2.08,967.7
2576,93.24,98.85,1861.4,43.7,29.41,37.13,56,16.72,52.32,10.7,1.002,771,2.44,1158
2460.5,95.71,105.48,1910.8,36.3,38.81,42.09,58.9,16.89,53.14,8.8,0.973,896.2,2.29,1173.9
2146.4,94.75,110.19,1970.4,45,41.59,46.85,62.9,14.27,53.1,9.6,0.976,913.6,1.71,1127.2
714.9,89.37,99.14,1788,37.1,37.08,43.31,58,4.93,52.42,5.6,1.002,607.1,1.29,371.6
2930.9,99.13,109.56,1819.4,44.1,6.24,9.76,37.6,12.36,14.88,14.4,0.983,768.7,2.38,1445.3
2083.4,95.05,107.84,1894.3,40.5,40.34,42.51,60.5,13.42,46.51,7.9,0.97,853.9,1.83,1155
1913.2,92.86,100.38,1810.6,38.1,29.7,35.32,56.4,12.37,42.78,8.1,0.997,675.1,2.25,940.7
4372,63.01,65.53,2101.2,47.6,77.63,78.57,83,40.36,109.08,8.8,1.028,1037.3,4.36,1534.8
4050.3,92.86,103.12,2000.2,46,36.66,42.01,59.7,27.28,55.87,14.5,1.025,908.9,3.4,1491
868.8,91.31,99.17,1829.1,28.6,37.4,42.28,60.7,5.93,51.81,5.1,1.038,640.6,1.1,464.7
2614.8,92.66,102.8,1853.8,37.9,33.48,37.44,56.6,17.66,49.87,10.5,0.99,753.3,2.68,1120.6
2556.6,93.57,107.09,1958.4,37.8,57.09,62.73,72.5,20.69,82.24,8.2,1,850.6,2.21,1230.9
4793.5,97.15,110.87,2086.9,50.3,62.99,69.65,77.3,39.09,91.01,12.7,1.03,1059.1,3.74,1527.1
828.9,89.89,99.46,1798.4,35.4,48.53,53.8,69.3,6.21,66.2,4.2,1.019,693.1,1.34,449.3
2415.5,87.77,98.68,1987.6,45.5,68.87,73.11,79.9,21.96,98.46,6.4,1.02,840.6,2.62,1039.7
3386.5,93.48,103.04,1951,38.6,43.6,49.28,66.7,25.78,69.93,11.3,1.002,895,2.85,1421.2
2018.7,93.2,103.12,2018.9,41.4,68.03,71.96,79.8,17.88,87.28,6.1,1.021,868.5,1.96,1084.3
2094.3,89.31,98.35,1795.1,33.5,17.62,19.27,42.1,10.66,26.52,12.2,1.01,668.6,2.6,961.2
3298.2,95.11,105.3,1908.3,45.6,20.65,24.49,48.3,17.4,32.13,13.8,1.007,795.4,2.74,1402.6
2560.5,89.76,95.92,1868.5,42.4,28.08,32.96,51.6,15.46,43.92,11.5,1.02,723.9,2.94,1025.4
2286.7,89.62,100.99,1810.1,41.3,20.47,27.28,48.3,12.68,36.22,11.9,1.014,675.9,2.34,1005.4
1788.5,94.45,101.7,1889.8,40.4,33.87,39.39,58.4,11.91,50.41,9.2,0.993,711.2,2.17,970.9
2061.4,92.35,100.48,1824.6,37,31.67,34.2,53.1,12.5,42.65,10.1,1.007,711.1,1.86,981.8
2258.5,98.14,106.56,1906.6,36.7,55.19,60.11,73.4,18.63,72.57,7,0.989,882.9,2.07,1116.1
1988.2,94.29,104.62,1917.9,39,42.46,50.69,65.4,13.92,63.93,9.1,0.993,824.6,1.79,1057.5
2630.3,94.56,104.15,2078.2,45.1,71.23,74.79,83.7,23.93,95.17,7.6,0.994,889.4,2.48,1160.3
801.1,87.56,96,1673,30.1,11.74,10.25,35,3.26,16.02,9,1.002,515.6,1.36,415.2
2135.2,93.11,101.86,1959.4,40.9,62.8,68.63,76.1,18.54,89.21,5.8,0.997,844,2,1040.2
813,91.93,98.85,1733.1,38.1,29.94,37.52,57.1,5.29,44.53,7.4,1.034,627.7,1.01,456.9
2309,87.91,99.75,1811.2,37.2,18.46,21.61,43.7,11.92,28.81,12.1,0.985,713.6,2.35,1135.7
3184,93.18,103.62,1970.5,45.9,38.48,47.55,63.9,20.67,60.08,11.8,1.011,887.6,2.85,1389.8
2911.5,91.63,101.72,2002.1,42.7,55.58,59.71,73.2,21.87,75.3,6.7,0.938,1024.3,1.7,1382.4
1849.4,93.78,102.71,1866.4,35.1,47.86,52.83,67.1,14.54,66.78,6.2,1.006,748.8,2.08,999.4
4263,93.72,105.46,1961.6,45.4,26.75,31.65,53.4,24.16,43.3,16.3,1.015,907,3.82,1621.4
2828.1,95.55,107.8,1788.4,38,19.57,23.45,44.4,14.54,33.91,14.1,1.007,700.4,2.53,1225.1
2989.5,90.95,98.65,1817.2,43,18.71,20.58,43.5,15.23,32.52,13.9,1.013,714.9,2.92,1246.8
4479.8,96.07,105.97,1905.5,45.3,26.44,30.71,51.7,24.4,44,16.7,1.013,918.4,3.16,1519.4
2354.7,97.08,107.37,1951.5,36.9,39.97,46.53,64.3,15.57,56.02,9.9,1.009,773.3,1.55,1153.4
1739.3,98.12,107.89,1988,38.9,56.22,59.23,72.1,14.15,69.48,4.9,0.975,839.9,1.94,1061.3
814.5,88.52,95.63,1763.7,36.3,23.1,26.74,47.8,4.43,32.68,8.3,1.002,626.9,1.4,474.5
3299,88.27,95.82,2109.4,46.4,73.33,74.3,82.2,31.09,108.79,8.4,0.994,955.5,3.45,1305.6
2431.2,91.11,98.46,1995.2,40.1,47.59,51.04,64.4,17.46,66.58,9.6,0.99,795.1,2.46,1082.1
3277.9,90.18,101.56,2080.3,44.6,61.2,65.11,75.1,27.98,88.57,10.1,0.98,1023.5,2.81,1478
2598.7,94.41,107.81,1791.6,32,20.7,27.36,48.6,14.68,35.04,11.8,1.013,797,2.35,1221.2
2851.1,93.14,100.27,2012.8,43,61.89,65.58,76.2,25.11,90.47,7.5,0.989,867,2.99,1194
4336.3,102.08,111.58,2022.7,41.8,47.38,52.64,68.1,30.2,67.75,14.6,1.001,1062.7,3.16,1635.6
1845.3,86.05,95.33,1959.3,41.3,66.75,71.89,79.7,17.16,94.64,4.7,0.997,794.4,2.04,903.1
796.2,97.43,110.45,1712.4,35.6,40.57,47.01,63.7,5.79,53.2,4.1,1.004,654.2,0.94,500.9
2178.1,89.22,99.09,1916.9,35.3,53.72,61.34,71.3,19.02,80.05,5.3,0.994,822.6,2.29,1003.8
1953.2,94,101.77,1884.3,41.7,40.62,45.94,59.8,13.25,57.78,8.7,1.011,740.8,1.87,973
3358,91.98,99.79,1998.2,44.8,50.93,56.56,67.7,26.4,86.02,11,0.986,856.6,3.39,1346.2
2499.8,91.07,101.02,1958.2,45.6,51.41,56.26,68.3,19.68,78.54,9.1,1.005,796.5,2.74,1015.3
2773,93.42,102.42,1901,38.9,28.51,34.88,54.4,17.01,47.96,12.4,1.011,800.9,2.49,1199.9
5000,95.59,105.28,2186.9,51.6,72.74,76.76,81.9,43.93,101.6,13.8,1.027,1083.4,4.15,1611.2
768.9,89.48,100.18,1721.6,35.1,19.69,22.5,43.6,3.87,27.22,9,1.007,556.9,1.22,424.5
2340.7,94.41,106.39,1825.5,43.9,31.47,38.68,56.8,15.45,47.89,10.3,0.987,744.4,2.46,1101.4
4402.8,94.75,103.97,2022.8,46.3,42.67,48.98,65.6,29.94,67.18,14.6,0.985,978.3,3.21,1541.4
2093.3,91.27,101.49,1961.3,44.6,65.67,70.89,79.6,19.12,88.95,4.2,0.996,848.2,2.03,1048.2
2443.1,99.2,112.16,1885.4,40.4,28.29,36.13,53.2,14.92,48.42,10.6,0.996,775.5,1.82,1143.6
4768.3,93,102.65,1911.3,50.7,33.8,40.86,58.3,30.52,55.5,15.4,1.015,936.2,4.44,1503
3092.1,94.64,107.36,1916,40.6,32.14,37.78,58.8,19.57,49.86,13.9,1.018,808.3,2.2,1471.4
5000,92.03,104.53,2114.9,49.9,40.22,49.21,64.2,34.51,64.77,15.6,0.973,1108.1,3.34,1606.8
3442.6,85.17,93.16,2157.9,47.6,85.41,86.61,90.9,33.77,123.16,6.6,0.88,1009.7,3.41,1434.3
2278,90.28,98.13,2012.5,38,56.3,60.58,72.2,17.72,75.76,9,1.002,850.3,2.49,1093.7
851,89.77,97.98,1807.2,33.7,38.6,44.98,60,6.24,55.84,7.6,1.015,624,1.48,434.7
4727.4,96.93,106.18,2107.9,53.9,56.06,58.74,73,34.93,78.53,14,0.995,1026.1,3.98,1532.5
2641.2,93.78,104.63,1859.4,35,31.29,35.94,54.3,17.03,49.76,10.9,0.998,766.2,2.43,1149.2
2983.1,96.93,106.93,1942,40.3,35.01,41.38,59.6,18.96,55.04,10.8,1.019,795.1,2.68,1306.2
2935.6,94.21,105.55,1940.6,36.4,43.07,46.08,62.8,20.51,61.31,10.5,1,878.1,2.49,1324
2009.4,90.58,98.7,1922.1,35.6,50.53,54.26,69.1,16.59,69.38,8.9,1.001,762.9,2.6,938.3
1973.1,94.02,104.12,1801.8,40.5,20.9,24.5,45.5,10.56,32.26,11.1,1.017,639.6,2.27,947.3
2732.7,92.1,101.3,1917.3,43.6,39.59,44.26,59.3,18.51,59.63,10.4,1.008,819.8,2.85,1146.7
2426.6,93.83,102.71,1939.5,41.8,47.8,51.96,65.6,17.81,67.26,8.3,0.993,793.9,2.65,1083
1750.9,91.59,103.96,1706.1,37.4,18.12,24.41,45.5,9.09,29.34,10.3,1.01,642.3,2.01,925
2009.8,99.32,107.46,1799.1,35.8,20.13,22.78,46,10.05,30.68,10,0.999,737.8,1.77,1068
3447.9,90.51,100.47,1851.3,44.3,17.39,21.02,45.2,17.27,27.02,15.4,1.021,761.5,3.15,1415.4
3124.9,93.29,100.41,1935.2,51.8,37.46,41.85,57.9,18.78,56.3,13.6,0.999,876.7,2.6,1373.1
779.5,92.07,96.43,1861,35.1,46.91,52.49,67.1,6.29,63.97,2.6,0.986,645,1.64,407.8
3544.8,92.01,101.9,2013.5,41.9,49.82,56.13,70.8,28.26,80.26,11,0.985,949.4,2.84,1418.7
3161.7,92.21,104.92,1806.6,40.5,11.69,12.38,38.5,13.85,19.42,16.2,1.019,753.3,2.22,1402.6
2649.9,91.37,102.96,1778,42.5,17.75,19.76,43.5,13.31,23.25,13.6,1.016,705.9,2.62,1138.6
4773.8,90.12,100.63,2025.4,51.8,45.24,50.66,63,34.24,72.61,14.5,0.982,967.7,4.39,1499.1
2205.3,92.82,104.79,1813.7,36.6,26.75,32.46,53.2,12.87,39.47,10.4,1.008,717.3,1.79,1061
1806.8,90.46,100.81,1777.3,35.4,32.49,36.89,52.5,11.37,49.43,7.7,1.004,681.2,2.31,893.7
3412,88.69,101.64,1906.3,42.7,27.81,32.37,52.4,19.73,47.2,13.6,1.006,791.5,3,1393.4
2385.8,93.65,105.34,1920.7,39.5,72.29,75.79,84.3,22.29,92.95,3.2,1.003,941.4,2.2,1184.2
3894.1,94.02,105.09,1856,37.9,21.2,23.22,42.7,18.7,34.55,16.2,1.001,797.8,3.71,1433.3
1983.2,92.77,102.96,1663.5,33.6,13.1,15.08,40.8,9.43,21.46,10.2,0.991,651.9,1.89,1012.7
2996.3,52.48,56.06,1998.8,44.8,45.24,51.89,65.2,22.53,69.87,11.4,0.977,888.7,3.74,1256.5
1828.7,89.66,98.8,1781.1,37.7,23.3,27.75,49.6,10.82,35.62,10.3,0.987,658.5,2.2,872.9
1664.4,92.71,103.38,1802.2,30.6,24.95,31.03,52.2,10.42,37.36,9.5,0.999,675.6,1.91,893.3
4119.4,99.89,114.74,1959.8,37.5,38.42,44.38,59.5,26.7,57.17,12.6,0.999,977.8,2.13,1759.3
2407.2,92.1,102.59,1818.9,41.6,28.64,33.14,54.4,13.79,36.16,10.3,1.002,821.4,2.21,1189.1
2177,94.37,103.17,1765.6,39.3,10,12.79,38.6,9.24,16.48,12.2,1.007,715.7,2.11,1085.2
3085.9,62.14,60.28,2091.8,50.5,57.72,65.03,74.3,25.52,95.08,10.6,0.997,878.5,3.39,1227.9
872.1,94.99,105.1,1824.5,34.2,39.46,46.11,62.1,6.38,54.83,5.9,1.003,644.9,1.48,494.8
2352.6,89.74,96.3,1921.3,40.4,49.6,56.36,68.9,17.71,71.92,7.3,1.014,803.5,2.43,1055.1
2717.6,95.13,110.08,1906.5,38.1,27.74,32.26,53.6,15.45,39.77,11.5,0.989,837.8,1.7,1378
3007.8,95.65,106.6,2000.4,43.8,46.27,53.18,68.1,21.98,72.22,11.2,0.993,889.3,2.8,1328.6
2656.8,91.58,102.27,1979.6,34.5,56.21,64.58,76.1,22.88,87.22,8.1,1.008,878.6,2.57,1200.7
2397.2,88.91,100.26,2005.7,44.4,54.68,58.47,72.1,17.84,72.41,8.2,1.018,871.3,1.91,1217
2674.5,94.49,105.85,1973.5,42,42.56,47.87,63.7,19.95,58.62,8.7,0.949,953.7,1.99,1287.9
2712.8,91.05,103.38,1941.9,43.2,71.58,74.15,82.4,25.75,98.68,6.3,1.029,936.8,2.25,1237.6
811.5,92.96,101.43,1689.8,31.1,14.51,16.86,40.5,3.71,21.54,9.4,1.029,540.8,1.38,447
2497.4,92.99,100.75,1948.4,45,47.89,56.38,70.5,20.33,73.95,7.9,1.019,801.1,2.47,1071.1
3272.9,92.71,101.67,2021.9,45.7,49.22,54.24,67.3,24.91,78.79,12.9,0.976,892.7,3.29,1422.9
3652.4,89.16,97.77,1902.5,43.4,13.16,16.07,41.9,16.5,21.87,15.4,0.999,839.4,3.01,1578.2
3942,92.58,103.34,2086.3,48.1,56.08,59.26,72.5,31.78,85.04,12.1,1.02,966.9,3.56,1447.2
2111.3,90.46,102.4,1735,40.9,11.4,16.51,40.7,10.01,22.86,10.6,1.039,635.5,2.1,953.8
1786.1,54.72,53.23,1925.1,41.2,47.72,53.22,68.6,14.49,73.9,6.9,1.003,725.3,2.57,902.8
2594.5,89.81,99.55,1795.9,41,11.47,12.63,39.6,11.78,15.33,13.8,1.021,668,2.62,1075.6
2195.3,95.35,105.01,1890.8,39.4,40.12,46.38,61.4,14.85,56.71,8.4,1.016,791.9,1.84,1017.9
1274.9,88.92,95.59,1804.2,36.5,31.7,37.33,58.8,8.54,44.21,7.5,1.029,628.6,1.9,728.7
3976.7,92.5,100.81,2038.4,46.3,48.19,55.69,68.5,30.4,74.95,11,0.984,1016.5,2.71,1635.4
4274.3,90,99.36,2307.5,46.2,99.81,100,100.4,48.57,142.74,7.7,0.887,1104.8,3.93,1497.6
805.6,90.37,98.15,1769.5,33.8,30.44,39.44,56.8,5.5,51.32,6.4,1,602.6,1.46,423.5
2038.6,94.68,106.41,1906.3,37.3,40.59,47.1,60.6,14.13,59.95,7.1,1.026,787.4,1.91,1002.2
718.9,87.44,91.78,1745.7,35.8,31.91,36.72,55.3,4.79,48.27,6.1,1.002,572.6,1.43,389
746.3,63.03,66.36,1806.2,28.9,42.79,49.3,64.1,5.93,62.5,4.4,1.007,652.7,1.24,422.8
2319.5,93.82,104.96,1820,38.9,23.98,27.53,49.4,12.83,35.58,11.9,1.019,694.8,2.33,1095.6
2219.8,95.81,106.05,1980.3,45,65.34,69.8,78.5,19.12,91.85,5.8,1.002,848.4,1.93,1054.8
2091.7,89.33,99.3,1936,38.8,47.2,52.74,67.5,16.39,67.34,7.3,1.001,768.6,2.69,945.7
2458.3,95.35,104.86,2048.7,46.7,80.06,83.5,88.7,22.12,100.82,3.8,1.016,946.6,2.32,1117.7
4190.6,90.8,97.68,1962.4,49.8,35.06,39.01,56.4,26.88,61.19,14.3,1.006,861.6,4,1425.7
3769.8,95.08,103.08,2053.5,49,52.52,60.45,71.9,28.91,88.06,12.3,1.041,954.6,3.29,1477.5
819.1,89.1,100.1,1671.1,29.6,12.04,17.31,42.1,4.17,18.02,10.2,1.013,540.4,1.22,428.4
3314.3,92.23,101.45,2023.3,47.9,31.83,38.04,58.2,19.74,48.91,16,1.006,899.5,2.55,1500.9
2571.5,92.21,98.54,1877.8,36.4,26.79,36.33,54.7,17,50.4,10.2,1,764.1,2.66,1110.7
2565,67.66,69.46,2052.2,42.4,67.31,69.96,79.8,23.1,83.69,5,0.944,1011.3,2.77,1236.4
2243.9,92.47,104.06,1897.5,40.8,42.12,51.14,66.4,17.45,66.02,9.6,1.009,783,2.31,1056.2
2183.6,90.33,98.96,1761.1,36.9,13.61,14.49,40.3,10.34,20.3,13.8,1.021,615.9,2.57,960.8
3193.9,97.56,106.14,1830.2,44.1,29.32,31.28,49.5,17.74,41.35,11.1,0.992,830.9,2.73,1374.5
2598.9,63.95,67.39,1883.4,46.6,30.64,37.9,58.2,16.59,50.55,10.9,1.024,750.5,2.92,1129
2290.5,87.96,98.99,1813.3,36.6,11.35,14.01,37,9.55,22.15,14.4,0.999,663.1,2.57,1013
2614.5,95.3,107.74,2001.4,38.1,68.51,71.99,79.6,23.38,93.78,6.8,1.006,891.3,2.43,1190.8
1299.8,94.28,105.22,1780.9,31.3,23.83,29.33,51.3,7.78,36.13,9.3,0.991,636.6,1.75,732.5
3300.8,92.61,106.64,2125.5,46.9,73.11,76.19,83.1,31.39,110.2,8.2,1.003,945.2,3.18,1302.9
1473,88.62,96.87,1940.7,38.7,57.52,62.8,74.3,12.75,76.89,4.5,1.014,735.5,1.99,801.5
2332.4,89.18,99.47,1849.6,39.2,26.45,30.42,51.2,13.67,42.43,11.1,0.982,713.5,2.19,1062.1
3370.6,97.23,109.07,1976.1,44.5,77.27,77.67,83.7,30.14,109.03,8.1,1.027,967.6,2.77,1376.5
1599,93.31,103.37,1758.9,41.2,10.73,12.05,40.6,7.12,11.09,11.6,0.991,666.2,1.17,988.3
2594.5,93.68,102.78,1942.7,44,49.26,54.4,68.6,19.55,71.89,9.3,0.996,824.3,2.39,1180.6
1980.5,91.31,102.85,1822.4,36.2,29.19,34.75,56,12.14,41.33,9.3,0.992,740.5,1.96,1006.1
3037.6,89.86,97.36,1895.1,40,30.47,38.21,58.8,21.32,50.59,11.7,1.009,783.3,2.95,1239.9
4204.2,54.79,56.09,1850.8,46.2,14.42,16.43,42.4,19.12,21.19,14.9,0.978,882.7,3.61,1614.3
2951.6,88.57,100.32,1976.2,47.2,40.62,48.62,64.4,20.94,64.74,12.3,0.974,974.3,2.4,1457.1
2622.1,86.55,98.17,1854.9,44.1,25.54,31.43,51.2,15.17,39.76,12.5,1,750.6,2.57,1091.2
1730.9,42.85,41.68,1815,40.2,31.39,37.94,56.5,10.56,50.62,8.3,1.019,704,2.61,969.9
2558,88.58,97.87,1863.9,36.5,18.73,22.53,47.6,14.1,28.55,14.3,1.032,705.1,2.5,1136.6
1919.3,89.17,101.39,1801.1,40.2,26.05,30.26,49.5,11.15,38.75,9.9,0.999,703.1,1.92,1012.9
3083.9,93.11,104.96,1964.4,44.2,55.09,58.46,71.5,24.26,80.49,8.5,1.009,896.2,2.97,1301.7
1823.8,92.62,102.52,1851.7,39,44.44,51.82,67.5,14.06,64.03,9.4,1.055,741,2.02,941.2
3090.8,94.12,100.48,1919.3,36.3,38.86,42.26,60.5,21.65,57.36,12.6,1.019,816.7,2.75,1256.7
3684.2,95.34,102.82,1886.5,47.5,25.66,28,48.7,19.73,38.4,14.7,1.016,837.4,2.9,1475.7
4914.1,94.45,103.65,2205.3,57.9,73.27,77.6,84.3,43.06,103.98,12.8,0.994,1146.6,4.02,1570.5
1506.8,93.2,101.95,1732.7,32.9,21.65,27.15,50,8.91,38.15,8.3,0.986,654.8,1.94,826.8
1506.7,89.27,100.9,1783.2,41.4,48.81,53.66,66.7,11.37,66.86,3.8,1.023,761,1.75,851.2
874.8,94.57,107.65,1715.8,30.8,25.33,30.39,50.4,5.21,36.62,7.3,0.983,649,1.33,517.7
1557.9,93.38,100.25,1868.9,39.4,37.48,40.75,57.4,9.96,49.17,8.9,1.003,718.4,1.83,893.2
2254.2,93.09,103.8,1827.4,39.9,38.19,44.08,59.8,14.54,49.42,8.4,1.014,778.5,1.84,1093.5
1712.5,51.98,52.38,1724.7,36.1,25.28,26.65,50.2,10.16,33.99,9.9,0.98,642.9,2.49,879.1
2224.5,90.65,99.51,1982.5,36.5,49.87,58.52,70.7,18.48,76.97,7.3,1,798.2,2.23,1022.5
3567.2,95.66,107.68,1966.9,43.2,30.57,38.21,56.4,22.7,53.86,13.8,1.001,883.6,3.08,1493.6
2325.1,94.25,108.33,1947.7,38,41.22,46.17,64.8,16.76,52.05,9.1,0.979,855.6,2.41,1148.8
1674,90.22,98.78,1929.9,38.2,58.98,62.88,73.1,14.06,78.58,5.8,1.042,771.6,1.94,935.4
3677.2,100.67,112.39,2016.7,53.8,72.47,75.52,85.2,33.36,104.52,8.3,1.007,1058.9,2.68,1592.6
3369.4,90.16,98.31,1857.5,43.8,11.78,14.97,42.3,16.05,18.67,16.1,1.012,743.6,2.92,1383.9
2832,91.4,99.1,1758.1,40.6,14.61,17.3,43.9,13.34,25.46,12,1.004,725.9,2.42,1298.8
2024.6,89.41,96.85,2021.3,44,65.44,69.74,78.5,18.68,87.93,5.3,1.014,818.8,2.27,944.9
3513.5,92.88,102.42,1942.1,47.4,52,56.93,70.6,27.18,78.69,9.9,0.982,931.9,2.92,1563.5
2447.4,90.41,100.03,1790,40.7,33.23,36.03,52.9,14.43,46.68,9.5,1.021,741.7,2.5,1091.2
2383.8,98.45,111.98,1999,37.1,40.83,48.59,64.3,17.47,61.73,12.1,0.992,850.1,1.48,1201.7
2041.7,98.85,106.75,1959.6,37.3,45.13,50.9,65,15.87,66.01,8.6,1.013,762.7,2.27,1008.3
3203.7,97.26,103.51,1880.9,37.9,39.75,47.12,62.8,22.69,61.42,9,1.015,897.4,3.06,1477.3
3240.9,90.27,96.39,2022.9,43.1,50.4,56.54,67.9,25.14,82.4,9.9,1.007,858.6,3.29,1325.7
2365.5,94.02,105.85,2042.8,41.2,67.08,70.5,78.8,19.58,83.07,7.7,0.998,963.7,1.75,1189.2
2917.1,95.23,108.26,1920.7,43.6,64.53,70.36,78.3,26.09,95.31,5.8,1.008,926.5,2.64,1273.1
4826.6,90.72,100.79,2029,44.7,64.63,67.68,75.9,41.66,94.35,12.6,1.034,1045.5,4.33,1514.6
3908.7,94.74,104.52,2082.1,44.4,45.69,50.69,64.8,30.26,69.53,13.5,0.971,966.4,3.37,1465.8
2266,91.78,102.13,2024.3,44,59.95,65.44,77,19.57,80.39,7,0.956,957.1,2.04,1053
3569,95.71,105.73,1974.8,45.3,44.18,50.91,65.1,25.39,73.51,10.8,1.017,918.8,2.7,1471.1
3259.3,95.33,106.75,1929.7,45.9,36.18,42.44,60.4,22.39,53.28,12.9,1.003,886.6,2.7,1446.4
766.9,87.81,95.65,1704.9,32.8,23.69,29.46,50.1,4.7,39.44,5.9,0.989,587.3,1.62,397.5
2220.1,89.67,99.29,2025.6,41.8,64.16,69.89,76.8,20.61,94.42,6.1,1,829.3,2.33,994.3
2457,89.87,97.96,1920.1,41.3,41.99,46.77,60.2,16.57,65.38,10.1,1.001,779.1,2.88,1044.8
2607.7,90.92,100.56,1784.8,31.4,18.21,21.68,45.9,13.06,27.3,12.6,0.99,712.5,2.59,1196.3
834.2,92.74,100.43,1638.2,28.2,12.77,16.11,41.6,4.16,19.29,8.4,1.007,522.1,1.31,427.4
2431.3,93.28,99.12,1876.8,42.7,31.75,34.24,52.3,14.73,46.16,11.4,0.991,745.8,2.77,1009.7
2469.6,93.55,104.26,2080.9,43.7,68.09,74.99,85.2,23.48,95.94,6.8,1.005,919.1,2.29,1141.8
1374.1,91.28,101.05,1715.2,32.4,16.09,19.59,44.5,7.11,21.15,9.3,1.004,608,1.76,795.1
1939.9,93.74,104.03,1904.6,38.4,46.11,51.33,64.8,14.13,62,7.2,1.003,812.4,1.79,1068.6
2071.4,93.29,103.28,1865,36.2,46.47,53.27,67.7,16.29,66,6.9,1.017,778.1,1.89,1015.3
2844,92.29,101.82,1883.1,42.2,30.74,37.17,55.2,17.82,51.24,12.4,1.022,755.9,2.5,1209.9
757.7,85.39,94.77,1751.2,29,31.85,36.87,55.8,4.87,44.16,7.5,1.009,603.3,1.28,417.9
2180.8,89.86,101.32,1955.4,36.6,57.32,62.38,73,17.62,80.64,6.5,1.022,831.8,2.01,1034.8
2580.1,91.14,99.49,1847.1,37.1,15.91,20.37,42.7,12.36,25.97,12.4,0.988,730.5,2.59,1189.4
3947.6,91.93,97.9,1923.1,44.4,25.49,29.66,50.5,23.16,48.43,15.9,1.019,862.2,3.75,1489.7
2035.3,92.4,108.41,1945.8,42.8,59.26,65.17,75.7,16.25,76.84,4.9,0.993,891,1.59,1107.1
753.6,91.14,103.61,1867.9,35,56.2,61,72.6,6.57,78.13,4.7,1.006,660.4,1.25,420.9
703.4,95.19,106.1,1765.5,34,28.9,35.61,56.8,4.67,41.76,6.7,1.008,633.7,0.96,435.5
842.8,61.09,62.83,1768,35.3,17.68,22.99,46.1,4.58,28.42,7.8,0.994,565.1,1.5,428.5
2753.1,91.38,105.9,1848.5,38.5,20.75,23.42,45.6,14.21,32.14,13.8,0.996,793.4,2.16,1359.1
2644.7,94.44,105.15,1836,44.7,18.96,23.79,45.1,13.49,32.46,13.1,0.99,701.2,2.91,1094.9
2221.5,87.03,95.92,1836.7,37.7,20.52,22.41,46.5,11.8,30.92,13.1,0.987,666.1,2.57,1017.4
3013.9,41.43,43.71,1893,42.3,26.69,27.28,48.9,16.2,40.2,12.9,0.998,764.2,3.5,1320
4505.4,97.41,109.24,1883.7,46.6,19.91,20.28,45.1,20.2,25,15.2,1.003,975.5,2.71,1662.5
1742.2,88.17,99.02,1791.7,34.2,13.94,17.89,39.6,8.32,19.14,11.7,0.994,609.8,1.95,906.5
1518.9,93.88,108.96,1847.5,38.5,30.37,37.24,56.5,9.93,44.22,7.5,0.992,709.4,1.64,913.4
1743.7,89.28,98.34,1739.8,37.9,9.41,10.81,37.4,7.44,14.54,11.8,0.977,643.5,1.7,976.3
2763.4,95.21,108.17,1776.6,42.6,21.31,26.8,51.5,14.88,37.04,12.2,1.009,773.8,2.44,1226.9
3067.1,93.45,100.97,1893.4,41.9,26.39,31.76,52,18.37,44.22,14,1.012,752.7,3.2,1240.7
2327.5,91.91,101.68,1906.8,35.6,40.83,47.81,60.5,16.71,64.39,8.2,1.011,757,2.63,981.2
809.2,91.37,101.96,1755,32.1,18.17,20.17,45.7,4.19,24.54,8.7,0.959,681.2,1.26,494
825.4,92.97,106.71,1918.8,37.7,43.37,49.84,63.3,6.24,61.48,5.5,0.99,681.2,1.13,462.3
1470.8,89.57,104.41,1833.4,31.4,35.59,41.29,58.7,9.78,52.5,7.3,1.032,756.7,1.26,1004.7
2197.1,92.42,104.07,1927.1,38.1,54.89,60.32,73.8,18.48,75.33,7.5,1.007,806.5,2.53,1019.2
2907.9,92.85,105.65,2027,35,62.77,65.56,74.6,24.42,88.91,8.1,0.986,949.4,2.37,1334.1
2581,94.2,106.22,1975.8,38.2,51.86,58.34,71.8,19.57,75.55,8.9,1.03,845.4,2.29,1150.3
2106.4,93.4,102.64,1793.3,38.5,28.48,32.44,52.7,12.55,43.5,6.8,1.045,734.2,2.27,1072.9
3023.3,91.98,101.74,1926.4,42.2,37.26,45.02,61.8,21.1,63.34,11,1.001,813.4,3.06,1231.7
2749.2,90.64,101.59,1837.7,38.6,16.18,15.1,41.1,13.36,19.42,16.1,1.015,672.2,3.1,1105.2
744.3,90.72,100.25,1786.6,26.5,40.66,46.21,64.6,5.68,55.78,3.5,0.984,694.1,1.29,426.4
2120.7,88.91,97.74,1994.9,42,61.59,68.43,78.2,19.29,91.59,6.5,1,816.4,2.37,951.6
3098.5,92.6,103.58,1991,41.5,68.44,73.19,78.9,27.48,100.39,7.3,1.017,915.2,2.89,1340.2
2056.7,94.67,103.27,1850.1,41.1,24.61,31.73,53.8,11.7,40.05,10.5,0.978,832.5,1.91,1144
2782.9,61.43,61.62,1884.8,38,31.68,34.04,53.6,17.6,47.28,13.2,1.014,732.9,3.27,1176.3
1792.6,93.07,99.12,1777,37.6,25.62,29.46,51.6,11,39.22,9.4,1.017,671,2.17,891.9
2721.6,90.25,97.41,1775.8,38.1,12.19,15.73,42.6,12.87,21.27,13.8,1.01,697.4,2.66,1223.1
1646.1,94.2,101.21,1933.4,42.1,52.72,56.95,68.2,12.89,67.23,7.5,1.02,767.6,1.85,946.4
2302.9,91.59,98.84,1770.3,44.2,11.75,12.66,41.3,10.71,15.13,12.7,0.994,646.3,2.37,1039.2
1683,94.98,105.68,1796.6,38.5,19.17,21.19,43.8,8.42,26.12,11.2,1.007,675.4,2.14,949.9
769.2,91.71,100.28,1766.5,42.3,26.78,29.67,51.1,4.61,38.65,5.8,1,589.5,1.57,410.7
2053.2,92.58,103.85,1932.1,37,37.78,45.21,65.7,15.39,55.13,9.9,1.005,780.4,2.24,1086.9
858.2,93.08,103.05,1758.2,29.7,33.5,38.46,55.4,5.46,44.83,6.2,1.023,619.5,1.25,467
2139.5,96.71,107.95,1828.4,39.7,21.2,24.72,47.1,11.46,33.23,9.7,0.959,814.8,1.7,1049.2
4023.5,44.33,47.55,2085.3,51.4,70.21,74.88,81.6,36.1,107.12,10.3,1.021,999.4,4.59,1419.5
1802.8,91.68,103.47,1850.2,42.2,72.81,75.92,83.7,17.91,99.11,1.2,0.987,830.9,2.1,938.5
2327.5,96.34,105.97,1734.5,45.6,17.59,19.14,44.5,11.7,23.79,11.5,1.03,682.2,2.42,1052.2
2469.7,87.32,99.06,1772.4,41.7,25.89,26.4,49.8,13.49,36.33,11.8,1.022,706.7,2.33,1080.4
2740,88.88,102.28,1885.8,42.6,19.95,25.21,47.4,14.52,32.47,11.7,0.987,811.8,2.28,1272.4
3788.5,94.84,105.58,1851.9,41.5,19.19,23.63,48.2,20.94,32.42,14.6,0.991,883.3,2.94,1592.4
2526,91.87,99.35,1929.1,41.2,40.15,44.15,58.6,17.18,58.89,9.8,0.997,800.4,2.65,1083.8
2700.4,91.86,101.96,1890.4,43.5,32.79,38.3,55.8,17.82,51.77,10.8,0.999,768.5,2.66,1111.4
3479.7,93.61,102.55,1878.3,41.9,20.15,26.88,48.5,18.46,36.63,15.2,1.017,806.6,3.23,1469.4
870.3,89.76,96.17,1825.5,39.3,25.49,31.6,53.2,5.2,35.43,7.4,1.017,612.1,1.4,464.4
2844.4,89.12,103.44,1973.3,47.5,38.43,46.04,63.5,19.45,62.71,12.4,0.998,836.4,2.22,1222.2
2435.7,94.05,103.87,1787.6,38.3,20.8,24.6,45.2,13.04,32.83,11.8,1.002,672.1,2.81,1020.6
3081.2,41.5,44.11,2028,43.2,49.53,55.54,70.4,25.39,73.55,9.6,1.003,869.4,3.09,1304.4
1488.1,94.63,106.5,1729.2,35.6,9.87,10.86,37.4,6.36,13.71,13.9,1.009,647.8,1.59,913.6
3463.8,92.63,105.18,1848.1,50.5,25.22,29.43,51.3,18.4,38.12,13.5,1.012,854.4,3.06,1574.2
3142.2,90.53,97.97,1978.5,43.9,43.55,48.66,64.7,21.05,66.68,12.8,0.995,891.1,2.97,1472.7
3648.7,95.41,104.88,1898.8,43.5,21.4,25.75,50.1,20.18,36.98,15.9,0.976,885.3,2.71,1528.9
2296.2,92.01,105.22,1821.1,41.5,21.47,25.34,47.3,12.32,34.2,12.8,1.032,719.7,1.94,1103.2
863.8,92.84,100.17,1820.4,32,38.7,44,60.6,6.08,53.93,5.4,0.991,620.4,1.52,448.8
2001.9,95.82,107.92,1827.7,38.4,44.79,46.92,63.6,14.38,59.65,7.8,0.993,716,2.06,1045.3
2643.8,93.51,102.2,1904.3,42.8,33.68,40.77,59,18.05,54.02,10,1.015,781.8,2.6,1089.8
3599,90.31,99.03,2085.8,47.3,54.51,59.4,73.2,29.33,85.33,10.7,1.028,918.1,3.52,1408.4
841.9,88.35,98.29,1828.4,39.6,35.86,42.03,59.1,5.56,54.34,8,0.993,649.8,1.12,466.1
1715.1,95.23,109.97,1898.7,36.5,46.46,52.43,65.9,13.05,68.6,7.5,1.013,738.7,1.59,928.2
2349.6,91.49,101.17,1895,39.2,35.18,42,61.4,16.69,53.19,10.5,1.042,758.4,2.35,1124.3
3120,94.12,109.69,1819.5,43.4,54.9,59.26,71,23.14,76.87,4.4,0.983,979.4,1.96,1521.1
2891.9,93.57,104.89,2052.8,45.2,70.42,75.34,82.4,25.6,103.52,8.4,1.011,888.1,2.96,1209.8
3660.5,89.26,97.76,1999.1,43.8,51.45,55.25,69.7,27.58,79.21,11.5,0.987,922.2,3.48,1468.7
711,97.98,107.22,1833.2,29,54.19,58.02,69.9,5.89,72.17,3.7,0.984,689.2,1.19,417
1967.7,94.07,107.42,1778,34.5,16.83,21.06,44.9,10.19,22.01,10,1.002,650.7,1.48,1089.6
1900.2,93.33,104.26,1837.1,35,35.91,39.32,56,12.58,52.33,7.6,1.024,684,1.87,956.5
1974.7,91.05,104.12,1875.4,39.7,47.1,52.9,69.1,15.68,68.22,8.5,0.99,737.3,2.23,948.2
888.2,90.26,97.83,1669,32.5,20.08,23.79,48.3,5.07,34.45,6.9,0.983,589.2,1.45,473.9
2012.1,93.65,99.35,1804.9,41.8,56.46,61.13,72.8,16.57,72.82,4.7,1.002,820.4,1.74,1056.5
2011.9,90.86,102.71,1795,35.5,29.06,33.49,52.3,11.83,43.25,11.4,1.022,732.4,1.7,1051.2
1651.5,91.4,101.6,1799.6,34.5,24.05,27.88,49.2,9.14,34.34,9,0.992,750.4,1.77,1004
3179.6,93.74,99.8,1876.8,41.9,26.52,30.14,51.8,18.65,45.41,12.6,1.004,772.2,3.49,1276.1
2453.3,90.9,101.79,1965.3,44.4,42.91,48.53,65.6,18.13,63.08,7.6,1.008,848.7,2.22,1160.9
3535.5,58.21,58.89,2130.3,45.9,60.94,66.14,74.9,28.73,91.26,10.7,0.967,1047.1,3.46,1542.2
2276.4,93.76,101,1989.7,41.7,55.8,59.9,72.8,18.35,76.09,9,1.005,814.4,2.28,1072.5
815.9,88.64,97.44,1849,32.6,41.95,49.65,62.8,6.24,60.36,4.4,1.004,632.7,1.53,412
3242.8,92.45,104.93,2088.3,48.2,73.82,78.32,86.9,31.83,110.88,8.5,1.014,970.2,2.79,1328.8
3375.9,89.89,101.06,1873,42.4,33.61,37.12,54.4,21.46,54.83,12.5,1.02,803.2,3.37,1295.1
1507.8,88.66,99.3,1805.6,31.2,26.18,33.01,55.2,9.29,43.73,9.2,1.012,678.1,1.63,888.8
1517.7,93.13,100.53,1800.9,34,21.78,23.84,48.6,8.82,30.77,10.9,0.986,646.6,1.75,931.2
2040.6,94.01,104.48,1818.7,37.3,35.79,42.16,59.7,13.16,49.06,9.1,1.015,769.7,2.17,1112.1
2617.8,88.26,99.32,2045.4,44.1,63.14,67.36,76.8,21.69,87.71,7.4,1.001,876,2.43,1165.5
2885.3,91.3,103.08,1888.2,42.6,27.31,31.11,52.8,16.57,44.17,12.5,1.01,777.9,2.68,1294.6
3561.7,91.37,102,2012.7,49.6,46.13,54.41,67.6,27.66,79.55,11.5,0.997,879.9,3.32,1353.8
2519.6,92.52,102.19,1854.7,40.5,24.27,27.87,50.2,14.51,36.88,13.1,1.009,730.6,2.45,1090.4
3681.5,94.35,102.23,2029.8,51.6,50.98,56.53,69.1,29.01,82.23,11,1.007,927,3.46,1371.6
3370.6,90.05,98.65,2085.7,47.9,61.69,65.76,74.5,27.53,94.37,10.3,0.986,931.9,3.04,1433.6
2391,95.5,106.62,1837,34.5,22.97,27.45,48.1,12.34,30.44,11.9,1.026,728.9,1.64,1098.1
778.1,92.87,98.01,1801.3,32,39.62,47.27,62.1,5.82,59.53,4.9,1.012,664.2,1.35,426
876.8,89.82,96.77,1769.1,41,24.54,27.56,46.6,4.66,33.93,8,1.022,563.9,1.54,481.1
1855.9,90.53,100.94,1816.5,34.5,19.09,24.43,45.7,10.41,32.31,11.7,0.996,648.6,2.18,881
848.1,91.89,100.55,1889.3,37,50.94,55.31,69.7,6.39,66.4,4.8,1.016,668.5,1.39,451.8
2831.6,91.08,98.81,2117.8,46,86.03,86.16,88.9,28.32,121.81,4.7,0.877,928.6,2.99,1180.1
2744.4,94.91,104.47,1895,38.2,37.01,41.66,60.7,18.19,52.33,9.7,0.965,907.4,2.81,1254
1897.6,91.79,103.22,1929.4,37.9,54.6,62.49,75.4,15.53,71.61,5.1,1.002,827.7,1.35,1075.1
1660.7,94.78,104.55,1786.7,35.5,35.25,40.41,57.3,11.52,49.81,6.6,1.039,708.6,1.89,902.2
827.2,92.46,102.28,1797.8,30.7,40.78,47.22,63.4,6.13,57.26,4.4,1.002,651.8,1.45,443.4
2079.9,83.34,88.5,1967.9,35.5,69.43,72.48,79.9,19.14,94.9,5.5,1.033,842.7,2.6,938.4
800,90.79,103,1745.8,36.5,32.52,36.41,56,5.26,41.82,6.4,0.987,625.2,0.91,462.2
2895.5,85.97,95.03,1930.5,41.4,53.13,56.95,69,22.8,78.43,8.4,1.005,836.8,2.91,1221
819.5,92.1,97.87,1631.7,36,8.15,9.09,36.5,3.45,14.72,9.4,1.01,497.6,1.53,435.8
2249.2,90.41,96.4,1765.3,36.8,16.16,19.5,40,10.6,27.32,13.4,1.025,646.1,2.63,993.2
2506.5,87.49,96.54,1873.3,47,29.71,36.95,53.8,15.64,50.2,9.8,1.017,747.3,2.72,1050.6
881.6,87.95,95.41,1801.3,35.4,48.04,54.7,67.2,7.24,66.51,4.5,1.021,647.1,1.68,461.8
3410.8,95.05,109.28,1977.9,40.5,62.22,67.15,74.7,26.19,90.63,9.3,1.023,971.1,2.13,1615.9
4188.7,97.68,107.2,2020.3,50,52.69,59.95,73.4,33.97,84.87,12.7,1.011,998.8,3.51,1553.1
2515.5,95.76,104.78,1957.2,41.6,50.07,54.9,67.9,18.81,67.69,8.1,1.014,836,1.86,1172.9
1983.5,91.88,102.26,1914.1,40.1,51.11,56.84,68.5,14.5,67.9,6.3,0.996,899.2,1.85,1125
3450.3,94.2,104.56,2067.4,45,68.35,72,80,30.62,105.42,8.4,1.006,971.6,3.45,1384.3
2204.1,92.32,103.27,2123.4,42.5,82.79,86.25,93.2,24.05,117.47,4.4,0.926,895.9,2.37,985.2
893.3,89.34,98.64,1818.3,30.2,39.48,41.99,60.7,6.33,48.61,6.2,0.982,651.4,1.46,502.3
3680.1,96.67,105.9,1957.7,47.6,15.28,20.8,46.7,17.51,27.69,17.2,0.971,922.3,2.68,1572.5
3197,92.59,101.46,1986.8,43.1,57.77,63.04,72.6,25.36,86.56,9.3,1.01,900.6,2.87,1361.3
2837.4,94.63,104.49,1785.5,42.6,20.94,26.21,47,15.2,38.74,12.8,1.01,733.4,2.74,1225.2
2426.4,89.96,95.92,1840.7,35.5,26.73,30.13,53,14.62,41.03,11.5,1.012,720.6,2.74,1014.8
2020.9,49.41,51.12,1851.5,41,22.6,27.17,50.5,10.99,31.84,10.9,1.002,767.3,1.87,1097.2
3077.5,95.96,107.72,1824.5,43.6,19.8,22.16,45.9,16.45,31.72,13.6,1.019,762.8,2.76,1344.6
4396.2,95.16,104.54,2052,48.8,57.37,63.35,73.6,35.23,84.39,11.3,0.982,1066.6,3.62,1564
851.3,89.62,101.39,1693.1,30.5,19.73,24.39,47.9,4.6,28.26,8.1,1.014,626.5,1.12,525.3
2354,88.32,99.88,1897.4,40.3,31.62,39.04,58.6,15.68,51.34,10.7,1.01,782.8,1.95,1138.5
1916.9,91.91,100.14,1845.7,38.5,32.76,37.31,53.7,12.19,45.14,9.6,1.022,718.3,2.02,990.2
2008.6,91.63,101.08,1765.9,39.9,11.68,12.92,38.3,8.69,16.83,12.3,1.02,631.3,2.05,1032.7
2794.2,92.2,102.83,2062.3,49.6,62,64.76,75.1,23.85,88.01,10.3,1.019,869.7,2.47,1273.2
1981.9,83.96,96.69,1953.5,41.1,47.57,51.28,67.7,15.25,68.03,9.1,0.98,745.5,2.46,956.9
1898,92.13,102.36,1814,43.9,47.77,53.49,69.2,13.93,69.34,5.8,0.989,800.4,1.54,1051.3
2938.9,89.89,97.62,2072.4,52.6,53.3,58.68,70.9,22.24,80.72,8.5,1.001,901.9,2.97,1250.5
2951.5,91.31,103.1,2048.3,44.7,67.64,72.56,79.5,26.25,104.32,7.2,1.017,895.6,2.91,1213.4
3857.6,93.17,108.74,2202.5,48.8,80.41,84.12,88.2,37.84,114.33,8.1,0.962,1150.5,2.41,1598.8
2443.4,94.67,103.01,1951.3,42.4,48.35,53.18,65.4,18.56,71.06,9,0.995,806.7,2.53,1022.6
791,91.58,104.41,1753.3,31.5,30.46,35.42,51.3,4.83,47.68,5.5,1.004,599.7,1.47,416.3
3645.2,95.54,108.03,2040.6,47.7,60.57,62.79,73.5,28.91,85.52,9.3,0.997,978.2,2.35,1566.3
2701.2,87.63,101.43,2014.7,41.7,52.91,59.44,68.1,21.65,80.75,7.9,0.999,828.2,2.69,1127.2
860.3,88.08,98.19,1906.3,36.7,52.63,58.82,71.4,7.05,69.76,3.3,1.012,675.9,1.23,463.9
2399.5,100.63,113.11,1925.8,41,38.51,46.71,60.2,16.39,62.33,9.4,1.003,790.8,2.16,1110.9
1458.1,96.33,108.73,1841.3,31.8,25.1,31.14,53,8.37,35.15,8.1,0.998,698.5,1.17,880.7
2134.7,95.17,105.22,1760.2,36.1,23.18,24.14,47.8,11.4,30.75,10.5,0.99,789.7,2.18,1073.9
2161.4,64.79,61.81,1881,36.5,35.25,42.89,59.4,15.16,55.86,9.3,1.024,730,2.97,1001.7
2103.4,91.1,101.41,1906.9,42.7,40.74,48.01,63.2,14.82,60.55,8.8,0.999,773.1,2.55,1021.9
3079.2,95.43,104.43,2158.8,46.1,85.26,88.48,89.7,31.7,125.87,6.4,0.914,953.7,3.23,1240.9
2577.6,94.32,105.01,2013.2,44.2,66.82,72.54,80.6,24.14,93.84,6.9,0.975,945.8,2.41,1232.9
2767.8,92.97,104.44,2039.8,44.8,56.33,61.49,73.2,21.78,79.34,8.8,0.997,886.3,2.71,1247.1
2779.3,91.39,100.12,1900.4,42.3,33.55,37.7,55.9,17.71,51.24,10,1.01,749.8,2.87,1101.4
2388,93.28,103.43,1899.9,47.2,53.43,59.6,69.5,18.63,76.83,8.1,1.012,824.6,2.38,1061
3615.2,98.14,109.04,2070.7,44.1,42.83,46.79,62.6,24.62,62.49,12.5,0.983,1006.7,3.38,1646.7
1613.8,92,101.65,1738.6,31.8,13.26,17.55,41.3,7.93,22.24,11.4,1.034,622.4,2.05,882.5
2776.2,90.48,102.06,2013.2,42.4,68.39,72.82,80.5,23.67,91.24,5.9,1.009,939,2.44,1297.9
2957.1,89.08,98.59,1901.2,44.4,42.09,48.73,63.9,21.47,68.48,10.7,1.007,827.3,3.15,1202.3
3349.6,95.97,104.56,1906.8,46.1,28.77,33.36,51,18.99,48.8,14,1.008,797.8,3.35,1325.2
3756.9,89.56,98.41,1899.5,47,33.17,38.49,55.2,23.46,55.66,13.2,0.988,870.8,3.16,1456.4
1483.9,93.39,104.76,1906.7,35.2,39.54,46.76,60.1,10.57,56.82,7.8,0.988,794.6,1.65,852.3
1975.8,93.95,105.31,1790.7,33.9,18.73,22.2,44.5,10.37,29.05,12.4,0.993,664.9,2.16,997.8
777.6,96.36,106.69,1809.8,31.4,23.73,26.01,46.7,4.15,31.7,7.9,0.98,658.5,1,450.2
3088.6,92.48,100.48,1855.4,42.4,15.08,18.42,38.9,13.75,24.83,15.1,0.979,788.9,2.91,1277.8
2108.3,98.77,111.85,1883.1,38.4,24.57,29.63,52.4,11.9,32.92,11.7,0.981,797.5,2.16,1132.1
1877.9,93.75,102.81,1770.2,31.7,9.86,9.58,37.8,7.73,9.52,13,0.999,681.2,2.13,1015.8
3003.3,58,61.46,2149.4,47.8,70.52,76.17,82.5,27.56,105.4,9.1,1.006,917.1,3.59,1185.7
2927.2,92.68,103.56,1981.9,43.1,52.03,57.96,68.6,21.21,71.04,8.9,0.98,973.2,2.88,1306.4
707.5,93.89,105.29,1842.6,38,37.1,43.39,59.2,4.78,54.37,6.6,1,655.3,0.87,426.4
2258.9,95.33,109.42,1773.7,36.1,14.39,19.85,46.5,11.33,25.14,12.7,0.985,778.4,2.19,1107
3917.6,96.12,105.83,1971.5,45.8,35.5,42.09,58.8,27.17,60.72,15.9,1.009,916.7,3.42,1506.3
1846.8,91.86,101.43,1789.6,41.8,22.51,25.12,47.9,10.2,31.14,10.9,1.006,645,2.19,915
1768.5,88.36,104.09,1776.8,33.9,16.48,20.36,46.2,8.77,23.86,12.3,0.989,677.8,1.84,1095.1
2914.3,95.36,104.91,1866.1,46,30.35,35.46,55,18.24,49.52,12.3,0.978,802.1,2.26,1275.2
2638.6,96.2,104,1993.8,45.7,57.89,63.62,72.9,21.54,85.62,7.9,1.007,838.6,2.88,1107.5
2752.4,88.55,98.89,2012.4,44.1,56.31,61.4,71.5,23.3,84.64,9.4,1.009,839.3,2.92,1135.8
868,51.96,54.57,1854.1,40.3,64.06,66.88,74.3,7.09,76.01,1.7,0.999,787,1.38,510.5
1659.2,96.56,105.66,1882.1,37,52.41,54.6,69.5,13.16,65.13,6.4,1.002,774.2,1.9,966.2
2579.4,92.58,99.28,1870.2,46.1,25.02,29.94,50.5,15.04,39.72,14.8,1.001,711.1,2.81,1083.5
4913,96.8,107.6,2111.2,47.4,46.09,52.51,63.9,35.8,68.64,15.5,1.008,1005.5,4.47,1615.5
2485.7,55.94,54.79,1875.7,42.2,32.22,36.42,55.5,14.41,44.13,8,1.019,759.9,2.53,1202.3
1518,89.16,98.08,1935.9,42.5,51.63,58.68,70.2,12.26,72.76,6.6,0.989,702.1,1.95,841.9
4789.9,88.52,97.89,2291.3,56.9,85.56,88,91.2,47.6,117.78,10.1,0.905,1161.7,3.99,1561.4
2280.5,91.73,105.11,1846,40.2,22.11,26.4,50,12.99,33.3,10.8,1.011,728.8,1.72,1136.5
869.5,91.89,101.56,1827.5,35.4,35.45,42.85,58.9,6.1,53.29,6.2,0.988,632.9,1.44,478.6
3398.6,94.47,99.71,1983.7,44.6,46.04,49.99,67.2,24.51,66.96,12,1.016,948.6,2.9,1500.8
